id,puesto_persistido,puesto_normalizado,plazas_persistidas,fecha_boe,boe,fuente_oficial,clasificacion,puesto_correcto_si_determinable,plazas_correctas_si_determinables,registro_espurio,causa
36474,1502,1502,1,2021-03-13,BOE-A-2021-3957,https://www.boe.es/diario_boe/txt.php?id=BOE-A-2021-3957,OTRO_EXPLICITO,reextracción de denominación; el número es código de cuerpo/escala,1,NO,CELDA_DESALINEADA
38539,0920,0920,12,2021-09-01,BOE-A-2021-14357,https://www.boe.es/diario_boe/txt.php?id=BOE-A-2021-14357,OTRO_EXPLICITO,reextracción de denominación; el número es código de cuerpo/escala,12,NO,CELDA_DESALINEADA
38540,0919,0919,13,2021-09-01,BOE-A-2021-14357,https://www.boe.es/diario_boe/txt.php?id=BOE-A-2021-14357,OTRO_EXPLICITO,reextracción de denominación; el número es código de cuerpo/escala,13,NO,CELDA_DESALINEADA
38541,0909/0910,0909/0910,1,2021-09-01,BOE-A-2021-14357,https://www.boe.es/diario_boe/txt.php?id=BOE-A-2021-14357,OTRO_EXPLICITO,reextracción de denominación; el número es código de cuerpo/escala,1,NO,CELDA_DESALINEADA
38542,0919,0919,16,2021-09-01,BOE-A-2021-14357,https://www.boe.es/diario_boe/txt.php?id=BOE-A-2021-14357,OTRO_EXPLICITO,reextracción de denominación; el número es código de cuerpo/escala,16,NO,CELDA_DESALINEADA
38543,0919,0919,9,2021-09-01,BOE-A-2021-14357,https://www.boe.es/diario_boe/txt.php?id=BOE-A-2021-14357,OTRO_EXPLICITO,reextracción de denominación; el número es código de cuerpo/escala,9,NO,CELDA_DESALINEADA
38544,0920,0920,18,2021-09-01,BOE-A-2021-14357,https://www.boe.es/diario_boe/txt.php?id=BOE-A-2021-14357,OTRO_EXPLICITO,reextracción de denominación; el número es código de cuerpo/escala,18,NO,CELDA_DESALINEADA
38545,0920,0920,8,2021-09-01,BOE-A-2021-14357,https://www.boe.es/diario_boe/txt.php?id=BOE-A-2021-14357,OTRO_EXPLICITO,reextracción de denominación; el número es código de cuerpo/escala,8,NO,CELDA_DESALINEADA
38546,0920,0920,13,2021-09-01,BOE-A-2021-14357,https://www.boe.es/diario_boe/txt.php?id=BOE-A-2021-14357,OTRO_EXPLICITO,reextracción de denominación; el número es código de cuerpo/escala,13,NO,CELDA_DESALINEADA
38547,0920,0920,7,2021-09-01,BOE-A-2021-14357,https://www.boe.es/diario_boe/txt.php?id=BOE-A-2021-14357,OTRO_EXPLICITO,reextracción de denominación; el número es código de cuerpo/escala,7,NO,CELDA_DESALINEADA
38548,0920,0920,5,2021-09-01,BOE-A-2021-14357,https://www.boe.es/diario_boe/txt.php?id=BOE-A-2021-14357,OTRO_EXPLICITO,reextracción de denominación; el número es código de cuerpo/escala,5,NO,CELDA_DESALINEADA
38549,0919,0919,5,2021-09-01,BOE-A-2021-14357,https://www.boe.es/diario_boe/txt.php?id=BOE-A-2021-14357,OTRO_EXPLICITO,reextracción de denominación; el número es código de cuerpo/escala,5,NO,CELDA_DESALINEADA
38550,0919/0920,0919/0920,6,2021-09-01,BOE-A-2021-14357,https://www.boe.es/diario_boe/txt.php?id=BOE-A-2021-14357,OTRO_EXPLICITO,reextracción de denominación; el número es código de cuerpo/escala,6,NO,CELDA_DESALINEADA
38551,0920,0920,15,2021-09-01,BOE-A-2021-14357,https://www.boe.es/diario_boe/txt.php?id=BOE-A-2021-14357,OTRO_EXPLICITO,reextracción de denominación; el número es código de cuerpo/escala,15,NO,CELDA_DESALINEADA
38553,0919/0920,0919/0920,7,2021-09-01,BOE-A-2021-14357,https://www.boe.es/diario_boe/txt.php?id=BOE-A-2021-14357,OTRO_EXPLICITO,reextracción de denominación; el número es código de cuerpo/escala,7,NO,CELDA_DESALINEADA
38554,0920,0920,10,2021-09-01,BOE-A-2021-14357,https://www.boe.es/diario_boe/txt.php?id=BOE-A-2021-14357,OTRO_EXPLICITO,reextracción de denominación; el número es código de cuerpo/escala,10,NO,CELDA_DESALINEADA
38555,0919,0919,4,2021-09-01,BOE-A-2021-14357,https://www.boe.es/diario_boe/txt.php?id=BOE-A-2021-14357,OTRO_EXPLICITO,reextracción de denominación; el número es código de cuerpo/escala,4,NO,CELDA_DESALINEADA
38556,0919,0919,10,2021-09-01,BOE-A-2021-14357,https://www.boe.es/diario_boe/txt.php?id=BOE-A-2021-14357,OTRO_EXPLICITO,reextracción de denominación; el número es código de cuerpo/escala,10,NO,CELDA_DESALINEADA
38557,0919,0919,3,2021-09-01,BOE-A-2021-14357,https://www.boe.es/diario_boe/txt.php?id=BOE-A-2021-14357,OTRO_EXPLICITO,reextracción de denominación; el número es código de cuerpo/escala,3,NO,CELDA_DESALINEADA
38558,0920,0920,2,2021-09-01,BOE-A-2021-14357,https://www.boe.es/diario_boe/txt.php?id=BOE-A-2021-14357,OTRO_EXPLICITO,reextracción de denominación; el número es código de cuerpo/escala,2,NO,CELDA_DESALINEADA
38559,0920,0920,20,2021-09-01,BOE-A-2021-14357,https://www.boe.es/diario_boe/txt.php?id=BOE-A-2021-14357,OTRO_EXPLICITO,reextracción de denominación; el número es código de cuerpo/escala,20,NO,CELDA_DESALINEADA
38560,0919,0919,8,2021-09-01,BOE-A-2021-14357,https://www.boe.es/diario_boe/txt.php?id=BOE-A-2021-14357,OTRO_EXPLICITO,reextracción de denominación; el número es código de cuerpo/escala,8,NO,CELDA_DESALINEADA
38561,0920,0920,4,2021-09-01,BOE-A-2021-14357,https://www.boe.es/diario_boe/txt.php?id=BOE-A-2021-14357,OTRO_EXPLICITO,reextracción de denominación; el número es código de cuerpo/escala,4,NO,CELDA_DESALINEADA
38563,0919,0919,20,2021-09-01,BOE-A-2021-14357,https://www.boe.es/diario_boe/txt.php?id=BOE-A-2021-14357,OTRO_EXPLICITO,reextracción de denominación; el número es código de cuerpo/escala,20,NO,CELDA_DESALINEADA
38564,0919,0919,11,2021-09-01,BOE-A-2021-14357,https://www.boe.es/diario_boe/txt.php?id=BOE-A-2021-14357,OTRO_EXPLICITO,reextracción de denominación; el número es código de cuerpo/escala,11,NO,CELDA_DESALINEADA
38565,0919,0919,7,2021-09-01,BOE-A-2021-14357,https://www.boe.es/diario_boe/txt.php?id=BOE-A-2021-14357,OTRO_EXPLICITO,reextracción de denominación; el número es código de cuerpo/escala,7,NO,CELDA_DESALINEADA
38566,0919/0920,0919/0920,3,2021-09-01,BOE-A-2021-14357,https://www.boe.es/diario_boe/txt.php?id=BOE-A-2021-14357,OTRO_EXPLICITO,reextracción de denominación; el número es código de cuerpo/escala,3,NO,CELDA_DESALINEADA
38567,0913,0913,2,2021-09-01,BOE-A-2021-14357,https://www.boe.es/diario_boe/txt.php?id=BOE-A-2021-14357,OTRO_EXPLICITO,reextracción de denominación; el número es código de cuerpo/escala,2,NO,CELDA_DESALINEADA
38568,0920,0920,6,2021-09-01,BOE-A-2021-14357,https://www.boe.es/diario_boe/txt.php?id=BOE-A-2021-14357,OTRO_EXPLICITO,reextracción de denominación; el número es código de cuerpo/escala,6,NO,CELDA_DESALINEADA
38569,0920,0920,3,2021-09-01,BOE-A-2021-14357,https://www.boe.es/diario_boe/txt.php?id=BOE-A-2021-14357,OTRO_EXPLICITO,reextracción de denominación; el número es código de cuerpo/escala,3,NO,CELDA_DESALINEADA
38573,0913,0913,1,2021-09-01,BOE-A-2021-14357,https://www.boe.es/diario_boe/txt.php?id=BOE-A-2021-14357,OTRO_EXPLICITO,reextracción de denominación; el número es código de cuerpo/escala,1,NO,CELDA_DESALINEADA
38574,0920,0920,1,2021-09-01,BOE-A-2021-14357,https://www.boe.es/diario_boe/txt.php?id=BOE-A-2021-14357,OTRO_EXPLICITO,reextracción de denominación; el número es código de cuerpo/escala,1,NO,CELDA_DESALINEADA
38575,0921,0921,1,2021-09-01,BOE-A-2021-14357,https://www.boe.es/diario_boe/txt.php?id=BOE-A-2021-14357,OTRO_EXPLICITO,reextracción de denominación; el número es código de cuerpo/escala,1,NO,CELDA_DESALINEADA
38576,0919/0920,0919/0920,5,2021-09-01,BOE-A-2021-14357,https://www.boe.es/diario_boe/txt.php?id=BOE-A-2021-14357,OTRO_EXPLICITO,reextracción de denominación; el número es código de cuerpo/escala,5,NO,CELDA_DESALINEADA
38577,0919,0919,15,2021-09-01,BOE-A-2021-14357,https://www.boe.es/diario_boe/txt.php?id=BOE-A-2021-14357,OTRO_EXPLICITO,reextracción de denominación; el número es código de cuerpo/escala,15,NO,CELDA_DESALINEADA
38578,0920,0920,11,2021-09-01,BOE-A-2021-14357,https://www.boe.es/diario_boe/txt.php?id=BOE-A-2021-14357,OTRO_EXPLICITO,reextracción de denominación; el número es código de cuerpo/escala,11,NO,CELDA_DESALINEADA
38579,0919/0920,0919/0920,2,2021-09-01,BOE-A-2021-14357,https://www.boe.es/diario_boe/txt.php?id=BOE-A-2021-14357,OTRO_EXPLICITO,reextracción de denominación; el número es código de cuerpo/escala,2,NO,CELDA_DESALINEADA
38580,0919/0920,0919/0920,4,2021-09-01,BOE-A-2021-14357,https://www.boe.es/diario_boe/txt.php?id=BOE-A-2021-14357,OTRO_EXPLICITO,reextracción de denominación; el número es código de cuerpo/escala,4,NO,CELDA_DESALINEADA
38581,0919,0919,6,2021-09-01,BOE-A-2021-14357,https://www.boe.es/diario_boe/txt.php?id=BOE-A-2021-14357,OTRO_EXPLICITO,reextracción de denominación; el número es código de cuerpo/escala,6,NO,CELDA_DESALINEADA
38582,0919,0919,2,2021-09-01,BOE-A-2021-14357,https://www.boe.es/diario_boe/txt.php?id=BOE-A-2021-14357,OTRO_EXPLICITO,reextracción de denominación; el número es código de cuerpo/escala,2,NO,CELDA_DESALINEADA
38583,0919/0920,0919/0920,1,2021-09-01,BOE-A-2021-14357,https://www.boe.es/diario_boe/txt.php?id=BOE-A-2021-14357,OTRO_EXPLICITO,reextracción de denominación; el número es código de cuerpo/escala,1,NO,CELDA_DESALINEADA
38584,0919,0919,1,2021-09-01,BOE-A-2021-14357,https://www.boe.es/diario_boe/txt.php?id=BOE-A-2021-14357,OTRO_EXPLICITO,reextracción de denominación; el número es código de cuerpo/escala,1,NO,CELDA_DESALINEADA
42479,12,12,1,2022-06-27,BOE-A-2022-10576,https://www.boe.es/diario_boe/txt.php?id=BOE-A-2022-10576,NUMERO_DE_ORDEN,reextracción de la columna Denominación,1,NO,CELDA_DESALINEADA
42561,13,13,1,2022-07-01,BOE-A-2022-10890,https://www.boe.es/diario_boe/txt.php?id=BOE-A-2022-10890,NUMERO_DE_ORDEN,reextracción de la columna Denominación,1,NO,CELDA_DESALINEADA
42695,0902,0902,3,2022-07-12,BOE-A-2022-11535,https://www.boe.es/diario_boe/txt.php?id=BOE-A-2022-11535,OTRO_EXPLICITO,reextracción de denominación; el número es código de cuerpo/escala,3,NO,CELDA_DESALINEADA
42696,0902,0902,2,2022-07-12,BOE-A-2022-11535,https://www.boe.es/diario_boe/txt.php?id=BOE-A-2022-11535,OTRO_EXPLICITO,reextracción de denominación; el número es código de cuerpo/escala,2,NO,CELDA_DESALINEADA
42697,0902,0902,1,2022-07-12,BOE-A-2022-11535,https://www.boe.es/diario_boe/txt.php?id=BOE-A-2022-11535,OTRO_EXPLICITO,reextracción de denominación; el número es código de cuerpo/escala,1,NO,CELDA_DESALINEADA
42726,0011 0012 0013,0011 0012 0013,1,2022-07-14,BOE-A-2022-11655,https://www.boe.es/diario_boe/txt.php?id=BOE-A-2022-11655,OTRO_EXPLICITO,reextracción de denominación; el número es código de cuerpo/escala,1,NO,CELDA_DESALINEADA
45399,0903,0903,1,2022-11-01,BOE-A-2022-17860,https://www.boe.es/diario_boe/txt.php?id=BOE-A-2022-17860,OTRO_EXPLICITO,reextracción de denominación; el número es código de cuerpo/escala,1,NO,CELDA_DESALINEADA
48952,1502,1502,1,2022-12-20,BOE-A-2022-21597,https://www.boe.es/diario_boe/txt.php?id=BOE-A-2022-21597,OTRO_EXPLICITO,reextracción de denominación; el número es código de cuerpo/escala,1,NO,CELDA_DESALINEADA
99840,0903,0903,1,2025-09-25,BOE-A-2025-18984,https://www.boe.es/diario_boe/txt.php?id=BOE-A-2025-18984,OTRO_EXPLICITO,reextracción de denominación; el número es código de cuerpo/escala,1,NO,CELDA_DESALINEADA
100776,50370641,50370641,1,2025-11-07,BOE-A-2025-22543,https://www.boe.es/diario_boe/txt.php?id=BOE-A-2025-22543,CODIGO_DE_PUESTO,reextracción de la columna Denominación,1,NO,CELDA_DESALINEADA
100777,50370636,50370636,1,2025-11-07,BOE-A-2025-22543,https://www.boe.es/diario_boe/txt.php?id=BOE-A-2025-22543,CODIGO_DE_PUESTO,reextracción de la columna Denominación,1,NO,CELDA_DESALINEADA
100778,50370871,50370871,1,2025-11-07,BOE-A-2025-22543,https://www.boe.es/diario_boe/txt.php?id=BOE-A-2025-22543,CODIGO_DE_PUESTO,reextracción de la columna Denominación,1,NO,CELDA_DESALINEADA
100779,50370646,50370646,1,2025-11-07,BOE-A-2025-22543,https://www.boe.es/diario_boe/txt.php?id=BOE-A-2025-22543,CODIGO_DE_PUESTO,reextracción de la columna Denominación,1,NO,CELDA_DESALINEADA
100780,50370875,50370875,1,2025-11-07,BOE-A-2025-22543,https://www.boe.es/diario_boe/txt.php?id=BOE-A-2025-22543,CODIGO_DE_PUESTO,reextracción de la columna Denominación,1,NO,CELDA_DESALINEADA
100781,50370876,50370876,1,2025-11-07,BOE-A-2025-22543,https://www.boe.es/diario_boe/txt.php?id=BOE-A-2025-22543,CODIGO_DE_PUESTO,reextracción de la columna Denominación,1,NO,CELDA_DESALINEADA
100782,50370877,50370877,1,2025-11-07,BOE-A-2025-22543,https://www.boe.es/diario_boe/txt.php?id=BOE-A-2025-22543,CODIGO_DE_PUESTO,reextracción de la columna Denominación,1,NO,CELDA_DESALINEADA
100783,50370878,50370878,1,2025-11-07,BOE-A-2025-22543,https://www.boe.es/diario_boe/txt.php?id=BOE-A-2025-22543,CODIGO_DE_PUESTO,reextracción de la columna Denominación,1,NO,CELDA_DESALINEADA
100784,50370903,50370903,1,2025-11-07,BOE-A-2025-22543,https://www.boe.es/diario_boe/txt.php?id=BOE-A-2025-22543,CODIGO_DE_PUESTO,reextracción de la columna Denominación,1,NO,CELDA_DESALINEADA
100785,50370917,50370917,1,2025-11-07,BOE-A-2025-22543,https://www.boe.es/diario_boe/txt.php?id=BOE-A-2025-22543,CODIGO_DE_PUESTO,reextracción de la columna Denominación,1,NO,CELDA_DESALINEADA
100786,50370918,50370918,1,2025-11-07,BOE-A-2025-22543,https://www.boe.es/diario_boe/txt.php?id=BOE-A-2025-22543,CODIGO_DE_PUESTO,reextracción de la columna Denominación,1,NO,CELDA_DESALINEADA
100787,50370928,50370928,1,2025-11-07,BOE-A-2025-22543,https://www.boe.es/diario_boe/txt.php?id=BOE-A-2025-22543,CODIGO_DE_PUESTO,reextracción de la columna Denominación,1,NO,CELDA_DESALINEADA
100788,50370649,50370649,1,2025-11-07,BOE-A-2025-22543,https://www.boe.es/diario_boe/txt.php?id=BOE-A-2025-22543,CODIGO_DE_PUESTO,reextracción de la columna Denominación,1,NO,CELDA_DESALINEADA
100789,50370934,50370934,1,2025-11-07,BOE-A-2025-22543,https://www.boe.es/diario_boe/txt.php?id=BOE-A-2025-22543,CODIGO_DE_PUESTO,reextracción de la columna Denominación,1,NO,CELDA_DESALINEADA
100790,50370935,50370935,1,2025-11-07,BOE-A-2025-22543,https://www.boe.es/diario_boe/txt.php?id=BOE-A-2025-22543,CODIGO_DE_PUESTO,reextracción de la columna Denominación,1,NO,CELDA_DESALINEADA
100791,50370936,50370936,1,2025-11-07,BOE-A-2025-22543,https://www.boe.es/diario_boe/txt.php?id=BOE-A-2025-22543,CODIGO_DE_PUESTO,reextracción de la columna Denominación,1,NO,CELDA_DESALINEADA
100792,50370638,50370638,1,2025-11-07,BOE-A-2025-22543,https://www.boe.es/diario_boe/txt.php?id=BOE-A-2025-22543,CODIGO_DE_PUESTO,reextracción de la columna Denominación,1,NO,CELDA_DESALINEADA
100793,50370954,50370954,1,2025-11-07,BOE-A-2025-22543,https://www.boe.es/diario_boe/txt.php?id=BOE-A-2025-22543,CODIGO_DE_PUESTO,reextracción de la columna Denominación,1,NO,CELDA_DESALINEADA
100794,50370960,50370960,1,2025-11-07,BOE-A-2025-22543,https://www.boe.es/diario_boe/txt.php?id=BOE-A-2025-22543,CODIGO_DE_PUESTO,reextracción de la columna Denominación,1,NO,CELDA_DESALINEADA
100795,50370964,50370964,1,2025-11-07,BOE-A-2025-22543,https://www.boe.es/diario_boe/txt.php?id=BOE-A-2025-22543,CODIGO_DE_PUESTO,reextracción de la columna Denominación,1,NO,CELDA_DESALINEADA
100796,50370992,50370992,1,2025-11-07,BOE-A-2025-22543,https://www.boe.es/diario_boe/txt.php?id=BOE-A-2025-22543,CODIGO_DE_PUESTO,reextracción de la columna Denominación,1,NO,CELDA_DESALINEADA
100797,50371018,50371018,1,2025-11-07,BOE-A-2025-22543,https://www.boe.es/diario_boe/txt.php?id=BOE-A-2025-22543,CODIGO_DE_PUESTO,reextracción de la columna Denominación,1,NO,CELDA_DESALINEADA
100798,50371029,50371029,1,2025-11-07,BOE-A-2025-22543,https://www.boe.es/diario_boe/txt.php?id=BOE-A-2025-22543,CODIGO_DE_PUESTO,reextracción de la columna Denominación,1,NO,CELDA_DESALINEADA
100799,50371030,50371030,1,2025-11-07,BOE-A-2025-22543,https://www.boe.es/diario_boe/txt.php?id=BOE-A-2025-22543,CODIGO_DE_PUESTO,reextracción de la columna Denominación,1,NO,CELDA_DESALINEADA
100800,50371031,50371031,1,2025-11-07,BOE-A-2025-22543,https://www.boe.es/diario_boe/txt.php?id=BOE-A-2025-22543,CODIGO_DE_PUESTO,reextracción de la columna Denominación,1,NO,CELDA_DESALINEADA
100801,50371032,50371032,1,2025-11-07,BOE-A-2025-22543,https://www.boe.es/diario_boe/txt.php?id=BOE-A-2025-22543,CODIGO_DE_PUESTO,reextracción de la columna Denominación,1,NO,CELDA_DESALINEADA
100802,50371033,50371033,1,2025-11-07,BOE-A-2025-22543,https://www.boe.es/diario_boe/txt.php?id=BOE-A-2025-22543,CODIGO_DE_PUESTO,reextracción de la columna Denominación,1,NO,CELDA_DESALINEADA
100803,50371034,50371034,1,2025-11-07,BOE-A-2025-22543,https://www.boe.es/diario_boe/txt.php?id=BOE-A-2025-22543,CODIGO_DE_PUESTO,reextracción de la columna Denominación,1,NO,CELDA_DESALINEADA
100804,50371064,50371064,1,2025-11-07,BOE-A-2025-22543,https://www.boe.es/diario_boe/txt.php?id=BOE-A-2025-22543,CODIGO_DE_PUESTO,reextracción de la columna Denominación,1,NO,CELDA_DESALINEADA
100805,50371025,50371025,1,2025-11-07,BOE-A-2025-22543,https://www.boe.es/diario_boe/txt.php?id=BOE-A-2025-22543,CODIGO_DE_PUESTO,reextracción de la columna Denominación,1,NO,CELDA_DESALINEADA
100806,50371074,50371074,1,2025-11-07,BOE-A-2025-22543,https://www.boe.es/diario_boe/txt.php?id=BOE-A-2025-22543,CODIGO_DE_PUESTO,reextracción de la columna Denominación,1,NO,CELDA_DESALINEADA
100807,50371099,50371099,1,2025-11-07,BOE-A-2025-22543,https://www.boe.es/diario_boe/txt.php?id=BOE-A-2025-22543,CODIGO_DE_PUESTO,reextracción de la columna Denominación,1,NO,CELDA_DESALINEADA
100808,50371102,50371102,1,2025-11-07,BOE-A-2025-22543,https://www.boe.es/diario_boe/txt.php?id=BOE-A-2025-22543,CODIGO_DE_PUESTO,reextracción de la columna Denominación,1,NO,CELDA_DESALINEADA
100809,50371119,50371119,1,2025-11-07,BOE-A-2025-22543,https://www.boe.es/diario_boe/txt.php?id=BOE-A-2025-22543,CODIGO_DE_PUESTO,reextracción de la columna Denominación,1,NO,CELDA_DESALINEADA
100810,50370673,50370673,1,2025-11-07,BOE-A-2025-22543,https://www.boe.es/diario_boe/txt.php?id=BOE-A-2025-22543,CODIGO_DE_PUESTO,reextracción de la columna Denominación,1,NO,CELDA_DESALINEADA
100811,50370654,50370654,1,2025-11-07,BOE-A-2025-22543,https://www.boe.es/diario_boe/txt.php?id=BOE-A-2025-22543,CODIGO_DE_PUESTO,reextracción de la columna Denominación,1,NO,CELDA_DESALINEADA
100812,50371153,50371153,1,2025-11-07,BOE-A-2025-22543,https://www.boe.es/diario_boe/txt.php?id=BOE-A-2025-22543,CODIGO_DE_PUESTO,reextracción de la columna Denominación,1,NO,CELDA_DESALINEADA
100813,50370676,50370676,1,2025-11-07,BOE-A-2025-22543,https://www.boe.es/diario_boe/txt.php?id=BOE-A-2025-22543,CODIGO_DE_PUESTO,reextracción de la columna Denominación,1,NO,CELDA_DESALINEADA
100814,50370663,50370663,1,2025-11-07,BOE-A-2025-22543,https://www.boe.es/diario_boe/txt.php?id=BOE-A-2025-22543,CODIGO_DE_PUESTO,reextracción de la columna Denominación,1,NO,CELDA_DESALINEADA
100815,50371185,50371185,1,2025-11-07,BOE-A-2025-22543,https://www.boe.es/diario_boe/txt.php?id=BOE-A-2025-22543,CODIGO_DE_PUESTO,reextracción de la columna Denominación,1,NO,CELDA_DESALINEADA
100816,50371186,50371186,1,2025-11-07,BOE-A-2025-22543,https://www.boe.es/diario_boe/txt.php?id=BOE-A-2025-22543,CODIGO_DE_PUESTO,reextracción de la columna Denominación,1,NO,CELDA_DESALINEADA
100817,50371187,50371187,1,2025-11-07,BOE-A-2025-22543,https://www.boe.es/diario_boe/txt.php?id=BOE-A-2025-22543,CODIGO_DE_PUESTO,reextracción de la columna Denominación,1,NO,CELDA_DESALINEADA
100818,50371188,50371188,1,2025-11-07,BOE-A-2025-22543,https://www.boe.es/diario_boe/txt.php?id=BOE-A-2025-22543,CODIGO_DE_PUESTO,reextracción de la columna Denominación,1,NO,CELDA_DESALINEADA
100819,50371189,50371189,1,2025-11-07,BOE-A-2025-22543,https://www.boe.es/diario_boe/txt.php?id=BOE-A-2025-22543,CODIGO_DE_PUESTO,reextracción de la columna Denominación,1,NO,CELDA_DESALINEADA
100820,50371190,50371190,1,2025-11-07,BOE-A-2025-22543,https://www.boe.es/diario_boe/txt.php?id=BOE-A-2025-22543,CODIGO_DE_PUESTO,reextracción de la columna Denominación,1,NO,CELDA_DESALINEADA
100821,50371224,50371224,1,2025-11-07,BOE-A-2025-22543,https://www.boe.es/diario_boe/txt.php?id=BOE-A-2025-22543,CODIGO_DE_PUESTO,reextracción de la columna Denominación,1,NO,CELDA_DESALINEADA
100822,50371225,50371225,1,2025-11-07,BOE-A-2025-22543,https://www.boe.es/diario_boe/txt.php?id=BOE-A-2025-22543,CODIGO_DE_PUESTO,reextracción de la columna Denominación,1,NO,CELDA_DESALINEADA
100823,50370656,50370656,1,2025-11-07,BOE-A-2025-22543,https://www.boe.es/diario_boe/txt.php?id=BOE-A-2025-22543,CODIGO_DE_PUESTO,reextracción de la columna Denominación,1,NO,CELDA_DESALINEADA
100824,50371246,50371246,1,2025-11-07,BOE-A-2025-22543,https://www.boe.es/diario_boe/txt.php?id=BOE-A-2025-22543,CODIGO_DE_PUESTO,reextracción de la columna Denominación,1,NO,CELDA_DESALINEADA
100825,50371233,50371233,1,2025-11-07,BOE-A-2025-22543,https://www.boe.es/diario_boe/txt.php?id=BOE-A-2025-22543,CODIGO_DE_PUESTO,reextracción de la columna Denominación,1,NO,CELDA_DESALINEADA
100826,50371231,50371231,1,2025-11-07,BOE-A-2025-22543,https://www.boe.es/diario_boe/txt.php?id=BOE-A-2025-22543,CODIGO_DE_PUESTO,reextracción de la columna Denominación,1,NO,CELDA_DESALINEADA
100827,50371266,50371266,1,2025-11-07,BOE-A-2025-22543,https://www.boe.es/diario_boe/txt.php?id=BOE-A-2025-22543,CODIGO_DE_PUESTO,reextracción de la columna Denominación,1,NO,CELDA_DESALINEADA
100828,50371267,50371267,1,2025-11-07,BOE-A-2025-22543,https://www.boe.es/diario_boe/txt.php?id=BOE-A-2025-22543,CODIGO_DE_PUESTO,reextracción de la columna Denominación,1,NO,CELDA_DESALINEADA
100829,50371301,50371301,1,2025-11-07,BOE-A-2025-22543,https://www.boe.es/diario_boe/txt.php?id=BOE-A-2025-22543,CODIGO_DE_PUESTO,reextracción de la columna Denominación,1,NO,CELDA_DESALINEADA
100830,50371305,50371305,1,2025-11-07,BOE-A-2025-22543,https://www.boe.es/diario_boe/txt.php?id=BOE-A-2025-22543,CODIGO_DE_PUESTO,reextracción de la columna Denominación,1,NO,CELDA_DESALINEADA
100831,50371306,50371306,1,2025-11-07,BOE-A-2025-22543,https://www.boe.es/diario_boe/txt.php?id=BOE-A-2025-22543,CODIGO_DE_PUESTO,reextracción de la columna Denominación,1,NO,CELDA_DESALINEADA
100832,50371330,50371330,1,2025-11-07,BOE-A-2025-22543,https://www.boe.es/diario_boe/txt.php?id=BOE-A-2025-22543,CODIGO_DE_PUESTO,reextracción de la columna Denominación,1,NO,CELDA_DESALINEADA
100833,50371334,50371334,1,2025-11-07,BOE-A-2025-22543,https://www.boe.es/diario_boe/txt.php?id=BOE-A-2025-22543,CODIGO_DE_PUESTO,reextracción de la columna Denominación,1,NO,CELDA_DESALINEADA
100834,50371335,50371335,1,2025-11-07,BOE-A-2025-22543,https://www.boe.es/diario_boe/txt.php?id=BOE-A-2025-22543,CODIGO_DE_PUESTO,reextracción de la columna Denominación,1,NO,CELDA_DESALINEADA
100835,50371336,50371336,1,2025-11-07,BOE-A-2025-22543,https://www.boe.es/diario_boe/txt.php?id=BOE-A-2025-22543,CODIGO_DE_PUESTO,reextracción de la columna Denominación,1,NO,CELDA_DESALINEADA
100836,50371342,50371342,1,2025-11-07,BOE-A-2025-22543,https://www.boe.es/diario_boe/txt.php?id=BOE-A-2025-22543,CODIGO_DE_PUESTO,reextracción de la columna Denominación,1,NO,CELDA_DESALINEADA
100837,50371373,50371373,1,2025-11-07,BOE-A-2025-22543,https://www.boe.es/diario_boe/txt.php?id=BOE-A-2025-22543,CODIGO_DE_PUESTO,reextracción de la columna Denominación,1,NO,CELDA_DESALINEADA
100838,50370666,50370666,1,2025-11-07,BOE-A-2025-22543,https://www.boe.es/diario_boe/txt.php?id=BOE-A-2025-22543,CODIGO_DE_PUESTO,reextracción de la columna Denominación,1,NO,CELDA_DESALINEADA
100839,50370695,50370695,1,2025-11-07,BOE-A-2025-22543,https://www.boe.es/diario_boe/txt.php?id=BOE-A-2025-22543,CODIGO_DE_PUESTO,reextracción de la columna Denominación,1,NO,CELDA_DESALINEADA
100840,50371394,50371394,1,2025-11-07,BOE-A-2025-22543,https://www.boe.es/diario_boe/txt.php?id=BOE-A-2025-22543,CODIGO_DE_PUESTO,reextracción de la columna Denominación,1,NO,CELDA_DESALINEADA
100841,50370687,50370687,1,2025-11-07,BOE-A-2025-22543,https://www.boe.es/diario_boe/txt.php?id=BOE-A-2025-22543,CODIGO_DE_PUESTO,reextracción de la columna Denominación,1,NO,CELDA_DESALINEADA
100842,50371398,50371398,1,2025-11-07,BOE-A-2025-22543,https://www.boe.es/diario_boe/txt.php?id=BOE-A-2025-22543,CODIGO_DE_PUESTO,reextracción de la columna Denominación,1,NO,CELDA_DESALINEADA
100843,50371408,50371408,1,2025-11-07,BOE-A-2025-22543,https://www.boe.es/diario_boe/txt.php?id=BOE-A-2025-22543,CODIGO_DE_PUESTO,reextracción de la columna Denominación,1,NO,CELDA_DESALINEADA
100844,50371416,50371416,1,2025-11-07,BOE-A-2025-22543,https://www.boe.es/diario_boe/txt.php?id=BOE-A-2025-22543,CODIGO_DE_PUESTO,reextracción de la columna Denominación,1,NO,CELDA_DESALINEADA
100845,50371412,50371412,1,2025-11-07,BOE-A-2025-22543,https://www.boe.es/diario_boe/txt.php?id=BOE-A-2025-22543,CODIGO_DE_PUESTO,reextracción de la columna Denominación,1,NO,CELDA_DESALINEADA
100846,50371413,50371413,1,2025-11-07,BOE-A-2025-22543,https://www.boe.es/diario_boe/txt.php?id=BOE-A-2025-22543,CODIGO_DE_PUESTO,reextracción de la columna Denominación,1,NO,CELDA_DESALINEADA
100847,50371414,50371414,1,2025-11-07,BOE-A-2025-22543,https://www.boe.es/diario_boe/txt.php?id=BOE-A-2025-22543,CODIGO_DE_PUESTO,reextracción de la columna Denominación,1,NO,CELDA_DESALINEADA
100848,50371436,50371436,1,2025-11-07,BOE-A-2025-22543,https://www.boe.es/diario_boe/txt.php?id=BOE-A-2025-22543,CODIGO_DE_PUESTO,reextracción de la columna Denominación,1,NO,CELDA_DESALINEADA
100849,50371448,50371448,1,2025-11-07,BOE-A-2025-22543,https://www.boe.es/diario_boe/txt.php?id=BOE-A-2025-22543,CODIGO_DE_PUESTO,reextracción de la columna Denominación,1,NO,CELDA_DESALINEADA
100850,50371453,50371453,1,2025-11-07,BOE-A-2025-22543,https://www.boe.es/diario_boe/txt.php?id=BOE-A-2025-22543,CODIGO_DE_PUESTO,reextracción de la columna Denominación,1,NO,CELDA_DESALINEADA
100851,50371460,50371460,1,2025-11-07,BOE-A-2025-22543,https://www.boe.es/diario_boe/txt.php?id=BOE-A-2025-22543,CODIGO_DE_PUESTO,reextracción de la columna Denominación,1,NO,CELDA_DESALINEADA
100852,50370701,50370701,1,2025-11-07,BOE-A-2025-22543,https://www.boe.es/diario_boe/txt.php?id=BOE-A-2025-22543,CODIGO_DE_PUESTO,reextracción de la columna Denominación,1,NO,CELDA_DESALINEADA
100853,50371463,50371463,1,2025-11-07,BOE-A-2025-22543,https://www.boe.es/diario_boe/txt.php?id=BOE-A-2025-22543,CODIGO_DE_PUESTO,reextracción de la columna Denominación,1,NO,CELDA_DESALINEADA
100854,50371473,50371473,1,2025-11-07,BOE-A-2025-22543,https://www.boe.es/diario_boe/txt.php?id=BOE-A-2025-22543,CODIGO_DE_PUESTO,reextracción de la columna Denominación,1,NO,CELDA_DESALINEADA
100855,50371476,50371476,1,2025-11-07,BOE-A-2025-22543,https://www.boe.es/diario_boe/txt.php?id=BOE-A-2025-22543,CODIGO_DE_PUESTO,reextracción de la columna Denominación,1,NO,CELDA_DESALINEADA
100856,50371524,50371524,1,2025-11-07,BOE-A-2025-22543,https://www.boe.es/diario_boe/txt.php?id=BOE-A-2025-22543,CODIGO_DE_PUESTO,reextracción de la columna Denominación,1,NO,CELDA_DESALINEADA
100857,50371522,50371522,1,2025-11-07,BOE-A-2025-22543,https://www.boe.es/diario_boe/txt.php?id=BOE-A-2025-22543,CODIGO_DE_PUESTO,reextracción de la columna Denominación,1,NO,CELDA_DESALINEADA
100858,50370705,50370705,1,2025-11-07,BOE-A-2025-22543,https://www.boe.es/diario_boe/txt.php?id=BOE-A-2025-22543,CODIGO_DE_PUESTO,reextracción de la columna Denominación,1,NO,CELDA_DESALINEADA
100859,50371560,50371560,1,2025-11-07,BOE-A-2025-22543,https://www.boe.es/diario_boe/txt.php?id=BOE-A-2025-22543,CODIGO_DE_PUESTO,reextracción de la columna Denominación,1,NO,CELDA_DESALINEADA
100860,50371576,50371576,1,2025-11-07,BOE-A-2025-22543,https://www.boe.es/diario_boe/txt.php?id=BOE-A-2025-22543,CODIGO_DE_PUESTO,reextracción de la columna Denominación,1,NO,CELDA_DESALINEADA
100861,50371578,50371578,1,2025-11-07,BOE-A-2025-22543,https://www.boe.es/diario_boe/txt.php?id=BOE-A-2025-22543,CODIGO_DE_PUESTO,reextracción de la columna Denominación,1,NO,CELDA_DESALINEADA
100862,50371590,50371590,1,2025-11-07,BOE-A-2025-22543,https://www.boe.es/diario_boe/txt.php?id=BOE-A-2025-22543,CODIGO_DE_PUESTO,reextracción de la columna Denominación,1,NO,CELDA_DESALINEADA
100863,50371595,50371595,1,2025-11-07,BOE-A-2025-22543,https://www.boe.es/diario_boe/txt.php?id=BOE-A-2025-22543,CODIGO_DE_PUESTO,reextracción de la columna Denominación,1,NO,CELDA_DESALINEADA
100864,50371598,50371598,1,2025-11-07,BOE-A-2025-22543,https://www.boe.es/diario_boe/txt.php?id=BOE-A-2025-22543,CODIGO_DE_PUESTO,reextracción de la columna Denominación,1,NO,CELDA_DESALINEADA
100865,50371616,50371616,1,2025-11-07,BOE-A-2025-22543,https://www.boe.es/diario_boe/txt.php?id=BOE-A-2025-22543,CODIGO_DE_PUESTO,reextracción de la columna Denominación,1,NO,CELDA_DESALINEADA
100866,50371632,50371632,1,2025-11-07,BOE-A-2025-22543,https://www.boe.es/diario_boe/txt.php?id=BOE-A-2025-22543,CODIGO_DE_PUESTO,reextracción de la columna Denominación,1,NO,CELDA_DESALINEADA
100867,50371633,50371633,1,2025-11-07,BOE-A-2025-22543,https://www.boe.es/diario_boe/txt.php?id=BOE-A-2025-22543,CODIGO_DE_PUESTO,reextracción de la columna Denominación,1,NO,CELDA_DESALINEADA
100868,50371634,50371634,1,2025-11-07,BOE-A-2025-22543,https://www.boe.es/diario_boe/txt.php?id=BOE-A-2025-22543,CODIGO_DE_PUESTO,reextracción de la columna Denominación,1,NO,CELDA_DESALINEADA
100869,50371640,50371640,1,2025-11-07,BOE-A-2025-22543,https://www.boe.es/diario_boe/txt.php?id=BOE-A-2025-22543,CODIGO_DE_PUESTO,reextracción de la columna Denominación,1,NO,CELDA_DESALINEADA
100870,50371670,50371670,1,2025-11-07,BOE-A-2025-22543,https://www.boe.es/diario_boe/txt.php?id=BOE-A-2025-22543,CODIGO_DE_PUESTO,reextracción de la columna Denominación,1,NO,CELDA_DESALINEADA
100871,50370710,50370710,1,2025-11-07,BOE-A-2025-22543,https://www.boe.es/diario_boe/txt.php?id=BOE-A-2025-22543,CODIGO_DE_PUESTO,reextracción de la columna Denominación,1,NO,CELDA_DESALINEADA
100872,50370711,50370711,1,2025-11-07,BOE-A-2025-22543,https://www.boe.es/diario_boe/txt.php?id=BOE-A-2025-22543,CODIGO_DE_PUESTO,reextracción de la columna Denominación,1,NO,CELDA_DESALINEADA
100873,50371620,50371620,1,2025-11-07,BOE-A-2025-22543,https://www.boe.es/diario_boe/txt.php?id=BOE-A-2025-22543,CODIGO_DE_PUESTO,reextracción de la columna Denominación,1,NO,CELDA_DESALINEADA
100874,50371619,50371619,1,2025-11-07,BOE-A-2025-22543,https://www.boe.es/diario_boe/txt.php?id=BOE-A-2025-22543,CODIGO_DE_PUESTO,reextracción de la columna Denominación,1,NO,CELDA_DESALINEADA
100875,50371628,50371628,1,2025-11-07,BOE-A-2025-22543,https://www.boe.es/diario_boe/txt.php?id=BOE-A-2025-22543,CODIGO_DE_PUESTO,reextracción de la columna Denominación,1,NO,CELDA_DESALINEADA
100876,50370743,50370743,1,2025-11-07,BOE-A-2025-22543,https://www.boe.es/diario_boe/txt.php?id=BOE-A-2025-22543,CODIGO_DE_PUESTO,reextracción de la columna Denominación,1,NO,CELDA_DESALINEADA
100877,50371674,50371674,1,2025-11-07,BOE-A-2025-22543,https://www.boe.es/diario_boe/txt.php?id=BOE-A-2025-22543,CODIGO_DE_PUESTO,reextracción de la columna Denominación,1,NO,CELDA_DESALINEADA
100878,50371677,50371677,1,2025-11-07,BOE-A-2025-22543,https://www.boe.es/diario_boe/txt.php?id=BOE-A-2025-22543,CODIGO_DE_PUESTO,reextracción de la columna Denominación,1,NO,CELDA_DESALINEADA
100879,50371685,50371685,1,2025-11-07,BOE-A-2025-22543,https://www.boe.es/diario_boe/txt.php?id=BOE-A-2025-22543,CODIGO_DE_PUESTO,reextracción de la columna Denominación,1,NO,CELDA_DESALINEADA
100880,50371689,50371689,1,2025-11-07,BOE-A-2025-22543,https://www.boe.es/diario_boe/txt.php?id=BOE-A-2025-22543,CODIGO_DE_PUESTO,reextracción de la columna Denominación,1,NO,CELDA_DESALINEADA
100881,50371690,50371690,1,2025-11-07,BOE-A-2025-22543,https://www.boe.es/diario_boe/txt.php?id=BOE-A-2025-22543,CODIGO_DE_PUESTO,reextracción de la columna Denominación,1,NO,CELDA_DESALINEADA
100882,50371691,50371691,1,2025-11-07,BOE-A-2025-22543,https://www.boe.es/diario_boe/txt.php?id=BOE-A-2025-22543,CODIGO_DE_PUESTO,reextracción de la columna Denominación,1,NO,CELDA_DESALINEADA
100883,50371692,50371692,1,2025-11-07,BOE-A-2025-22543,https://www.boe.es/diario_boe/txt.php?id=BOE-A-2025-22543,CODIGO_DE_PUESTO,reextracción de la columna Denominación,1,NO,CELDA_DESALINEADA
100884,50371693,50371693,1,2025-11-07,BOE-A-2025-22543,https://www.boe.es/diario_boe/txt.php?id=BOE-A-2025-22543,CODIGO_DE_PUESTO,reextracción de la columna Denominación,1,NO,CELDA_DESALINEADA
100885,50371694,50371694,1,2025-11-07,BOE-A-2025-22543,https://www.boe.es/diario_boe/txt.php?id=BOE-A-2025-22543,CODIGO_DE_PUESTO,reextracción de la columna Denominación,1,NO,CELDA_DESALINEADA
100886,50371695,50371695,1,2025-11-07,BOE-A-2025-22543,https://www.boe.es/diario_boe/txt.php?id=BOE-A-2025-22543,CODIGO_DE_PUESTO,reextracción de la columna Denominación,1,NO,CELDA_DESALINEADA
100887,50371719,50371719,1,2025-11-07,BOE-A-2025-22543,https://www.boe.es/diario_boe/txt.php?id=BOE-A-2025-22543,CODIGO_DE_PUESTO,reextracción de la columna Denominación,1,NO,CELDA_DESALINEADA
100888,50371732,50371732,1,2025-11-07,BOE-A-2025-22543,https://www.boe.es/diario_boe/txt.php?id=BOE-A-2025-22543,CODIGO_DE_PUESTO,reextracción de la columna Denominación,1,NO,CELDA_DESALINEADA
100889,50371741,50371741,1,2025-11-07,BOE-A-2025-22543,https://www.boe.es/diario_boe/txt.php?id=BOE-A-2025-22543,CODIGO_DE_PUESTO,reextracción de la columna Denominación,1,NO,CELDA_DESALINEADA
100890,50370746,50370746,1,2025-11-07,BOE-A-2025-22543,https://www.boe.es/diario_boe/txt.php?id=BOE-A-2025-22543,CODIGO_DE_PUESTO,reextracción de la columna Denominación,1,NO,CELDA_DESALINEADA
100891,50370729,50370729,1,2025-11-07,BOE-A-2025-22543,https://www.boe.es/diario_boe/txt.php?id=BOE-A-2025-22543,CODIGO_DE_PUESTO,reextracción de la columna Denominación,1,NO,CELDA_DESALINEADA
100892,50370730,50370730,1,2025-11-07,BOE-A-2025-22543,https://www.boe.es/diario_boe/txt.php?id=BOE-A-2025-22543,CODIGO_DE_PUESTO,reextracción de la columna Denominación,1,NO,CELDA_DESALINEADA
100893,50370733,50370733,1,2025-11-07,BOE-A-2025-22543,https://www.boe.es/diario_boe/txt.php?id=BOE-A-2025-22543,CODIGO_DE_PUESTO,reextracción de la columna Denominación,1,NO,CELDA_DESALINEADA
100894,50370736,50370736,1,2025-11-07,BOE-A-2025-22543,https://www.boe.es/diario_boe/txt.php?id=BOE-A-2025-22543,CODIGO_DE_PUESTO,reextracción de la columna Denominación,1,NO,CELDA_DESALINEADA
100895,50370853,50370853,1,2025-11-07,BOE-A-2025-22543,https://www.boe.es/diario_boe/txt.php?id=BOE-A-2025-22543,CODIGO_DE_PUESTO,reextracción de la columna Denominación,1,NO,CELDA_DESALINEADA
100896,50371783,50371783,1,2025-11-07,BOE-A-2025-22543,https://www.boe.es/diario_boe/txt.php?id=BOE-A-2025-22543,CODIGO_DE_PUESTO,reextracción de la columna Denominación,1,NO,CELDA_DESALINEADA
100897,50371786,50371786,1,2025-11-07,BOE-A-2025-22543,https://www.boe.es/diario_boe/txt.php?id=BOE-A-2025-22543,CODIGO_DE_PUESTO,reextracción de la columna Denominación,1,NO,CELDA_DESALINEADA
100898,50371784,50371784,1,2025-11-07,BOE-A-2025-22543,https://www.boe.es/diario_boe/txt.php?id=BOE-A-2025-22543,CODIGO_DE_PUESTO,reextracción de la columna Denominación,1,NO,CELDA_DESALINEADA
100899,50371785,50371785,1,2025-11-07,BOE-A-2025-22543,https://www.boe.es/diario_boe/txt.php?id=BOE-A-2025-22543,CODIGO_DE_PUESTO,reextracción de la columna Denominación,1,NO,CELDA_DESALINEADA
100900,50371801,50371801,1,2025-11-07,BOE-A-2025-22543,https://www.boe.es/diario_boe/txt.php?id=BOE-A-2025-22543,CODIGO_DE_PUESTO,reextracción de la columna Denominación,1,NO,CELDA_DESALINEADA
100901,50370851,50370851,1,2025-11-07,BOE-A-2025-22543,https://www.boe.es/diario_boe/txt.php?id=BOE-A-2025-22543,CODIGO_DE_PUESTO,reextracción de la columna Denominación,1,NO,CELDA_DESALINEADA
100902,50371746,50371746,1,2025-11-07,BOE-A-2025-22543,https://www.boe.es/diario_boe/txt.php?id=BOE-A-2025-22543,CODIGO_DE_PUESTO,reextracción de la columna Denominación,1,NO,CELDA_DESALINEADA
100903,50371747,50371747,1,2025-11-07,BOE-A-2025-22543,https://www.boe.es/diario_boe/txt.php?id=BOE-A-2025-22543,CODIGO_DE_PUESTO,reextracción de la columna Denominación,1,NO,CELDA_DESALINEADA
100904,50371748,50371748,1,2025-11-07,BOE-A-2025-22543,https://www.boe.es/diario_boe/txt.php?id=BOE-A-2025-22543,CODIGO_DE_PUESTO,reextracción de la columna Denominación,1,NO,CELDA_DESALINEADA
100905,50371752,50371752,1,2025-11-07,BOE-A-2025-22543,https://www.boe.es/diario_boe/txt.php?id=BOE-A-2025-22543,CODIGO_DE_PUESTO,reextracción de la columna Denominación,1,NO,CELDA_DESALINEADA
100906,50371780,50371780,1,2025-11-07,BOE-A-2025-22543,https://www.boe.es/diario_boe/txt.php?id=BOE-A-2025-22543,CODIGO_DE_PUESTO,reextracción de la columna Denominación,1,NO,CELDA_DESALINEADA
100907,50371804,50371804,1,2025-11-07,BOE-A-2025-22543,https://www.boe.es/diario_boe/txt.php?id=BOE-A-2025-22543,CODIGO_DE_PUESTO,reextracción de la columna Denominación,1,NO,CELDA_DESALINEADA
100908,50371807,50371807,1,2025-11-07,BOE-A-2025-22543,https://www.boe.es/diario_boe/txt.php?id=BOE-A-2025-22543,CODIGO_DE_PUESTO,reextracción de la columna Denominación,1,NO,CELDA_DESALINEADA
100909,50371805,50371805,1,2025-11-07,BOE-A-2025-22543,https://www.boe.es/diario_boe/txt.php?id=BOE-A-2025-22543,CODIGO_DE_PUESTO,reextracción de la columna Denominación,1,NO,CELDA_DESALINEADA
100910,50371817,50371817,1,2025-11-07,BOE-A-2025-22543,https://www.boe.es/diario_boe/txt.php?id=BOE-A-2025-22543,CODIGO_DE_PUESTO,reextracción de la columna Denominación,1,NO,CELDA_DESALINEADA
100911,50371823,50371823,1,2025-11-07,BOE-A-2025-22543,https://www.boe.es/diario_boe/txt.php?id=BOE-A-2025-22543,CODIGO_DE_PUESTO,reextracción de la columna Denominación,1,NO,CELDA_DESALINEADA
100912,50371822,50371822,1,2025-11-07,BOE-A-2025-22543,https://www.boe.es/diario_boe/txt.php?id=BOE-A-2025-22543,CODIGO_DE_PUESTO,reextracción de la columna Denominación,1,NO,CELDA_DESALINEADA
100913,50371830,50371830,1,2025-11-07,BOE-A-2025-22543,https://www.boe.es/diario_boe/txt.php?id=BOE-A-2025-22543,CODIGO_DE_PUESTO,reextracción de la columna Denominación,1,NO,CELDA_DESALINEADA
100914,50370755,50370755,1,2025-11-07,BOE-A-2025-22543,https://www.boe.es/diario_boe/txt.php?id=BOE-A-2025-22543,CODIGO_DE_PUESTO,reextracción de la columna Denominación,1,NO,CELDA_DESALINEADA
100915,50371882,50371882,1,2025-11-07,BOE-A-2025-22543,https://www.boe.es/diario_boe/txt.php?id=BOE-A-2025-22543,CODIGO_DE_PUESTO,reextracción de la columna Denominación,1,NO,CELDA_DESALINEADA
100916,50371871,50371871,1,2025-11-07,BOE-A-2025-22543,https://www.boe.es/diario_boe/txt.php?id=BOE-A-2025-22543,CODIGO_DE_PUESTO,reextracción de la columna Denominación,1,NO,CELDA_DESALINEADA
100917,50370766,50370766,1,2025-11-07,BOE-A-2025-22543,https://www.boe.es/diario_boe/txt.php?id=BOE-A-2025-22543,CODIGO_DE_PUESTO,reextracción de la columna Denominación,1,NO,CELDA_DESALINEADA
100918,50371934,50371934,1,2025-11-07,BOE-A-2025-22543,https://www.boe.es/diario_boe/txt.php?id=BOE-A-2025-22543,CODIGO_DE_PUESTO,reextracción de la columna Denominación,1,NO,CELDA_DESALINEADA
100919,50371935,50371935,1,2025-11-07,BOE-A-2025-22543,https://www.boe.es/diario_boe/txt.php?id=BOE-A-2025-22543,CODIGO_DE_PUESTO,reextracción de la columna Denominación,1,NO,CELDA_DESALINEADA
100920,50371947,50371947,1,2025-11-07,BOE-A-2025-22543,https://www.boe.es/diario_boe/txt.php?id=BOE-A-2025-22543,CODIGO_DE_PUESTO,reextracción de la columna Denominación,1,NO,CELDA_DESALINEADA
100921,50371951,50371951,1,2025-11-07,BOE-A-2025-22543,https://www.boe.es/diario_boe/txt.php?id=BOE-A-2025-22543,CODIGO_DE_PUESTO,reextracción de la columna Denominación,1,NO,CELDA_DESALINEADA
100922,50370760,50370760,1,2025-11-07,BOE-A-2025-22543,https://www.boe.es/diario_boe/txt.php?id=BOE-A-2025-22543,CODIGO_DE_PUESTO,reextracción de la columna Denominación,1,NO,CELDA_DESALINEADA
100923,50370774,50370774,1,2025-11-07,BOE-A-2025-22543,https://www.boe.es/diario_boe/txt.php?id=BOE-A-2025-22543,CODIGO_DE_PUESTO,reextracción de la columna Denominación,1,NO,CELDA_DESALINEADA
100924,50371996,50371996,1,2025-11-07,BOE-A-2025-22543,https://www.boe.es/diario_boe/txt.php?id=BOE-A-2025-22543,CODIGO_DE_PUESTO,reextracción de la columna Denominación,1,NO,CELDA_DESALINEADA
100925,50371993,50371993,1,2025-11-07,BOE-A-2025-22543,https://www.boe.es/diario_boe/txt.php?id=BOE-A-2025-22543,CODIGO_DE_PUESTO,reextracción de la columna Denominación,1,NO,CELDA_DESALINEADA
100926,50371995,50371995,1,2025-11-07,BOE-A-2025-22543,https://www.boe.es/diario_boe/txt.php?id=BOE-A-2025-22543,CODIGO_DE_PUESTO,reextracción de la columna Denominación,1,NO,CELDA_DESALINEADA
100927,50371964,50371964,1,2025-11-07,BOE-A-2025-22543,https://www.boe.es/diario_boe/txt.php?id=BOE-A-2025-22543,CODIGO_DE_PUESTO,reextracción de la columna Denominación,1,NO,CELDA_DESALINEADA
100928,50371969,50371969,1,2025-11-07,BOE-A-2025-22543,https://www.boe.es/diario_boe/txt.php?id=BOE-A-2025-22543,CODIGO_DE_PUESTO,reextracción de la columna Denominación,1,NO,CELDA_DESALINEADA
100929,50371989,50371989,1,2025-11-07,BOE-A-2025-22543,https://www.boe.es/diario_boe/txt.php?id=BOE-A-2025-22543,CODIGO_DE_PUESTO,reextracción de la columna Denominación,1,NO,CELDA_DESALINEADA
100930,50370779,50370779,1,2025-11-07,BOE-A-2025-22543,https://www.boe.es/diario_boe/txt.php?id=BOE-A-2025-22543,CODIGO_DE_PUESTO,reextracción de la columna Denominación,1,NO,CELDA_DESALINEADA
100931,50372008,50372008,1,2025-11-07,BOE-A-2025-22543,https://www.boe.es/diario_boe/txt.php?id=BOE-A-2025-22543,CODIGO_DE_PUESTO,reextracción de la columna Denominación,1,NO,CELDA_DESALINEADA
100932,50372045,50372045,1,2025-11-07,BOE-A-2025-22543,https://www.boe.es/diario_boe/txt.php?id=BOE-A-2025-22543,CODIGO_DE_PUESTO,reextracción de la columna Denominación,1,NO,CELDA_DESALINEADA
100933,50372048,50372048,1,2025-11-07,BOE-A-2025-22543,https://www.boe.es/diario_boe/txt.php?id=BOE-A-2025-22543,CODIGO_DE_PUESTO,reextracción de la columna Denominación,1,NO,CELDA_DESALINEADA
100934,50372049,50372049,1,2025-11-07,BOE-A-2025-22543,https://www.boe.es/diario_boe/txt.php?id=BOE-A-2025-22543,CODIGO_DE_PUESTO,reextracción de la columna Denominación,1,NO,CELDA_DESALINEADA
100935,50372075,50372075,1,2025-11-07,BOE-A-2025-22543,https://www.boe.es/diario_boe/txt.php?id=BOE-A-2025-22543,CODIGO_DE_PUESTO,reextracción de la columna Denominación,1,NO,CELDA_DESALINEADA
100936,50372076,50372076,1,2025-11-07,BOE-A-2025-22543,https://www.boe.es/diario_boe/txt.php?id=BOE-A-2025-22543,CODIGO_DE_PUESTO,reextracción de la columna Denominación,1,NO,CELDA_DESALINEADA
100937,50372621,50372621,1,2025-11-07,BOE-A-2025-22543,https://www.boe.es/diario_boe/txt.php?id=BOE-A-2025-22543,CODIGO_DE_PUESTO,reextracción de la columna Denominación,1,NO,CELDA_DESALINEADA
100938,50372135,50372135,1,2025-11-07,BOE-A-2025-22543,https://www.boe.es/diario_boe/txt.php?id=BOE-A-2025-22543,CODIGO_DE_PUESTO,reextracción de la columna Denominación,1,NO,CELDA_DESALINEADA
100939,50372136,50372136,1,2025-11-07,BOE-A-2025-22543,https://www.boe.es/diario_boe/txt.php?id=BOE-A-2025-22543,CODIGO_DE_PUESTO,reextracción de la columna Denominación,1,NO,CELDA_DESALINEADA
100940,50372222,50372222,1,2025-11-07,BOE-A-2025-22543,https://www.boe.es/diario_boe/txt.php?id=BOE-A-2025-22543,CODIGO_DE_PUESTO,reextracción de la columna Denominación,1,NO,CELDA_DESALINEADA
100941,50372167,50372167,1,2025-11-07,BOE-A-2025-22543,https://www.boe.es/diario_boe/txt.php?id=BOE-A-2025-22543,CODIGO_DE_PUESTO,reextracción de la columna Denominación,1,NO,CELDA_DESALINEADA
100942,50372175,50372175,1,2025-11-07,BOE-A-2025-22543,https://www.boe.es/diario_boe/txt.php?id=BOE-A-2025-22543,CODIGO_DE_PUESTO,reextracción de la columna Denominación,1,NO,CELDA_DESALINEADA
100943,50372243,50372243,1,2025-11-07,BOE-A-2025-22543,https://www.boe.es/diario_boe/txt.php?id=BOE-A-2025-22543,CODIGO_DE_PUESTO,reextracción de la columna Denominación,1,NO,CELDA_DESALINEADA
100944,50370827,50370827,1,2025-11-07,BOE-A-2025-22543,https://www.boe.es/diario_boe/txt.php?id=BOE-A-2025-22543,CODIGO_DE_PUESTO,reextracción de la columna Denominación,1,NO,CELDA_DESALINEADA
100945,50372276,50372276,1,2025-11-07,BOE-A-2025-22543,https://www.boe.es/diario_boe/txt.php?id=BOE-A-2025-22543,CODIGO_DE_PUESTO,reextracción de la columna Denominación,1,NO,CELDA_DESALINEADA
100946,50372279,50372279,1,2025-11-07,BOE-A-2025-22543,https://www.boe.es/diario_boe/txt.php?id=BOE-A-2025-22543,CODIGO_DE_PUESTO,reextracción de la columna Denominación,1,NO,CELDA_DESALINEADA
100947,50372304,50372304,1,2025-11-07,BOE-A-2025-22543,https://www.boe.es/diario_boe/txt.php?id=BOE-A-2025-22543,CODIGO_DE_PUESTO,reextracción de la columna Denominación,1,NO,CELDA_DESALINEADA
100948,50372309,50372309,1,2025-11-07,BOE-A-2025-22543,https://www.boe.es/diario_boe/txt.php?id=BOE-A-2025-22543,CODIGO_DE_PUESTO,reextracción de la columna Denominación,1,NO,CELDA_DESALINEADA
100949,50370849,50370849,1,2025-11-07,BOE-A-2025-22543,https://www.boe.es/diario_boe/txt.php?id=BOE-A-2025-22543,CODIGO_DE_PUESTO,reextracción de la columna Denominación,1,NO,CELDA_DESALINEADA
100950,50372312,50372312,1,2025-11-07,BOE-A-2025-22543,https://www.boe.es/diario_boe/txt.php?id=BOE-A-2025-22543,CODIGO_DE_PUESTO,reextracción de la columna Denominación,1,NO,CELDA_DESALINEADA
100951,50372349,50372349,1,2025-11-07,BOE-A-2025-22543,https://www.boe.es/diario_boe/txt.php?id=BOE-A-2025-22543,CODIGO_DE_PUESTO,reextracción de la columna Denominación,1,NO,CELDA_DESALINEADA
100952,50372350,50372350,1,2025-11-07,BOE-A-2025-22543,https://www.boe.es/diario_boe/txt.php?id=BOE-A-2025-22543,CODIGO_DE_PUESTO,reextracción de la columna Denominación,1,NO,CELDA_DESALINEADA
100953,50372430,50372430,1,2025-11-07,BOE-A-2025-22543,https://www.boe.es/diario_boe/txt.php?id=BOE-A-2025-22543,CODIGO_DE_PUESTO,reextracción de la columna Denominación,1,NO,CELDA_DESALINEADA
100954,50372439,50372439,1,2025-11-07,BOE-A-2025-22543,https://www.boe.es/diario_boe/txt.php?id=BOE-A-2025-22543,CODIGO_DE_PUESTO,reextracción de la columna Denominación,1,NO,CELDA_DESALINEADA
100955,50372442,50372442,1,2025-11-07,BOE-A-2025-22543,https://www.boe.es/diario_boe/txt.php?id=BOE-A-2025-22543,CODIGO_DE_PUESTO,reextracción de la columna Denominación,1,NO,CELDA_DESALINEADA
100956,50372458,50372458,1,2025-11-07,BOE-A-2025-22543,https://www.boe.es/diario_boe/txt.php?id=BOE-A-2025-22543,CODIGO_DE_PUESTO,reextracción de la columna Denominación,1,NO,CELDA_DESALINEADA
100957,50372467,50372467,1,2025-11-07,BOE-A-2025-22543,https://www.boe.es/diario_boe/txt.php?id=BOE-A-2025-22543,CODIGO_DE_PUESTO,reextracción de la columna Denominación,1,NO,CELDA_DESALINEADA
100958,50372464,50372464,1,2025-11-07,BOE-A-2025-22543,https://www.boe.es/diario_boe/txt.php?id=BOE-A-2025-22543,CODIGO_DE_PUESTO,reextracción de la columna Denominación,1,NO,CELDA_DESALINEADA
100959,50372487,50372487,1,2025-11-07,BOE-A-2025-22543,https://www.boe.es/diario_boe/txt.php?id=BOE-A-2025-22543,CODIGO_DE_PUESTO,reextracción de la columna Denominación,1,NO,CELDA_DESALINEADA
100960,50372507,50372507,1,2025-11-07,BOE-A-2025-22543,https://www.boe.es/diario_boe/txt.php?id=BOE-A-2025-22543,CODIGO_DE_PUESTO,reextracción de la columna Denominación,1,NO,CELDA_DESALINEADA
100961,50372522,50372522,1,2025-11-07,BOE-A-2025-22543,https://www.boe.es/diario_boe/txt.php?id=BOE-A-2025-22543,CODIGO_DE_PUESTO,reextracción de la columna Denominación,1,NO,CELDA_DESALINEADA
100962,50370797,50370797,1,2025-11-07,BOE-A-2025-22543,https://www.boe.es/diario_boe/txt.php?id=BOE-A-2025-22543,CODIGO_DE_PUESTO,reextracción de la columna Denominación,1,NO,CELDA_DESALINEADA
100963,50370846,50370846,1,2025-11-07,BOE-A-2025-22543,https://www.boe.es/diario_boe/txt.php?id=BOE-A-2025-22543,CODIGO_DE_PUESTO,reextracción de la columna Denominación,1,NO,CELDA_DESALINEADA
100964,50370837,50370837,1,2025-11-07,BOE-A-2025-22543,https://www.boe.es/diario_boe/txt.php?id=BOE-A-2025-22543,CODIGO_DE_PUESTO,reextracción de la columna Denominación,1,NO,CELDA_DESALINEADA
100965,50372581,50372581,1,2025-11-07,BOE-A-2025-22543,https://www.boe.es/diario_boe/txt.php?id=BOE-A-2025-22543,CODIGO_DE_PUESTO,reextracción de la columna Denominación,1,NO,CELDA_DESALINEADA
100966,50372582,50372582,1,2025-11-07,BOE-A-2025-22543,https://www.boe.es/diario_boe/txt.php?id=BOE-A-2025-22543,CODIGO_DE_PUESTO,reextracción de la columna Denominación,1,NO,CELDA_DESALINEADA
100967,50372589,50372589,1,2025-11-07,BOE-A-2025-22543,https://www.boe.es/diario_boe/txt.php?id=BOE-A-2025-22543,CODIGO_DE_PUESTO,reextracción de la columna Denominación,1,NO,CELDA_DESALINEADA
100968,50370859,50370859,1,2025-11-07,BOE-A-2025-22543,https://www.boe.es/diario_boe/txt.php?id=BOE-A-2025-22543,CODIGO_DE_PUESTO,reextracción de la columna Denominación,1,NO,CELDA_DESALINEADA
100969,50370860,50370860,1,2025-11-07,BOE-A-2025-22543,https://www.boe.es/diario_boe/txt.php?id=BOE-A-2025-22543,CODIGO_DE_PUESTO,reextracción de la columna Denominación,1,NO,CELDA_DESALINEADA
100970,50370861,50370861,1,2025-11-07,BOE-A-2025-22543,https://www.boe.es/diario_boe/txt.php?id=BOE-A-2025-22543,CODIGO_DE_PUESTO,reextracción de la columna Denominación,1,NO,CELDA_DESALINEADA
100971,50370865,50370865,1,2025-11-07,BOE-A-2025-22543,https://www.boe.es/diario_boe/txt.php?id=BOE-A-2025-22543,CODIGO_DE_PUESTO,reextracción de la columna Denominación,1,NO,CELDA_DESALINEADA
100972,50370885,50370885,1,2025-11-07,BOE-A-2025-22543,https://www.boe.es/diario_boe/txt.php?id=BOE-A-2025-22543,CODIGO_DE_PUESTO,reextracción de la columna Denominación,1,NO,CELDA_DESALINEADA
100973,50370886,50370886,1,2025-11-07,BOE-A-2025-22543,https://www.boe.es/diario_boe/txt.php?id=BOE-A-2025-22543,CODIGO_DE_PUESTO,reextracción de la columna Denominación,1,NO,CELDA_DESALINEADA
100974,50370924,50370924,1,2025-11-07,BOE-A-2025-22543,https://www.boe.es/diario_boe/txt.php?id=BOE-A-2025-22543,CODIGO_DE_PUESTO,reextracción de la columna Denominación,1,NO,CELDA_DESALINEADA
100975,50370925,50370925,1,2025-11-07,BOE-A-2025-22543,https://www.boe.es/diario_boe/txt.php?id=BOE-A-2025-22543,CODIGO_DE_PUESTO,reextracción de la columna Denominación,1,NO,CELDA_DESALINEADA
100976,50370926,50370926,1,2025-11-07,BOE-A-2025-22543,https://www.boe.es/diario_boe/txt.php?id=BOE-A-2025-22543,CODIGO_DE_PUESTO,reextracción de la columna Denominación,1,NO,CELDA_DESALINEADA
100977,50370930,50370930,1,2025-11-07,BOE-A-2025-22543,https://www.boe.es/diario_boe/txt.php?id=BOE-A-2025-22543,CODIGO_DE_PUESTO,reextracción de la columna Denominación,1,NO,CELDA_DESALINEADA
100978,50370940,50370940,1,2025-11-07,BOE-A-2025-22543,https://www.boe.es/diario_boe/txt.php?id=BOE-A-2025-22543,CODIGO_DE_PUESTO,reextracción de la columna Denominación,1,NO,CELDA_DESALINEADA
100979,50370941,50370941,1,2025-11-07,BOE-A-2025-22543,https://www.boe.es/diario_boe/txt.php?id=BOE-A-2025-22543,CODIGO_DE_PUESTO,reextracción de la columna Denominación,1,NO,CELDA_DESALINEADA
100980,50370956,50370956,1,2025-11-07,BOE-A-2025-22543,https://www.boe.es/diario_boe/txt.php?id=BOE-A-2025-22543,CODIGO_DE_PUESTO,reextracción de la columna Denominación,1,NO,CELDA_DESALINEADA
100981,50370973,50370973,1,2025-11-07,BOE-A-2025-22543,https://www.boe.es/diario_boe/txt.php?id=BOE-A-2025-22543,CODIGO_DE_PUESTO,reextracción de la columna Denominación,1,NO,CELDA_DESALINEADA
100982,50370974,50370974,1,2025-11-07,BOE-A-2025-22543,https://www.boe.es/diario_boe/txt.php?id=BOE-A-2025-22543,CODIGO_DE_PUESTO,reextracción de la columna Denominación,1,NO,CELDA_DESALINEADA
100983,50370975,50370975,1,2025-11-07,BOE-A-2025-22543,https://www.boe.es/diario_boe/txt.php?id=BOE-A-2025-22543,CODIGO_DE_PUESTO,reextracción de la columna Denominación,1,NO,CELDA_DESALINEADA
100984,50370976,50370976,1,2025-11-07,BOE-A-2025-22543,https://www.boe.es/diario_boe/txt.php?id=BOE-A-2025-22543,CODIGO_DE_PUESTO,reextracción de la columna Denominación,1,NO,CELDA_DESALINEADA
100985,50370994,50370994,1,2025-11-07,BOE-A-2025-22543,https://www.boe.es/diario_boe/txt.php?id=BOE-A-2025-22543,CODIGO_DE_PUESTO,reextracción de la columna Denominación,1,NO,CELDA_DESALINEADA
100986,50371042,50371042,1,2025-11-07,BOE-A-2025-22543,https://www.boe.es/diario_boe/txt.php?id=BOE-A-2025-22543,CODIGO_DE_PUESTO,reextracción de la columna Denominación,1,NO,CELDA_DESALINEADA
100987,50371043,50371043,1,2025-11-07,BOE-A-2025-22543,https://www.boe.es/diario_boe/txt.php?id=BOE-A-2025-22543,CODIGO_DE_PUESTO,reextracción de la columna Denominación,1,NO,CELDA_DESALINEADA
100988,50371044,50371044,1,2025-11-07,BOE-A-2025-22543,https://www.boe.es/diario_boe/txt.php?id=BOE-A-2025-22543,CODIGO_DE_PUESTO,reextracción de la columna Denominación,1,NO,CELDA_DESALINEADA
100989,50371045,50371045,1,2025-11-07,BOE-A-2025-22543,https://www.boe.es/diario_boe/txt.php?id=BOE-A-2025-22543,CODIGO_DE_PUESTO,reextracción de la columna Denominación,1,NO,CELDA_DESALINEADA
100990,50371046,50371046,1,2025-11-07,BOE-A-2025-22543,https://www.boe.es/diario_boe/txt.php?id=BOE-A-2025-22543,CODIGO_DE_PUESTO,reextracción de la columna Denominación,1,NO,CELDA_DESALINEADA
100991,50371047,50371047,1,2025-11-07,BOE-A-2025-22543,https://www.boe.es/diario_boe/txt.php?id=BOE-A-2025-22543,CODIGO_DE_PUESTO,reextracción de la columna Denominación,1,NO,CELDA_DESALINEADA
100992,50371024,50371024,1,2025-11-07,BOE-A-2025-22543,https://www.boe.es/diario_boe/txt.php?id=BOE-A-2025-22543,CODIGO_DE_PUESTO,reextracción de la columna Denominación,1,NO,CELDA_DESALINEADA
100993,50371079,50371079,1,2025-11-07,BOE-A-2025-22543,https://www.boe.es/diario_boe/txt.php?id=BOE-A-2025-22543,CODIGO_DE_PUESTO,reextracción de la columna Denominación,1,NO,CELDA_DESALINEADA
100994,50371080,50371080,1,2025-11-07,BOE-A-2025-22543,https://www.boe.es/diario_boe/txt.php?id=BOE-A-2025-22543,CODIGO_DE_PUESTO,reextracción de la columna Denominación,1,NO,CELDA_DESALINEADA
100995,50371081,50371081,1,2025-11-07,BOE-A-2025-22543,https://www.boe.es/diario_boe/txt.php?id=BOE-A-2025-22543,CODIGO_DE_PUESTO,reextracción de la columna Denominación,1,NO,CELDA_DESALINEADA
100996,50371089,50371089,1,2025-11-07,BOE-A-2025-22543,https://www.boe.es/diario_boe/txt.php?id=BOE-A-2025-22543,CODIGO_DE_PUESTO,reextracción de la columna Denominación,1,NO,CELDA_DESALINEADA
100997,50371106,50371106,1,2025-11-07,BOE-A-2025-22543,https://www.boe.es/diario_boe/txt.php?id=BOE-A-2025-22543,CODIGO_DE_PUESTO,reextracción de la columna Denominación,1,NO,CELDA_DESALINEADA
100998,50371107,50371107,1,2025-11-07,BOE-A-2025-22543,https://www.boe.es/diario_boe/txt.php?id=BOE-A-2025-22543,CODIGO_DE_PUESTO,reextracción de la columna Denominación,1,NO,CELDA_DESALINEADA
100999,50371108,50371108,1,2025-11-07,BOE-A-2025-22543,https://www.boe.es/diario_boe/txt.php?id=BOE-A-2025-22543,CODIGO_DE_PUESTO,reextracción de la columna Denominación,1,NO,CELDA_DESALINEADA
101000,50371112,50371112,1,2025-11-07,BOE-A-2025-22543,https://www.boe.es/diario_boe/txt.php?id=BOE-A-2025-22543,CODIGO_DE_PUESTO,reextracción de la columna Denominación,1,NO,CELDA_DESALINEADA
101001,50371113,50371113,1,2025-11-07,BOE-A-2025-22543,https://www.boe.es/diario_boe/txt.php?id=BOE-A-2025-22543,CODIGO_DE_PUESTO,reextracción de la columna Denominación,1,NO,CELDA_DESALINEADA
101002,50371120,50371120,1,2025-11-07,BOE-A-2025-22543,https://www.boe.es/diario_boe/txt.php?id=BOE-A-2025-22543,CODIGO_DE_PUESTO,reextracción de la columna Denominación,1,NO,CELDA_DESALINEADA
101003,50371146,50371146,1,2025-11-07,BOE-A-2025-22543,https://www.boe.es/diario_boe/txt.php?id=BOE-A-2025-22543,CODIGO_DE_PUESTO,reextracción de la columna Denominación,1,NO,CELDA_DESALINEADA
101004,50371155,50371155,1,2025-11-07,BOE-A-2025-22543,https://www.boe.es/diario_boe/txt.php?id=BOE-A-2025-22543,CODIGO_DE_PUESTO,reextracción de la columna Denominación,1,NO,CELDA_DESALINEADA
101005,50371169,50371169,1,2025-11-07,BOE-A-2025-22543,https://www.boe.es/diario_boe/txt.php?id=BOE-A-2025-22543,CODIGO_DE_PUESTO,reextracción de la columna Denominación,1,NO,CELDA_DESALINEADA
101006,50371170,50371170,1,2025-11-07,BOE-A-2025-22543,https://www.boe.es/diario_boe/txt.php?id=BOE-A-2025-22543,CODIGO_DE_PUESTO,reextracción de la columna Denominación,1,NO,CELDA_DESALINEADA
101007,50371178,50371178,1,2025-11-07,BOE-A-2025-22543,https://www.boe.es/diario_boe/txt.php?id=BOE-A-2025-22543,CODIGO_DE_PUESTO,reextracción de la columna Denominación,1,NO,CELDA_DESALINEADA
101008,50371192,50371192,1,2025-11-07,BOE-A-2025-22543,https://www.boe.es/diario_boe/txt.php?id=BOE-A-2025-22543,CODIGO_DE_PUESTO,reextracción de la columna Denominación,1,NO,CELDA_DESALINEADA
101009,50371193,50371193,1,2025-11-07,BOE-A-2025-22543,https://www.boe.es/diario_boe/txt.php?id=BOE-A-2025-22543,CODIGO_DE_PUESTO,reextracción de la columna Denominación,1,NO,CELDA_DESALINEADA
101010,50371194,50371194,1,2025-11-07,BOE-A-2025-22543,https://www.boe.es/diario_boe/txt.php?id=BOE-A-2025-22543,CODIGO_DE_PUESTO,reextracción de la columna Denominación,1,NO,CELDA_DESALINEADA
101011,50371195,50371195,1,2025-11-07,BOE-A-2025-22543,https://www.boe.es/diario_boe/txt.php?id=BOE-A-2025-22543,CODIGO_DE_PUESTO,reextracción de la columna Denominación,1,NO,CELDA_DESALINEADA
101012,50371196,50371196,1,2025-11-07,BOE-A-2025-22543,https://www.boe.es/diario_boe/txt.php?id=BOE-A-2025-22543,CODIGO_DE_PUESTO,reextracción de la columna Denominación,1,NO,CELDA_DESALINEADA
101013,50371197,50371197,1,2025-11-07,BOE-A-2025-22543,https://www.boe.es/diario_boe/txt.php?id=BOE-A-2025-22543,CODIGO_DE_PUESTO,reextracción de la columna Denominación,1,NO,CELDA_DESALINEADA
101014,50371198,50371198,1,2025-11-07,BOE-A-2025-22543,https://www.boe.es/diario_boe/txt.php?id=BOE-A-2025-22543,CODIGO_DE_PUESTO,reextracción de la columna Denominación,1,NO,CELDA_DESALINEADA
101015,50371215,50371215,1,2025-11-07,BOE-A-2025-22543,https://www.boe.es/diario_boe/txt.php?id=BOE-A-2025-22543,CODIGO_DE_PUESTO,reextracción de la columna Denominación,1,NO,CELDA_DESALINEADA
101016,50371216,50371216,1,2025-11-07,BOE-A-2025-22543,https://www.boe.es/diario_boe/txt.php?id=BOE-A-2025-22543,CODIGO_DE_PUESTO,reextracción de la columna Denominación,1,NO,CELDA_DESALINEADA
101017,50371226,50371226,1,2025-11-07,BOE-A-2025-22543,https://www.boe.es/diario_boe/txt.php?id=BOE-A-2025-22543,CODIGO_DE_PUESTO,reextracción de la columna Denominación,1,NO,CELDA_DESALINEADA
101018,50371227,50371227,1,2025-11-07,BOE-A-2025-22543,https://www.boe.es/diario_boe/txt.php?id=BOE-A-2025-22543,CODIGO_DE_PUESTO,reextracción de la columna Denominación,1,NO,CELDA_DESALINEADA
101019,50371250,50371250,1,2025-11-07,BOE-A-2025-22543,https://www.boe.es/diario_boe/txt.php?id=BOE-A-2025-22543,CODIGO_DE_PUESTO,reextracción de la columna Denominación,1,NO,CELDA_DESALINEADA
101020,50371251,50371251,1,2025-11-07,BOE-A-2025-22543,https://www.boe.es/diario_boe/txt.php?id=BOE-A-2025-22543,CODIGO_DE_PUESTO,reextracción de la columna Denominación,1,NO,CELDA_DESALINEADA
101021,50371252,50371252,1,2025-11-07,BOE-A-2025-22543,https://www.boe.es/diario_boe/txt.php?id=BOE-A-2025-22543,CODIGO_DE_PUESTO,reextracción de la columna Denominación,1,NO,CELDA_DESALINEADA
101022,50371277,50371277,1,2025-11-07,BOE-A-2025-22543,https://www.boe.es/diario_boe/txt.php?id=BOE-A-2025-22543,CODIGO_DE_PUESTO,reextracción de la columna Denominación,1,NO,CELDA_DESALINEADA
101023,50371278,50371278,1,2025-11-07,BOE-A-2025-22543,https://www.boe.es/diario_boe/txt.php?id=BOE-A-2025-22543,CODIGO_DE_PUESTO,reextracción de la columna Denominación,1,NO,CELDA_DESALINEADA
101024,50371279,50371279,1,2025-11-07,BOE-A-2025-22543,https://www.boe.es/diario_boe/txt.php?id=BOE-A-2025-22543,CODIGO_DE_PUESTO,reextracción de la columna Denominación,1,NO,CELDA_DESALINEADA
101025,50371302,50371302,1,2025-11-07,BOE-A-2025-22543,https://www.boe.es/diario_boe/txt.php?id=BOE-A-2025-22543,CODIGO_DE_PUESTO,reextracción de la columna Denominación,1,NO,CELDA_DESALINEADA
101026,50371312,50371312,1,2025-11-07,BOE-A-2025-22543,https://www.boe.es/diario_boe/txt.php?id=BOE-A-2025-22543,CODIGO_DE_PUESTO,reextracción de la columna Denominación,1,NO,CELDA_DESALINEADA
101027,50371313,50371313,1,2025-11-07,BOE-A-2025-22543,https://www.boe.es/diario_boe/txt.php?id=BOE-A-2025-22543,CODIGO_DE_PUESTO,reextracción de la columna Denominación,1,NO,CELDA_DESALINEADA
101028,50371314,50371314,1,2025-11-07,BOE-A-2025-22543,https://www.boe.es/diario_boe/txt.php?id=BOE-A-2025-22543,CODIGO_DE_PUESTO,reextracción de la columna Denominación,1,NO,CELDA_DESALINEADA
101029,50371315,50371315,1,2025-11-07,BOE-A-2025-22543,https://www.boe.es/diario_boe/txt.php?id=BOE-A-2025-22543,CODIGO_DE_PUESTO,reextracción de la columna Denominación,1,NO,CELDA_DESALINEADA
101030,50371316,50371316,1,2025-11-07,BOE-A-2025-22543,https://www.boe.es/diario_boe/txt.php?id=BOE-A-2025-22543,CODIGO_DE_PUESTO,reextracción de la columna Denominación,1,NO,CELDA_DESALINEADA
101031,50371317,50371317,1,2025-11-07,BOE-A-2025-22543,https://www.boe.es/diario_boe/txt.php?id=BOE-A-2025-22543,CODIGO_DE_PUESTO,reextracción de la columna Denominación,1,NO,CELDA_DESALINEADA
101032,50371318,50371318,1,2025-11-07,BOE-A-2025-22543,https://www.boe.es/diario_boe/txt.php?id=BOE-A-2025-22543,CODIGO_DE_PUESTO,reextracción de la columna Denominación,1,NO,CELDA_DESALINEADA
101033,50371347,50371347,1,2025-11-07,BOE-A-2025-22543,https://www.boe.es/diario_boe/txt.php?id=BOE-A-2025-22543,CODIGO_DE_PUESTO,reextracción de la columna Denominación,1,NO,CELDA_DESALINEADA
101034,50371348,50371348,1,2025-11-07,BOE-A-2025-22543,https://www.boe.es/diario_boe/txt.php?id=BOE-A-2025-22543,CODIGO_DE_PUESTO,reextracción de la columna Denominación,1,NO,CELDA_DESALINEADA
101035,50371349,50371349,1,2025-11-07,BOE-A-2025-22543,https://www.boe.es/diario_boe/txt.php?id=BOE-A-2025-22543,CODIGO_DE_PUESTO,reextracción de la columna Denominación,1,NO,CELDA_DESALINEADA
101036,50371383,50371383,1,2025-11-07,BOE-A-2025-22543,https://www.boe.es/diario_boe/txt.php?id=BOE-A-2025-22543,CODIGO_DE_PUESTO,reextracción de la columna Denominación,1,NO,CELDA_DESALINEADA
101037,50371399,50371399,1,2025-11-07,BOE-A-2025-22543,https://www.boe.es/diario_boe/txt.php?id=BOE-A-2025-22543,CODIGO_DE_PUESTO,reextracción de la columna Denominación,1,NO,CELDA_DESALINEADA
101038,50371417,50371417,1,2025-11-07,BOE-A-2025-22543,https://www.boe.es/diario_boe/txt.php?id=BOE-A-2025-22543,CODIGO_DE_PUESTO,reextracción de la columna Denominación,1,NO,CELDA_DESALINEADA
101039,50371425,50371425,1,2025-11-07,BOE-A-2025-22543,https://www.boe.es/diario_boe/txt.php?id=BOE-A-2025-22543,CODIGO_DE_PUESTO,reextracción de la columna Denominación,1,NO,CELDA_DESALINEADA
101040,50371426,50371426,1,2025-11-07,BOE-A-2025-22543,https://www.boe.es/diario_boe/txt.php?id=BOE-A-2025-22543,CODIGO_DE_PUESTO,reextracción de la columna Denominación,1,NO,CELDA_DESALINEADA
101041,50371439,50371439,1,2025-11-07,BOE-A-2025-22543,https://www.boe.es/diario_boe/txt.php?id=BOE-A-2025-22543,CODIGO_DE_PUESTO,reextracción de la columna Denominación,1,NO,CELDA_DESALINEADA
101042,50371442,50371442,1,2025-11-07,BOE-A-2025-22543,https://www.boe.es/diario_boe/txt.php?id=BOE-A-2025-22543,CODIGO_DE_PUESTO,reextracción de la columna Denominación,1,NO,CELDA_DESALINEADA
101043,50371454,50371454,1,2025-11-07,BOE-A-2025-22543,https://www.boe.es/diario_boe/txt.php?id=BOE-A-2025-22543,CODIGO_DE_PUESTO,reextracción de la columna Denominación,1,NO,CELDA_DESALINEADA
101044,50370703,50370703,1,2025-11-07,BOE-A-2025-22543,https://www.boe.es/diario_boe/txt.php?id=BOE-A-2025-22543,CODIGO_DE_PUESTO,reextracción de la columna Denominación,1,NO,CELDA_DESALINEADA
101045,50371483,50371483,1,2025-11-07,BOE-A-2025-22543,https://www.boe.es/diario_boe/txt.php?id=BOE-A-2025-22543,CODIGO_DE_PUESTO,reextracción de la columna Denominación,1,NO,CELDA_DESALINEADA
101046,50371484,50371484,1,2025-11-07,BOE-A-2025-22543,https://www.boe.es/diario_boe/txt.php?id=BOE-A-2025-22543,CODIGO_DE_PUESTO,reextracción de la columna Denominación,1,NO,CELDA_DESALINEADA
101047,50371490,50371490,1,2025-11-07,BOE-A-2025-22543,https://www.boe.es/diario_boe/txt.php?id=BOE-A-2025-22543,CODIGO_DE_PUESTO,reextracción de la columna Denominación,1,NO,CELDA_DESALINEADA
101048,50371491,50371491,1,2025-11-07,BOE-A-2025-22543,https://www.boe.es/diario_boe/txt.php?id=BOE-A-2025-22543,CODIGO_DE_PUESTO,reextracción de la columna Denominación,1,NO,CELDA_DESALINEADA
101049,50371492,50371492,1,2025-11-07,BOE-A-2025-22543,https://www.boe.es/diario_boe/txt.php?id=BOE-A-2025-22543,CODIGO_DE_PUESTO,reextracción de la columna Denominación,1,NO,CELDA_DESALINEADA
101050,50371506,50371506,1,2025-11-07,BOE-A-2025-22543,https://www.boe.es/diario_boe/txt.php?id=BOE-A-2025-22543,CODIGO_DE_PUESTO,reextracción de la columna Denominación,1,NO,CELDA_DESALINEADA
101051,50371519,50371519,1,2025-11-07,BOE-A-2025-22543,https://www.boe.es/diario_boe/txt.php?id=BOE-A-2025-22543,CODIGO_DE_PUESTO,reextracción de la columna Denominación,1,NO,CELDA_DESALINEADA
101052,50371527,50371527,1,2025-11-07,BOE-A-2025-22543,https://www.boe.es/diario_boe/txt.php?id=BOE-A-2025-22543,CODIGO_DE_PUESTO,reextracción de la columna Denominación,1,NO,CELDA_DESALINEADA
101053,50371542,50371542,1,2025-11-07,BOE-A-2025-22543,https://www.boe.es/diario_boe/txt.php?id=BOE-A-2025-22543,CODIGO_DE_PUESTO,reextracción de la columna Denominación,1,NO,CELDA_DESALINEADA
101054,50371543,50371543,1,2025-11-07,BOE-A-2025-22543,https://www.boe.es/diario_boe/txt.php?id=BOE-A-2025-22543,CODIGO_DE_PUESTO,reextracción de la columna Denominación,1,NO,CELDA_DESALINEADA
101055,50371563,50371563,1,2025-11-07,BOE-A-2025-22543,https://www.boe.es/diario_boe/txt.php?id=BOE-A-2025-22543,CODIGO_DE_PUESTO,reextracción de la columna Denominación,1,NO,CELDA_DESALINEADA
101056,50371564,50371564,1,2025-11-07,BOE-A-2025-22543,https://www.boe.es/diario_boe/txt.php?id=BOE-A-2025-22543,CODIGO_DE_PUESTO,reextracción de la columna Denominación,1,NO,CELDA_DESALINEADA
101057,50371565,50371565,1,2025-11-07,BOE-A-2025-22543,https://www.boe.es/diario_boe/txt.php?id=BOE-A-2025-22543,CODIGO_DE_PUESTO,reextracción de la columna Denominación,1,NO,CELDA_DESALINEADA
101058,50371567,50371567,1,2025-11-07,BOE-A-2025-22543,https://www.boe.es/diario_boe/txt.php?id=BOE-A-2025-22543,CODIGO_DE_PUESTO,reextracción de la columna Denominación,1,NO,CELDA_DESALINEADA
101059,50371568,50371568,1,2025-11-07,BOE-A-2025-22543,https://www.boe.es/diario_boe/txt.php?id=BOE-A-2025-22543,CODIGO_DE_PUESTO,reextracción de la columna Denominación,1,NO,CELDA_DESALINEADA
101060,50371574,50371574,1,2025-11-07,BOE-A-2025-22543,https://www.boe.es/diario_boe/txt.php?id=BOE-A-2025-22543,CODIGO_DE_PUESTO,reextracción de la columna Denominación,1,NO,CELDA_DESALINEADA
101061,50371580,50371580,1,2025-11-07,BOE-A-2025-22543,https://www.boe.es/diario_boe/txt.php?id=BOE-A-2025-22543,CODIGO_DE_PUESTO,reextracción de la columna Denominación,1,NO,CELDA_DESALINEADA
101062,50371584,50371584,1,2025-11-07,BOE-A-2025-22543,https://www.boe.es/diario_boe/txt.php?id=BOE-A-2025-22543,CODIGO_DE_PUESTO,reextracción de la columna Denominación,1,NO,CELDA_DESALINEADA
101063,50371593,50371593,1,2025-11-07,BOE-A-2025-22543,https://www.boe.es/diario_boe/txt.php?id=BOE-A-2025-22543,CODIGO_DE_PUESTO,reextracción de la columna Denominación,1,NO,CELDA_DESALINEADA
101064,50371603,50371603,1,2025-11-07,BOE-A-2025-22543,https://www.boe.es/diario_boe/txt.php?id=BOE-A-2025-22543,CODIGO_DE_PUESTO,reextracción de la columna Denominación,1,NO,CELDA_DESALINEADA
101065,50371604,50371604,1,2025-11-07,BOE-A-2025-22543,https://www.boe.es/diario_boe/txt.php?id=BOE-A-2025-22543,CODIGO_DE_PUESTO,reextracción de la columna Denominación,1,NO,CELDA_DESALINEADA
101066,50371605,50371605,1,2025-11-07,BOE-A-2025-22543,https://www.boe.es/diario_boe/txt.php?id=BOE-A-2025-22543,CODIGO_DE_PUESTO,reextracción de la columna Denominación,1,NO,CELDA_DESALINEADA
101067,50371609,50371609,1,2025-11-07,BOE-A-2025-22543,https://www.boe.es/diario_boe/txt.php?id=BOE-A-2025-22543,CODIGO_DE_PUESTO,reextracción de la columna Denominación,1,NO,CELDA_DESALINEADA
101068,50371610,50371610,1,2025-11-07,BOE-A-2025-22543,https://www.boe.es/diario_boe/txt.php?id=BOE-A-2025-22543,CODIGO_DE_PUESTO,reextracción de la columna Denominación,1,NO,CELDA_DESALINEADA
101069,50371617,50371617,1,2025-11-07,BOE-A-2025-22543,https://www.boe.es/diario_boe/txt.php?id=BOE-A-2025-22543,CODIGO_DE_PUESTO,reextracción de la columna Denominación,1,NO,CELDA_DESALINEADA
101070,50371643,50371643,1,2025-11-07,BOE-A-2025-22543,https://www.boe.es/diario_boe/txt.php?id=BOE-A-2025-22543,CODIGO_DE_PUESTO,reextracción de la columna Denominación,1,NO,CELDA_DESALINEADA
101071,50371644,50371644,1,2025-11-07,BOE-A-2025-22543,https://www.boe.es/diario_boe/txt.php?id=BOE-A-2025-22543,CODIGO_DE_PUESTO,reextracción de la columna Denominación,1,NO,CELDA_DESALINEADA
101072,50371645,50371645,1,2025-11-07,BOE-A-2025-22543,https://www.boe.es/diario_boe/txt.php?id=BOE-A-2025-22543,CODIGO_DE_PUESTO,reextracción de la columna Denominación,1,NO,CELDA_DESALINEADA
101073,50371646,50371646,1,2025-11-07,BOE-A-2025-22543,https://www.boe.es/diario_boe/txt.php?id=BOE-A-2025-22543,CODIGO_DE_PUESTO,reextracción de la columna Denominación,1,NO,CELDA_DESALINEADA
101074,50371647,50371647,1,2025-11-07,BOE-A-2025-22543,https://www.boe.es/diario_boe/txt.php?id=BOE-A-2025-22543,CODIGO_DE_PUESTO,reextracción de la columna Denominación,1,NO,CELDA_DESALINEADA
101075,50371648,50371648,1,2025-11-07,BOE-A-2025-22543,https://www.boe.es/diario_boe/txt.php?id=BOE-A-2025-22543,CODIGO_DE_PUESTO,reextracción de la columna Denominación,1,NO,CELDA_DESALINEADA
101076,50371649,50371649,1,2025-11-07,BOE-A-2025-22543,https://www.boe.es/diario_boe/txt.php?id=BOE-A-2025-22543,CODIGO_DE_PUESTO,reextracción de la columna Denominación,1,NO,CELDA_DESALINEADA
101077,50371660,50371660,1,2025-11-07,BOE-A-2025-22543,https://www.boe.es/diario_boe/txt.php?id=BOE-A-2025-22543,CODIGO_DE_PUESTO,reextracción de la columna Denominación,1,NO,CELDA_DESALINEADA
101078,50371671,50371671,1,2025-11-07,BOE-A-2025-22543,https://www.boe.es/diario_boe/txt.php?id=BOE-A-2025-22543,CODIGO_DE_PUESTO,reextracción de la columna Denominación,1,NO,CELDA_DESALINEADA
101079,50371672,50371672,1,2025-11-07,BOE-A-2025-22543,https://www.boe.es/diario_boe/txt.php?id=BOE-A-2025-22543,CODIGO_DE_PUESTO,reextracción de la columna Denominación,1,NO,CELDA_DESALINEADA
101080,50371624,50371624,1,2025-11-07,BOE-A-2025-22543,https://www.boe.es/diario_boe/txt.php?id=BOE-A-2025-22543,CODIGO_DE_PUESTO,reextracción de la columna Denominación,1,NO,CELDA_DESALINEADA
101081,50371678,50371678,1,2025-11-07,BOE-A-2025-22543,https://www.boe.es/diario_boe/txt.php?id=BOE-A-2025-22543,CODIGO_DE_PUESTO,reextracción de la columna Denominación,1,NO,CELDA_DESALINEADA
101082,50371700,50371700,1,2025-11-07,BOE-A-2025-22543,https://www.boe.es/diario_boe/txt.php?id=BOE-A-2025-22543,CODIGO_DE_PUESTO,reextracción de la columna Denominación,1,NO,CELDA_DESALINEADA
101083,50371701,50371701,1,2025-11-07,BOE-A-2025-22543,https://www.boe.es/diario_boe/txt.php?id=BOE-A-2025-22543,CODIGO_DE_PUESTO,reextracción de la columna Denominación,1,NO,CELDA_DESALINEADA
101084,50371702,50371702,1,2025-11-07,BOE-A-2025-22543,https://www.boe.es/diario_boe/txt.php?id=BOE-A-2025-22543,CODIGO_DE_PUESTO,reextracción de la columna Denominación,1,NO,CELDA_DESALINEADA
101085,50371703,50371703,1,2025-11-07,BOE-A-2025-22543,https://www.boe.es/diario_boe/txt.php?id=BOE-A-2025-22543,CODIGO_DE_PUESTO,reextracción de la columna Denominación,1,NO,CELDA_DESALINEADA
101086,50371704,50371704,1,2025-11-07,BOE-A-2025-22543,https://www.boe.es/diario_boe/txt.php?id=BOE-A-2025-22543,CODIGO_DE_PUESTO,reextracción de la columna Denominación,1,NO,CELDA_DESALINEADA
101087,50371705,50371705,1,2025-11-07,BOE-A-2025-22543,https://www.boe.es/diario_boe/txt.php?id=BOE-A-2025-22543,CODIGO_DE_PUESTO,reextracción de la columna Denominación,1,NO,CELDA_DESALINEADA
101088,50371706,50371706,1,2025-11-07,BOE-A-2025-22543,https://www.boe.es/diario_boe/txt.php?id=BOE-A-2025-22543,CODIGO_DE_PUESTO,reextracción de la columna Denominación,1,NO,CELDA_DESALINEADA
101089,50371707,50371707,1,2025-11-07,BOE-A-2025-22543,https://www.boe.es/diario_boe/txt.php?id=BOE-A-2025-22543,CODIGO_DE_PUESTO,reextracción de la columna Denominación,1,NO,CELDA_DESALINEADA
101090,50371708,50371708,1,2025-11-07,BOE-A-2025-22543,https://www.boe.es/diario_boe/txt.php?id=BOE-A-2025-22543,CODIGO_DE_PUESTO,reextracción de la columna Denominación,1,NO,CELDA_DESALINEADA
101091,50371712,50371712,1,2025-11-07,BOE-A-2025-22543,https://www.boe.es/diario_boe/txt.php?id=BOE-A-2025-22543,CODIGO_DE_PUESTO,reextracción de la columna Denominación,1,NO,CELDA_DESALINEADA
101092,50371713,50371713,1,2025-11-07,BOE-A-2025-22543,https://www.boe.es/diario_boe/txt.php?id=BOE-A-2025-22543,CODIGO_DE_PUESTO,reextracción de la columna Denominación,1,NO,CELDA_DESALINEADA
101093,50371714,50371714,1,2025-11-07,BOE-A-2025-22543,https://www.boe.es/diario_boe/txt.php?id=BOE-A-2025-22543,CODIGO_DE_PUESTO,reextracción de la columna Denominación,1,NO,CELDA_DESALINEADA
101094,50371721,50371721,1,2025-11-07,BOE-A-2025-22543,https://www.boe.es/diario_boe/txt.php?id=BOE-A-2025-22543,CODIGO_DE_PUESTO,reextracción de la columna Denominación,1,NO,CELDA_DESALINEADA
101095,50371722,50371722,1,2025-11-07,BOE-A-2025-22543,https://www.boe.es/diario_boe/txt.php?id=BOE-A-2025-22543,CODIGO_DE_PUESTO,reextracción de la columna Denominación,1,NO,CELDA_DESALINEADA
101096,50371733,50371733,1,2025-11-07,BOE-A-2025-22543,https://www.boe.es/diario_boe/txt.php?id=BOE-A-2025-22543,CODIGO_DE_PUESTO,reextracción de la columna Denominación,1,NO,CELDA_DESALINEADA
101097,50371734,50371734,1,2025-11-07,BOE-A-2025-22543,https://www.boe.es/diario_boe/txt.php?id=BOE-A-2025-22543,CODIGO_DE_PUESTO,reextracción de la columna Denominación,1,NO,CELDA_DESALINEADA
101098,50371735,50371735,1,2025-11-07,BOE-A-2025-22543,https://www.boe.es/diario_boe/txt.php?id=BOE-A-2025-22543,CODIGO_DE_PUESTO,reextracción de la columna Denominación,1,NO,CELDA_DESALINEADA
101099,50371736,50371736,1,2025-11-07,BOE-A-2025-22543,https://www.boe.es/diario_boe/txt.php?id=BOE-A-2025-22543,CODIGO_DE_PUESTO,reextracción de la columna Denominación,1,NO,CELDA_DESALINEADA
101100,50371737,50371737,1,2025-11-07,BOE-A-2025-22543,https://www.boe.es/diario_boe/txt.php?id=BOE-A-2025-22543,CODIGO_DE_PUESTO,reextracción de la columna Denominación,1,NO,CELDA_DESALINEADA
101101,50371738,50371738,1,2025-11-07,BOE-A-2025-22543,https://www.boe.es/diario_boe/txt.php?id=BOE-A-2025-22543,CODIGO_DE_PUESTO,reextracción de la columna Denominación,1,NO,CELDA_DESALINEADA
101102,50371739,50371739,1,2025-11-07,BOE-A-2025-22543,https://www.boe.es/diario_boe/txt.php?id=BOE-A-2025-22543,CODIGO_DE_PUESTO,reextracción de la columna Denominación,1,NO,CELDA_DESALINEADA
101103,50371742,50371742,1,2025-11-07,BOE-A-2025-22543,https://www.boe.es/diario_boe/txt.php?id=BOE-A-2025-22543,CODIGO_DE_PUESTO,reextracción de la columna Denominación,1,NO,CELDA_DESALINEADA
101104,50371743,50371743,1,2025-11-07,BOE-A-2025-22543,https://www.boe.es/diario_boe/txt.php?id=BOE-A-2025-22543,CODIGO_DE_PUESTO,reextracción de la columna Denominación,1,NO,CELDA_DESALINEADA
101105,50370738,50370738,1,2025-11-07,BOE-A-2025-22543,https://www.boe.es/diario_boe/txt.php?id=BOE-A-2025-22543,CODIGO_DE_PUESTO,reextracción de la columna Denominación,1,NO,CELDA_DESALINEADA
101106,50371787,50371787,1,2025-11-07,BOE-A-2025-22543,https://www.boe.es/diario_boe/txt.php?id=BOE-A-2025-22543,CODIGO_DE_PUESTO,reextracción de la columna Denominación,1,NO,CELDA_DESALINEADA
101107,50371788,50371788,1,2025-11-07,BOE-A-2025-22543,https://www.boe.es/diario_boe/txt.php?id=BOE-A-2025-22543,CODIGO_DE_PUESTO,reextracción de la columna Denominación,1,NO,CELDA_DESALINEADA
101108,50371789,50371789,1,2025-11-07,BOE-A-2025-22543,https://www.boe.es/diario_boe/txt.php?id=BOE-A-2025-22543,CODIGO_DE_PUESTO,reextracción de la columna Denominación,1,NO,CELDA_DESALINEADA
101109,50371790,50371790,1,2025-11-07,BOE-A-2025-22543,https://www.boe.es/diario_boe/txt.php?id=BOE-A-2025-22543,CODIGO_DE_PUESTO,reextracción de la columna Denominación,1,NO,CELDA_DESALINEADA
101110,50371791,50371791,1,2025-11-07,BOE-A-2025-22543,https://www.boe.es/diario_boe/txt.php?id=BOE-A-2025-22543,CODIGO_DE_PUESTO,reextracción de la columna Denominación,1,NO,CELDA_DESALINEADA
101111,50371792,50371792,1,2025-11-07,BOE-A-2025-22543,https://www.boe.es/diario_boe/txt.php?id=BOE-A-2025-22543,CODIGO_DE_PUESTO,reextracción de la columna Denominación,1,NO,CELDA_DESALINEADA
101112,50371794,50371794,1,2025-11-07,BOE-A-2025-22543,https://www.boe.es/diario_boe/txt.php?id=BOE-A-2025-22543,CODIGO_DE_PUESTO,reextracción de la columna Denominación,1,NO,CELDA_DESALINEADA
101113,50371795,50371795,1,2025-11-07,BOE-A-2025-22543,https://www.boe.es/diario_boe/txt.php?id=BOE-A-2025-22543,CODIGO_DE_PUESTO,reextracción de la columna Denominación,1,NO,CELDA_DESALINEADA
101114,50371796,50371796,1,2025-11-07,BOE-A-2025-22543,https://www.boe.es/diario_boe/txt.php?id=BOE-A-2025-22543,CODIGO_DE_PUESTO,reextracción de la columna Denominación,1,NO,CELDA_DESALINEADA
101115,50371802,50371802,1,2025-11-07,BOE-A-2025-22543,https://www.boe.es/diario_boe/txt.php?id=BOE-A-2025-22543,CODIGO_DE_PUESTO,reextracción de la columna Denominación,1,NO,CELDA_DESALINEADA
101116,50371756,50371756,1,2025-11-07,BOE-A-2025-22543,https://www.boe.es/diario_boe/txt.php?id=BOE-A-2025-22543,CODIGO_DE_PUESTO,reextracción de la columna Denominación,1,NO,CELDA_DESALINEADA
101117,50371757,50371757,1,2025-11-07,BOE-A-2025-22543,https://www.boe.es/diario_boe/txt.php?id=BOE-A-2025-22543,CODIGO_DE_PUESTO,reextracción de la columna Denominación,1,NO,CELDA_DESALINEADA
101118,50371758,50371758,1,2025-11-07,BOE-A-2025-22543,https://www.boe.es/diario_boe/txt.php?id=BOE-A-2025-22543,CODIGO_DE_PUESTO,reextracción de la columna Denominación,1,NO,CELDA_DESALINEADA
101119,50371759,50371759,1,2025-11-07,BOE-A-2025-22543,https://www.boe.es/diario_boe/txt.php?id=BOE-A-2025-22543,CODIGO_DE_PUESTO,reextracción de la columna Denominación,1,NO,CELDA_DESALINEADA
101120,50371760,50371760,1,2025-11-07,BOE-A-2025-22543,https://www.boe.es/diario_boe/txt.php?id=BOE-A-2025-22543,CODIGO_DE_PUESTO,reextracción de la columna Denominación,1,NO,CELDA_DESALINEADA
101121,50371761,50371761,1,2025-11-07,BOE-A-2025-22543,https://www.boe.es/diario_boe/txt.php?id=BOE-A-2025-22543,CODIGO_DE_PUESTO,reextracción de la columna Denominación,1,NO,CELDA_DESALINEADA
101122,50371762,50371762,1,2025-11-07,BOE-A-2025-22543,https://www.boe.es/diario_boe/txt.php?id=BOE-A-2025-22543,CODIGO_DE_PUESTO,reextracción de la columna Denominación,1,NO,CELDA_DESALINEADA
101123,50371763,50371763,1,2025-11-07,BOE-A-2025-22543,https://www.boe.es/diario_boe/txt.php?id=BOE-A-2025-22543,CODIGO_DE_PUESTO,reextracción de la columna Denominación,1,NO,CELDA_DESALINEADA
101124,50371768,50371768,1,2025-11-07,BOE-A-2025-22543,https://www.boe.es/diario_boe/txt.php?id=BOE-A-2025-22543,CODIGO_DE_PUESTO,reextracción de la columna Denominación,1,NO,CELDA_DESALINEADA
101125,50371772,50371772,1,2025-11-07,BOE-A-2025-22543,https://www.boe.es/diario_boe/txt.php?id=BOE-A-2025-22543,CODIGO_DE_PUESTO,reextracción de la columna Denominación,1,NO,CELDA_DESALINEADA
101126,50371781,50371781,1,2025-11-07,BOE-A-2025-22543,https://www.boe.es/diario_boe/txt.php?id=BOE-A-2025-22543,CODIGO_DE_PUESTO,reextracción de la columna Denominación,1,NO,CELDA_DESALINEADA
101127,50371811,50371811,1,2025-11-07,BOE-A-2025-22543,https://www.boe.es/diario_boe/txt.php?id=BOE-A-2025-22543,CODIGO_DE_PUESTO,reextracción de la columna Denominación,1,NO,CELDA_DESALINEADA
101128,50371818,50371818,1,2025-11-07,BOE-A-2025-22543,https://www.boe.es/diario_boe/txt.php?id=BOE-A-2025-22543,CODIGO_DE_PUESTO,reextracción de la columna Denominación,1,NO,CELDA_DESALINEADA
101129,50371850,50371850,1,2025-11-07,BOE-A-2025-22543,https://www.boe.es/diario_boe/txt.php?id=BOE-A-2025-22543,CODIGO_DE_PUESTO,reextracción de la columna Denominación,1,NO,CELDA_DESALINEADA
101130,50371885,50371885,1,2025-11-07,BOE-A-2025-22543,https://www.boe.es/diario_boe/txt.php?id=BOE-A-2025-22543,CODIGO_DE_PUESTO,reextracción de la columna Denominación,1,NO,CELDA_DESALINEADA
101131,50371874,50371874,1,2025-11-07,BOE-A-2025-22543,https://www.boe.es/diario_boe/txt.php?id=BOE-A-2025-22543,CODIGO_DE_PUESTO,reextracción de la columna Denominación,1,NO,CELDA_DESALINEADA
101132,50371911,50371911,1,2025-11-07,BOE-A-2025-22543,https://www.boe.es/diario_boe/txt.php?id=BOE-A-2025-22543,CODIGO_DE_PUESTO,reextracción de la columna Denominación,1,NO,CELDA_DESALINEADA
101133,50371912,50371912,1,2025-11-07,BOE-A-2025-22543,https://www.boe.es/diario_boe/txt.php?id=BOE-A-2025-22543,CODIGO_DE_PUESTO,reextracción de la columna Denominación,1,NO,CELDA_DESALINEADA
101134,50371971,50371971,1,2025-11-07,BOE-A-2025-22543,https://www.boe.es/diario_boe/txt.php?id=BOE-A-2025-22543,CODIGO_DE_PUESTO,reextracción de la columna Denominación,1,NO,CELDA_DESALINEADA
101135,50371990,50371990,1,2025-11-07,BOE-A-2025-22543,https://www.boe.es/diario_boe/txt.php?id=BOE-A-2025-22543,CODIGO_DE_PUESTO,reextracción de la columna Denominación,1,NO,CELDA_DESALINEADA
101136,50372027,50372027,1,2025-11-07,BOE-A-2025-22543,https://www.boe.es/diario_boe/txt.php?id=BOE-A-2025-22543,CODIGO_DE_PUESTO,reextracción de la columna Denominación,1,NO,CELDA_DESALINEADA
101137,50372038,50372038,1,2025-11-07,BOE-A-2025-22543,https://www.boe.es/diario_boe/txt.php?id=BOE-A-2025-22543,CODIGO_DE_PUESTO,reextracción de la columna Denominación,1,NO,CELDA_DESALINEADA
101138,50372041,50372041,1,2025-11-07,BOE-A-2025-22543,https://www.boe.es/diario_boe/txt.php?id=BOE-A-2025-22543,CODIGO_DE_PUESTO,reextracción de la columna Denominación,1,NO,CELDA_DESALINEADA
101139,50372055,50372055,1,2025-11-07,BOE-A-2025-22543,https://www.boe.es/diario_boe/txt.php?id=BOE-A-2025-22543,CODIGO_DE_PUESTO,reextracción de la columna Denominación,1,NO,CELDA_DESALINEADA
101140,50372056,50372056,1,2025-11-07,BOE-A-2025-22543,https://www.boe.es/diario_boe/txt.php?id=BOE-A-2025-22543,CODIGO_DE_PUESTO,reextracción de la columna Denominación,1,NO,CELDA_DESALINEADA
101141,50372057,50372057,1,2025-11-07,BOE-A-2025-22543,https://www.boe.es/diario_boe/txt.php?id=BOE-A-2025-22543,CODIGO_DE_PUESTO,reextracción de la columna Denominación,1,NO,CELDA_DESALINEADA
101142,50372058,50372058,1,2025-11-07,BOE-A-2025-22543,https://www.boe.es/diario_boe/txt.php?id=BOE-A-2025-22543,CODIGO_DE_PUESTO,reextracción de la columna Denominación,1,NO,CELDA_DESALINEADA
101143,50372059,50372059,1,2025-11-07,BOE-A-2025-22543,https://www.boe.es/diario_boe/txt.php?id=BOE-A-2025-22543,CODIGO_DE_PUESTO,reextracción de la columna Denominación,1,NO,CELDA_DESALINEADA
101144,50372072,50372072,1,2025-11-07,BOE-A-2025-22543,https://www.boe.es/diario_boe/txt.php?id=BOE-A-2025-22543,CODIGO_DE_PUESTO,reextracción de la columna Denominación,1,NO,CELDA_DESALINEADA
101145,50372083,50372083,1,2025-11-07,BOE-A-2025-22543,https://www.boe.es/diario_boe/txt.php?id=BOE-A-2025-22543,CODIGO_DE_PUESTO,reextracción de la columna Denominación,1,NO,CELDA_DESALINEADA
101146,50372084,50372084,1,2025-11-07,BOE-A-2025-22543,https://www.boe.es/diario_boe/txt.php?id=BOE-A-2025-22543,CODIGO_DE_PUESTO,reextracción de la columna Denominación,1,NO,CELDA_DESALINEADA
101147,50372085,50372085,1,2025-11-07,BOE-A-2025-22543,https://www.boe.es/diario_boe/txt.php?id=BOE-A-2025-22543,CODIGO_DE_PUESTO,reextracción de la columna Denominación,1,NO,CELDA_DESALINEADA
101148,50372086,50372086,1,2025-11-07,BOE-A-2025-22543,https://www.boe.es/diario_boe/txt.php?id=BOE-A-2025-22543,CODIGO_DE_PUESTO,reextracción de la columna Denominación,1,NO,CELDA_DESALINEADA
101149,50372119,50372119,1,2025-11-07,BOE-A-2025-22543,https://www.boe.es/diario_boe/txt.php?id=BOE-A-2025-22543,CODIGO_DE_PUESTO,reextracción de la columna Denominación,1,NO,CELDA_DESALINEADA
101150,50372120,50372120,1,2025-11-07,BOE-A-2025-22543,https://www.boe.es/diario_boe/txt.php?id=BOE-A-2025-22543,CODIGO_DE_PUESTO,reextracción de la columna Denominación,1,NO,CELDA_DESALINEADA
101151,50372131,50372131,1,2025-11-07,BOE-A-2025-22543,https://www.boe.es/diario_boe/txt.php?id=BOE-A-2025-22543,CODIGO_DE_PUESTO,reextracción de la columna Denominación,1,NO,CELDA_DESALINEADA
101152,50372132,50372132,1,2025-11-07,BOE-A-2025-22543,https://www.boe.es/diario_boe/txt.php?id=BOE-A-2025-22543,CODIGO_DE_PUESTO,reextracción de la columna Denominación,1,NO,CELDA_DESALINEADA
101153,50372133,50372133,1,2025-11-07,BOE-A-2025-22543,https://www.boe.es/diario_boe/txt.php?id=BOE-A-2025-22543,CODIGO_DE_PUESTO,reextracción de la columna Denominación,1,NO,CELDA_DESALINEADA
101154,50372142,50372142,1,2025-11-07,BOE-A-2025-22543,https://www.boe.es/diario_boe/txt.php?id=BOE-A-2025-22543,CODIGO_DE_PUESTO,reextracción de la columna Denominación,1,NO,CELDA_DESALINEADA
101155,50372143,50372143,1,2025-11-07,BOE-A-2025-22543,https://www.boe.es/diario_boe/txt.php?id=BOE-A-2025-22543,CODIGO_DE_PUESTO,reextracción de la columna Denominación,1,NO,CELDA_DESALINEADA
101156,50372144,50372144,1,2025-11-07,BOE-A-2025-22543,https://www.boe.es/diario_boe/txt.php?id=BOE-A-2025-22543,CODIGO_DE_PUESTO,reextracción de la columna Denominación,1,NO,CELDA_DESALINEADA
101157,50372145,50372145,1,2025-11-07,BOE-A-2025-22543,https://www.boe.es/diario_boe/txt.php?id=BOE-A-2025-22543,CODIGO_DE_PUESTO,reextracción de la columna Denominación,1,NO,CELDA_DESALINEADA
101158,50372223,50372223,1,2025-11-07,BOE-A-2025-22543,https://www.boe.es/diario_boe/txt.php?id=BOE-A-2025-22543,CODIGO_DE_PUESTO,reextracción de la columna Denominación,1,NO,CELDA_DESALINEADA
101159,50372226,50372226,1,2025-11-07,BOE-A-2025-22543,https://www.boe.es/diario_boe/txt.php?id=BOE-A-2025-22543,CODIGO_DE_PUESTO,reextracción de la columna Denominación,1,NO,CELDA_DESALINEADA
101160,50372227,50372227,1,2025-11-07,BOE-A-2025-22543,https://www.boe.es/diario_boe/txt.php?id=BOE-A-2025-22543,CODIGO_DE_PUESTO,reextracción de la columna Denominación,1,NO,CELDA_DESALINEADA
101161,50372178,50372178,1,2025-11-07,BOE-A-2025-22543,https://www.boe.es/diario_boe/txt.php?id=BOE-A-2025-22543,CODIGO_DE_PUESTO,reextracción de la columna Denominación,1,NO,CELDA_DESALINEADA
101162,50372179,50372179,1,2025-11-07,BOE-A-2025-22543,https://www.boe.es/diario_boe/txt.php?id=BOE-A-2025-22543,CODIGO_DE_PUESTO,reextracción de la columna Denominación,1,NO,CELDA_DESALINEADA
101163,50372180,50372180,1,2025-11-07,BOE-A-2025-22543,https://www.boe.es/diario_boe/txt.php?id=BOE-A-2025-22543,CODIGO_DE_PUESTO,reextracción de la columna Denominación,1,NO,CELDA_DESALINEADA
101164,50372181,50372181,1,2025-11-07,BOE-A-2025-22543,https://www.boe.es/diario_boe/txt.php?id=BOE-A-2025-22543,CODIGO_DE_PUESTO,reextracción de la columna Denominación,1,NO,CELDA_DESALINEADA
101165,50372182,50372182,1,2025-11-07,BOE-A-2025-22543,https://www.boe.es/diario_boe/txt.php?id=BOE-A-2025-22543,CODIGO_DE_PUESTO,reextracción de la columna Denominación,1,NO,CELDA_DESALINEADA
101166,50372196,50372196,1,2025-11-07,BOE-A-2025-22543,https://www.boe.es/diario_boe/txt.php?id=BOE-A-2025-22543,CODIGO_DE_PUESTO,reextracción de la columna Denominación,1,NO,CELDA_DESALINEADA
101167,50372197,50372197,1,2025-11-07,BOE-A-2025-22543,https://www.boe.es/diario_boe/txt.php?id=BOE-A-2025-22543,CODIGO_DE_PUESTO,reextracción de la columna Denominación,1,NO,CELDA_DESALINEADA
101168,50372204,50372204,1,2025-11-07,BOE-A-2025-22543,https://www.boe.es/diario_boe/txt.php?id=BOE-A-2025-22543,CODIGO_DE_PUESTO,reextracción de la columna Denominación,1,NO,CELDA_DESALINEADA
101169,50372215,50372215,1,2025-11-07,BOE-A-2025-22543,https://www.boe.es/diario_boe/txt.php?id=BOE-A-2025-22543,CODIGO_DE_PUESTO,reextracción de la columna Denominación,1,NO,CELDA_DESALINEADA
101170,50372216,50372216,1,2025-11-07,BOE-A-2025-22543,https://www.boe.es/diario_boe/txt.php?id=BOE-A-2025-22543,CODIGO_DE_PUESTO,reextracción de la columna Denominación,1,NO,CELDA_DESALINEADA
101171,50372260,50372260,1,2025-11-07,BOE-A-2025-22543,https://www.boe.es/diario_boe/txt.php?id=BOE-A-2025-22543,CODIGO_DE_PUESTO,reextracción de la columna Denominación,1,NO,CELDA_DESALINEADA
101172,50372274,50372274,1,2025-11-07,BOE-A-2025-22543,https://www.boe.es/diario_boe/txt.php?id=BOE-A-2025-22543,CODIGO_DE_PUESTO,reextracción de la columna Denominación,1,NO,CELDA_DESALINEADA
101173,50372284,50372284,1,2025-11-07,BOE-A-2025-22543,https://www.boe.es/diario_boe/txt.php?id=BOE-A-2025-22543,CODIGO_DE_PUESTO,reextracción de la columna Denominación,1,NO,CELDA_DESALINEADA
101174,50372285,50372285,1,2025-11-07,BOE-A-2025-22543,https://www.boe.es/diario_boe/txt.php?id=BOE-A-2025-22543,CODIGO_DE_PUESTO,reextracción de la columna Denominación,1,NO,CELDA_DESALINEADA
101175,50372286,50372286,1,2025-11-07,BOE-A-2025-22543,https://www.boe.es/diario_boe/txt.php?id=BOE-A-2025-22543,CODIGO_DE_PUESTO,reextracción de la columna Denominación,1,NO,CELDA_DESALINEADA
101176,50372287,50372287,1,2025-11-07,BOE-A-2025-22543,https://www.boe.es/diario_boe/txt.php?id=BOE-A-2025-22543,CODIGO_DE_PUESTO,reextracción de la columna Denominación,1,NO,CELDA_DESALINEADA
101177,50372288,50372288,1,2025-11-07,BOE-A-2025-22543,https://www.boe.es/diario_boe/txt.php?id=BOE-A-2025-22543,CODIGO_DE_PUESTO,reextracción de la columna Denominación,1,NO,CELDA_DESALINEADA
101178,50372306,50372306,1,2025-11-07,BOE-A-2025-22543,https://www.boe.es/diario_boe/txt.php?id=BOE-A-2025-22543,CODIGO_DE_PUESTO,reextracción de la columna Denominación,1,NO,CELDA_DESALINEADA
101179,50372310,50372310,1,2025-11-07,BOE-A-2025-22543,https://www.boe.es/diario_boe/txt.php?id=BOE-A-2025-22543,CODIGO_DE_PUESTO,reextracción de la columna Denominación,1,NO,CELDA_DESALINEADA
101180,50372319,50372319,1,2025-11-07,BOE-A-2025-22543,https://www.boe.es/diario_boe/txt.php?id=BOE-A-2025-22543,CODIGO_DE_PUESTO,reextracción de la columna Denominación,1,NO,CELDA_DESALINEADA
101181,50372320,50372320,1,2025-11-07,BOE-A-2025-22543,https://www.boe.es/diario_boe/txt.php?id=BOE-A-2025-22543,CODIGO_DE_PUESTO,reextracción de la columna Denominación,1,NO,CELDA_DESALINEADA
101182,50372352,50372352,1,2025-11-07,BOE-A-2025-22543,https://www.boe.es/diario_boe/txt.php?id=BOE-A-2025-22543,CODIGO_DE_PUESTO,reextracción de la columna Denominación,1,NO,CELDA_DESALINEADA
101183,50372440,50372440,1,2025-11-07,BOE-A-2025-22543,https://www.boe.es/diario_boe/txt.php?id=BOE-A-2025-22543,CODIGO_DE_PUESTO,reextracción de la columna Denominación,1,NO,CELDA_DESALINEADA
101184,50372468,50372468,1,2025-11-07,BOE-A-2025-22543,https://www.boe.es/diario_boe/txt.php?id=BOE-A-2025-22543,CODIGO_DE_PUESTO,reextracción de la columna Denominación,1,NO,CELDA_DESALINEADA
101185,50372469,50372469,1,2025-11-07,BOE-A-2025-22543,https://www.boe.es/diario_boe/txt.php?id=BOE-A-2025-22543,CODIGO_DE_PUESTO,reextracción de la columna Denominación,1,NO,CELDA_DESALINEADA
101186,50372470,50372470,1,2025-11-07,BOE-A-2025-22543,https://www.boe.es/diario_boe/txt.php?id=BOE-A-2025-22543,CODIGO_DE_PUESTO,reextracción de la columna Denominación,1,NO,CELDA_DESALINEADA
101187,50372481,50372481,1,2025-11-07,BOE-A-2025-22543,https://www.boe.es/diario_boe/txt.php?id=BOE-A-2025-22543,CODIGO_DE_PUESTO,reextracción de la columna Denominación,1,NO,CELDA_DESALINEADA
101188,50372482,50372482,1,2025-11-07,BOE-A-2025-22543,https://www.boe.es/diario_boe/txt.php?id=BOE-A-2025-22543,CODIGO_DE_PUESTO,reextracción de la columna Denominación,1,NO,CELDA_DESALINEADA
101189,50372488,50372488,1,2025-11-07,BOE-A-2025-22543,https://www.boe.es/diario_boe/txt.php?id=BOE-A-2025-22543,CODIGO_DE_PUESTO,reextracción de la columna Denominación,1,NO,CELDA_DESALINEADA
101190,50372508,50372508,1,2025-11-07,BOE-A-2025-22543,https://www.boe.es/diario_boe/txt.php?id=BOE-A-2025-22543,CODIGO_DE_PUESTO,reextracción de la columna Denominación,1,NO,CELDA_DESALINEADA
101191,50372509,50372509,1,2025-11-07,BOE-A-2025-22543,https://www.boe.es/diario_boe/txt.php?id=BOE-A-2025-22543,CODIGO_DE_PUESTO,reextracción de la columna Denominación,1,NO,CELDA_DESALINEADA
101192,50372526,50372526,1,2025-11-07,BOE-A-2025-22543,https://www.boe.es/diario_boe/txt.php?id=BOE-A-2025-22543,CODIGO_DE_PUESTO,reextracción de la columna Denominación,1,NO,CELDA_DESALINEADA
101193,50372543,50372543,1,2025-11-07,BOE-A-2025-22543,https://www.boe.es/diario_boe/txt.php?id=BOE-A-2025-22543,CODIGO_DE_PUESTO,reextracción de la columna Denominación,1,NO,CELDA_DESALINEADA
101194,50372544,50372544,1,2025-11-07,BOE-A-2025-22543,https://www.boe.es/diario_boe/txt.php?id=BOE-A-2025-22543,CODIGO_DE_PUESTO,reextracción de la columna Denominación,1,NO,CELDA_DESALINEADA
101195,50372545,50372545,1,2025-11-07,BOE-A-2025-22543,https://www.boe.es/diario_boe/txt.php?id=BOE-A-2025-22543,CODIGO_DE_PUESTO,reextracción de la columna Denominación,1,NO,CELDA_DESALINEADA
101196,50372546,50372546,1,2025-11-07,BOE-A-2025-22543,https://www.boe.es/diario_boe/txt.php?id=BOE-A-2025-22543,CODIGO_DE_PUESTO,reextracción de la columna Denominación,1,NO,CELDA_DESALINEADA
101197,50372592,50372592,1,2025-11-07,BOE-A-2025-22543,https://www.boe.es/diario_boe/txt.php?id=BOE-A-2025-22543,CODIGO_DE_PUESTO,reextracción de la columna Denominación,1,NO,CELDA_DESALINEADA
101198,50372593,50372593,1,2025-11-07,BOE-A-2025-22543,https://www.boe.es/diario_boe/txt.php?id=BOE-A-2025-22543,CODIGO_DE_PUESTO,reextracción de la columna Denominación,1,NO,CELDA_DESALINEADA
101199,50372594,50372594,1,2025-11-07,BOE-A-2025-22543,https://www.boe.es/diario_boe/txt.php?id=BOE-A-2025-22543,CODIGO_DE_PUESTO,reextracción de la columna Denominación,1,NO,CELDA_DESALINEADA
101200,50372595,50372595,1,2025-11-07,BOE-A-2025-22543,https://www.boe.es/diario_boe/txt.php?id=BOE-A-2025-22543,CODIGO_DE_PUESTO,reextracción de la columna Denominación,1,NO,CELDA_DESALINEADA
101201,50372415,50372415,1,2025-11-07,BOE-A-2025-22543,https://www.boe.es/diario_boe/txt.php?id=BOE-A-2025-22543,CODIGO_DE_PUESTO,reextracción de la columna Denominación,1,NO,CELDA_DESALINEADA
101202,50370637,50370637,1,2025-11-07,BOE-A-2025-22543,https://www.boe.es/diario_boe/txt.php?id=BOE-A-2025-22543,CODIGO_DE_PUESTO,reextracción de la columna Denominación,1,NO,CELDA_DESALINEADA
101203,50370869,50370869,1,2025-11-07,BOE-A-2025-22543,https://www.boe.es/diario_boe/txt.php?id=BOE-A-2025-22543,CODIGO_DE_PUESTO,reextracción de la columna Denominación,1,NO,CELDA_DESALINEADA
101204,50370870,50370870,1,2025-11-07,BOE-A-2025-22543,https://www.boe.es/diario_boe/txt.php?id=BOE-A-2025-22543,CODIGO_DE_PUESTO,reextracción de la columna Denominación,1,NO,CELDA_DESALINEADA
101205,50370868,50370868,1,2025-11-07,BOE-A-2025-22543,https://www.boe.es/diario_boe/txt.php?id=BOE-A-2025-22543,CODIGO_DE_PUESTO,reextracción de la columna Denominación,1,NO,CELDA_DESALINEADA
101206,50370873,50370873,1,2025-11-07,BOE-A-2025-22543,https://www.boe.es/diario_boe/txt.php?id=BOE-A-2025-22543,CODIGO_DE_PUESTO,reextracción de la columna Denominación,1,NO,CELDA_DESALINEADA
101207,50370645,50370645,1,2025-11-07,BOE-A-2025-22543,https://www.boe.es/diario_boe/txt.php?id=BOE-A-2025-22543,CODIGO_DE_PUESTO,reextracción de la columna Denominación,1,NO,CELDA_DESALINEADA
101208,50370908,50370908,1,2025-11-07,BOE-A-2025-22543,https://www.boe.es/diario_boe/txt.php?id=BOE-A-2025-22543,CODIGO_DE_PUESTO,reextracción de la columna Denominación,1,NO,CELDA_DESALINEADA
101209,50370909,50370909,1,2025-11-07,BOE-A-2025-22543,https://www.boe.es/diario_boe/txt.php?id=BOE-A-2025-22543,CODIGO_DE_PUESTO,reextracción de la columna Denominación,1,NO,CELDA_DESALINEADA
101210,50370650,50370650,1,2025-11-07,BOE-A-2025-22543,https://www.boe.es/diario_boe/txt.php?id=BOE-A-2025-22543,CODIGO_DE_PUESTO,reextracción de la columna Denominación,1,NO,CELDA_DESALINEADA
101211,50370949,50370949,1,2025-11-07,BOE-A-2025-22543,https://www.boe.es/diario_boe/txt.php?id=BOE-A-2025-22543,CODIGO_DE_PUESTO,reextracción de la columna Denominación,1,NO,CELDA_DESALINEADA
101212,50370948,50370948,1,2025-11-07,BOE-A-2025-22543,https://www.boe.es/diario_boe/txt.php?id=BOE-A-2025-22543,CODIGO_DE_PUESTO,reextracción de la columna Denominación,1,NO,CELDA_DESALINEADA
101213,50370778,50370778,1,2025-11-07,BOE-A-2025-22543,https://www.boe.es/diario_boe/txt.php?id=BOE-A-2025-22543,CODIGO_DE_PUESTO,reextracción de la columna Denominación,1,NO,CELDA_DESALINEADA
101214,50370652,50370652,1,2025-11-07,BOE-A-2025-22543,https://www.boe.es/diario_boe/txt.php?id=BOE-A-2025-22543,CODIGO_DE_PUESTO,reextracción de la columna Denominación,1,NO,CELDA_DESALINEADA
101215,50370959,50370959,1,2025-11-07,BOE-A-2025-22543,https://www.boe.es/diario_boe/txt.php?id=BOE-A-2025-22543,CODIGO_DE_PUESTO,reextracción de la columna Denominación,1,NO,CELDA_DESALINEADA
101216,50371000,50371000,1,2025-11-07,BOE-A-2025-22543,https://www.boe.es/diario_boe/txt.php?id=BOE-A-2025-22543,CODIGO_DE_PUESTO,reextracción de la columna Denominación,1,NO,CELDA_DESALINEADA
101217,50371001,50371001,1,2025-11-07,BOE-A-2025-22543,https://www.boe.es/diario_boe/txt.php?id=BOE-A-2025-22543,CODIGO_DE_PUESTO,reextracción de la columna Denominación,1,NO,CELDA_DESALINEADA
101218,50371002,50371002,1,2025-11-07,BOE-A-2025-22543,https://www.boe.es/diario_boe/txt.php?id=BOE-A-2025-22543,CODIGO_DE_PUESTO,reextracción de la columna Denominación,1,NO,CELDA_DESALINEADA
101219,50371022,50371022,1,2025-11-07,BOE-A-2025-22543,https://www.boe.es/diario_boe/txt.php?id=BOE-A-2025-22543,CODIGO_DE_PUESTO,reextracción de la columna Denominación,1,NO,CELDA_DESALINEADA
101220,50371023,50371023,1,2025-11-07,BOE-A-2025-22543,https://www.boe.es/diario_boe/txt.php?id=BOE-A-2025-22543,CODIGO_DE_PUESTO,reextracción de la columna Denominación,1,NO,CELDA_DESALINEADA
101221,50371059,50371059,1,2025-11-07,BOE-A-2025-22543,https://www.boe.es/diario_boe/txt.php?id=BOE-A-2025-22543,CODIGO_DE_PUESTO,reextracción de la columna Denominación,1,NO,CELDA_DESALINEADA
101222,50371061,50371061,1,2025-11-07,BOE-A-2025-22543,https://www.boe.es/diario_boe/txt.php?id=BOE-A-2025-22543,CODIGO_DE_PUESTO,reextracción de la columna Denominación,1,NO,CELDA_DESALINEADA
101223,50371062,50371062,1,2025-11-07,BOE-A-2025-22543,https://www.boe.es/diario_boe/txt.php?id=BOE-A-2025-22543,CODIGO_DE_PUESTO,reextracción de la columna Denominación,1,NO,CELDA_DESALINEADA
101224,50371067,50371067,1,2025-11-07,BOE-A-2025-22543,https://www.boe.es/diario_boe/txt.php?id=BOE-A-2025-22543,CODIGO_DE_PUESTO,reextracción de la columna Denominación,1,NO,CELDA_DESALINEADA
101225,50371096,50371096,1,2025-11-07,BOE-A-2025-22543,https://www.boe.es/diario_boe/txt.php?id=BOE-A-2025-22543,CODIGO_DE_PUESTO,reextracción de la columna Denominación,1,NO,CELDA_DESALINEADA
101226,50371097,50371097,1,2025-11-07,BOE-A-2025-22543,https://www.boe.es/diario_boe/txt.php?id=BOE-A-2025-22543,CODIGO_DE_PUESTO,reextracción de la columna Denominación,1,NO,CELDA_DESALINEADA
101227,50371095,50371095,1,2025-11-07,BOE-A-2025-22543,https://www.boe.es/diario_boe/txt.php?id=BOE-A-2025-22543,CODIGO_DE_PUESTO,reextracción de la columna Denominación,1,NO,CELDA_DESALINEADA
101228,50371117,50371117,1,2025-11-07,BOE-A-2025-22543,https://www.boe.es/diario_boe/txt.php?id=BOE-A-2025-22543,CODIGO_DE_PUESTO,reextracción de la columna Denominación,1,NO,CELDA_DESALINEADA
101229,50371115,50371115,1,2025-11-07,BOE-A-2025-22543,https://www.boe.es/diario_boe/txt.php?id=BOE-A-2025-22543,CODIGO_DE_PUESTO,reextracción de la columna Denominación,1,NO,CELDA_DESALINEADA
101230,50371121,50371121,1,2025-11-07,BOE-A-2025-22543,https://www.boe.es/diario_boe/txt.php?id=BOE-A-2025-22543,CODIGO_DE_PUESTO,reextracción de la columna Denominación,1,NO,CELDA_DESALINEADA
101231,50370674,50370674,1,2025-11-07,BOE-A-2025-22543,https://www.boe.es/diario_boe/txt.php?id=BOE-A-2025-22543,CODIGO_DE_PUESTO,reextracción de la columna Denominación,1,NO,CELDA_DESALINEADA
101232,50370655,50370655,1,2025-11-07,BOE-A-2025-22543,https://www.boe.es/diario_boe/txt.php?id=BOE-A-2025-22543,CODIGO_DE_PUESTO,reextracción de la columna Denominación,1,NO,CELDA_DESALINEADA
101233,50371161,50371161,1,2025-11-07,BOE-A-2025-22543,https://www.boe.es/diario_boe/txt.php?id=BOE-A-2025-22543,CODIGO_DE_PUESTO,reextracción de la columna Denominación,1,NO,CELDA_DESALINEADA
101234,50371157,50371157,1,2025-11-07,BOE-A-2025-22543,https://www.boe.es/diario_boe/txt.php?id=BOE-A-2025-22543,CODIGO_DE_PUESTO,reextracción de la columna Denominación,1,NO,CELDA_DESALINEADA
101235,50371158,50371158,1,2025-11-07,BOE-A-2025-22543,https://www.boe.es/diario_boe/txt.php?id=BOE-A-2025-22543,CODIGO_DE_PUESTO,reextracción de la columna Denominación,1,NO,CELDA_DESALINEADA
101236,50371181,50371181,1,2025-11-07,BOE-A-2025-22543,https://www.boe.es/diario_boe/txt.php?id=BOE-A-2025-22543,CODIGO_DE_PUESTO,reextracción de la columna Denominación,1,NO,CELDA_DESALINEADA
101237,50371217,50371217,1,2025-11-07,BOE-A-2025-22543,https://www.boe.es/diario_boe/txt.php?id=BOE-A-2025-22543,CODIGO_DE_PUESTO,reextracción de la columna Denominación,1,NO,CELDA_DESALINEADA
101238,50371218,50371218,1,2025-11-07,BOE-A-2025-22543,https://www.boe.es/diario_boe/txt.php?id=BOE-A-2025-22543,CODIGO_DE_PUESTO,reextracción de la columna Denominación,1,NO,CELDA_DESALINEADA
101239,50371219,50371219,1,2025-11-07,BOE-A-2025-22543,https://www.boe.es/diario_boe/txt.php?id=BOE-A-2025-22543,CODIGO_DE_PUESTO,reextracción de la columna Denominación,1,NO,CELDA_DESALINEADA
101240,50371220,50371220,1,2025-11-07,BOE-A-2025-22543,https://www.boe.es/diario_boe/txt.php?id=BOE-A-2025-22543,CODIGO_DE_PUESTO,reextracción de la columna Denominación,1,NO,CELDA_DESALINEADA
101241,50371228,50371228,1,2025-11-07,BOE-A-2025-22543,https://www.boe.es/diario_boe/txt.php?id=BOE-A-2025-22543,CODIGO_DE_PUESTO,reextracción de la columna Denominación,1,NO,CELDA_DESALINEADA
101242,50371229,50371229,1,2025-11-07,BOE-A-2025-22543,https://www.boe.es/diario_boe/txt.php?id=BOE-A-2025-22543,CODIGO_DE_PUESTO,reextracción de la columna Denominación,1,NO,CELDA_DESALINEADA
101243,50370680,50370680,1,2025-11-07,BOE-A-2025-22543,https://www.boe.es/diario_boe/txt.php?id=BOE-A-2025-22543,CODIGO_DE_PUESTO,reextracción de la columna Denominación,1,NO,CELDA_DESALINEADA
101244,50371260,50371260,1,2025-11-07,BOE-A-2025-22543,https://www.boe.es/diario_boe/txt.php?id=BOE-A-2025-22543,CODIGO_DE_PUESTO,reextracción de la columna Denominación,1,NO,CELDA_DESALINEADA
101245,50371264,50371264,1,2025-11-07,BOE-A-2025-22543,https://www.boe.es/diario_boe/txt.php?id=BOE-A-2025-22543,CODIGO_DE_PUESTO,reextracción de la columna Denominación,1,NO,CELDA_DESALINEADA
101246,50370662,50370662,1,2025-11-07,BOE-A-2025-22543,https://www.boe.es/diario_boe/txt.php?id=BOE-A-2025-22543,CODIGO_DE_PUESTO,reextracción de la columna Denominación,1,NO,CELDA_DESALINEADA
101247,50371242,50371242,1,2025-11-07,BOE-A-2025-22543,https://www.boe.es/diario_boe/txt.php?id=BOE-A-2025-22543,CODIGO_DE_PUESTO,reextracción de la columna Denominación,1,NO,CELDA_DESALINEADA
101248,50371240,50371240,1,2025-11-07,BOE-A-2025-22543,https://www.boe.es/diario_boe/txt.php?id=BOE-A-2025-22543,CODIGO_DE_PUESTO,reextracción de la columna Denominación,1,NO,CELDA_DESALINEADA
101249,50371296,50371296,1,2025-11-07,BOE-A-2025-22543,https://www.boe.es/diario_boe/txt.php?id=BOE-A-2025-22543,CODIGO_DE_PUESTO,reextracción de la columna Denominación,1,NO,CELDA_DESALINEADA
101250,50371327,50371327,1,2025-11-07,BOE-A-2025-22543,https://www.boe.es/diario_boe/txt.php?id=BOE-A-2025-22543,CODIGO_DE_PUESTO,reextracción de la columna Denominación,1,NO,CELDA_DESALINEADA
101251,50371328,50371328,1,2025-11-07,BOE-A-2025-22543,https://www.boe.es/diario_boe/txt.php?id=BOE-A-2025-22543,CODIGO_DE_PUESTO,reextracción de la columna Denominación,1,NO,CELDA_DESALINEADA
101252,50371329,50371329,1,2025-11-07,BOE-A-2025-22543,https://www.boe.es/diario_boe/txt.php?id=BOE-A-2025-22543,CODIGO_DE_PUESTO,reextracción de la columna Denominación,1,NO,CELDA_DESALINEADA
101253,50371332,50371332,1,2025-11-07,BOE-A-2025-22543,https://www.boe.es/diario_boe/txt.php?id=BOE-A-2025-22543,CODIGO_DE_PUESTO,reextracción de la columna Denominación,1,NO,CELDA_DESALINEADA
101254,50371384,50371384,1,2025-11-07,BOE-A-2025-22543,https://www.boe.es/diario_boe/txt.php?id=BOE-A-2025-22543,CODIGO_DE_PUESTO,reextracción de la columna Denominación,1,NO,CELDA_DESALINEADA
101255,50370660,50370660,1,2025-11-07,BOE-A-2025-22543,https://www.boe.es/diario_boe/txt.php?id=BOE-A-2025-22543,CODIGO_DE_PUESTO,reextracción de la columna Denominación,1,NO,CELDA_DESALINEADA
101256,50371393,50371393,1,2025-11-07,BOE-A-2025-22543,https://www.boe.es/diario_boe/txt.php?id=BOE-A-2025-22543,CODIGO_DE_PUESTO,reextracción de la columna Denominación,1,NO,CELDA_DESALINEADA
101257,50371396,50371396,1,2025-11-07,BOE-A-2025-22543,https://www.boe.es/diario_boe/txt.php?id=BOE-A-2025-22543,CODIGO_DE_PUESTO,reextracción de la columna Denominación,1,NO,CELDA_DESALINEADA
101258,50371404,50371404,1,2025-11-07,BOE-A-2025-22543,https://www.boe.es/diario_boe/txt.php?id=BOE-A-2025-22543,CODIGO_DE_PUESTO,reextracción de la columna Denominación,1,NO,CELDA_DESALINEADA
101259,50370700,50370700,1,2025-11-07,BOE-A-2025-22543,https://www.boe.es/diario_boe/txt.php?id=BOE-A-2025-22543,CODIGO_DE_PUESTO,reextracción de la columna Denominación,1,NO,CELDA_DESALINEADA
101260,50371428,50371428,1,2025-11-07,BOE-A-2025-22543,https://www.boe.es/diario_boe/txt.php?id=BOE-A-2025-22543,CODIGO_DE_PUESTO,reextracción de la columna Denominación,1,NO,CELDA_DESALINEADA
101261,50371429,50371429,1,2025-11-07,BOE-A-2025-22543,https://www.boe.es/diario_boe/txt.php?id=BOE-A-2025-22543,CODIGO_DE_PUESTO,reextracción de la columna Denominación,1,NO,CELDA_DESALINEADA
101262,50371430,50371430,1,2025-11-07,BOE-A-2025-22543,https://www.boe.es/diario_boe/txt.php?id=BOE-A-2025-22543,CODIGO_DE_PUESTO,reextracción de la columna Denominación,1,NO,CELDA_DESALINEADA
101263,50371435,50371435,1,2025-11-07,BOE-A-2025-22543,https://www.boe.es/diario_boe/txt.php?id=BOE-A-2025-22543,CODIGO_DE_PUESTO,reextracción de la columna Denominación,1,NO,CELDA_DESALINEADA
101264,50371446,50371446,1,2025-11-07,BOE-A-2025-22543,https://www.boe.es/diario_boe/txt.php?id=BOE-A-2025-22543,CODIGO_DE_PUESTO,reextracción de la columna Denominación,1,NO,CELDA_DESALINEADA
101265,50371459,50371459,1,2025-11-07,BOE-A-2025-22543,https://www.boe.es/diario_boe/txt.php?id=BOE-A-2025-22543,CODIGO_DE_PUESTO,reextracción de la columna Denominación,1,NO,CELDA_DESALINEADA
101266,50371470,50371470,1,2025-11-07,BOE-A-2025-22543,https://www.boe.es/diario_boe/txt.php?id=BOE-A-2025-22543,CODIGO_DE_PUESTO,reextracción de la columna Denominación,1,NO,CELDA_DESALINEADA
101267,50371475,50371475,1,2025-11-07,BOE-A-2025-22543,https://www.boe.es/diario_boe/txt.php?id=BOE-A-2025-22543,CODIGO_DE_PUESTO,reextracción de la columna Denominación,1,NO,CELDA_DESALINEADA
101268,50371493,50371493,1,2025-11-07,BOE-A-2025-22543,https://www.boe.es/diario_boe/txt.php?id=BOE-A-2025-22543,CODIGO_DE_PUESTO,reextracción de la columna Denominación,1,NO,CELDA_DESALINEADA
101269,50371509,50371509,1,2025-11-07,BOE-A-2025-22543,https://www.boe.es/diario_boe/txt.php?id=BOE-A-2025-22543,CODIGO_DE_PUESTO,reextracción de la columna Denominación,1,NO,CELDA_DESALINEADA
101270,50371508,50371508,1,2025-11-07,BOE-A-2025-22543,https://www.boe.es/diario_boe/txt.php?id=BOE-A-2025-22543,CODIGO_DE_PUESTO,reextracción de la columna Denominación,1,NO,CELDA_DESALINEADA
101271,50371513,50371513,1,2025-11-07,BOE-A-2025-22543,https://www.boe.es/diario_boe/txt.php?id=BOE-A-2025-22543,CODIGO_DE_PUESTO,reextracción de la columna Denominación,1,NO,CELDA_DESALINEADA
101272,50371533,50371533,1,2025-11-07,BOE-A-2025-22543,https://www.boe.es/diario_boe/txt.php?id=BOE-A-2025-22543,CODIGO_DE_PUESTO,reextracción de la columna Denominación,1,NO,CELDA_DESALINEADA
101273,50370682,50370682,1,2025-11-07,BOE-A-2025-22543,https://www.boe.es/diario_boe/txt.php?id=BOE-A-2025-22543,CODIGO_DE_PUESTO,reextracción de la columna Denominación,1,NO,CELDA_DESALINEADA
101274,50370706,50370706,1,2025-11-07,BOE-A-2025-22543,https://www.boe.es/diario_boe/txt.php?id=BOE-A-2025-22543,CODIGO_DE_PUESTO,reextracción de la columna Denominación,1,NO,CELDA_DESALINEADA
101275,50370714,50370714,1,2025-11-07,BOE-A-2025-22543,https://www.boe.es/diario_boe/txt.php?id=BOE-A-2025-22543,CODIGO_DE_PUESTO,reextracción de la columna Denominación,1,NO,CELDA_DESALINEADA
101276,50371555,50371555,1,2025-11-07,BOE-A-2025-22543,https://www.boe.es/diario_boe/txt.php?id=BOE-A-2025-22543,CODIGO_DE_PUESTO,reextracción de la columna Denominación,1,NO,CELDA_DESALINEADA
101277,50371556,50371556,1,2025-11-07,BOE-A-2025-22543,https://www.boe.es/diario_boe/txt.php?id=BOE-A-2025-22543,CODIGO_DE_PUESTO,reextracción de la columna Denominación,1,NO,CELDA_DESALINEADA
101278,50371559,50371559,1,2025-11-07,BOE-A-2025-22543,https://www.boe.es/diario_boe/txt.php?id=BOE-A-2025-22543,CODIGO_DE_PUESTO,reextracción de la columna Denominación,1,NO,CELDA_DESALINEADA
101279,50371571,50371571,1,2025-11-07,BOE-A-2025-22543,https://www.boe.es/diario_boe/txt.php?id=BOE-A-2025-22543,CODIGO_DE_PUESTO,reextracción de la columna Denominación,1,NO,CELDA_DESALINEADA
101280,50371592,50371592,1,2025-11-07,BOE-A-2025-22543,https://www.boe.es/diario_boe/txt.php?id=BOE-A-2025-22543,CODIGO_DE_PUESTO,reextracción de la columna Denominación,1,NO,CELDA_DESALINEADA
101281,50370709,50370709,1,2025-11-07,BOE-A-2025-22543,https://www.boe.es/diario_boe/txt.php?id=BOE-A-2025-22543,CODIGO_DE_PUESTO,reextracción de la columna Denominación,1,NO,CELDA_DESALINEADA
101282,50371614,50371614,1,2025-11-07,BOE-A-2025-22543,https://www.boe.es/diario_boe/txt.php?id=BOE-A-2025-22543,CODIGO_DE_PUESTO,reextracción de la columna Denominación,1,NO,CELDA_DESALINEADA
101283,50371615,50371615,1,2025-11-07,BOE-A-2025-22543,https://www.boe.es/diario_boe/txt.php?id=BOE-A-2025-22543,CODIGO_DE_PUESTO,reextracción de la columna Denominación,1,NO,CELDA_DESALINEADA
101284,50371618,50371618,1,2025-11-07,BOE-A-2025-22543,https://www.boe.es/diario_boe/txt.php?id=BOE-A-2025-22543,CODIGO_DE_PUESTO,reextracción de la columna Denominación,1,NO,CELDA_DESALINEADA
101285,50370716,50370716,1,2025-11-07,BOE-A-2025-22543,https://www.boe.es/diario_boe/txt.php?id=BOE-A-2025-22543,CODIGO_DE_PUESTO,reextracción de la columna Denominación,1,NO,CELDA_DESALINEADA
101286,50371673,50371673,1,2025-11-07,BOE-A-2025-22543,https://www.boe.es/diario_boe/txt.php?id=BOE-A-2025-22543,CODIGO_DE_PUESTO,reextracción de la columna Denominación,1,NO,CELDA_DESALINEADA
101287,50371626,50371626,1,2025-11-07,BOE-A-2025-22543,https://www.boe.es/diario_boe/txt.php?id=BOE-A-2025-22543,CODIGO_DE_PUESTO,reextracción de la columna Denominación,1,NO,CELDA_DESALINEADA
101288,50371627,50371627,1,2025-11-07,BOE-A-2025-22543,https://www.boe.es/diario_boe/txt.php?id=BOE-A-2025-22543,CODIGO_DE_PUESTO,reextracción de la columna Denominación,1,NO,CELDA_DESALINEADA
101289,50371683,50371683,1,2025-11-07,BOE-A-2025-22543,https://www.boe.es/diario_boe/txt.php?id=BOE-A-2025-22543,CODIGO_DE_PUESTO,reextracción de la columna Denominación,1,NO,CELDA_DESALINEADA
101290,50371684,50371684,1,2025-11-07,BOE-A-2025-22543,https://www.boe.es/diario_boe/txt.php?id=BOE-A-2025-22543,CODIGO_DE_PUESTO,reextracción de la columna Denominación,1,NO,CELDA_DESALINEADA
101291,50371727,50371727,1,2025-11-07,BOE-A-2025-22543,https://www.boe.es/diario_boe/txt.php?id=BOE-A-2025-22543,CODIGO_DE_PUESTO,reextracción de la columna Denominación,1,NO,CELDA_DESALINEADA
101292,50371728,50371728,1,2025-11-07,BOE-A-2025-22543,https://www.boe.es/diario_boe/txt.php?id=BOE-A-2025-22543,CODIGO_DE_PUESTO,reextracción de la columna Denominación,1,NO,CELDA_DESALINEADA
101293,50371729,50371729,1,2025-11-07,BOE-A-2025-22543,https://www.boe.es/diario_boe/txt.php?id=BOE-A-2025-22543,CODIGO_DE_PUESTO,reextracción de la columna Denominación,1,NO,CELDA_DESALINEADA
101294,50371723,50371723,1,2025-11-07,BOE-A-2025-22543,https://www.boe.es/diario_boe/txt.php?id=BOE-A-2025-22543,CODIGO_DE_PUESTO,reextracción de la columna Denominación,1,NO,CELDA_DESALINEADA
101295,50371724,50371724,1,2025-11-07,BOE-A-2025-22543,https://www.boe.es/diario_boe/txt.php?id=BOE-A-2025-22543,CODIGO_DE_PUESTO,reextracción de la columna Denominación,1,NO,CELDA_DESALINEADA
101296,50371725,50371725,1,2025-11-07,BOE-A-2025-22543,https://www.boe.es/diario_boe/txt.php?id=BOE-A-2025-22543,CODIGO_DE_PUESTO,reextracción de la columna Denominación,1,NO,CELDA_DESALINEADA
101297,50371744,50371744,1,2025-11-07,BOE-A-2025-22543,https://www.boe.es/diario_boe/txt.php?id=BOE-A-2025-22543,CODIGO_DE_PUESTO,reextracción de la columna Denominación,1,NO,CELDA_DESALINEADA
101298,50370747,50370747,1,2025-11-07,BOE-A-2025-22543,https://www.boe.es/diario_boe/txt.php?id=BOE-A-2025-22543,CODIGO_DE_PUESTO,reextracción de la columna Denominación,1,NO,CELDA_DESALINEADA
101299,50370739,50370739,1,2025-11-07,BOE-A-2025-22543,https://www.boe.es/diario_boe/txt.php?id=BOE-A-2025-22543,CODIGO_DE_PUESTO,reextracción de la columna Denominación,1,NO,CELDA_DESALINEADA
101300,50370854,50370854,1,2025-11-07,BOE-A-2025-22543,https://www.boe.es/diario_boe/txt.php?id=BOE-A-2025-22543,CODIGO_DE_PUESTO,reextracción de la columna Denominación,1,NO,CELDA_DESALINEADA
101301,50371799,50371799,1,2025-11-07,BOE-A-2025-22543,https://www.boe.es/diario_boe/txt.php?id=BOE-A-2025-22543,CODIGO_DE_PUESTO,reextracción de la columna Denominación,1,NO,CELDA_DESALINEADA
101302,50371800,50371800,1,2025-11-07,BOE-A-2025-22543,https://www.boe.es/diario_boe/txt.php?id=BOE-A-2025-22543,CODIGO_DE_PUESTO,reextracción de la columna Denominación,1,NO,CELDA_DESALINEADA
101303,50371803,50371803,1,2025-11-07,BOE-A-2025-22543,https://www.boe.es/diario_boe/txt.php?id=BOE-A-2025-22543,CODIGO_DE_PUESTO,reextracción de la columna Denominación,1,NO,CELDA_DESALINEADA
101304,50370852,50370852,1,2025-11-07,BOE-A-2025-22543,https://www.boe.es/diario_boe/txt.php?id=BOE-A-2025-22543,CODIGO_DE_PUESTO,reextracción de la columna Denominación,1,NO,CELDA_DESALINEADA
101305,50371777,50371777,1,2025-11-07,BOE-A-2025-22543,https://www.boe.es/diario_boe/txt.php?id=BOE-A-2025-22543,CODIGO_DE_PUESTO,reextracción de la columna Denominación,1,NO,CELDA_DESALINEADA
101306,50371778,50371778,1,2025-11-07,BOE-A-2025-22543,https://www.boe.es/diario_boe/txt.php?id=BOE-A-2025-22543,CODIGO_DE_PUESTO,reextracción de la columna Denominación,1,NO,CELDA_DESALINEADA
101307,50371779,50371779,1,2025-11-07,BOE-A-2025-22543,https://www.boe.es/diario_boe/txt.php?id=BOE-A-2025-22543,CODIGO_DE_PUESTO,reextracción de la columna Denominación,1,NO,CELDA_DESALINEADA
101308,50371782,50371782,1,2025-11-07,BOE-A-2025-22543,https://www.boe.es/diario_boe/txt.php?id=BOE-A-2025-22543,CODIGO_DE_PUESTO,reextracción de la columna Denominación,1,NO,CELDA_DESALINEADA
101309,50370741,50370741,1,2025-11-07,BOE-A-2025-22543,https://www.boe.es/diario_boe/txt.php?id=BOE-A-2025-22543,CODIGO_DE_PUESTO,reextracción de la columna Denominación,1,NO,CELDA_DESALINEADA
101310,50371815,50371815,1,2025-11-07,BOE-A-2025-22543,https://www.boe.es/diario_boe/txt.php?id=BOE-A-2025-22543,CODIGO_DE_PUESTO,reextracción de la columna Denominación,1,NO,CELDA_DESALINEADA
101311,50371816,50371816,1,2025-11-07,BOE-A-2025-22543,https://www.boe.es/diario_boe/txt.php?id=BOE-A-2025-22543,CODIGO_DE_PUESTO,reextracción de la columna Denominación,1,NO,CELDA_DESALINEADA
101312,50371813,50371813,1,2025-11-07,BOE-A-2025-22543,https://www.boe.es/diario_boe/txt.php?id=BOE-A-2025-22543,CODIGO_DE_PUESTO,reextracción de la columna Denominación,1,NO,CELDA_DESALINEADA
101313,50371814,50371814,1,2025-11-07,BOE-A-2025-22543,https://www.boe.es/diario_boe/txt.php?id=BOE-A-2025-22543,CODIGO_DE_PUESTO,reextracción de la columna Denominación,1,NO,CELDA_DESALINEADA
101314,50371819,50371819,1,2025-11-07,BOE-A-2025-22543,https://www.boe.es/diario_boe/txt.php?id=BOE-A-2025-22543,CODIGO_DE_PUESTO,reextracción de la columna Denominación,1,NO,CELDA_DESALINEADA
101315,50371828,50371828,1,2025-11-07,BOE-A-2025-22543,https://www.boe.es/diario_boe/txt.php?id=BOE-A-2025-22543,CODIGO_DE_PUESTO,reextracción de la columna Denominación,1,NO,CELDA_DESALINEADA
101316,50371829,50371829,1,2025-11-07,BOE-A-2025-22543,https://www.boe.es/diario_boe/txt.php?id=BOE-A-2025-22543,CODIGO_DE_PUESTO,reextracción de la columna Denominación,1,NO,CELDA_DESALINEADA
101317,50371895,50371895,1,2025-11-07,BOE-A-2025-22543,https://www.boe.es/diario_boe/txt.php?id=BOE-A-2025-22543,CODIGO_DE_PUESTO,reextracción de la columna Denominación,1,NO,CELDA_DESALINEADA
101318,50371894,50371894,1,2025-11-07,BOE-A-2025-22543,https://www.boe.es/diario_boe/txt.php?id=BOE-A-2025-22543,CODIGO_DE_PUESTO,reextracción de la columna Denominación,1,NO,CELDA_DESALINEADA
101319,50371876,50371876,1,2025-11-07,BOE-A-2025-22543,https://www.boe.es/diario_boe/txt.php?id=BOE-A-2025-22543,CODIGO_DE_PUESTO,reextracción de la columna Denominación,1,NO,CELDA_DESALINEADA
101320,50371877,50371877,1,2025-11-07,BOE-A-2025-22543,https://www.boe.es/diario_boe/txt.php?id=BOE-A-2025-22543,CODIGO_DE_PUESTO,reextracción de la columna Denominación,1,NO,CELDA_DESALINEADA
101321,50370767,50370767,1,2025-11-07,BOE-A-2025-22543,https://www.boe.es/diario_boe/txt.php?id=BOE-A-2025-22543,CODIGO_DE_PUESTO,reextracción de la columna Denominación,1,NO,CELDA_DESALINEADA
101322,50371959,50371959,1,2025-11-07,BOE-A-2025-22543,https://www.boe.es/diario_boe/txt.php?id=BOE-A-2025-22543,CODIGO_DE_PUESTO,reextracción de la columna Denominación,1,NO,CELDA_DESALINEADA
101323,50371960,50371960,1,2025-11-07,BOE-A-2025-22543,https://www.boe.es/diario_boe/txt.php?id=BOE-A-2025-22543,CODIGO_DE_PUESTO,reextracción de la columna Denominación,1,NO,CELDA_DESALINEADA
101324,50370764,50370764,1,2025-11-07,BOE-A-2025-22543,https://www.boe.es/diario_boe/txt.php?id=BOE-A-2025-22543,CODIGO_DE_PUESTO,reextracción de la columna Denominación,1,NO,CELDA_DESALINEADA
101325,50372003,50372003,1,2025-11-07,BOE-A-2025-22543,https://www.boe.es/diario_boe/txt.php?id=BOE-A-2025-22543,CODIGO_DE_PUESTO,reextracción de la columna Denominación,1,NO,CELDA_DESALINEADA
101326,50371988,50371988,1,2025-11-07,BOE-A-2025-22543,https://www.boe.es/diario_boe/txt.php?id=BOE-A-2025-22543,CODIGO_DE_PUESTO,reextracción de la columna Denominación,1,NO,CELDA_DESALINEADA
101327,50371991,50371991,1,2025-11-07,BOE-A-2025-22543,https://www.boe.es/diario_boe/txt.php?id=BOE-A-2025-22543,CODIGO_DE_PUESTO,reextracción de la columna Denominación,1,NO,CELDA_DESALINEADA
101328,50370781,50370781,1,2025-11-07,BOE-A-2025-22543,https://www.boe.es/diario_boe/txt.php?id=BOE-A-2025-22543,CODIGO_DE_PUESTO,reextracción de la columna Denominación,1,NO,CELDA_DESALINEADA
101329,50372032,50372032,1,2025-11-07,BOE-A-2025-22543,https://www.boe.es/diario_boe/txt.php?id=BOE-A-2025-22543,CODIGO_DE_PUESTO,reextracción de la columna Denominación,1,NO,CELDA_DESALINEADA
101330,50372033,50372033,1,2025-11-07,BOE-A-2025-22543,https://www.boe.es/diario_boe/txt.php?id=BOE-A-2025-22543,CODIGO_DE_PUESTO,reextracción de la columna Denominación,1,NO,CELDA_DESALINEADA
101331,50372035,50372035,1,2025-11-07,BOE-A-2025-22543,https://www.boe.es/diario_boe/txt.php?id=BOE-A-2025-22543,CODIGO_DE_PUESTO,reextracción de la columna Denominación,1,NO,CELDA_DESALINEADA
101332,50372039,50372039,1,2025-11-07,BOE-A-2025-22543,https://www.boe.es/diario_boe/txt.php?id=BOE-A-2025-22543,CODIGO_DE_PUESTO,reextracción de la columna Denominación,1,NO,CELDA_DESALINEADA
101333,50372043,50372043,1,2025-11-07,BOE-A-2025-22543,https://www.boe.es/diario_boe/txt.php?id=BOE-A-2025-22543,CODIGO_DE_PUESTO,reextracción de la columna Denominación,1,NO,CELDA_DESALINEADA
101334,50372044,50372044,1,2025-11-07,BOE-A-2025-22543,https://www.boe.es/diario_boe/txt.php?id=BOE-A-2025-22543,CODIGO_DE_PUESTO,reextracción de la columna Denominación,1,NO,CELDA_DESALINEADA
101335,50372047,50372047,1,2025-11-07,BOE-A-2025-22543,https://www.boe.es/diario_boe/txt.php?id=BOE-A-2025-22543,CODIGO_DE_PUESTO,reextracción de la columna Denominación,1,NO,CELDA_DESALINEADA
101336,50370784,50370784,1,2025-11-07,BOE-A-2025-22543,https://www.boe.es/diario_boe/txt.php?id=BOE-A-2025-22543,CODIGO_DE_PUESTO,reextracción de la columna Denominación,1,NO,CELDA_DESALINEADA
101337,50372066,50372066,1,2025-11-07,BOE-A-2025-22543,https://www.boe.es/diario_boe/txt.php?id=BOE-A-2025-22543,CODIGO_DE_PUESTO,reextracción de la columna Denominación,1,NO,CELDA_DESALINEADA
101338,50372111,50372111,1,2025-11-07,BOE-A-2025-22543,https://www.boe.es/diario_boe/txt.php?id=BOE-A-2025-22543,CODIGO_DE_PUESTO,reextracción de la columna Denominación,1,NO,CELDA_DESALINEADA
101339,50372112,50372112,1,2025-11-07,BOE-A-2025-22543,https://www.boe.es/diario_boe/txt.php?id=BOE-A-2025-22543,CODIGO_DE_PUESTO,reextracción de la columna Denominación,1,NO,CELDA_DESALINEADA
101340,50372113,50372113,1,2025-11-07,BOE-A-2025-22543,https://www.boe.es/diario_boe/txt.php?id=BOE-A-2025-22543,CODIGO_DE_PUESTO,reextracción de la columna Denominación,1,NO,CELDA_DESALINEADA
101341,50372108,50372108,1,2025-11-07,BOE-A-2025-22543,https://www.boe.es/diario_boe/txt.php?id=BOE-A-2025-22543,CODIGO_DE_PUESTO,reextracción de la columna Denominación,1,NO,CELDA_DESALINEADA
101342,50372109,50372109,1,2025-11-07,BOE-A-2025-22543,https://www.boe.es/diario_boe/txt.php?id=BOE-A-2025-22543,CODIGO_DE_PUESTO,reextracción de la columna Denominación,1,NO,CELDA_DESALINEADA
101343,50372134,50372134,1,2025-11-07,BOE-A-2025-22543,https://www.boe.es/diario_boe/txt.php?id=BOE-A-2025-22543,CODIGO_DE_PUESTO,reextracción de la columna Denominación,1,NO,CELDA_DESALINEADA
101344,50372622,50372622,1,2025-11-07,BOE-A-2025-22543,https://www.boe.es/diario_boe/txt.php?id=BOE-A-2025-22543,CODIGO_DE_PUESTO,reextracción de la columna Denominación,1,NO,CELDA_DESALINEADA
101345,50372232,50372232,1,2025-11-07,BOE-A-2025-22543,https://www.boe.es/diario_boe/txt.php?id=BOE-A-2025-22543,CODIGO_DE_PUESTO,reextracción de la columna Denominación,1,NO,CELDA_DESALINEADA
101346,50372208,50372208,1,2025-11-07,BOE-A-2025-22543,https://www.boe.es/diario_boe/txt.php?id=BOE-A-2025-22543,CODIGO_DE_PUESTO,reextracción de la columna Denominación,1,NO,CELDA_DESALINEADA
101347,50372209,50372209,1,2025-11-07,BOE-A-2025-22543,https://www.boe.es/diario_boe/txt.php?id=BOE-A-2025-22543,CODIGO_DE_PUESTO,reextracción de la columna Denominación,1,NO,CELDA_DESALINEADA
101348,50372205,50372205,1,2025-11-07,BOE-A-2025-22543,https://www.boe.es/diario_boe/txt.php?id=BOE-A-2025-22543,CODIGO_DE_PUESTO,reextracción de la columna Denominación,1,NO,CELDA_DESALINEADA
101349,50372206,50372206,1,2025-11-07,BOE-A-2025-22543,https://www.boe.es/diario_boe/txt.php?id=BOE-A-2025-22543,CODIGO_DE_PUESTO,reextracción de la columna Denominación,1,NO,CELDA_DESALINEADA
101350,50372207,50372207,1,2025-11-07,BOE-A-2025-22543,https://www.boe.es/diario_boe/txt.php?id=BOE-A-2025-22543,CODIGO_DE_PUESTO,reextracción de la columna Denominación,1,NO,CELDA_DESALINEADA
101351,50372218,50372218,1,2025-11-07,BOE-A-2025-22543,https://www.boe.es/diario_boe/txt.php?id=BOE-A-2025-22543,CODIGO_DE_PUESTO,reextracción de la columna Denominación,1,NO,CELDA_DESALINEADA
101352,50372268,50372268,1,2025-11-07,BOE-A-2025-22543,https://www.boe.es/diario_boe/txt.php?id=BOE-A-2025-22543,CODIGO_DE_PUESTO,reextracción de la columna Denominación,1,NO,CELDA_DESALINEADA
101353,50372270,50372270,1,2025-11-07,BOE-A-2025-22543,https://www.boe.es/diario_boe/txt.php?id=BOE-A-2025-22543,CODIGO_DE_PUESTO,reextracción de la columna Denominación,1,NO,CELDA_DESALINEADA
101354,50370825,50370825,1,2025-11-07,BOE-A-2025-22543,https://www.boe.es/diario_boe/txt.php?id=BOE-A-2025-22543,CODIGO_DE_PUESTO,reextracción de la columna Denominación,1,NO,CELDA_DESALINEADA
101355,50372297,50372297,1,2025-11-07,BOE-A-2025-22543,https://www.boe.es/diario_boe/txt.php?id=BOE-A-2025-22543,CODIGO_DE_PUESTO,reextracción de la columna Denominación,1,NO,CELDA_DESALINEADA
101356,50372299,50372299,1,2025-11-07,BOE-A-2025-22543,https://www.boe.es/diario_boe/txt.php?id=BOE-A-2025-22543,CODIGO_DE_PUESTO,reextracción de la columna Denominación,1,NO,CELDA_DESALINEADA
101357,50372303,50372303,1,2025-11-07,BOE-A-2025-22543,https://www.boe.es/diario_boe/txt.php?id=BOE-A-2025-22543,CODIGO_DE_PUESTO,reextracción de la columna Denominación,1,NO,CELDA_DESALINEADA
101358,50372311,50372311,1,2025-11-07,BOE-A-2025-22543,https://www.boe.es/diario_boe/txt.php?id=BOE-A-2025-22543,CODIGO_DE_PUESTO,reextracción de la columna Denominación,1,NO,CELDA_DESALINEADA
101359,50370850,50370850,1,2025-11-07,BOE-A-2025-22543,https://www.boe.es/diario_boe/txt.php?id=BOE-A-2025-22543,CODIGO_DE_PUESTO,reextracción de la columna Denominación,1,NO,CELDA_DESALINEADA
101360,50372438,50372438,1,2025-11-07,BOE-A-2025-22543,https://www.boe.es/diario_boe/txt.php?id=BOE-A-2025-22543,CODIGO_DE_PUESTO,reextracción de la columna Denominación,1,NO,CELDA_DESALINEADA
101361,50372436,50372436,1,2025-11-07,BOE-A-2025-22543,https://www.boe.es/diario_boe/txt.php?id=BOE-A-2025-22543,CODIGO_DE_PUESTO,reextracción de la columna Denominación,1,NO,CELDA_DESALINEADA
101362,50372441,50372441,1,2025-11-07,BOE-A-2025-22543,https://www.boe.es/diario_boe/txt.php?id=BOE-A-2025-22543,CODIGO_DE_PUESTO,reextracción de la columna Denominación,1,NO,CELDA_DESALINEADA
101363,50370821,50370821,1,2025-11-07,BOE-A-2025-22543,https://www.boe.es/diario_boe/txt.php?id=BOE-A-2025-22543,CODIGO_DE_PUESTO,reextracción de la columna Denominación,1,NO,CELDA_DESALINEADA
101364,50372456,50372456,1,2025-11-07,BOE-A-2025-22543,https://www.boe.es/diario_boe/txt.php?id=BOE-A-2025-22543,CODIGO_DE_PUESTO,reextracción de la columna Denominación,1,NO,CELDA_DESALINEADA
101365,50372454,50372454,1,2025-11-07,BOE-A-2025-22543,https://www.boe.es/diario_boe/txt.php?id=BOE-A-2025-22543,CODIGO_DE_PUESTO,reextracción de la columna Denominación,1,NO,CELDA_DESALINEADA
101366,50372483,50372483,1,2025-11-07,BOE-A-2025-22543,https://www.boe.es/diario_boe/txt.php?id=BOE-A-2025-22543,CODIGO_DE_PUESTO,reextracción de la columna Denominación,1,NO,CELDA_DESALINEADA
101367,50372485,50372485,1,2025-11-07,BOE-A-2025-22543,https://www.boe.es/diario_boe/txt.php?id=BOE-A-2025-22543,CODIGO_DE_PUESTO,reextracción de la columna Denominación,1,NO,CELDA_DESALINEADA
101368,50372486,50372486,1,2025-11-07,BOE-A-2025-22543,https://www.boe.es/diario_boe/txt.php?id=BOE-A-2025-22543,CODIGO_DE_PUESTO,reextracción de la columna Denominación,1,NO,CELDA_DESALINEADA
101369,50372484,50372484,1,2025-11-07,BOE-A-2025-22543,https://www.boe.es/diario_boe/txt.php?id=BOE-A-2025-22543,CODIGO_DE_PUESTO,reextracción de la columna Denominación,1,NO,CELDA_DESALINEADA
101370,50372489,50372489,1,2025-11-07,BOE-A-2025-22543,https://www.boe.es/diario_boe/txt.php?id=BOE-A-2025-22543,CODIGO_DE_PUESTO,reextracción de la columna Denominación,1,NO,CELDA_DESALINEADA
101371,50370809,50370809,1,2025-11-07,BOE-A-2025-22543,https://www.boe.es/diario_boe/txt.php?id=BOE-A-2025-22543,CODIGO_DE_PUESTO,reextracción de la columna Denominación,1,NO,CELDA_DESALINEADA
101372,50372499,50372499,1,2025-11-07,BOE-A-2025-22543,https://www.boe.es/diario_boe/txt.php?id=BOE-A-2025-22543,CODIGO_DE_PUESTO,reextracción de la columna Denominación,1,NO,CELDA_DESALINEADA
101373,50372497,50372497,1,2025-11-07,BOE-A-2025-22543,https://www.boe.es/diario_boe/txt.php?id=BOE-A-2025-22543,CODIGO_DE_PUESTO,reextracción de la columna Denominación,1,NO,CELDA_DESALINEADA
101374,50372502,50372502,1,2025-11-07,BOE-A-2025-22543,https://www.boe.es/diario_boe/txt.php?id=BOE-A-2025-22543,CODIGO_DE_PUESTO,reextracción de la columna Denominación,1,NO,CELDA_DESALINEADA
101375,50372518,50372518,1,2025-11-07,BOE-A-2025-22543,https://www.boe.es/diario_boe/txt.php?id=BOE-A-2025-22543,CODIGO_DE_PUESTO,reextracción de la columna Denominación,1,NO,CELDA_DESALINEADA
101376,50372516,50372516,1,2025-11-07,BOE-A-2025-22543,https://www.boe.es/diario_boe/txt.php?id=BOE-A-2025-22543,CODIGO_DE_PUESTO,reextracción de la columna Denominación,1,NO,CELDA_DESALINEADA
101377,50372521,50372521,1,2025-11-07,BOE-A-2025-22543,https://www.boe.es/diario_boe/txt.php?id=BOE-A-2025-22543,CODIGO_DE_PUESTO,reextracción de la columna Denominación,1,NO,CELDA_DESALINEADA
101378,50372528,50372528,1,2025-11-07,BOE-A-2025-22543,https://www.boe.es/diario_boe/txt.php?id=BOE-A-2025-22543,CODIGO_DE_PUESTO,reextracción de la columna Denominación,1,NO,CELDA_DESALINEADA
101379,50372533,50372533,1,2025-11-07,BOE-A-2025-22543,https://www.boe.es/diario_boe/txt.php?id=BOE-A-2025-22543,CODIGO_DE_PUESTO,reextracción de la columna Denominación,1,NO,CELDA_DESALINEADA
101380,50372426,50372426,1,2025-11-07,BOE-A-2025-22543,https://www.boe.es/diario_boe/txt.php?id=BOE-A-2025-22543,CODIGO_DE_PUESTO,reextracción de la columna Denominación,1,NO,CELDA_DESALINEADA
101381,50373058,50373058,1,2025-11-07,BOE-A-2025-22547,https://www.boe.es/diario_boe/txt.php?id=BOE-A-2025-22547,CODIGO_DE_PUESTO,reextracción de la columna Denominación,1,NO,CELDA_DESALINEADA
101382,50373242,50373242,1,2025-11-07,BOE-A-2025-22547,https://www.boe.es/diario_boe/txt.php?id=BOE-A-2025-22547,CODIGO_DE_PUESTO,reextracción de la columna Denominación,1,NO,CELDA_DESALINEADA
101383,50373117,50373117,1,2025-11-07,BOE-A-2025-22547,https://www.boe.es/diario_boe/txt.php?id=BOE-A-2025-22547,CODIGO_DE_PUESTO,reextracción de la columna Denominación,1,NO,CELDA_DESALINEADA
101384,50373118,50373118,1,2025-11-07,BOE-A-2025-22547,https://www.boe.es/diario_boe/txt.php?id=BOE-A-2025-22547,CODIGO_DE_PUESTO,reextracción de la columna Denominación,1,NO,CELDA_DESALINEADA
101385,50373119,50373119,1,2025-11-07,BOE-A-2025-22547,https://www.boe.es/diario_boe/txt.php?id=BOE-A-2025-22547,CODIGO_DE_PUESTO,reextracción de la columna Denominación,1,NO,CELDA_DESALINEADA
101386,50373120,50373120,1,2025-11-07,BOE-A-2025-22547,https://www.boe.es/diario_boe/txt.php?id=BOE-A-2025-22547,CODIGO_DE_PUESTO,reextracción de la columna Denominación,1,NO,CELDA_DESALINEADA
101387,50373121,50373121,1,2025-11-07,BOE-A-2025-22547,https://www.boe.es/diario_boe/txt.php?id=BOE-A-2025-22547,CODIGO_DE_PUESTO,reextracción de la columna Denominación,1,NO,CELDA_DESALINEADA
101388,50373122,50373122,1,2025-11-07,BOE-A-2025-22547,https://www.boe.es/diario_boe/txt.php?id=BOE-A-2025-22547,CODIGO_DE_PUESTO,reextracción de la columna Denominación,1,NO,CELDA_DESALINEADA
101389,50373123,50373123,1,2025-11-07,BOE-A-2025-22547,https://www.boe.es/diario_boe/txt.php?id=BOE-A-2025-22547,CODIGO_DE_PUESTO,reextracción de la columna Denominación,1,NO,CELDA_DESALINEADA
101390,50373124,50373124,1,2025-11-07,BOE-A-2025-22547,https://www.boe.es/diario_boe/txt.php?id=BOE-A-2025-22547,CODIGO_DE_PUESTO,reextracción de la columna Denominación,1,NO,CELDA_DESALINEADA
101391,50373153,50373153,1,2025-11-07,BOE-A-2025-22547,https://www.boe.es/diario_boe/txt.php?id=BOE-A-2025-22547,CODIGO_DE_PUESTO,reextracción de la columna Denominación,1,NO,CELDA_DESALINEADA
101392,50373233,50373233,1,2025-11-07,BOE-A-2025-22547,https://www.boe.es/diario_boe/txt.php?id=BOE-A-2025-22547,CODIGO_DE_PUESTO,reextracción de la columna Denominación,1,NO,CELDA_DESALINEADA
101393,50373031,50373031,1,2025-11-07,BOE-A-2025-22547,https://www.boe.es/diario_boe/txt.php?id=BOE-A-2025-22547,CODIGO_DE_PUESTO,reextracción de la columna Denominación,1,NO,CELDA_DESALINEADA
101394,50373032,50373032,1,2025-11-07,BOE-A-2025-22547,https://www.boe.es/diario_boe/txt.php?id=BOE-A-2025-22547,CODIGO_DE_PUESTO,reextracción de la columna Denominación,1,NO,CELDA_DESALINEADA
101395,50373033,50373033,1,2025-11-07,BOE-A-2025-22547,https://www.boe.es/diario_boe/txt.php?id=BOE-A-2025-22547,CODIGO_DE_PUESTO,reextracción de la columna Denominación,1,NO,CELDA_DESALINEADA
101396,50373227,50373227,1,2025-11-07,BOE-A-2025-22547,https://www.boe.es/diario_boe/txt.php?id=BOE-A-2025-22547,CODIGO_DE_PUESTO,reextracción de la columna Denominación,1,NO,CELDA_DESALINEADA
101397,50373015,50373015,1,2025-11-07,BOE-A-2025-22547,https://www.boe.es/diario_boe/txt.php?id=BOE-A-2025-22547,CODIGO_DE_PUESTO,reextracción de la columna Denominación,1,NO,CELDA_DESALINEADA
101398,50373016,50373016,1,2025-11-07,BOE-A-2025-22547,https://www.boe.es/diario_boe/txt.php?id=BOE-A-2025-22547,CODIGO_DE_PUESTO,reextracción de la columna Denominación,1,NO,CELDA_DESALINEADA
101399,50373017,50373017,1,2025-11-07,BOE-A-2025-22547,https://www.boe.es/diario_boe/txt.php?id=BOE-A-2025-22547,CODIGO_DE_PUESTO,reextracción de la columna Denominación,1,NO,CELDA_DESALINEADA
101400,50372999,50372999,1,2025-11-07,BOE-A-2025-22547,https://www.boe.es/diario_boe/txt.php?id=BOE-A-2025-22547,CODIGO_DE_PUESTO,reextracción de la columna Denominación,1,NO,CELDA_DESALINEADA
101401,50373223,50373223,1,2025-11-07,BOE-A-2025-22547,https://www.boe.es/diario_boe/txt.php?id=BOE-A-2025-22547,CODIGO_DE_PUESTO,reextracción de la columna Denominación,1,NO,CELDA_DESALINEADA
101402,50373167,50373167,1,2025-11-07,BOE-A-2025-22547,https://www.boe.es/diario_boe/txt.php?id=BOE-A-2025-22547,CODIGO_DE_PUESTO,reextracción de la columna Denominación,1,NO,CELDA_DESALINEADA
101403,50373168,50373168,1,2025-11-07,BOE-A-2025-22547,https://www.boe.es/diario_boe/txt.php?id=BOE-A-2025-22547,CODIGO_DE_PUESTO,reextracción de la columna Denominación,1,NO,CELDA_DESALINEADA
101404,50373236,50373236,1,2025-11-07,BOE-A-2025-22547,https://www.boe.es/diario_boe/txt.php?id=BOE-A-2025-22547,CODIGO_DE_PUESTO,reextracción de la columna Denominación,1,NO,CELDA_DESALINEADA
101405,50373087,50373087,1,2025-11-07,BOE-A-2025-22547,https://www.boe.es/diario_boe/txt.php?id=BOE-A-2025-22547,CODIGO_DE_PUESTO,reextracción de la columna Denominación,1,NO,CELDA_DESALINEADA
101406,50373088,50373088,1,2025-11-07,BOE-A-2025-22547,https://www.boe.es/diario_boe/txt.php?id=BOE-A-2025-22547,CODIGO_DE_PUESTO,reextracción de la columna Denominación,1,NO,CELDA_DESALINEADA
101407,50373089,50373089,1,2025-11-07,BOE-A-2025-22547,https://www.boe.es/diario_boe/txt.php?id=BOE-A-2025-22547,CODIGO_DE_PUESTO,reextracción de la columna Denominación,1,NO,CELDA_DESALINEADA
101408,50373257,50373257,1,2025-11-07,BOE-A-2025-22547,https://www.boe.es/diario_boe/txt.php?id=BOE-A-2025-22547,CODIGO_DE_PUESTO,reextracción de la columna Denominación,1,NO,CELDA_DESALINEADA
101409,50373258,50373258,1,2025-11-07,BOE-A-2025-22547,https://www.boe.es/diario_boe/txt.php?id=BOE-A-2025-22547,CODIGO_DE_PUESTO,reextracción de la columna Denominación,1,NO,CELDA_DESALINEADA
101410,50372993,50372993,1,2025-11-07,BOE-A-2025-22547,https://www.boe.es/diario_boe/txt.php?id=BOE-A-2025-22547,CODIGO_DE_PUESTO,reextracción de la columna Denominación,1,NO,CELDA_DESALINEADA
101411,50373221,50373221,1,2025-11-07,BOE-A-2025-22547,https://www.boe.es/diario_boe/txt.php?id=BOE-A-2025-22547,CODIGO_DE_PUESTO,reextracción de la columna Denominación,1,NO,CELDA_DESALINEADA
101412,50373255,50373255,1,2025-11-07,BOE-A-2025-22547,https://www.boe.es/diario_boe/txt.php?id=BOE-A-2025-22547,CODIGO_DE_PUESTO,reextracción de la columna Denominación,1,NO,CELDA_DESALINEADA
101413,50373219,50373219,1,2025-11-07,BOE-A-2025-22547,https://www.boe.es/diario_boe/txt.php?id=BOE-A-2025-22547,CODIGO_DE_PUESTO,reextracción de la columna Denominación,1,NO,CELDA_DESALINEADA
101414,50373064,50373064,1,2025-11-07,BOE-A-2025-22547,https://www.boe.es/diario_boe/txt.php?id=BOE-A-2025-22547,CODIGO_DE_PUESTO,reextracción de la columna Denominación,1,NO,CELDA_DESALINEADA
101415,50373065,50373065,1,2025-11-07,BOE-A-2025-22547,https://www.boe.es/diario_boe/txt.php?id=BOE-A-2025-22547,CODIGO_DE_PUESTO,reextracción de la columna Denominación,1,NO,CELDA_DESALINEADA
101416,50373066,50373066,1,2025-11-07,BOE-A-2025-22547,https://www.boe.es/diario_boe/txt.php?id=BOE-A-2025-22547,CODIGO_DE_PUESTO,reextracción de la columna Denominación,1,NO,CELDA_DESALINEADA
101417,50373067,50373067,1,2025-11-07,BOE-A-2025-22547,https://www.boe.es/diario_boe/txt.php?id=BOE-A-2025-22547,CODIGO_DE_PUESTO,reextracción de la columna Denominación,1,NO,CELDA_DESALINEADA
101418,50373068,50373068,1,2025-11-07,BOE-A-2025-22547,https://www.boe.es/diario_boe/txt.php?id=BOE-A-2025-22547,CODIGO_DE_PUESTO,reextracción de la columna Denominación,1,NO,CELDA_DESALINEADA
101419,50373069,50373069,1,2025-11-07,BOE-A-2025-22547,https://www.boe.es/diario_boe/txt.php?id=BOE-A-2025-22547,CODIGO_DE_PUESTO,reextracción de la columna Denominación,1,NO,CELDA_DESALINEADA
101420,50373070,50373070,1,2025-11-07,BOE-A-2025-22547,https://www.boe.es/diario_boe/txt.php?id=BOE-A-2025-22547,CODIGO_DE_PUESTO,reextracción de la columna Denominación,1,NO,CELDA_DESALINEADA
101421,50373230,50373230,1,2025-11-07,BOE-A-2025-22547,https://www.boe.es/diario_boe/txt.php?id=BOE-A-2025-22547,CODIGO_DE_PUESTO,reextracción de la columna Denominación,1,NO,CELDA_DESALINEADA
101422,50373125,50373125,1,2025-11-07,BOE-A-2025-22547,https://www.boe.es/diario_boe/txt.php?id=BOE-A-2025-22547,CODIGO_DE_PUESTO,reextracción de la columna Denominación,1,NO,CELDA_DESALINEADA
101423,50373126,50373126,1,2025-11-07,BOE-A-2025-22547,https://www.boe.es/diario_boe/txt.php?id=BOE-A-2025-22547,CODIGO_DE_PUESTO,reextracción de la columna Denominación,1,NO,CELDA_DESALINEADA
101424,50373127,50373127,1,2025-11-07,BOE-A-2025-22547,https://www.boe.es/diario_boe/txt.php?id=BOE-A-2025-22547,CODIGO_DE_PUESTO,reextracción de la columna Denominación,1,NO,CELDA_DESALINEADA
101425,50373128,50373128,1,2025-11-07,BOE-A-2025-22547,https://www.boe.es/diario_boe/txt.php?id=BOE-A-2025-22547,CODIGO_DE_PUESTO,reextracción de la columna Denominación,1,NO,CELDA_DESALINEADA
101426,50373129,50373129,1,2025-11-07,BOE-A-2025-22547,https://www.boe.es/diario_boe/txt.php?id=BOE-A-2025-22547,CODIGO_DE_PUESTO,reextracción de la columna Denominación,1,NO,CELDA_DESALINEADA
101427,50373130,50373130,1,2025-11-07,BOE-A-2025-22547,https://www.boe.es/diario_boe/txt.php?id=BOE-A-2025-22547,CODIGO_DE_PUESTO,reextracción de la columna Denominación,1,NO,CELDA_DESALINEADA
101428,50373131,50373131,1,2025-11-07,BOE-A-2025-22547,https://www.boe.es/diario_boe/txt.php?id=BOE-A-2025-22547,CODIGO_DE_PUESTO,reextracción de la columna Denominación,1,NO,CELDA_DESALINEADA
101429,50373132,50373132,1,2025-11-07,BOE-A-2025-22547,https://www.boe.es/diario_boe/txt.php?id=BOE-A-2025-22547,CODIGO_DE_PUESTO,reextracción de la columna Denominación,1,NO,CELDA_DESALINEADA
101430,50373133,50373133,1,2025-11-07,BOE-A-2025-22547,https://www.boe.es/diario_boe/txt.php?id=BOE-A-2025-22547,CODIGO_DE_PUESTO,reextracción de la columna Denominación,1,NO,CELDA_DESALINEADA
101431,50373134,50373134,1,2025-11-07,BOE-A-2025-22547,https://www.boe.es/diario_boe/txt.php?id=BOE-A-2025-22547,CODIGO_DE_PUESTO,reextracción de la columna Denominación,1,NO,CELDA_DESALINEADA
101432,50373135,50373135,1,2025-11-07,BOE-A-2025-22547,https://www.boe.es/diario_boe/txt.php?id=BOE-A-2025-22547,CODIGO_DE_PUESTO,reextracción de la columna Denominación,1,NO,CELDA_DESALINEADA
101433,50373136,50373136,1,2025-11-07,BOE-A-2025-22547,https://www.boe.es/diario_boe/txt.php?id=BOE-A-2025-22547,CODIGO_DE_PUESTO,reextracción de la columna Denominación,1,NO,CELDA_DESALINEADA
101434,50373137,50373137,1,2025-11-07,BOE-A-2025-22547,https://www.boe.es/diario_boe/txt.php?id=BOE-A-2025-22547,CODIGO_DE_PUESTO,reextracción de la columna Denominación,1,NO,CELDA_DESALINEADA
101435,50373138,50373138,1,2025-11-07,BOE-A-2025-22547,https://www.boe.es/diario_boe/txt.php?id=BOE-A-2025-22547,CODIGO_DE_PUESTO,reextracción de la columna Denominación,1,NO,CELDA_DESALINEADA
101436,50373139,50373139,1,2025-11-07,BOE-A-2025-22547,https://www.boe.es/diario_boe/txt.php?id=BOE-A-2025-22547,CODIGO_DE_PUESTO,reextracción de la columna Denominación,1,NO,CELDA_DESALINEADA
101437,50373140,50373140,1,2025-11-07,BOE-A-2025-22547,https://www.boe.es/diario_boe/txt.php?id=BOE-A-2025-22547,CODIGO_DE_PUESTO,reextracción de la columna Denominación,1,NO,CELDA_DESALINEADA
101438,50373141,50373141,1,2025-11-07,BOE-A-2025-22547,https://www.boe.es/diario_boe/txt.php?id=BOE-A-2025-22547,CODIGO_DE_PUESTO,reextracción de la columna Denominación,1,NO,CELDA_DESALINEADA
101439,50373142,50373142,1,2025-11-07,BOE-A-2025-22547,https://www.boe.es/diario_boe/txt.php?id=BOE-A-2025-22547,CODIGO_DE_PUESTO,reextracción de la columna Denominación,1,NO,CELDA_DESALINEADA
101440,50373143,50373143,1,2025-11-07,BOE-A-2025-22547,https://www.boe.es/diario_boe/txt.php?id=BOE-A-2025-22547,CODIGO_DE_PUESTO,reextracción de la columna Denominación,1,NO,CELDA_DESALINEADA
101441,50373144,50373144,1,2025-11-07,BOE-A-2025-22547,https://www.boe.es/diario_boe/txt.php?id=BOE-A-2025-22547,CODIGO_DE_PUESTO,reextracción de la columna Denominación,1,NO,CELDA_DESALINEADA
101442,50373145,50373145,1,2025-11-07,BOE-A-2025-22547,https://www.boe.es/diario_boe/txt.php?id=BOE-A-2025-22547,CODIGO_DE_PUESTO,reextracción de la columna Denominación,1,NO,CELDA_DESALINEADA
101443,50373146,50373146,1,2025-11-07,BOE-A-2025-22547,https://www.boe.es/diario_boe/txt.php?id=BOE-A-2025-22547,CODIGO_DE_PUESTO,reextracción de la columna Denominación,1,NO,CELDA_DESALINEADA
101444,50373147,50373147,1,2025-11-07,BOE-A-2025-22547,https://www.boe.es/diario_boe/txt.php?id=BOE-A-2025-22547,CODIGO_DE_PUESTO,reextracción de la columna Denominación,1,NO,CELDA_DESALINEADA
101445,50373148,50373148,1,2025-11-07,BOE-A-2025-22547,https://www.boe.es/diario_boe/txt.php?id=BOE-A-2025-22547,CODIGO_DE_PUESTO,reextracción de la columna Denominación,1,NO,CELDA_DESALINEADA
101446,50373149,50373149,1,2025-11-07,BOE-A-2025-22547,https://www.boe.es/diario_boe/txt.php?id=BOE-A-2025-22547,CODIGO_DE_PUESTO,reextracción de la columna Denominación,1,NO,CELDA_DESALINEADA
101447,50373150,50373150,1,2025-11-07,BOE-A-2025-22547,https://www.boe.es/diario_boe/txt.php?id=BOE-A-2025-22547,CODIGO_DE_PUESTO,reextracción de la columna Denominación,1,NO,CELDA_DESALINEADA
101448,50373154,50373154,1,2025-11-07,BOE-A-2025-22547,https://www.boe.es/diario_boe/txt.php?id=BOE-A-2025-22547,CODIGO_DE_PUESTO,reextracción de la columna Denominación,1,NO,CELDA_DESALINEADA
101449,50373155,50373155,1,2025-11-07,BOE-A-2025-22547,https://www.boe.es/diario_boe/txt.php?id=BOE-A-2025-22547,CODIGO_DE_PUESTO,reextracción de la columna Denominación,1,NO,CELDA_DESALINEADA
101450,50373234,50373234,1,2025-11-07,BOE-A-2025-22547,https://www.boe.es/diario_boe/txt.php?id=BOE-A-2025-22547,CODIGO_DE_PUESTO,reextracción de la columna Denominación,1,NO,CELDA_DESALINEADA
101451,50373235,50373235,1,2025-11-07,BOE-A-2025-22547,https://www.boe.es/diario_boe/txt.php?id=BOE-A-2025-22547,CODIGO_DE_PUESTO,reextracción de la columna Denominación,1,NO,CELDA_DESALINEADA
101452,50373038,50373038,1,2025-11-07,BOE-A-2025-22547,https://www.boe.es/diario_boe/txt.php?id=BOE-A-2025-22547,CODIGO_DE_PUESTO,reextracción de la columna Denominación,1,NO,CELDA_DESALINEADA
101453,50373039,50373039,1,2025-11-07,BOE-A-2025-22547,https://www.boe.es/diario_boe/txt.php?id=BOE-A-2025-22547,CODIGO_DE_PUESTO,reextracción de la columna Denominación,1,NO,CELDA_DESALINEADA
101454,50373040,50373040,1,2025-11-07,BOE-A-2025-22547,https://www.boe.es/diario_boe/txt.php?id=BOE-A-2025-22547,CODIGO_DE_PUESTO,reextracción de la columna Denominación,1,NO,CELDA_DESALINEADA
101455,50373041,50373041,1,2025-11-07,BOE-A-2025-22547,https://www.boe.es/diario_boe/txt.php?id=BOE-A-2025-22547,CODIGO_DE_PUESTO,reextracción de la columna Denominación,1,NO,CELDA_DESALINEADA
101456,50373042,50373042,1,2025-11-07,BOE-A-2025-22547,https://www.boe.es/diario_boe/txt.php?id=BOE-A-2025-22547,CODIGO_DE_PUESTO,reextracción de la columna Denominación,1,NO,CELDA_DESALINEADA
101457,50373043,50373043,1,2025-11-07,BOE-A-2025-22547,https://www.boe.es/diario_boe/txt.php?id=BOE-A-2025-22547,CODIGO_DE_PUESTO,reextracción de la columna Denominación,1,NO,CELDA_DESALINEADA
101458,50373044,50373044,1,2025-11-07,BOE-A-2025-22547,https://www.boe.es/diario_boe/txt.php?id=BOE-A-2025-22547,CODIGO_DE_PUESTO,reextracción de la columna Denominación,1,NO,CELDA_DESALINEADA
101459,50373045,50373045,1,2025-11-07,BOE-A-2025-22547,https://www.boe.es/diario_boe/txt.php?id=BOE-A-2025-22547,CODIGO_DE_PUESTO,reextracción de la columna Denominación,1,NO,CELDA_DESALINEADA
101460,50373020,50373020,1,2025-11-07,BOE-A-2025-22547,https://www.boe.es/diario_boe/txt.php?id=BOE-A-2025-22547,CODIGO_DE_PUESTO,reextracción de la columna Denominación,1,NO,CELDA_DESALINEADA
101461,50373003,50373003,1,2025-11-07,BOE-A-2025-22547,https://www.boe.es/diario_boe/txt.php?id=BOE-A-2025-22547,CODIGO_DE_PUESTO,reextracción de la columna Denominación,1,NO,CELDA_DESALINEADA
101462,50373004,50373004,1,2025-11-07,BOE-A-2025-22547,https://www.boe.es/diario_boe/txt.php?id=BOE-A-2025-22547,CODIGO_DE_PUESTO,reextracción de la columna Denominación,1,NO,CELDA_DESALINEADA
101463,50373005,50373005,1,2025-11-07,BOE-A-2025-22547,https://www.boe.es/diario_boe/txt.php?id=BOE-A-2025-22547,CODIGO_DE_PUESTO,reextracción de la columna Denominación,1,NO,CELDA_DESALINEADA
101464,50373006,50373006,1,2025-11-07,BOE-A-2025-22547,https://www.boe.es/diario_boe/txt.php?id=BOE-A-2025-22547,CODIGO_DE_PUESTO,reextracción de la columna Denominación,1,NO,CELDA_DESALINEADA
101465,50373224,50373224,1,2025-11-07,BOE-A-2025-22547,https://www.boe.es/diario_boe/txt.php?id=BOE-A-2025-22547,CODIGO_DE_PUESTO,reextracción de la columna Denominación,1,NO,CELDA_DESALINEADA
101466,50373180,50373180,1,2025-11-07,BOE-A-2025-22547,https://www.boe.es/diario_boe/txt.php?id=BOE-A-2025-22547,CODIGO_DE_PUESTO,reextracción de la columna Denominación,1,NO,CELDA_DESALINEADA
101467,50373181,50373181,1,2025-11-07,BOE-A-2025-22547,https://www.boe.es/diario_boe/txt.php?id=BOE-A-2025-22547,CODIGO_DE_PUESTO,reextracción de la columna Denominación,1,NO,CELDA_DESALINEADA
101468,50372994,50372994,1,2025-11-07,BOE-A-2025-22547,https://www.boe.es/diario_boe/txt.php?id=BOE-A-2025-22547,CODIGO_DE_PUESTO,reextracción de la columna Denominación,1,NO,CELDA_DESALINEADA
101469,50372995,50372995,1,2025-11-07,BOE-A-2025-22547,https://www.boe.es/diario_boe/txt.php?id=BOE-A-2025-22547,CODIGO_DE_PUESTO,reextracción de la columna Denominación,1,NO,CELDA_DESALINEADA
101470,50373222,50373222,1,2025-11-07,BOE-A-2025-22547,https://www.boe.es/diario_boe/txt.php?id=BOE-A-2025-22547,CODIGO_DE_PUESTO,reextracción de la columna Denominación,1,NO,CELDA_DESALINEADA
101471,50372991,50372991,1,2025-11-07,BOE-A-2025-22547,https://www.boe.es/diario_boe/txt.php?id=BOE-A-2025-22547,CODIGO_DE_PUESTO,reextracción de la columna Denominación,1,NO,CELDA_DESALINEADA
101472,50373081,50373081,1,2025-11-07,BOE-A-2025-22547,https://www.boe.es/diario_boe/txt.php?id=BOE-A-2025-22547,CODIGO_DE_PUESTO,reextracción de la columna Denominación,1,NO,CELDA_DESALINEADA
101473,50373082,50373082,1,2025-11-07,BOE-A-2025-22547,https://www.boe.es/diario_boe/txt.php?id=BOE-A-2025-22547,CODIGO_DE_PUESTO,reextracción de la columna Denominación,1,NO,CELDA_DESALINEADA
101474,50373083,50373083,1,2025-11-07,BOE-A-2025-22547,https://www.boe.es/diario_boe/txt.php?id=BOE-A-2025-22547,CODIGO_DE_PUESTO,reextracción de la columna Denominación,1,NO,CELDA_DESALINEADA
101475,50373084,50373084,1,2025-11-07,BOE-A-2025-22547,https://www.boe.es/diario_boe/txt.php?id=BOE-A-2025-22547,CODIGO_DE_PUESTO,reextracción de la columna Denominación,1,NO,CELDA_DESALINEADA
101476,50373243,50373243,1,2025-11-07,BOE-A-2025-22547,https://www.boe.es/diario_boe/txt.php?id=BOE-A-2025-22547,CODIGO_DE_PUESTO,reextracción de la columna Denominación,1,NO,CELDA_DESALINEADA
101477,50373246,50373246,1,2025-11-07,BOE-A-2025-22547,https://www.boe.es/diario_boe/txt.php?id=BOE-A-2025-22547,CODIGO_DE_PUESTO,reextracción de la columna Denominación,1,NO,CELDA_DESALINEADA
101478,50373265,50373265,1,2025-11-07,BOE-A-2025-22547,https://www.boe.es/diario_boe/txt.php?id=BOE-A-2025-22547,CODIGO_DE_PUESTO,reextracción de la columna Denominación,1,NO,CELDA_DESALINEADA
101479,50373157,50373157,1,2025-11-07,BOE-A-2025-22547,https://www.boe.es/diario_boe/txt.php?id=BOE-A-2025-22547,CODIGO_DE_PUESTO,reextracción de la columna Denominación,1,NO,CELDA_DESALINEADA
101480,50373158,50373158,1,2025-11-07,BOE-A-2025-22547,https://www.boe.es/diario_boe/txt.php?id=BOE-A-2025-22547,CODIGO_DE_PUESTO,reextracción de la columna Denominación,1,NO,CELDA_DESALINEADA
101481,50373159,50373159,1,2025-11-07,BOE-A-2025-22547,https://www.boe.es/diario_boe/txt.php?id=BOE-A-2025-22547,CODIGO_DE_PUESTO,reextracción de la columna Denominación,1,NO,CELDA_DESALINEADA
101482,50373160,50373160,1,2025-11-07,BOE-A-2025-22547,https://www.boe.es/diario_boe/txt.php?id=BOE-A-2025-22547,CODIGO_DE_PUESTO,reextracción de la columna Denominación,1,NO,CELDA_DESALINEADA
101483,50373161,50373161,1,2025-11-07,BOE-A-2025-22547,https://www.boe.es/diario_boe/txt.php?id=BOE-A-2025-22547,CODIGO_DE_PUESTO,reextracción de la columna Denominación,1,NO,CELDA_DESALINEADA
101484,50373162,50373162,1,2025-11-07,BOE-A-2025-22547,https://www.boe.es/diario_boe/txt.php?id=BOE-A-2025-22547,CODIGO_DE_PUESTO,reextracción de la columna Denominación,1,NO,CELDA_DESALINEADA
101485,50373163,50373163,1,2025-11-07,BOE-A-2025-22547,https://www.boe.es/diario_boe/txt.php?id=BOE-A-2025-22547,CODIGO_DE_PUESTO,reextracción de la columna Denominación,1,NO,CELDA_DESALINEADA
101486,50373164,50373164,1,2025-11-07,BOE-A-2025-22547,https://www.boe.es/diario_boe/txt.php?id=BOE-A-2025-22547,CODIGO_DE_PUESTO,reextracción de la columna Denominación,1,NO,CELDA_DESALINEADA
101487,50373052,50373052,1,2025-11-07,BOE-A-2025-22547,https://www.boe.es/diario_boe/txt.php?id=BOE-A-2025-22547,CODIGO_DE_PUESTO,reextracción de la columna Denominación,1,NO,CELDA_DESALINEADA
101488,50373053,50373053,1,2025-11-07,BOE-A-2025-22547,https://www.boe.es/diario_boe/txt.php?id=BOE-A-2025-22547,CODIGO_DE_PUESTO,reextracción de la columna Denominación,1,NO,CELDA_DESALINEADA
101489,50373054,50373054,1,2025-11-07,BOE-A-2025-22547,https://www.boe.es/diario_boe/txt.php?id=BOE-A-2025-22547,CODIGO_DE_PUESTO,reextracción de la columna Denominación,1,NO,CELDA_DESALINEADA
101490,50373027,50373027,1,2025-11-07,BOE-A-2025-22547,https://www.boe.es/diario_boe/txt.php?id=BOE-A-2025-22547,CODIGO_DE_PUESTO,reextracción de la columna Denominación,1,NO,CELDA_DESALINEADA
101491,50373010,50373010,1,2025-11-07,BOE-A-2025-22547,https://www.boe.es/diario_boe/txt.php?id=BOE-A-2025-22547,CODIGO_DE_PUESTO,reextracción de la columna Denominación,1,NO,CELDA_DESALINEADA
101492,50373011,50373011,1,2025-11-07,BOE-A-2025-22547,https://www.boe.es/diario_boe/txt.php?id=BOE-A-2025-22547,CODIGO_DE_PUESTO,reextracción de la columna Denominación,1,NO,CELDA_DESALINEADA
101493,50373209,50373209,1,2025-11-07,BOE-A-2025-22547,https://www.boe.es/diario_boe/txt.php?id=BOE-A-2025-22547,CODIGO_DE_PUESTO,reextracción de la columna Denominación,1,NO,CELDA_DESALINEADA
101494,50373210,50373210,1,2025-11-07,BOE-A-2025-22547,https://www.boe.es/diario_boe/txt.php?id=BOE-A-2025-22547,CODIGO_DE_PUESTO,reextracción de la columna Denominación,1,NO,CELDA_DESALINEADA
101495,50373211,50373211,1,2025-11-07,BOE-A-2025-22547,https://www.boe.es/diario_boe/txt.php?id=BOE-A-2025-22547,CODIGO_DE_PUESTO,reextracción de la columna Denominación,1,NO,CELDA_DESALINEADA
101496,50373212,50373212,1,2025-11-07,BOE-A-2025-22547,https://www.boe.es/diario_boe/txt.php?id=BOE-A-2025-22547,CODIGO_DE_PUESTO,reextracción de la columna Denominación,1,NO,CELDA_DESALINEADA
101497,50373241,50373241,1,2025-11-07,BOE-A-2025-22547,https://www.boe.es/diario_boe/txt.php?id=BOE-A-2025-22547,CODIGO_DE_PUESTO,reextracción de la columna Denominación,1,NO,CELDA_DESALINEADA
101498,50373110,50373110,1,2025-11-07,BOE-A-2025-22547,https://www.boe.es/diario_boe/txt.php?id=BOE-A-2025-22547,CODIGO_DE_PUESTO,reextracción de la columna Denominación,1,NO,CELDA_DESALINEADA
101499,50373111,50373111,1,2025-11-07,BOE-A-2025-22547,https://www.boe.es/diario_boe/txt.php?id=BOE-A-2025-22547,CODIGO_DE_PUESTO,reextracción de la columna Denominación,1,NO,CELDA_DESALINEADA
101500,50373261,50373261,1,2025-11-07,BOE-A-2025-22547,https://www.boe.es/diario_boe/txt.php?id=BOE-A-2025-22547,CODIGO_DE_PUESTO,reextracción de la columna Denominación,1,NO,CELDA_DESALINEADA
101501,50373250,50373250,1,2025-11-07,BOE-A-2025-22547,https://www.boe.es/diario_boe/txt.php?id=BOE-A-2025-22547,CODIGO_DE_PUESTO,reextracción de la columna Denominación,1,NO,CELDA_DESALINEADA
101502,50372997,50372997,1,2025-11-07,BOE-A-2025-22547,https://www.boe.es/diario_boe/txt.php?id=BOE-A-2025-22547,CODIGO_DE_PUESTO,reextracción de la columna Denominación,1,NO,CELDA_DESALINEADA
101503,50372992,50372992,1,2025-11-07,BOE-A-2025-22547,https://www.boe.es/diario_boe/txt.php?id=BOE-A-2025-22547,CODIGO_DE_PUESTO,reextracción de la columna Denominación,1,NO,CELDA_DESALINEADA
101504,50374820,50374820,1,2025-11-07,BOE-A-2025-22549,https://www.boe.es/diario_boe/txt.php?id=BOE-A-2025-22549,CODIGO_DE_PUESTO,reextracción de la columna Denominación,1,NO,CELDA_DESALINEADA
101505,50374821,50374821,1,2025-11-07,BOE-A-2025-22549,https://www.boe.es/diario_boe/txt.php?id=BOE-A-2025-22549,CODIGO_DE_PUESTO,reextracción de la columna Denominación,1,NO,CELDA_DESALINEADA
101506,50374822,50374822,1,2025-11-07,BOE-A-2025-22549,https://www.boe.es/diario_boe/txt.php?id=BOE-A-2025-22549,CODIGO_DE_PUESTO,reextracción de la columna Denominación,1,NO,CELDA_DESALINEADA
101507,50374823,50374823,1,2025-11-07,BOE-A-2025-22549,https://www.boe.es/diario_boe/txt.php?id=BOE-A-2025-22549,CODIGO_DE_PUESTO,reextracción de la columna Denominación,1,NO,CELDA_DESALINEADA
101508,50374837,50374837,1,2025-11-07,BOE-A-2025-22549,https://www.boe.es/diario_boe/txt.php?id=BOE-A-2025-22549,CODIGO_DE_PUESTO,reextracción de la columna Denominación,1,NO,CELDA_DESALINEADA
101509,50374871,50374871,1,2025-11-07,BOE-A-2025-22549,https://www.boe.es/diario_boe/txt.php?id=BOE-A-2025-22549,CODIGO_DE_PUESTO,reextracción de la columna Denominación,1,NO,CELDA_DESALINEADA
101510,50374942,50374942,1,2025-11-07,BOE-A-2025-22549,https://www.boe.es/diario_boe/txt.php?id=BOE-A-2025-22549,CODIGO_DE_PUESTO,reextracción de la columna Denominación,1,NO,CELDA_DESALINEADA
101511,50374853,50374853,1,2025-11-07,BOE-A-2025-22549,https://www.boe.es/diario_boe/txt.php?id=BOE-A-2025-22549,CODIGO_DE_PUESTO,reextracción de la columna Denominación,1,NO,CELDA_DESALINEADA
101512,50374854,50374854,1,2025-11-07,BOE-A-2025-22549,https://www.boe.es/diario_boe/txt.php?id=BOE-A-2025-22549,CODIGO_DE_PUESTO,reextracción de la columna Denominación,1,NO,CELDA_DESALINEADA
101513,50374855,50374855,1,2025-11-07,BOE-A-2025-22549,https://www.boe.es/diario_boe/txt.php?id=BOE-A-2025-22549,CODIGO_DE_PUESTO,reextracción de la columna Denominación,1,NO,CELDA_DESALINEADA
101514,50374868,50374868,1,2025-11-07,BOE-A-2025-22549,https://www.boe.es/diario_boe/txt.php?id=BOE-A-2025-22549,CODIGO_DE_PUESTO,reextracción de la columna Denominación,1,NO,CELDA_DESALINEADA
101515,50374848,50374848,1,2025-11-07,BOE-A-2025-22549,https://www.boe.es/diario_boe/txt.php?id=BOE-A-2025-22549,CODIGO_DE_PUESTO,reextracción de la columna Denominación,1,NO,CELDA_DESALINEADA
101516,50374873,50374873,1,2025-11-07,BOE-A-2025-22549,https://www.boe.es/diario_boe/txt.php?id=BOE-A-2025-22549,CODIGO_DE_PUESTO,reextracción de la columna Denominación,1,NO,CELDA_DESALINEADA
101517,50374844,50374844,1,2025-11-07,BOE-A-2025-22549,https://www.boe.es/diario_boe/txt.php?id=BOE-A-2025-22549,CODIGO_DE_PUESTO,reextracción de la columna Denominación,1,NO,CELDA_DESALINEADA
101518,50374877,50374877,1,2025-11-07,BOE-A-2025-22549,https://www.boe.es/diario_boe/txt.php?id=BOE-A-2025-22549,CODIGO_DE_PUESTO,reextracción de la columna Denominación,1,NO,CELDA_DESALINEADA
101519,50374884,50374884,1,2025-11-07,BOE-A-2025-22549,https://www.boe.es/diario_boe/txt.php?id=BOE-A-2025-22549,CODIGO_DE_PUESTO,reextracción de la columna Denominación,1,NO,CELDA_DESALINEADA
101520,50374885,50374885,1,2025-11-07,BOE-A-2025-22549,https://www.boe.es/diario_boe/txt.php?id=BOE-A-2025-22549,CODIGO_DE_PUESTO,reextracción de la columna Denominación,1,NO,CELDA_DESALINEADA
101521,50374886,50374886,1,2025-11-07,BOE-A-2025-22549,https://www.boe.es/diario_boe/txt.php?id=BOE-A-2025-22549,CODIGO_DE_PUESTO,reextracción de la columna Denominación,1,NO,CELDA_DESALINEADA
101522,50374887,50374887,1,2025-11-07,BOE-A-2025-22549,https://www.boe.es/diario_boe/txt.php?id=BOE-A-2025-22549,CODIGO_DE_PUESTO,reextracción de la columna Denominación,1,NO,CELDA_DESALINEADA
101523,50374894,50374894,1,2025-11-07,BOE-A-2025-22549,https://www.boe.es/diario_boe/txt.php?id=BOE-A-2025-22549,CODIGO_DE_PUESTO,reextracción de la columna Denominación,1,NO,CELDA_DESALINEADA
101524,50374905,50374905,1,2025-11-07,BOE-A-2025-22549,https://www.boe.es/diario_boe/txt.php?id=BOE-A-2025-22549,CODIGO_DE_PUESTO,reextracción de la columna Denominación,1,NO,CELDA_DESALINEADA
101525,50374906,50374906,1,2025-11-07,BOE-A-2025-22549,https://www.boe.es/diario_boe/txt.php?id=BOE-A-2025-22549,CODIGO_DE_PUESTO,reextracción de la columna Denominación,1,NO,CELDA_DESALINEADA
101526,50374911,50374911,1,2025-11-07,BOE-A-2025-22549,https://www.boe.es/diario_boe/txt.php?id=BOE-A-2025-22549,CODIGO_DE_PUESTO,reextracción de la columna Denominación,1,NO,CELDA_DESALINEADA
101527,50374928,50374928,1,2025-11-07,BOE-A-2025-22549,https://www.boe.es/diario_boe/txt.php?id=BOE-A-2025-22549,CODIGO_DE_PUESTO,reextracción de la columna Denominación,1,NO,CELDA_DESALINEADA
101528,50374840,50374840,1,2025-11-07,BOE-A-2025-22549,https://www.boe.es/diario_boe/txt.php?id=BOE-A-2025-22549,CODIGO_DE_PUESTO,reextracción de la columna Denominación,1,NO,CELDA_DESALINEADA
101529,50374841,50374841,1,2025-11-07,BOE-A-2025-22549,https://www.boe.es/diario_boe/txt.php?id=BOE-A-2025-22549,CODIGO_DE_PUESTO,reextracción de la columna Denominación,1,NO,CELDA_DESALINEADA
101530,50374825,50374825,1,2025-11-07,BOE-A-2025-22549,https://www.boe.es/diario_boe/txt.php?id=BOE-A-2025-22549,CODIGO_DE_PUESTO,reextracción de la columna Denominación,1,NO,CELDA_DESALINEADA
101531,50374826,50374826,1,2025-11-07,BOE-A-2025-22549,https://www.boe.es/diario_boe/txt.php?id=BOE-A-2025-22549,CODIGO_DE_PUESTO,reextracción de la columna Denominación,1,NO,CELDA_DESALINEADA
101532,50374827,50374827,1,2025-11-07,BOE-A-2025-22549,https://www.boe.es/diario_boe/txt.php?id=BOE-A-2025-22549,CODIGO_DE_PUESTO,reextracción de la columna Denominación,1,NO,CELDA_DESALINEADA
101533,50374828,50374828,1,2025-11-07,BOE-A-2025-22549,https://www.boe.es/diario_boe/txt.php?id=BOE-A-2025-22549,CODIGO_DE_PUESTO,reextracción de la columna Denominación,1,NO,CELDA_DESALINEADA
101534,50374829,50374829,1,2025-11-07,BOE-A-2025-22549,https://www.boe.es/diario_boe/txt.php?id=BOE-A-2025-22549,CODIGO_DE_PUESTO,reextracción de la columna Denominación,1,NO,CELDA_DESALINEADA
101535,50374830,50374830,1,2025-11-07,BOE-A-2025-22549,https://www.boe.es/diario_boe/txt.php?id=BOE-A-2025-22549,CODIGO_DE_PUESTO,reextracción de la columna Denominación,1,NO,CELDA_DESALINEADA
101536,50374831,50374831,1,2025-11-07,BOE-A-2025-22549,https://www.boe.es/diario_boe/txt.php?id=BOE-A-2025-22549,CODIGO_DE_PUESTO,reextracción de la columna Denominación,1,NO,CELDA_DESALINEADA
101537,50374832,50374832,1,2025-11-07,BOE-A-2025-22549,https://www.boe.es/diario_boe/txt.php?id=BOE-A-2025-22549,CODIGO_DE_PUESTO,reextracción de la columna Denominación,1,NO,CELDA_DESALINEADA
101538,50374833,50374833,1,2025-11-07,BOE-A-2025-22549,https://www.boe.es/diario_boe/txt.php?id=BOE-A-2025-22549,CODIGO_DE_PUESTO,reextracción de la columna Denominación,1,NO,CELDA_DESALINEADA
101539,50374834,50374834,1,2025-11-07,BOE-A-2025-22549,https://www.boe.es/diario_boe/txt.php?id=BOE-A-2025-22549,CODIGO_DE_PUESTO,reextracción de la columna Denominación,1,NO,CELDA_DESALINEADA
101540,50374838,50374838,1,2025-11-07,BOE-A-2025-22549,https://www.boe.es/diario_boe/txt.php?id=BOE-A-2025-22549,CODIGO_DE_PUESTO,reextracción de la columna Denominación,1,NO,CELDA_DESALINEADA
101541,50374858,50374858,1,2025-11-07,BOE-A-2025-22549,https://www.boe.es/diario_boe/txt.php?id=BOE-A-2025-22549,CODIGO_DE_PUESTO,reextracción de la columna Denominación,1,NO,CELDA_DESALINEADA
101542,50374862,50374862,1,2025-11-07,BOE-A-2025-22549,https://www.boe.es/diario_boe/txt.php?id=BOE-A-2025-22549,CODIGO_DE_PUESTO,reextracción de la columna Denominación,1,NO,CELDA_DESALINEADA
101543,50374865,50374865,1,2025-11-07,BOE-A-2025-22549,https://www.boe.es/diario_boe/txt.php?id=BOE-A-2025-22549,CODIGO_DE_PUESTO,reextracción de la columna Denominación,1,NO,CELDA_DESALINEADA
101544,50374889,50374889,1,2025-11-07,BOE-A-2025-22549,https://www.boe.es/diario_boe/txt.php?id=BOE-A-2025-22549,CODIGO_DE_PUESTO,reextracción de la columna Denominación,1,NO,CELDA_DESALINEADA
101545,50374890,50374890,1,2025-11-07,BOE-A-2025-22549,https://www.boe.es/diario_boe/txt.php?id=BOE-A-2025-22549,CODIGO_DE_PUESTO,reextracción de la columna Denominación,1,NO,CELDA_DESALINEADA
101546,50374891,50374891,1,2025-11-07,BOE-A-2025-22549,https://www.boe.es/diario_boe/txt.php?id=BOE-A-2025-22549,CODIGO_DE_PUESTO,reextracción de la columna Denominación,1,NO,CELDA_DESALINEADA
101547,50374917,50374917,1,2025-11-07,BOE-A-2025-22549,https://www.boe.es/diario_boe/txt.php?id=BOE-A-2025-22549,CODIGO_DE_PUESTO,reextracción de la columna Denominación,1,NO,CELDA_DESALINEADA
101548,50374919,50374919,1,2025-11-07,BOE-A-2025-22549,https://www.boe.es/diario_boe/txt.php?id=BOE-A-2025-22549,CODIGO_DE_PUESTO,reextracción de la columna Denominación,1,NO,CELDA_DESALINEADA
101549,50374923,50374923,1,2025-11-07,BOE-A-2025-22549,https://www.boe.es/diario_boe/txt.php?id=BOE-A-2025-22549,CODIGO_DE_PUESTO,reextracción de la columna Denominación,1,NO,CELDA_DESALINEADA
101550,50374924,50374924,1,2025-11-07,BOE-A-2025-22549,https://www.boe.es/diario_boe/txt.php?id=BOE-A-2025-22549,CODIGO_DE_PUESTO,reextracción de la columna Denominación,1,NO,CELDA_DESALINEADA
101551,50374927,50374927,1,2025-11-07,BOE-A-2025-22549,https://www.boe.es/diario_boe/txt.php?id=BOE-A-2025-22549,CODIGO_DE_PUESTO,reextracción de la columna Denominación,1,NO,CELDA_DESALINEADA
101552,50374929,50374929,1,2025-11-07,BOE-A-2025-22549,https://www.boe.es/diario_boe/txt.php?id=BOE-A-2025-22549,CODIGO_DE_PUESTO,reextracción de la columna Denominación,1,NO,CELDA_DESALINEADA
101553,50374930,50374930,1,2025-11-07,BOE-A-2025-22549,https://www.boe.es/diario_boe/txt.php?id=BOE-A-2025-22549,CODIGO_DE_PUESTO,reextracción de la columna Denominación,1,NO,CELDA_DESALINEADA
101554,50374940,50374940,1,2025-11-07,BOE-A-2025-22549,https://www.boe.es/diario_boe/txt.php?id=BOE-A-2025-22549,CODIGO_DE_PUESTO,reextracción de la columna Denominación,1,NO,CELDA_DESALINEADA
101555,50374835,50374835,1,2025-11-07,BOE-A-2025-22549,https://www.boe.es/diario_boe/txt.php?id=BOE-A-2025-22549,CODIGO_DE_PUESTO,reextracción de la columna Denominación,1,NO,CELDA_DESALINEADA
101556,50374836,50374836,1,2025-11-07,BOE-A-2025-22549,https://www.boe.es/diario_boe/txt.php?id=BOE-A-2025-22549,CODIGO_DE_PUESTO,reextracción de la columna Denominación,1,NO,CELDA_DESALINEADA
101557,50374839,50374839,1,2025-11-07,BOE-A-2025-22549,https://www.boe.es/diario_boe/txt.php?id=BOE-A-2025-22549,CODIGO_DE_PUESTO,reextracción de la columna Denominación,1,NO,CELDA_DESALINEADA
101558,50374943,50374943,1,2025-11-07,BOE-A-2025-22549,https://www.boe.es/diario_boe/txt.php?id=BOE-A-2025-22549,CODIGO_DE_PUESTO,reextracción de la columna Denominación,1,NO,CELDA_DESALINEADA
101559,50374949,50374949,1,2025-11-07,BOE-A-2025-22549,https://www.boe.es/diario_boe/txt.php?id=BOE-A-2025-22549,CODIGO_DE_PUESTO,reextracción de la columna Denominación,1,NO,CELDA_DESALINEADA
101560,50374866,50374866,1,2025-11-07,BOE-A-2025-22549,https://www.boe.es/diario_boe/txt.php?id=BOE-A-2025-22549,CODIGO_DE_PUESTO,reextracción de la columna Denominación,1,NO,CELDA_DESALINEADA
101561,50374867,50374867,1,2025-11-07,BOE-A-2025-22549,https://www.boe.es/diario_boe/txt.php?id=BOE-A-2025-22549,CODIGO_DE_PUESTO,reextracción de la columna Denominación,1,NO,CELDA_DESALINEADA
101562,50374870,50374870,1,2025-11-07,BOE-A-2025-22549,https://www.boe.es/diario_boe/txt.php?id=BOE-A-2025-22549,CODIGO_DE_PUESTO,reextracción de la columna Denominación,1,NO,CELDA_DESALINEADA
101563,50374849,50374849,1,2025-11-07,BOE-A-2025-22549,https://www.boe.es/diario_boe/txt.php?id=BOE-A-2025-22549,CODIGO_DE_PUESTO,reextracción de la columna Denominación,1,NO,CELDA_DESALINEADA
101564,50374876,50374876,1,2025-11-07,BOE-A-2025-22549,https://www.boe.es/diario_boe/txt.php?id=BOE-A-2025-22549,CODIGO_DE_PUESTO,reextracción de la columna Denominación,1,NO,CELDA_DESALINEADA
101565,50374846,50374846,1,2025-11-07,BOE-A-2025-22549,https://www.boe.es/diario_boe/txt.php?id=BOE-A-2025-22549,CODIGO_DE_PUESTO,reextracción de la columna Denominación,1,NO,CELDA_DESALINEADA
101566,50374847,50374847,1,2025-11-07,BOE-A-2025-22549,https://www.boe.es/diario_boe/txt.php?id=BOE-A-2025-22549,CODIGO_DE_PUESTO,reextracción de la columna Denominación,1,NO,CELDA_DESALINEADA
101567,50374878,50374878,1,2025-11-07,BOE-A-2025-22549,https://www.boe.es/diario_boe/txt.php?id=BOE-A-2025-22549,CODIGO_DE_PUESTO,reextracción de la columna Denominación,1,NO,CELDA_DESALINEADA
101568,50374851,50374851,1,2025-11-07,BOE-A-2025-22549,https://www.boe.es/diario_boe/txt.php?id=BOE-A-2025-22549,CODIGO_DE_PUESTO,reextracción de la columna Denominación,1,NO,CELDA_DESALINEADA
101569,50374892,50374892,1,2025-11-07,BOE-A-2025-22549,https://www.boe.es/diario_boe/txt.php?id=BOE-A-2025-22549,CODIGO_DE_PUESTO,reextracción de la columna Denominación,1,NO,CELDA_DESALINEADA
101570,50374893,50374893,1,2025-11-07,BOE-A-2025-22549,https://www.boe.es/diario_boe/txt.php?id=BOE-A-2025-22549,CODIGO_DE_PUESTO,reextracción de la columna Denominación,1,NO,CELDA_DESALINEADA
101571,50374896,50374896,1,2025-11-07,BOE-A-2025-22549,https://www.boe.es/diario_boe/txt.php?id=BOE-A-2025-22549,CODIGO_DE_PUESTO,reextracción de la columna Denominación,1,NO,CELDA_DESALINEADA
101572,50374932,50374932,1,2025-11-07,BOE-A-2025-22549,https://www.boe.es/diario_boe/txt.php?id=BOE-A-2025-22549,CODIGO_DE_PUESTO,reextracción de la columna Denominación,1,NO,CELDA_DESALINEADA
101573,50374934,50374934,1,2025-11-07,BOE-A-2025-22549,https://www.boe.es/diario_boe/txt.php?id=BOE-A-2025-22549,CODIGO_DE_PUESTO,reextracción de la columna Denominación,1,NO,CELDA_DESALINEADA
101574,50374936,50374936,1,2025-11-07,BOE-A-2025-22549,https://www.boe.es/diario_boe/txt.php?id=BOE-A-2025-22549,CODIGO_DE_PUESTO,reextracción de la columna Denominación,1,NO,CELDA_DESALINEADA
101575,50374941,50374941,1,2025-11-07,BOE-A-2025-22549,https://www.boe.es/diario_boe/txt.php?id=BOE-A-2025-22549,CODIGO_DE_PUESTO,reextracción de la columna Denominación,1,NO,CELDA_DESALINEADA
101576,50374842,50374842,1,2025-11-07,BOE-A-2025-22549,https://www.boe.es/diario_boe/txt.php?id=BOE-A-2025-22549,CODIGO_DE_PUESTO,reextracción de la columna Denominación,1,NO,CELDA_DESALINEADA
101577,50374843,50374843,1,2025-11-07,BOE-A-2025-22549,https://www.boe.es/diario_boe/txt.php?id=BOE-A-2025-22549,CODIGO_DE_PUESTO,reextracción de la columna Denominación,1,NO,CELDA_DESALINEADA
101578,50374882,50374882,1,2025-11-07,BOE-A-2025-22549,https://www.boe.es/diario_boe/txt.php?id=BOE-A-2025-22549,CODIGO_DE_PUESTO,reextracción de la columna Denominación,1,NO,CELDA_DESALINEADA
103193,0902/0913,0902/0913,1,2026-01-23,BOE-A-2026-1572,https://www.boe.es/diario_boe/txt.php?id=BOE-A-2026-1572,OTRO_EXPLICITO,reextracción de denominación; el número es código de cuerpo/escala,1,NO,CELDA_DESALINEADA
103195,0902,0902,1,2026-01-23,BOE-A-2026-1572,https://www.boe.es/diario_boe/txt.php?id=BOE-A-2026-1572,OTRO_EXPLICITO,reextracción de denominación; el número es código de cuerpo/escala,1,NO,CELDA_DESALINEADA
103515,0902,0902,1,2026-02-07,BOE-A-2026-2840,https://www.boe.es/diario_boe/txt.php?id=BOE-A-2026-2840,OTRO_EXPLICITO,reextracción de denominación; el número es código de cuerpo/escala,1,NO,CELDA_DESALINEADA
103517,0902/0913,0902/0913,1,2026-02-07,BOE-A-2026-2840,https://www.boe.es/diario_boe/txt.php?id=BOE-A-2026-2840,OTRO_EXPLICITO,reextracción de denominación; el número es código de cuerpo/escala,1,NO,CELDA_DESALINEADA
105602,0921,0921,1,2026-05-04,BOE-A-2026-9631,https://www.boe.es/diario_boe/txt.php?id=BOE-A-2026-9631,OTRO_EXPLICITO,reextracción de denominación; el número es código de cuerpo/escala,1,NO,CELDA_DESALINEADA
105603,0913 0921,0913 0921,1,2026-05-04,BOE-A-2026-9631,https://www.boe.es/diario_boe/txt.php?id=BOE-A-2026-9631,OTRO_EXPLICITO,reextracción de denominación; el número es código de cuerpo/escala,1,NO,CELDA_DESALINEADA
105604,0913,0913,1,2026-05-04,BOE-A-2026-9631,https://www.boe.es/diario_boe/txt.php?id=BOE-A-2026-9631,OTRO_EXPLICITO,reextracción de denominación; el número es código de cuerpo/escala,1,NO,CELDA_DESALINEADA
107314,0013,0013,1,2026-07-07,BOE-A-2026-14682,https://www.boe.es/diario_boe/txt.php?id=BOE-A-2026-14682,OTRO_EXPLICITO,reextracción de denominación; el número es código de cuerpo/escala,1,NO,CELDA_DESALINEADA
107885,1603,1603,1,2026-08-03,BOE-A-2026-16861,https://www.boe.es/diario_boe/txt.php?id=BOE-A-2026-16861,OTRO_EXPLICITO,reextracción de denominación; el número es código de cuerpo/escala,1,NO,CELDA_DESALINEADA
