id,categoria,boe,estructura_boe,persistido,resultado_reconstruccion,clasificacion,registro_espurio,fuente_oficial
36474,PUESTO_NUMERICO,BOE-A-2021-3957,HTML oficial revisado: la denominación INSPECTOR/INSPECTORA DE TRABAJO Y S.S. precede al código de cuerpo 1502.,1502 (1 plazas),reextracción de denominación; el número es código de cuerpo/escala,OTRO_EXPLICITO,NO,https://www.boe.es/diario_boe/txt.php?id=BOE-A-2021-3957
38539,PUESTO_NUMERICO,BOE-A-2021-14357,"HTML oficial revisado: las denominaciones (SERVICIO INTERIOR, OFICINA GENERICO, etc.) preceden a la columna Cuerpo con códigos 0919/0920.",0920 (12 plazas),reextracción de denominación; el número es código de cuerpo/escala,OTRO_EXPLICITO,NO,https://www.boe.es/diario_boe/txt.php?id=BOE-A-2021-14357
38540,PUESTO_NUMERICO,BOE-A-2021-14357,"HTML oficial revisado: las denominaciones (SERVICIO INTERIOR, OFICINA GENERICO, etc.) preceden a la columna Cuerpo con códigos 0919/0920.",0919 (13 plazas),reextracción de denominación; el número es código de cuerpo/escala,OTRO_EXPLICITO,NO,https://www.boe.es/diario_boe/txt.php?id=BOE-A-2021-14357
38541,PUESTO_NUMERICO,BOE-A-2021-14357,"HTML oficial revisado: las denominaciones (SERVICIO INTERIOR, OFICINA GENERICO, etc.) preceden a la columna Cuerpo con códigos 0919/0920.",0909/0910 (1 plazas),reextracción de denominación; el número es código de cuerpo/escala,OTRO_EXPLICITO,NO,https://www.boe.es/diario_boe/txt.php?id=BOE-A-2021-14357
38542,PUESTO_NUMERICO,BOE-A-2021-14357,"HTML oficial revisado: las denominaciones (SERVICIO INTERIOR, OFICINA GENERICO, etc.) preceden a la columna Cuerpo con códigos 0919/0920.",0919 (16 plazas),reextracción de denominación; el número es código de cuerpo/escala,OTRO_EXPLICITO,NO,https://www.boe.es/diario_boe/txt.php?id=BOE-A-2021-14357
38543,PUESTO_NUMERICO,BOE-A-2021-14357,"HTML oficial revisado: las denominaciones (SERVICIO INTERIOR, OFICINA GENERICO, etc.) preceden a la columna Cuerpo con códigos 0919/0920.",0919 (9 plazas),reextracción de denominación; el número es código de cuerpo/escala,OTRO_EXPLICITO,NO,https://www.boe.es/diario_boe/txt.php?id=BOE-A-2021-14357
38544,PUESTO_NUMERICO,BOE-A-2021-14357,"HTML oficial revisado: las denominaciones (SERVICIO INTERIOR, OFICINA GENERICO, etc.) preceden a la columna Cuerpo con códigos 0919/0920.",0920 (18 plazas),reextracción de denominación; el número es código de cuerpo/escala,OTRO_EXPLICITO,NO,https://www.boe.es/diario_boe/txt.php?id=BOE-A-2021-14357
38545,PUESTO_NUMERICO,BOE-A-2021-14357,"HTML oficial revisado: las denominaciones (SERVICIO INTERIOR, OFICINA GENERICO, etc.) preceden a la columna Cuerpo con códigos 0919/0920.",0920 (8 plazas),reextracción de denominación; el número es código de cuerpo/escala,OTRO_EXPLICITO,NO,https://www.boe.es/diario_boe/txt.php?id=BOE-A-2021-14357
38546,PUESTO_NUMERICO,BOE-A-2021-14357,"HTML oficial revisado: las denominaciones (SERVICIO INTERIOR, OFICINA GENERICO, etc.) preceden a la columna Cuerpo con códigos 0919/0920.",0920 (13 plazas),reextracción de denominación; el número es código de cuerpo/escala,OTRO_EXPLICITO,NO,https://www.boe.es/diario_boe/txt.php?id=BOE-A-2021-14357
38547,PUESTO_NUMERICO,BOE-A-2021-14357,"HTML oficial revisado: las denominaciones (SERVICIO INTERIOR, OFICINA GENERICO, etc.) preceden a la columna Cuerpo con códigos 0919/0920.",0920 (7 plazas),reextracción de denominación; el número es código de cuerpo/escala,OTRO_EXPLICITO,NO,https://www.boe.es/diario_boe/txt.php?id=BOE-A-2021-14357
38548,PUESTO_NUMERICO,BOE-A-2021-14357,"HTML oficial revisado: las denominaciones (SERVICIO INTERIOR, OFICINA GENERICO, etc.) preceden a la columna Cuerpo con códigos 0919/0920.",0920 (5 plazas),reextracción de denominación; el número es código de cuerpo/escala,OTRO_EXPLICITO,NO,https://www.boe.es/diario_boe/txt.php?id=BOE-A-2021-14357
38549,PUESTO_NUMERICO,BOE-A-2021-14357,"HTML oficial revisado: las denominaciones (SERVICIO INTERIOR, OFICINA GENERICO, etc.) preceden a la columna Cuerpo con códigos 0919/0920.",0919 (5 plazas),reextracción de denominación; el número es código de cuerpo/escala,OTRO_EXPLICITO,NO,https://www.boe.es/diario_boe/txt.php?id=BOE-A-2021-14357
38550,PUESTO_NUMERICO,BOE-A-2021-14357,"HTML oficial revisado: las denominaciones (SERVICIO INTERIOR, OFICINA GENERICO, etc.) preceden a la columna Cuerpo con códigos 0919/0920.",0919/0920 (6 plazas),reextracción de denominación; el número es código de cuerpo/escala,OTRO_EXPLICITO,NO,https://www.boe.es/diario_boe/txt.php?id=BOE-A-2021-14357
38551,PUESTO_NUMERICO,BOE-A-2021-14357,"HTML oficial revisado: las denominaciones (SERVICIO INTERIOR, OFICINA GENERICO, etc.) preceden a la columna Cuerpo con códigos 0919/0920.",0920 (15 plazas),reextracción de denominación; el número es código de cuerpo/escala,OTRO_EXPLICITO,NO,https://www.boe.es/diario_boe/txt.php?id=BOE-A-2021-14357
38553,PUESTO_NUMERICO,BOE-A-2021-14357,"HTML oficial revisado: las denominaciones (SERVICIO INTERIOR, OFICINA GENERICO, etc.) preceden a la columna Cuerpo con códigos 0919/0920.",0919/0920 (7 plazas),reextracción de denominación; el número es código de cuerpo/escala,OTRO_EXPLICITO,NO,https://www.boe.es/diario_boe/txt.php?id=BOE-A-2021-14357
38554,PUESTO_NUMERICO,BOE-A-2021-14357,"HTML oficial revisado: las denominaciones (SERVICIO INTERIOR, OFICINA GENERICO, etc.) preceden a la columna Cuerpo con códigos 0919/0920.",0920 (10 plazas),reextracción de denominación; el número es código de cuerpo/escala,OTRO_EXPLICITO,NO,https://www.boe.es/diario_boe/txt.php?id=BOE-A-2021-14357
38555,PUESTO_NUMERICO,BOE-A-2021-14357,"HTML oficial revisado: las denominaciones (SERVICIO INTERIOR, OFICINA GENERICO, etc.) preceden a la columna Cuerpo con códigos 0919/0920.",0919 (4 plazas),reextracción de denominación; el número es código de cuerpo/escala,OTRO_EXPLICITO,NO,https://www.boe.es/diario_boe/txt.php?id=BOE-A-2021-14357
38556,PUESTO_NUMERICO,BOE-A-2021-14357,"HTML oficial revisado: las denominaciones (SERVICIO INTERIOR, OFICINA GENERICO, etc.) preceden a la columna Cuerpo con códigos 0919/0920.",0919 (10 plazas),reextracción de denominación; el número es código de cuerpo/escala,OTRO_EXPLICITO,NO,https://www.boe.es/diario_boe/txt.php?id=BOE-A-2021-14357
38557,PUESTO_NUMERICO,BOE-A-2021-14357,"HTML oficial revisado: las denominaciones (SERVICIO INTERIOR, OFICINA GENERICO, etc.) preceden a la columna Cuerpo con códigos 0919/0920.",0919 (3 plazas),reextracción de denominación; el número es código de cuerpo/escala,OTRO_EXPLICITO,NO,https://www.boe.es/diario_boe/txt.php?id=BOE-A-2021-14357
38558,PUESTO_NUMERICO,BOE-A-2021-14357,"HTML oficial revisado: las denominaciones (SERVICIO INTERIOR, OFICINA GENERICO, etc.) preceden a la columna Cuerpo con códigos 0919/0920.",0920 (2 plazas),reextracción de denominación; el número es código de cuerpo/escala,OTRO_EXPLICITO,NO,https://www.boe.es/diario_boe/txt.php?id=BOE-A-2021-14357
38559,PUESTO_NUMERICO,BOE-A-2021-14357,"HTML oficial revisado: las denominaciones (SERVICIO INTERIOR, OFICINA GENERICO, etc.) preceden a la columna Cuerpo con códigos 0919/0920.",0920 (20 plazas),reextracción de denominación; el número es código de cuerpo/escala,OTRO_EXPLICITO,NO,https://www.boe.es/diario_boe/txt.php?id=BOE-A-2021-14357
38560,PUESTO_NUMERICO,BOE-A-2021-14357,"HTML oficial revisado: las denominaciones (SERVICIO INTERIOR, OFICINA GENERICO, etc.) preceden a la columna Cuerpo con códigos 0919/0920.",0919 (8 plazas),reextracción de denominación; el número es código de cuerpo/escala,OTRO_EXPLICITO,NO,https://www.boe.es/diario_boe/txt.php?id=BOE-A-2021-14357
38561,PUESTO_NUMERICO,BOE-A-2021-14357,"HTML oficial revisado: las denominaciones (SERVICIO INTERIOR, OFICINA GENERICO, etc.) preceden a la columna Cuerpo con códigos 0919/0920.",0920 (4 plazas),reextracción de denominación; el número es código de cuerpo/escala,OTRO_EXPLICITO,NO,https://www.boe.es/diario_boe/txt.php?id=BOE-A-2021-14357
38563,PUESTO_NUMERICO,BOE-A-2021-14357,"HTML oficial revisado: las denominaciones (SERVICIO INTERIOR, OFICINA GENERICO, etc.) preceden a la columna Cuerpo con códigos 0919/0920.",0919 (20 plazas),reextracción de denominación; el número es código de cuerpo/escala,OTRO_EXPLICITO,NO,https://www.boe.es/diario_boe/txt.php?id=BOE-A-2021-14357
38564,PUESTO_NUMERICO,BOE-A-2021-14357,"HTML oficial revisado: las denominaciones (SERVICIO INTERIOR, OFICINA GENERICO, etc.) preceden a la columna Cuerpo con códigos 0919/0920.",0919 (11 plazas),reextracción de denominación; el número es código de cuerpo/escala,OTRO_EXPLICITO,NO,https://www.boe.es/diario_boe/txt.php?id=BOE-A-2021-14357
38565,PUESTO_NUMERICO,BOE-A-2021-14357,"HTML oficial revisado: las denominaciones (SERVICIO INTERIOR, OFICINA GENERICO, etc.) preceden a la columna Cuerpo con códigos 0919/0920.",0919 (7 plazas),reextracción de denominación; el número es código de cuerpo/escala,OTRO_EXPLICITO,NO,https://www.boe.es/diario_boe/txt.php?id=BOE-A-2021-14357
38566,PUESTO_NUMERICO,BOE-A-2021-14357,"HTML oficial revisado: las denominaciones (SERVICIO INTERIOR, OFICINA GENERICO, etc.) preceden a la columna Cuerpo con códigos 0919/0920.",0919/0920 (3 plazas),reextracción de denominación; el número es código de cuerpo/escala,OTRO_EXPLICITO,NO,https://www.boe.es/diario_boe/txt.php?id=BOE-A-2021-14357
38567,PUESTO_NUMERICO,BOE-A-2021-14357,"HTML oficial revisado: las denominaciones (SERVICIO INTERIOR, OFICINA GENERICO, etc.) preceden a la columna Cuerpo con códigos 0919/0920.",0913 (2 plazas),reextracción de denominación; el número es código de cuerpo/escala,OTRO_EXPLICITO,NO,https://www.boe.es/diario_boe/txt.php?id=BOE-A-2021-14357
38568,PUESTO_NUMERICO,BOE-A-2021-14357,"HTML oficial revisado: las denominaciones (SERVICIO INTERIOR, OFICINA GENERICO, etc.) preceden a la columna Cuerpo con códigos 0919/0920.",0920 (6 plazas),reextracción de denominación; el número es código de cuerpo/escala,OTRO_EXPLICITO,NO,https://www.boe.es/diario_boe/txt.php?id=BOE-A-2021-14357
38569,PUESTO_NUMERICO,BOE-A-2021-14357,"HTML oficial revisado: las denominaciones (SERVICIO INTERIOR, OFICINA GENERICO, etc.) preceden a la columna Cuerpo con códigos 0919/0920.",0920 (3 plazas),reextracción de denominación; el número es código de cuerpo/escala,OTRO_EXPLICITO,NO,https://www.boe.es/diario_boe/txt.php?id=BOE-A-2021-14357
38573,PUESTO_NUMERICO,BOE-A-2021-14357,"HTML oficial revisado: las denominaciones (SERVICIO INTERIOR, OFICINA GENERICO, etc.) preceden a la columna Cuerpo con códigos 0919/0920.",0913 (1 plazas),reextracción de denominación; el número es código de cuerpo/escala,OTRO_EXPLICITO,NO,https://www.boe.es/diario_boe/txt.php?id=BOE-A-2021-14357
38574,PUESTO_NUMERICO,BOE-A-2021-14357,"HTML oficial revisado: las denominaciones (SERVICIO INTERIOR, OFICINA GENERICO, etc.) preceden a la columna Cuerpo con códigos 0919/0920.",0920 (1 plazas),reextracción de denominación; el número es código de cuerpo/escala,OTRO_EXPLICITO,NO,https://www.boe.es/diario_boe/txt.php?id=BOE-A-2021-14357
38575,PUESTO_NUMERICO,BOE-A-2021-14357,"HTML oficial revisado: las denominaciones (SERVICIO INTERIOR, OFICINA GENERICO, etc.) preceden a la columna Cuerpo con códigos 0919/0920.",0921 (1 plazas),reextracción de denominación; el número es código de cuerpo/escala,OTRO_EXPLICITO,NO,https://www.boe.es/diario_boe/txt.php?id=BOE-A-2021-14357
38576,PUESTO_NUMERICO,BOE-A-2021-14357,"HTML oficial revisado: las denominaciones (SERVICIO INTERIOR, OFICINA GENERICO, etc.) preceden a la columna Cuerpo con códigos 0919/0920.",0919/0920 (5 plazas),reextracción de denominación; el número es código de cuerpo/escala,OTRO_EXPLICITO,NO,https://www.boe.es/diario_boe/txt.php?id=BOE-A-2021-14357
38577,PUESTO_NUMERICO,BOE-A-2021-14357,"HTML oficial revisado: las denominaciones (SERVICIO INTERIOR, OFICINA GENERICO, etc.) preceden a la columna Cuerpo con códigos 0919/0920.",0919 (15 plazas),reextracción de denominación; el número es código de cuerpo/escala,OTRO_EXPLICITO,NO,https://www.boe.es/diario_boe/txt.php?id=BOE-A-2021-14357
38578,PUESTO_NUMERICO,BOE-A-2021-14357,"HTML oficial revisado: las denominaciones (SERVICIO INTERIOR, OFICINA GENERICO, etc.) preceden a la columna Cuerpo con códigos 0919/0920.",0920 (11 plazas),reextracción de denominación; el número es código de cuerpo/escala,OTRO_EXPLICITO,NO,https://www.boe.es/diario_boe/txt.php?id=BOE-A-2021-14357
38579,PUESTO_NUMERICO,BOE-A-2021-14357,"HTML oficial revisado: las denominaciones (SERVICIO INTERIOR, OFICINA GENERICO, etc.) preceden a la columna Cuerpo con códigos 0919/0920.",0919/0920 (2 plazas),reextracción de denominación; el número es código de cuerpo/escala,OTRO_EXPLICITO,NO,https://www.boe.es/diario_boe/txt.php?id=BOE-A-2021-14357
38580,PUESTO_NUMERICO,BOE-A-2021-14357,"HTML oficial revisado: las denominaciones (SERVICIO INTERIOR, OFICINA GENERICO, etc.) preceden a la columna Cuerpo con códigos 0919/0920.",0919/0920 (4 plazas),reextracción de denominación; el número es código de cuerpo/escala,OTRO_EXPLICITO,NO,https://www.boe.es/diario_boe/txt.php?id=BOE-A-2021-14357
38581,PUESTO_NUMERICO,BOE-A-2021-14357,"HTML oficial revisado: las denominaciones (SERVICIO INTERIOR, OFICINA GENERICO, etc.) preceden a la columna Cuerpo con códigos 0919/0920.",0919 (6 plazas),reextracción de denominación; el número es código de cuerpo/escala,OTRO_EXPLICITO,NO,https://www.boe.es/diario_boe/txt.php?id=BOE-A-2021-14357
38582,PUESTO_NUMERICO,BOE-A-2021-14357,"HTML oficial revisado: las denominaciones (SERVICIO INTERIOR, OFICINA GENERICO, etc.) preceden a la columna Cuerpo con códigos 0919/0920.",0919 (2 plazas),reextracción de denominación; el número es código de cuerpo/escala,OTRO_EXPLICITO,NO,https://www.boe.es/diario_boe/txt.php?id=BOE-A-2021-14357
38583,PUESTO_NUMERICO,BOE-A-2021-14357,"HTML oficial revisado: las denominaciones (SERVICIO INTERIOR, OFICINA GENERICO, etc.) preceden a la columna Cuerpo con códigos 0919/0920.",0919/0920 (1 plazas),reextracción de denominación; el número es código de cuerpo/escala,OTRO_EXPLICITO,NO,https://www.boe.es/diario_boe/txt.php?id=BOE-A-2021-14357
38584,PUESTO_NUMERICO,BOE-A-2021-14357,"HTML oficial revisado: las denominaciones (SERVICIO INTERIOR, OFICINA GENERICO, etc.) preceden a la columna Cuerpo con códigos 0919/0920.",0919 (1 plazas),reextracción de denominación; el número es código de cuerpo/escala,OTRO_EXPLICITO,NO,https://www.boe.es/diario_boe/txt.php?id=BOE-A-2021-14357
42479,PUESTO_NUMERICO,BOE-A-2022-10576,"HTML oficial revisado: la tabla usa N.º orden, N.º plazas, Código puesto y Denominación; el 12 persistido es N.º orden.",12 (1 plazas),reextracción de la columna Denominación,NUMERO_DE_ORDEN,NO,https://www.boe.es/diario_boe/txt.php?id=BOE-A-2022-10576
42561,PUESTO_NUMERICO,BOE-A-2022-10890,"HTML oficial revisado: la tabla usa N.º orden, N.º plazas, Código puesto y Denominación; el 13 persistido es N.º orden.",13 (1 plazas),reextracción de la columna Denominación,NUMERO_DE_ORDEN,NO,https://www.boe.es/diario_boe/txt.php?id=BOE-A-2022-10890
42695,PUESTO_NUMERICO,BOE-A-2022-11535,HTML oficial revisado: las filas JURISTA/PSICOLOGO preceden a la columna Cuerpo 0902.,0902 (3 plazas),reextracción de denominación; el número es código de cuerpo/escala,OTRO_EXPLICITO,NO,https://www.boe.es/diario_boe/txt.php?id=BOE-A-2022-11535
42696,PUESTO_NUMERICO,BOE-A-2022-11535,HTML oficial revisado: las filas JURISTA/PSICOLOGO preceden a la columna Cuerpo 0902.,0902 (2 plazas),reextracción de denominación; el número es código de cuerpo/escala,OTRO_EXPLICITO,NO,https://www.boe.es/diario_boe/txt.php?id=BOE-A-2022-11535
42697,PUESTO_NUMERICO,BOE-A-2022-11535,HTML oficial revisado: las filas JURISTA/PSICOLOGO preceden a la columna Cuerpo 0902.,0902 (1 plazas),reextracción de denominación; el número es código de cuerpo/escala,OTRO_EXPLICITO,NO,https://www.boe.es/diario_boe/txt.php?id=BOE-A-2022-11535
42726,PUESTO_NUMERICO,BOE-A-2022-11655,"HTML oficial revisado: concurso específico del ICAC; el valor numérico aislado procede de una columna de identificación/código, no de una denominación.",0011 0012 0013 (1 plazas),reextracción de denominación; el número es código de cuerpo/escala,OTRO_EXPLICITO,NO,https://www.boe.es/diario_boe/txt.php?id=BOE-A-2022-11655
45399,PUESTO_NUMERICO,BOE-A-2022-17860,HTML oficial revisado: ABOGADO/ABOGADA DEL ESTADO precede a Cuerpo 0903.,0903 (1 plazas),reextracción de denominación; el número es código de cuerpo/escala,OTRO_EXPLICITO,NO,https://www.boe.es/diario_boe/txt.php?id=BOE-A-2022-17860
48952,PUESTO_NUMERICO,BOE-A-2022-21597,HTML oficial revisado: JEFE/JEFA DE EQUIPO INSPECCIÓN precede a Cuerpo 1502.,1502 (1 plazas),reextracción de denominación; el número es código de cuerpo/escala,OTRO_EXPLICITO,NO,https://www.boe.es/diario_boe/txt.php?id=BOE-A-2022-21597
99840,PUESTO_NUMERICO,BOE-A-2025-18984,HTML oficial revisado: ABOGADO/ABOGADA DEL ESTADO precede a Cuerpo 0903.,0903 (1 plazas),reextracción de denominación; el número es código de cuerpo/escala,OTRO_EXPLICITO,NO,https://www.boe.es/diario_boe/txt.php?id=BOE-A-2025-18984
100776,PUESTO_NUMERICO,BOE-A-2025-22543,HTML oficial revisado (líneas de tabla): N.º orden | Puesto | Denominación; 50370641 | OFICINA DE JUSTICIA DE ADRA.,50370641 (1 plazas),reextracción de la columna Denominación,CODIGO_DE_PUESTO,NO,https://www.boe.es/diario_boe/txt.php?id=BOE-A-2025-22543
100777,PUESTO_NUMERICO,BOE-A-2025-22543,HTML oficial revisado (líneas de tabla): N.º orden | Puesto | Denominación; 50370641 | OFICINA DE JUSTICIA DE ADRA.,50370636 (1 plazas),reextracción de la columna Denominación,CODIGO_DE_PUESTO,NO,https://www.boe.es/diario_boe/txt.php?id=BOE-A-2025-22543
100778,PUESTO_NUMERICO,BOE-A-2025-22543,HTML oficial revisado (líneas de tabla): N.º orden | Puesto | Denominación; 50370641 | OFICINA DE JUSTICIA DE ADRA.,50370871 (1 plazas),reextracción de la columna Denominación,CODIGO_DE_PUESTO,NO,https://www.boe.es/diario_boe/txt.php?id=BOE-A-2025-22543
100779,PUESTO_NUMERICO,BOE-A-2025-22543,HTML oficial revisado (líneas de tabla): N.º orden | Puesto | Denominación; 50370641 | OFICINA DE JUSTICIA DE ADRA.,50370646 (1 plazas),reextracción de la columna Denominación,CODIGO_DE_PUESTO,NO,https://www.boe.es/diario_boe/txt.php?id=BOE-A-2025-22543
100780,PUESTO_NUMERICO,BOE-A-2025-22543,HTML oficial revisado (líneas de tabla): N.º orden | Puesto | Denominación; 50370641 | OFICINA DE JUSTICIA DE ADRA.,50370875 (1 plazas),reextracción de la columna Denominación,CODIGO_DE_PUESTO,NO,https://www.boe.es/diario_boe/txt.php?id=BOE-A-2025-22543
100781,PUESTO_NUMERICO,BOE-A-2025-22543,HTML oficial revisado (líneas de tabla): N.º orden | Puesto | Denominación; 50370641 | OFICINA DE JUSTICIA DE ADRA.,50370876 (1 plazas),reextracción de la columna Denominación,CODIGO_DE_PUESTO,NO,https://www.boe.es/diario_boe/txt.php?id=BOE-A-2025-22543
100782,PUESTO_NUMERICO,BOE-A-2025-22543,HTML oficial revisado (líneas de tabla): N.º orden | Puesto | Denominación; 50370641 | OFICINA DE JUSTICIA DE ADRA.,50370877 (1 plazas),reextracción de la columna Denominación,CODIGO_DE_PUESTO,NO,https://www.boe.es/diario_boe/txt.php?id=BOE-A-2025-22543
100783,PUESTO_NUMERICO,BOE-A-2025-22543,HTML oficial revisado (líneas de tabla): N.º orden | Puesto | Denominación; 50370641 | OFICINA DE JUSTICIA DE ADRA.,50370878 (1 plazas),reextracción de la columna Denominación,CODIGO_DE_PUESTO,NO,https://www.boe.es/diario_boe/txt.php?id=BOE-A-2025-22543
100784,PUESTO_NUMERICO,BOE-A-2025-22543,HTML oficial revisado (líneas de tabla): N.º orden | Puesto | Denominación; 50370641 | OFICINA DE JUSTICIA DE ADRA.,50370903 (1 plazas),reextracción de la columna Denominación,CODIGO_DE_PUESTO,NO,https://www.boe.es/diario_boe/txt.php?id=BOE-A-2025-22543
100785,PUESTO_NUMERICO,BOE-A-2025-22543,HTML oficial revisado (líneas de tabla): N.º orden | Puesto | Denominación; 50370641 | OFICINA DE JUSTICIA DE ADRA.,50370917 (1 plazas),reextracción de la columna Denominación,CODIGO_DE_PUESTO,NO,https://www.boe.es/diario_boe/txt.php?id=BOE-A-2025-22543
100786,PUESTO_NUMERICO,BOE-A-2025-22543,HTML oficial revisado (líneas de tabla): N.º orden | Puesto | Denominación; 50370641 | OFICINA DE JUSTICIA DE ADRA.,50370918 (1 plazas),reextracción de la columna Denominación,CODIGO_DE_PUESTO,NO,https://www.boe.es/diario_boe/txt.php?id=BOE-A-2025-22543
100787,PUESTO_NUMERICO,BOE-A-2025-22543,HTML oficial revisado (líneas de tabla): N.º orden | Puesto | Denominación; 50370641 | OFICINA DE JUSTICIA DE ADRA.,50370928 (1 plazas),reextracción de la columna Denominación,CODIGO_DE_PUESTO,NO,https://www.boe.es/diario_boe/txt.php?id=BOE-A-2025-22543
100788,PUESTO_NUMERICO,BOE-A-2025-22543,HTML oficial revisado (líneas de tabla): N.º orden | Puesto | Denominación; 50370641 | OFICINA DE JUSTICIA DE ADRA.,50370649 (1 plazas),reextracción de la columna Denominación,CODIGO_DE_PUESTO,NO,https://www.boe.es/diario_boe/txt.php?id=BOE-A-2025-22543
100789,PUESTO_NUMERICO,BOE-A-2025-22543,HTML oficial revisado (líneas de tabla): N.º orden | Puesto | Denominación; 50370641 | OFICINA DE JUSTICIA DE ADRA.,50370934 (1 plazas),reextracción de la columna Denominación,CODIGO_DE_PUESTO,NO,https://www.boe.es/diario_boe/txt.php?id=BOE-A-2025-22543
100790,PUESTO_NUMERICO,BOE-A-2025-22543,HTML oficial revisado (líneas de tabla): N.º orden | Puesto | Denominación; 50370641 | OFICINA DE JUSTICIA DE ADRA.,50370935 (1 plazas),reextracción de la columna Denominación,CODIGO_DE_PUESTO,NO,https://www.boe.es/diario_boe/txt.php?id=BOE-A-2025-22543
100791,PUESTO_NUMERICO,BOE-A-2025-22543,HTML oficial revisado (líneas de tabla): N.º orden | Puesto | Denominación; 50370641 | OFICINA DE JUSTICIA DE ADRA.,50370936 (1 plazas),reextracción de la columna Denominación,CODIGO_DE_PUESTO,NO,https://www.boe.es/diario_boe/txt.php?id=BOE-A-2025-22543
100792,PUESTO_NUMERICO,BOE-A-2025-22543,HTML oficial revisado (líneas de tabla): N.º orden | Puesto | Denominación; 50370641 | OFICINA DE JUSTICIA DE ADRA.,50370638 (1 plazas),reextracción de la columna Denominación,CODIGO_DE_PUESTO,NO,https://www.boe.es/diario_boe/txt.php?id=BOE-A-2025-22543
100793,PUESTO_NUMERICO,BOE-A-2025-22543,HTML oficial revisado (líneas de tabla): N.º orden | Puesto | Denominación; 50370641 | OFICINA DE JUSTICIA DE ADRA.,50370954 (1 plazas),reextracción de la columna Denominación,CODIGO_DE_PUESTO,NO,https://www.boe.es/diario_boe/txt.php?id=BOE-A-2025-22543
100794,PUESTO_NUMERICO,BOE-A-2025-22543,HTML oficial revisado (líneas de tabla): N.º orden | Puesto | Denominación; 50370641 | OFICINA DE JUSTICIA DE ADRA.,50370960 (1 plazas),reextracción de la columna Denominación,CODIGO_DE_PUESTO,NO,https://www.boe.es/diario_boe/txt.php?id=BOE-A-2025-22543
100795,PUESTO_NUMERICO,BOE-A-2025-22543,HTML oficial revisado (líneas de tabla): N.º orden | Puesto | Denominación; 50370641 | OFICINA DE JUSTICIA DE ADRA.,50370964 (1 plazas),reextracción de la columna Denominación,CODIGO_DE_PUESTO,NO,https://www.boe.es/diario_boe/txt.php?id=BOE-A-2025-22543
100796,PUESTO_NUMERICO,BOE-A-2025-22543,HTML oficial revisado (líneas de tabla): N.º orden | Puesto | Denominación; 50370641 | OFICINA DE JUSTICIA DE ADRA.,50370992 (1 plazas),reextracción de la columna Denominación,CODIGO_DE_PUESTO,NO,https://www.boe.es/diario_boe/txt.php?id=BOE-A-2025-22543
100797,PUESTO_NUMERICO,BOE-A-2025-22543,HTML oficial revisado (líneas de tabla): N.º orden | Puesto | Denominación; 50370641 | OFICINA DE JUSTICIA DE ADRA.,50371018 (1 plazas),reextracción de la columna Denominación,CODIGO_DE_PUESTO,NO,https://www.boe.es/diario_boe/txt.php?id=BOE-A-2025-22543
100798,PUESTO_NUMERICO,BOE-A-2025-22543,HTML oficial revisado (líneas de tabla): N.º orden | Puesto | Denominación; 50370641 | OFICINA DE JUSTICIA DE ADRA.,50371029 (1 plazas),reextracción de la columna Denominación,CODIGO_DE_PUESTO,NO,https://www.boe.es/diario_boe/txt.php?id=BOE-A-2025-22543
100799,PUESTO_NUMERICO,BOE-A-2025-22543,HTML oficial revisado (líneas de tabla): N.º orden | Puesto | Denominación; 50370641 | OFICINA DE JUSTICIA DE ADRA.,50371030 (1 plazas),reextracción de la columna Denominación,CODIGO_DE_PUESTO,NO,https://www.boe.es/diario_boe/txt.php?id=BOE-A-2025-22543
100800,PUESTO_NUMERICO,BOE-A-2025-22543,HTML oficial revisado (líneas de tabla): N.º orden | Puesto | Denominación; 50370641 | OFICINA DE JUSTICIA DE ADRA.,50371031 (1 plazas),reextracción de la columna Denominación,CODIGO_DE_PUESTO,NO,https://www.boe.es/diario_boe/txt.php?id=BOE-A-2025-22543
100801,PUESTO_NUMERICO,BOE-A-2025-22543,HTML oficial revisado (líneas de tabla): N.º orden | Puesto | Denominación; 50370641 | OFICINA DE JUSTICIA DE ADRA.,50371032 (1 plazas),reextracción de la columna Denominación,CODIGO_DE_PUESTO,NO,https://www.boe.es/diario_boe/txt.php?id=BOE-A-2025-22543
100802,PUESTO_NUMERICO,BOE-A-2025-22543,HTML oficial revisado (líneas de tabla): N.º orden | Puesto | Denominación; 50370641 | OFICINA DE JUSTICIA DE ADRA.,50371033 (1 plazas),reextracción de la columna Denominación,CODIGO_DE_PUESTO,NO,https://www.boe.es/diario_boe/txt.php?id=BOE-A-2025-22543
100803,PUESTO_NUMERICO,BOE-A-2025-22543,HTML oficial revisado (líneas de tabla): N.º orden | Puesto | Denominación; 50370641 | OFICINA DE JUSTICIA DE ADRA.,50371034 (1 plazas),reextracción de la columna Denominación,CODIGO_DE_PUESTO,NO,https://www.boe.es/diario_boe/txt.php?id=BOE-A-2025-22543
100804,PUESTO_NUMERICO,BOE-A-2025-22543,HTML oficial revisado (líneas de tabla): N.º orden | Puesto | Denominación; 50370641 | OFICINA DE JUSTICIA DE ADRA.,50371064 (1 plazas),reextracción de la columna Denominación,CODIGO_DE_PUESTO,NO,https://www.boe.es/diario_boe/txt.php?id=BOE-A-2025-22543
100805,PUESTO_NUMERICO,BOE-A-2025-22543,HTML oficial revisado (líneas de tabla): N.º orden | Puesto | Denominación; 50370641 | OFICINA DE JUSTICIA DE ADRA.,50371025 (1 plazas),reextracción de la columna Denominación,CODIGO_DE_PUESTO,NO,https://www.boe.es/diario_boe/txt.php?id=BOE-A-2025-22543
100806,PUESTO_NUMERICO,BOE-A-2025-22543,HTML oficial revisado (líneas de tabla): N.º orden | Puesto | Denominación; 50370641 | OFICINA DE JUSTICIA DE ADRA.,50371074 (1 plazas),reextracción de la columna Denominación,CODIGO_DE_PUESTO,NO,https://www.boe.es/diario_boe/txt.php?id=BOE-A-2025-22543
100807,PUESTO_NUMERICO,BOE-A-2025-22543,HTML oficial revisado (líneas de tabla): N.º orden | Puesto | Denominación; 50370641 | OFICINA DE JUSTICIA DE ADRA.,50371099 (1 plazas),reextracción de la columna Denominación,CODIGO_DE_PUESTO,NO,https://www.boe.es/diario_boe/txt.php?id=BOE-A-2025-22543
100808,PUESTO_NUMERICO,BOE-A-2025-22543,HTML oficial revisado (líneas de tabla): N.º orden | Puesto | Denominación; 50370641 | OFICINA DE JUSTICIA DE ADRA.,50371102 (1 plazas),reextracción de la columna Denominación,CODIGO_DE_PUESTO,NO,https://www.boe.es/diario_boe/txt.php?id=BOE-A-2025-22543
100809,PUESTO_NUMERICO,BOE-A-2025-22543,HTML oficial revisado (líneas de tabla): N.º orden | Puesto | Denominación; 50370641 | OFICINA DE JUSTICIA DE ADRA.,50371119 (1 plazas),reextracción de la columna Denominación,CODIGO_DE_PUESTO,NO,https://www.boe.es/diario_boe/txt.php?id=BOE-A-2025-22543
100810,PUESTO_NUMERICO,BOE-A-2025-22543,HTML oficial revisado (líneas de tabla): N.º orden | Puesto | Denominación; 50370641 | OFICINA DE JUSTICIA DE ADRA.,50370673 (1 plazas),reextracción de la columna Denominación,CODIGO_DE_PUESTO,NO,https://www.boe.es/diario_boe/txt.php?id=BOE-A-2025-22543
100811,PUESTO_NUMERICO,BOE-A-2025-22543,HTML oficial revisado (líneas de tabla): N.º orden | Puesto | Denominación; 50370641 | OFICINA DE JUSTICIA DE ADRA.,50370654 (1 plazas),reextracción de la columna Denominación,CODIGO_DE_PUESTO,NO,https://www.boe.es/diario_boe/txt.php?id=BOE-A-2025-22543
100812,PUESTO_NUMERICO,BOE-A-2025-22543,HTML oficial revisado (líneas de tabla): N.º orden | Puesto | Denominación; 50370641 | OFICINA DE JUSTICIA DE ADRA.,50371153 (1 plazas),reextracción de la columna Denominación,CODIGO_DE_PUESTO,NO,https://www.boe.es/diario_boe/txt.php?id=BOE-A-2025-22543
100813,PUESTO_NUMERICO,BOE-A-2025-22543,HTML oficial revisado (líneas de tabla): N.º orden | Puesto | Denominación; 50370641 | OFICINA DE JUSTICIA DE ADRA.,50370676 (1 plazas),reextracción de la columna Denominación,CODIGO_DE_PUESTO,NO,https://www.boe.es/diario_boe/txt.php?id=BOE-A-2025-22543
100814,PUESTO_NUMERICO,BOE-A-2025-22543,HTML oficial revisado (líneas de tabla): N.º orden | Puesto | Denominación; 50370641 | OFICINA DE JUSTICIA DE ADRA.,50370663 (1 plazas),reextracción de la columna Denominación,CODIGO_DE_PUESTO,NO,https://www.boe.es/diario_boe/txt.php?id=BOE-A-2025-22543
100815,PUESTO_NUMERICO,BOE-A-2025-22543,HTML oficial revisado (líneas de tabla): N.º orden | Puesto | Denominación; 50370641 | OFICINA DE JUSTICIA DE ADRA.,50371185 (1 plazas),reextracción de la columna Denominación,CODIGO_DE_PUESTO,NO,https://www.boe.es/diario_boe/txt.php?id=BOE-A-2025-22543
100816,PUESTO_NUMERICO,BOE-A-2025-22543,HTML oficial revisado (líneas de tabla): N.º orden | Puesto | Denominación; 50370641 | OFICINA DE JUSTICIA DE ADRA.,50371186 (1 plazas),reextracción de la columna Denominación,CODIGO_DE_PUESTO,NO,https://www.boe.es/diario_boe/txt.php?id=BOE-A-2025-22543
100817,PUESTO_NUMERICO,BOE-A-2025-22543,HTML oficial revisado (líneas de tabla): N.º orden | Puesto | Denominación; 50370641 | OFICINA DE JUSTICIA DE ADRA.,50371187 (1 plazas),reextracción de la columna Denominación,CODIGO_DE_PUESTO,NO,https://www.boe.es/diario_boe/txt.php?id=BOE-A-2025-22543
100818,PUESTO_NUMERICO,BOE-A-2025-22543,HTML oficial revisado (líneas de tabla): N.º orden | Puesto | Denominación; 50370641 | OFICINA DE JUSTICIA DE ADRA.,50371188 (1 plazas),reextracción de la columna Denominación,CODIGO_DE_PUESTO,NO,https://www.boe.es/diario_boe/txt.php?id=BOE-A-2025-22543
100819,PUESTO_NUMERICO,BOE-A-2025-22543,HTML oficial revisado (líneas de tabla): N.º orden | Puesto | Denominación; 50370641 | OFICINA DE JUSTICIA DE ADRA.,50371189 (1 plazas),reextracción de la columna Denominación,CODIGO_DE_PUESTO,NO,https://www.boe.es/diario_boe/txt.php?id=BOE-A-2025-22543
100820,PUESTO_NUMERICO,BOE-A-2025-22543,HTML oficial revisado (líneas de tabla): N.º orden | Puesto | Denominación; 50370641 | OFICINA DE JUSTICIA DE ADRA.,50371190 (1 plazas),reextracción de la columna Denominación,CODIGO_DE_PUESTO,NO,https://www.boe.es/diario_boe/txt.php?id=BOE-A-2025-22543
100821,PUESTO_NUMERICO,BOE-A-2025-22543,HTML oficial revisado (líneas de tabla): N.º orden | Puesto | Denominación; 50370641 | OFICINA DE JUSTICIA DE ADRA.,50371224 (1 plazas),reextracción de la columna Denominación,CODIGO_DE_PUESTO,NO,https://www.boe.es/diario_boe/txt.php?id=BOE-A-2025-22543
100822,PUESTO_NUMERICO,BOE-A-2025-22543,HTML oficial revisado (líneas de tabla): N.º orden | Puesto | Denominación; 50370641 | OFICINA DE JUSTICIA DE ADRA.,50371225 (1 plazas),reextracción de la columna Denominación,CODIGO_DE_PUESTO,NO,https://www.boe.es/diario_boe/txt.php?id=BOE-A-2025-22543
100823,PUESTO_NUMERICO,BOE-A-2025-22543,HTML oficial revisado (líneas de tabla): N.º orden | Puesto | Denominación; 50370641 | OFICINA DE JUSTICIA DE ADRA.,50370656 (1 plazas),reextracción de la columna Denominación,CODIGO_DE_PUESTO,NO,https://www.boe.es/diario_boe/txt.php?id=BOE-A-2025-22543
100824,PUESTO_NUMERICO,BOE-A-2025-22543,HTML oficial revisado (líneas de tabla): N.º orden | Puesto | Denominación; 50370641 | OFICINA DE JUSTICIA DE ADRA.,50371246 (1 plazas),reextracción de la columna Denominación,CODIGO_DE_PUESTO,NO,https://www.boe.es/diario_boe/txt.php?id=BOE-A-2025-22543
100825,PUESTO_NUMERICO,BOE-A-2025-22543,HTML oficial revisado (líneas de tabla): N.º orden | Puesto | Denominación; 50370641 | OFICINA DE JUSTICIA DE ADRA.,50371233 (1 plazas),reextracción de la columna Denominación,CODIGO_DE_PUESTO,NO,https://www.boe.es/diario_boe/txt.php?id=BOE-A-2025-22543
100826,PUESTO_NUMERICO,BOE-A-2025-22543,HTML oficial revisado (líneas de tabla): N.º orden | Puesto | Denominación; 50370641 | OFICINA DE JUSTICIA DE ADRA.,50371231 (1 plazas),reextracción de la columna Denominación,CODIGO_DE_PUESTO,NO,https://www.boe.es/diario_boe/txt.php?id=BOE-A-2025-22543
100827,PUESTO_NUMERICO,BOE-A-2025-22543,HTML oficial revisado (líneas de tabla): N.º orden | Puesto | Denominación; 50370641 | OFICINA DE JUSTICIA DE ADRA.,50371266 (1 plazas),reextracción de la columna Denominación,CODIGO_DE_PUESTO,NO,https://www.boe.es/diario_boe/txt.php?id=BOE-A-2025-22543
100828,PUESTO_NUMERICO,BOE-A-2025-22543,HTML oficial revisado (líneas de tabla): N.º orden | Puesto | Denominación; 50370641 | OFICINA DE JUSTICIA DE ADRA.,50371267 (1 plazas),reextracción de la columna Denominación,CODIGO_DE_PUESTO,NO,https://www.boe.es/diario_boe/txt.php?id=BOE-A-2025-22543
100829,PUESTO_NUMERICO,BOE-A-2025-22543,HTML oficial revisado (líneas de tabla): N.º orden | Puesto | Denominación; 50370641 | OFICINA DE JUSTICIA DE ADRA.,50371301 (1 plazas),reextracción de la columna Denominación,CODIGO_DE_PUESTO,NO,https://www.boe.es/diario_boe/txt.php?id=BOE-A-2025-22543
100830,PUESTO_NUMERICO,BOE-A-2025-22543,HTML oficial revisado (líneas de tabla): N.º orden | Puesto | Denominación; 50370641 | OFICINA DE JUSTICIA DE ADRA.,50371305 (1 plazas),reextracción de la columna Denominación,CODIGO_DE_PUESTO,NO,https://www.boe.es/diario_boe/txt.php?id=BOE-A-2025-22543
100831,PUESTO_NUMERICO,BOE-A-2025-22543,HTML oficial revisado (líneas de tabla): N.º orden | Puesto | Denominación; 50370641 | OFICINA DE JUSTICIA DE ADRA.,50371306 (1 plazas),reextracción de la columna Denominación,CODIGO_DE_PUESTO,NO,https://www.boe.es/diario_boe/txt.php?id=BOE-A-2025-22543
100832,PUESTO_NUMERICO,BOE-A-2025-22543,HTML oficial revisado (líneas de tabla): N.º orden | Puesto | Denominación; 50370641 | OFICINA DE JUSTICIA DE ADRA.,50371330 (1 plazas),reextracción de la columna Denominación,CODIGO_DE_PUESTO,NO,https://www.boe.es/diario_boe/txt.php?id=BOE-A-2025-22543
100833,PUESTO_NUMERICO,BOE-A-2025-22543,HTML oficial revisado (líneas de tabla): N.º orden | Puesto | Denominación; 50370641 | OFICINA DE JUSTICIA DE ADRA.,50371334 (1 plazas),reextracción de la columna Denominación,CODIGO_DE_PUESTO,NO,https://www.boe.es/diario_boe/txt.php?id=BOE-A-2025-22543
100834,PUESTO_NUMERICO,BOE-A-2025-22543,HTML oficial revisado (líneas de tabla): N.º orden | Puesto | Denominación; 50370641 | OFICINA DE JUSTICIA DE ADRA.,50371335 (1 plazas),reextracción de la columna Denominación,CODIGO_DE_PUESTO,NO,https://www.boe.es/diario_boe/txt.php?id=BOE-A-2025-22543
100835,PUESTO_NUMERICO,BOE-A-2025-22543,HTML oficial revisado (líneas de tabla): N.º orden | Puesto | Denominación; 50370641 | OFICINA DE JUSTICIA DE ADRA.,50371336 (1 plazas),reextracción de la columna Denominación,CODIGO_DE_PUESTO,NO,https://www.boe.es/diario_boe/txt.php?id=BOE-A-2025-22543
100836,PUESTO_NUMERICO,BOE-A-2025-22543,HTML oficial revisado (líneas de tabla): N.º orden | Puesto | Denominación; 50370641 | OFICINA DE JUSTICIA DE ADRA.,50371342 (1 plazas),reextracción de la columna Denominación,CODIGO_DE_PUESTO,NO,https://www.boe.es/diario_boe/txt.php?id=BOE-A-2025-22543
100837,PUESTO_NUMERICO,BOE-A-2025-22543,HTML oficial revisado (líneas de tabla): N.º orden | Puesto | Denominación; 50370641 | OFICINA DE JUSTICIA DE ADRA.,50371373 (1 plazas),reextracción de la columna Denominación,CODIGO_DE_PUESTO,NO,https://www.boe.es/diario_boe/txt.php?id=BOE-A-2025-22543
100838,PUESTO_NUMERICO,BOE-A-2025-22543,HTML oficial revisado (líneas de tabla): N.º orden | Puesto | Denominación; 50370641 | OFICINA DE JUSTICIA DE ADRA.,50370666 (1 plazas),reextracción de la columna Denominación,CODIGO_DE_PUESTO,NO,https://www.boe.es/diario_boe/txt.php?id=BOE-A-2025-22543
100839,PUESTO_NUMERICO,BOE-A-2025-22543,HTML oficial revisado (líneas de tabla): N.º orden | Puesto | Denominación; 50370641 | OFICINA DE JUSTICIA DE ADRA.,50370695 (1 plazas),reextracción de la columna Denominación,CODIGO_DE_PUESTO,NO,https://www.boe.es/diario_boe/txt.php?id=BOE-A-2025-22543
100840,PUESTO_NUMERICO,BOE-A-2025-22543,HTML oficial revisado (líneas de tabla): N.º orden | Puesto | Denominación; 50370641 | OFICINA DE JUSTICIA DE ADRA.,50371394 (1 plazas),reextracción de la columna Denominación,CODIGO_DE_PUESTO,NO,https://www.boe.es/diario_boe/txt.php?id=BOE-A-2025-22543
100841,PUESTO_NUMERICO,BOE-A-2025-22543,HTML oficial revisado (líneas de tabla): N.º orden | Puesto | Denominación; 50370641 | OFICINA DE JUSTICIA DE ADRA.,50370687 (1 plazas),reextracción de la columna Denominación,CODIGO_DE_PUESTO,NO,https://www.boe.es/diario_boe/txt.php?id=BOE-A-2025-22543
100842,PUESTO_NUMERICO,BOE-A-2025-22543,HTML oficial revisado (líneas de tabla): N.º orden | Puesto | Denominación; 50370641 | OFICINA DE JUSTICIA DE ADRA.,50371398 (1 plazas),reextracción de la columna Denominación,CODIGO_DE_PUESTO,NO,https://www.boe.es/diario_boe/txt.php?id=BOE-A-2025-22543
100843,PUESTO_NUMERICO,BOE-A-2025-22543,HTML oficial revisado (líneas de tabla): N.º orden | Puesto | Denominación; 50370641 | OFICINA DE JUSTICIA DE ADRA.,50371408 (1 plazas),reextracción de la columna Denominación,CODIGO_DE_PUESTO,NO,https://www.boe.es/diario_boe/txt.php?id=BOE-A-2025-22543
100844,PUESTO_NUMERICO,BOE-A-2025-22543,HTML oficial revisado (líneas de tabla): N.º orden | Puesto | Denominación; 50370641 | OFICINA DE JUSTICIA DE ADRA.,50371416 (1 plazas),reextracción de la columna Denominación,CODIGO_DE_PUESTO,NO,https://www.boe.es/diario_boe/txt.php?id=BOE-A-2025-22543
100845,PUESTO_NUMERICO,BOE-A-2025-22543,HTML oficial revisado (líneas de tabla): N.º orden | Puesto | Denominación; 50370641 | OFICINA DE JUSTICIA DE ADRA.,50371412 (1 plazas),reextracción de la columna Denominación,CODIGO_DE_PUESTO,NO,https://www.boe.es/diario_boe/txt.php?id=BOE-A-2025-22543
100846,PUESTO_NUMERICO,BOE-A-2025-22543,HTML oficial revisado (líneas de tabla): N.º orden | Puesto | Denominación; 50370641 | OFICINA DE JUSTICIA DE ADRA.,50371413 (1 plazas),reextracción de la columna Denominación,CODIGO_DE_PUESTO,NO,https://www.boe.es/diario_boe/txt.php?id=BOE-A-2025-22543
100847,PUESTO_NUMERICO,BOE-A-2025-22543,HTML oficial revisado (líneas de tabla): N.º orden | Puesto | Denominación; 50370641 | OFICINA DE JUSTICIA DE ADRA.,50371414 (1 plazas),reextracción de la columna Denominación,CODIGO_DE_PUESTO,NO,https://www.boe.es/diario_boe/txt.php?id=BOE-A-2025-22543
100848,PUESTO_NUMERICO,BOE-A-2025-22543,HTML oficial revisado (líneas de tabla): N.º orden | Puesto | Denominación; 50370641 | OFICINA DE JUSTICIA DE ADRA.,50371436 (1 plazas),reextracción de la columna Denominación,CODIGO_DE_PUESTO,NO,https://www.boe.es/diario_boe/txt.php?id=BOE-A-2025-22543
100849,PUESTO_NUMERICO,BOE-A-2025-22543,HTML oficial revisado (líneas de tabla): N.º orden | Puesto | Denominación; 50370641 | OFICINA DE JUSTICIA DE ADRA.,50371448 (1 plazas),reextracción de la columna Denominación,CODIGO_DE_PUESTO,NO,https://www.boe.es/diario_boe/txt.php?id=BOE-A-2025-22543
100850,PUESTO_NUMERICO,BOE-A-2025-22543,HTML oficial revisado (líneas de tabla): N.º orden | Puesto | Denominación; 50370641 | OFICINA DE JUSTICIA DE ADRA.,50371453 (1 plazas),reextracción de la columna Denominación,CODIGO_DE_PUESTO,NO,https://www.boe.es/diario_boe/txt.php?id=BOE-A-2025-22543
100851,PUESTO_NUMERICO,BOE-A-2025-22543,HTML oficial revisado (líneas de tabla): N.º orden | Puesto | Denominación; 50370641 | OFICINA DE JUSTICIA DE ADRA.,50371460 (1 plazas),reextracción de la columna Denominación,CODIGO_DE_PUESTO,NO,https://www.boe.es/diario_boe/txt.php?id=BOE-A-2025-22543
100852,PUESTO_NUMERICO,BOE-A-2025-22543,HTML oficial revisado (líneas de tabla): N.º orden | Puesto | Denominación; 50370641 | OFICINA DE JUSTICIA DE ADRA.,50370701 (1 plazas),reextracción de la columna Denominación,CODIGO_DE_PUESTO,NO,https://www.boe.es/diario_boe/txt.php?id=BOE-A-2025-22543
100853,PUESTO_NUMERICO,BOE-A-2025-22543,HTML oficial revisado (líneas de tabla): N.º orden | Puesto | Denominación; 50370641 | OFICINA DE JUSTICIA DE ADRA.,50371463 (1 plazas),reextracción de la columna Denominación,CODIGO_DE_PUESTO,NO,https://www.boe.es/diario_boe/txt.php?id=BOE-A-2025-22543
100854,PUESTO_NUMERICO,BOE-A-2025-22543,HTML oficial revisado (líneas de tabla): N.º orden | Puesto | Denominación; 50370641 | OFICINA DE JUSTICIA DE ADRA.,50371473 (1 plazas),reextracción de la columna Denominación,CODIGO_DE_PUESTO,NO,https://www.boe.es/diario_boe/txt.php?id=BOE-A-2025-22543
100855,PUESTO_NUMERICO,BOE-A-2025-22543,HTML oficial revisado (líneas de tabla): N.º orden | Puesto | Denominación; 50370641 | OFICINA DE JUSTICIA DE ADRA.,50371476 (1 plazas),reextracción de la columna Denominación,CODIGO_DE_PUESTO,NO,https://www.boe.es/diario_boe/txt.php?id=BOE-A-2025-22543
100856,PUESTO_NUMERICO,BOE-A-2025-22543,HTML oficial revisado (líneas de tabla): N.º orden | Puesto | Denominación; 50370641 | OFICINA DE JUSTICIA DE ADRA.,50371524 (1 plazas),reextracción de la columna Denominación,CODIGO_DE_PUESTO,NO,https://www.boe.es/diario_boe/txt.php?id=BOE-A-2025-22543
100857,PUESTO_NUMERICO,BOE-A-2025-22543,HTML oficial revisado (líneas de tabla): N.º orden | Puesto | Denominación; 50370641 | OFICINA DE JUSTICIA DE ADRA.,50371522 (1 plazas),reextracción de la columna Denominación,CODIGO_DE_PUESTO,NO,https://www.boe.es/diario_boe/txt.php?id=BOE-A-2025-22543
100858,PUESTO_NUMERICO,BOE-A-2025-22543,HTML oficial revisado (líneas de tabla): N.º orden | Puesto | Denominación; 50370641 | OFICINA DE JUSTICIA DE ADRA.,50370705 (1 plazas),reextracción de la columna Denominación,CODIGO_DE_PUESTO,NO,https://www.boe.es/diario_boe/txt.php?id=BOE-A-2025-22543
100859,PUESTO_NUMERICO,BOE-A-2025-22543,HTML oficial revisado (líneas de tabla): N.º orden | Puesto | Denominación; 50370641 | OFICINA DE JUSTICIA DE ADRA.,50371560 (1 plazas),reextracción de la columna Denominación,CODIGO_DE_PUESTO,NO,https://www.boe.es/diario_boe/txt.php?id=BOE-A-2025-22543
100860,PUESTO_NUMERICO,BOE-A-2025-22543,HTML oficial revisado (líneas de tabla): N.º orden | Puesto | Denominación; 50370641 | OFICINA DE JUSTICIA DE ADRA.,50371576 (1 plazas),reextracción de la columna Denominación,CODIGO_DE_PUESTO,NO,https://www.boe.es/diario_boe/txt.php?id=BOE-A-2025-22543
100861,PUESTO_NUMERICO,BOE-A-2025-22543,HTML oficial revisado (líneas de tabla): N.º orden | Puesto | Denominación; 50370641 | OFICINA DE JUSTICIA DE ADRA.,50371578 (1 plazas),reextracción de la columna Denominación,CODIGO_DE_PUESTO,NO,https://www.boe.es/diario_boe/txt.php?id=BOE-A-2025-22543
100862,PUESTO_NUMERICO,BOE-A-2025-22543,HTML oficial revisado (líneas de tabla): N.º orden | Puesto | Denominación; 50370641 | OFICINA DE JUSTICIA DE ADRA.,50371590 (1 plazas),reextracción de la columna Denominación,CODIGO_DE_PUESTO,NO,https://www.boe.es/diario_boe/txt.php?id=BOE-A-2025-22543
100863,PUESTO_NUMERICO,BOE-A-2025-22543,HTML oficial revisado (líneas de tabla): N.º orden | Puesto | Denominación; 50370641 | OFICINA DE JUSTICIA DE ADRA.,50371595 (1 plazas),reextracción de la columna Denominación,CODIGO_DE_PUESTO,NO,https://www.boe.es/diario_boe/txt.php?id=BOE-A-2025-22543
100864,PUESTO_NUMERICO,BOE-A-2025-22543,HTML oficial revisado (líneas de tabla): N.º orden | Puesto | Denominación; 50370641 | OFICINA DE JUSTICIA DE ADRA.,50371598 (1 plazas),reextracción de la columna Denominación,CODIGO_DE_PUESTO,NO,https://www.boe.es/diario_boe/txt.php?id=BOE-A-2025-22543
100865,PUESTO_NUMERICO,BOE-A-2025-22543,HTML oficial revisado (líneas de tabla): N.º orden | Puesto | Denominación; 50370641 | OFICINA DE JUSTICIA DE ADRA.,50371616 (1 plazas),reextracción de la columna Denominación,CODIGO_DE_PUESTO,NO,https://www.boe.es/diario_boe/txt.php?id=BOE-A-2025-22543
100866,PUESTO_NUMERICO,BOE-A-2025-22543,HTML oficial revisado (líneas de tabla): N.º orden | Puesto | Denominación; 50370641 | OFICINA DE JUSTICIA DE ADRA.,50371632 (1 plazas),reextracción de la columna Denominación,CODIGO_DE_PUESTO,NO,https://www.boe.es/diario_boe/txt.php?id=BOE-A-2025-22543
100867,PUESTO_NUMERICO,BOE-A-2025-22543,HTML oficial revisado (líneas de tabla): N.º orden | Puesto | Denominación; 50370641 | OFICINA DE JUSTICIA DE ADRA.,50371633 (1 plazas),reextracción de la columna Denominación,CODIGO_DE_PUESTO,NO,https://www.boe.es/diario_boe/txt.php?id=BOE-A-2025-22543
100868,PUESTO_NUMERICO,BOE-A-2025-22543,HTML oficial revisado (líneas de tabla): N.º orden | Puesto | Denominación; 50370641 | OFICINA DE JUSTICIA DE ADRA.,50371634 (1 plazas),reextracción de la columna Denominación,CODIGO_DE_PUESTO,NO,https://www.boe.es/diario_boe/txt.php?id=BOE-A-2025-22543
100869,PUESTO_NUMERICO,BOE-A-2025-22543,HTML oficial revisado (líneas de tabla): N.º orden | Puesto | Denominación; 50370641 | OFICINA DE JUSTICIA DE ADRA.,50371640 (1 plazas),reextracción de la columna Denominación,CODIGO_DE_PUESTO,NO,https://www.boe.es/diario_boe/txt.php?id=BOE-A-2025-22543
100870,PUESTO_NUMERICO,BOE-A-2025-22543,HTML oficial revisado (líneas de tabla): N.º orden | Puesto | Denominación; 50370641 | OFICINA DE JUSTICIA DE ADRA.,50371670 (1 plazas),reextracción de la columna Denominación,CODIGO_DE_PUESTO,NO,https://www.boe.es/diario_boe/txt.php?id=BOE-A-2025-22543
100871,PUESTO_NUMERICO,BOE-A-2025-22543,HTML oficial revisado (líneas de tabla): N.º orden | Puesto | Denominación; 50370641 | OFICINA DE JUSTICIA DE ADRA.,50370710 (1 plazas),reextracción de la columna Denominación,CODIGO_DE_PUESTO,NO,https://www.boe.es/diario_boe/txt.php?id=BOE-A-2025-22543
100872,PUESTO_NUMERICO,BOE-A-2025-22543,HTML oficial revisado (líneas de tabla): N.º orden | Puesto | Denominación; 50370641 | OFICINA DE JUSTICIA DE ADRA.,50370711 (1 plazas),reextracción de la columna Denominación,CODIGO_DE_PUESTO,NO,https://www.boe.es/diario_boe/txt.php?id=BOE-A-2025-22543
100873,PUESTO_NUMERICO,BOE-A-2025-22543,HTML oficial revisado (líneas de tabla): N.º orden | Puesto | Denominación; 50370641 | OFICINA DE JUSTICIA DE ADRA.,50371620 (1 plazas),reextracción de la columna Denominación,CODIGO_DE_PUESTO,NO,https://www.boe.es/diario_boe/txt.php?id=BOE-A-2025-22543
100874,PUESTO_NUMERICO,BOE-A-2025-22543,HTML oficial revisado (líneas de tabla): N.º orden | Puesto | Denominación; 50370641 | OFICINA DE JUSTICIA DE ADRA.,50371619 (1 plazas),reextracción de la columna Denominación,CODIGO_DE_PUESTO,NO,https://www.boe.es/diario_boe/txt.php?id=BOE-A-2025-22543
100875,PUESTO_NUMERICO,BOE-A-2025-22543,HTML oficial revisado (líneas de tabla): N.º orden | Puesto | Denominación; 50370641 | OFICINA DE JUSTICIA DE ADRA.,50371628 (1 plazas),reextracción de la columna Denominación,CODIGO_DE_PUESTO,NO,https://www.boe.es/diario_boe/txt.php?id=BOE-A-2025-22543
100876,PUESTO_NUMERICO,BOE-A-2025-22543,HTML oficial revisado (líneas de tabla): N.º orden | Puesto | Denominación; 50370641 | OFICINA DE JUSTICIA DE ADRA.,50370743 (1 plazas),reextracción de la columna Denominación,CODIGO_DE_PUESTO,NO,https://www.boe.es/diario_boe/txt.php?id=BOE-A-2025-22543
100877,PUESTO_NUMERICO,BOE-A-2025-22543,HTML oficial revisado (líneas de tabla): N.º orden | Puesto | Denominación; 50370641 | OFICINA DE JUSTICIA DE ADRA.,50371674 (1 plazas),reextracción de la columna Denominación,CODIGO_DE_PUESTO,NO,https://www.boe.es/diario_boe/txt.php?id=BOE-A-2025-22543
100878,PUESTO_NUMERICO,BOE-A-2025-22543,HTML oficial revisado (líneas de tabla): N.º orden | Puesto | Denominación; 50370641 | OFICINA DE JUSTICIA DE ADRA.,50371677 (1 plazas),reextracción de la columna Denominación,CODIGO_DE_PUESTO,NO,https://www.boe.es/diario_boe/txt.php?id=BOE-A-2025-22543
100879,PUESTO_NUMERICO,BOE-A-2025-22543,HTML oficial revisado (líneas de tabla): N.º orden | Puesto | Denominación; 50370641 | OFICINA DE JUSTICIA DE ADRA.,50371685 (1 plazas),reextracción de la columna Denominación,CODIGO_DE_PUESTO,NO,https://www.boe.es/diario_boe/txt.php?id=BOE-A-2025-22543
100880,PUESTO_NUMERICO,BOE-A-2025-22543,HTML oficial revisado (líneas de tabla): N.º orden | Puesto | Denominación; 50370641 | OFICINA DE JUSTICIA DE ADRA.,50371689 (1 plazas),reextracción de la columna Denominación,CODIGO_DE_PUESTO,NO,https://www.boe.es/diario_boe/txt.php?id=BOE-A-2025-22543
100881,PUESTO_NUMERICO,BOE-A-2025-22543,HTML oficial revisado (líneas de tabla): N.º orden | Puesto | Denominación; 50370641 | OFICINA DE JUSTICIA DE ADRA.,50371690 (1 plazas),reextracción de la columna Denominación,CODIGO_DE_PUESTO,NO,https://www.boe.es/diario_boe/txt.php?id=BOE-A-2025-22543
100882,PUESTO_NUMERICO,BOE-A-2025-22543,HTML oficial revisado (líneas de tabla): N.º orden | Puesto | Denominación; 50370641 | OFICINA DE JUSTICIA DE ADRA.,50371691 (1 plazas),reextracción de la columna Denominación,CODIGO_DE_PUESTO,NO,https://www.boe.es/diario_boe/txt.php?id=BOE-A-2025-22543
100883,PUESTO_NUMERICO,BOE-A-2025-22543,HTML oficial revisado (líneas de tabla): N.º orden | Puesto | Denominación; 50370641 | OFICINA DE JUSTICIA DE ADRA.,50371692 (1 plazas),reextracción de la columna Denominación,CODIGO_DE_PUESTO,NO,https://www.boe.es/diario_boe/txt.php?id=BOE-A-2025-22543
100884,PUESTO_NUMERICO,BOE-A-2025-22543,HTML oficial revisado (líneas de tabla): N.º orden | Puesto | Denominación; 50370641 | OFICINA DE JUSTICIA DE ADRA.,50371693 (1 plazas),reextracción de la columna Denominación,CODIGO_DE_PUESTO,NO,https://www.boe.es/diario_boe/txt.php?id=BOE-A-2025-22543
100885,PUESTO_NUMERICO,BOE-A-2025-22543,HTML oficial revisado (líneas de tabla): N.º orden | Puesto | Denominación; 50370641 | OFICINA DE JUSTICIA DE ADRA.,50371694 (1 plazas),reextracción de la columna Denominación,CODIGO_DE_PUESTO,NO,https://www.boe.es/diario_boe/txt.php?id=BOE-A-2025-22543
100886,PUESTO_NUMERICO,BOE-A-2025-22543,HTML oficial revisado (líneas de tabla): N.º orden | Puesto | Denominación; 50370641 | OFICINA DE JUSTICIA DE ADRA.,50371695 (1 plazas),reextracción de la columna Denominación,CODIGO_DE_PUESTO,NO,https://www.boe.es/diario_boe/txt.php?id=BOE-A-2025-22543
100887,PUESTO_NUMERICO,BOE-A-2025-22543,HTML oficial revisado (líneas de tabla): N.º orden | Puesto | Denominación; 50370641 | OFICINA DE JUSTICIA DE ADRA.,50371719 (1 plazas),reextracción de la columna Denominación,CODIGO_DE_PUESTO,NO,https://www.boe.es/diario_boe/txt.php?id=BOE-A-2025-22543
100888,PUESTO_NUMERICO,BOE-A-2025-22543,HTML oficial revisado (líneas de tabla): N.º orden | Puesto | Denominación; 50370641 | OFICINA DE JUSTICIA DE ADRA.,50371732 (1 plazas),reextracción de la columna Denominación,CODIGO_DE_PUESTO,NO,https://www.boe.es/diario_boe/txt.php?id=BOE-A-2025-22543
100889,PUESTO_NUMERICO,BOE-A-2025-22543,HTML oficial revisado (líneas de tabla): N.º orden | Puesto | Denominación; 50370641 | OFICINA DE JUSTICIA DE ADRA.,50371741 (1 plazas),reextracción de la columna Denominación,CODIGO_DE_PUESTO,NO,https://www.boe.es/diario_boe/txt.php?id=BOE-A-2025-22543
100890,PUESTO_NUMERICO,BOE-A-2025-22543,HTML oficial revisado (líneas de tabla): N.º orden | Puesto | Denominación; 50370641 | OFICINA DE JUSTICIA DE ADRA.,50370746 (1 plazas),reextracción de la columna Denominación,CODIGO_DE_PUESTO,NO,https://www.boe.es/diario_boe/txt.php?id=BOE-A-2025-22543
100891,PUESTO_NUMERICO,BOE-A-2025-22543,HTML oficial revisado (líneas de tabla): N.º orden | Puesto | Denominación; 50370641 | OFICINA DE JUSTICIA DE ADRA.,50370729 (1 plazas),reextracción de la columna Denominación,CODIGO_DE_PUESTO,NO,https://www.boe.es/diario_boe/txt.php?id=BOE-A-2025-22543
100892,PUESTO_NUMERICO,BOE-A-2025-22543,HTML oficial revisado (líneas de tabla): N.º orden | Puesto | Denominación; 50370641 | OFICINA DE JUSTICIA DE ADRA.,50370730 (1 plazas),reextracción de la columna Denominación,CODIGO_DE_PUESTO,NO,https://www.boe.es/diario_boe/txt.php?id=BOE-A-2025-22543
100893,PUESTO_NUMERICO,BOE-A-2025-22543,HTML oficial revisado (líneas de tabla): N.º orden | Puesto | Denominación; 50370641 | OFICINA DE JUSTICIA DE ADRA.,50370733 (1 plazas),reextracción de la columna Denominación,CODIGO_DE_PUESTO,NO,https://www.boe.es/diario_boe/txt.php?id=BOE-A-2025-22543
100894,PUESTO_NUMERICO,BOE-A-2025-22543,HTML oficial revisado (líneas de tabla): N.º orden | Puesto | Denominación; 50370641 | OFICINA DE JUSTICIA DE ADRA.,50370736 (1 plazas),reextracción de la columna Denominación,CODIGO_DE_PUESTO,NO,https://www.boe.es/diario_boe/txt.php?id=BOE-A-2025-22543
100895,PUESTO_NUMERICO,BOE-A-2025-22543,HTML oficial revisado (líneas de tabla): N.º orden | Puesto | Denominación; 50370641 | OFICINA DE JUSTICIA DE ADRA.,50370853 (1 plazas),reextracción de la columna Denominación,CODIGO_DE_PUESTO,NO,https://www.boe.es/diario_boe/txt.php?id=BOE-A-2025-22543
100896,PUESTO_NUMERICO,BOE-A-2025-22543,HTML oficial revisado (líneas de tabla): N.º orden | Puesto | Denominación; 50370641 | OFICINA DE JUSTICIA DE ADRA.,50371783 (1 plazas),reextracción de la columna Denominación,CODIGO_DE_PUESTO,NO,https://www.boe.es/diario_boe/txt.php?id=BOE-A-2025-22543
100897,PUESTO_NUMERICO,BOE-A-2025-22543,HTML oficial revisado (líneas de tabla): N.º orden | Puesto | Denominación; 50370641 | OFICINA DE JUSTICIA DE ADRA.,50371786 (1 plazas),reextracción de la columna Denominación,CODIGO_DE_PUESTO,NO,https://www.boe.es/diario_boe/txt.php?id=BOE-A-2025-22543
100898,PUESTO_NUMERICO,BOE-A-2025-22543,HTML oficial revisado (líneas de tabla): N.º orden | Puesto | Denominación; 50370641 | OFICINA DE JUSTICIA DE ADRA.,50371784 (1 plazas),reextracción de la columna Denominación,CODIGO_DE_PUESTO,NO,https://www.boe.es/diario_boe/txt.php?id=BOE-A-2025-22543
100899,PUESTO_NUMERICO,BOE-A-2025-22543,HTML oficial revisado (líneas de tabla): N.º orden | Puesto | Denominación; 50370641 | OFICINA DE JUSTICIA DE ADRA.,50371785 (1 plazas),reextracción de la columna Denominación,CODIGO_DE_PUESTO,NO,https://www.boe.es/diario_boe/txt.php?id=BOE-A-2025-22543
100900,PUESTO_NUMERICO,BOE-A-2025-22543,HTML oficial revisado (líneas de tabla): N.º orden | Puesto | Denominación; 50370641 | OFICINA DE JUSTICIA DE ADRA.,50371801 (1 plazas),reextracción de la columna Denominación,CODIGO_DE_PUESTO,NO,https://www.boe.es/diario_boe/txt.php?id=BOE-A-2025-22543
100901,PUESTO_NUMERICO,BOE-A-2025-22543,HTML oficial revisado (líneas de tabla): N.º orden | Puesto | Denominación; 50370641 | OFICINA DE JUSTICIA DE ADRA.,50370851 (1 plazas),reextracción de la columna Denominación,CODIGO_DE_PUESTO,NO,https://www.boe.es/diario_boe/txt.php?id=BOE-A-2025-22543
100902,PUESTO_NUMERICO,BOE-A-2025-22543,HTML oficial revisado (líneas de tabla): N.º orden | Puesto | Denominación; 50370641 | OFICINA DE JUSTICIA DE ADRA.,50371746 (1 plazas),reextracción de la columna Denominación,CODIGO_DE_PUESTO,NO,https://www.boe.es/diario_boe/txt.php?id=BOE-A-2025-22543
100903,PUESTO_NUMERICO,BOE-A-2025-22543,HTML oficial revisado (líneas de tabla): N.º orden | Puesto | Denominación; 50370641 | OFICINA DE JUSTICIA DE ADRA.,50371747 (1 plazas),reextracción de la columna Denominación,CODIGO_DE_PUESTO,NO,https://www.boe.es/diario_boe/txt.php?id=BOE-A-2025-22543
100904,PUESTO_NUMERICO,BOE-A-2025-22543,HTML oficial revisado (líneas de tabla): N.º orden | Puesto | Denominación; 50370641 | OFICINA DE JUSTICIA DE ADRA.,50371748 (1 plazas),reextracción de la columna Denominación,CODIGO_DE_PUESTO,NO,https://www.boe.es/diario_boe/txt.php?id=BOE-A-2025-22543
100905,PUESTO_NUMERICO,BOE-A-2025-22543,HTML oficial revisado (líneas de tabla): N.º orden | Puesto | Denominación; 50370641 | OFICINA DE JUSTICIA DE ADRA.,50371752 (1 plazas),reextracción de la columna Denominación,CODIGO_DE_PUESTO,NO,https://www.boe.es/diario_boe/txt.php?id=BOE-A-2025-22543
100906,PUESTO_NUMERICO,BOE-A-2025-22543,HTML oficial revisado (líneas de tabla): N.º orden | Puesto | Denominación; 50370641 | OFICINA DE JUSTICIA DE ADRA.,50371780 (1 plazas),reextracción de la columna Denominación,CODIGO_DE_PUESTO,NO,https://www.boe.es/diario_boe/txt.php?id=BOE-A-2025-22543
100907,PUESTO_NUMERICO,BOE-A-2025-22543,HTML oficial revisado (líneas de tabla): N.º orden | Puesto | Denominación; 50370641 | OFICINA DE JUSTICIA DE ADRA.,50371804 (1 plazas),reextracción de la columna Denominación,CODIGO_DE_PUESTO,NO,https://www.boe.es/diario_boe/txt.php?id=BOE-A-2025-22543
100908,PUESTO_NUMERICO,BOE-A-2025-22543,HTML oficial revisado (líneas de tabla): N.º orden | Puesto | Denominación; 50370641 | OFICINA DE JUSTICIA DE ADRA.,50371807 (1 plazas),reextracción de la columna Denominación,CODIGO_DE_PUESTO,NO,https://www.boe.es/diario_boe/txt.php?id=BOE-A-2025-22543
100909,PUESTO_NUMERICO,BOE-A-2025-22543,HTML oficial revisado (líneas de tabla): N.º orden | Puesto | Denominación; 50370641 | OFICINA DE JUSTICIA DE ADRA.,50371805 (1 plazas),reextracción de la columna Denominación,CODIGO_DE_PUESTO,NO,https://www.boe.es/diario_boe/txt.php?id=BOE-A-2025-22543
100910,PUESTO_NUMERICO,BOE-A-2025-22543,HTML oficial revisado (líneas de tabla): N.º orden | Puesto | Denominación; 50370641 | OFICINA DE JUSTICIA DE ADRA.,50371817 (1 plazas),reextracción de la columna Denominación,CODIGO_DE_PUESTO,NO,https://www.boe.es/diario_boe/txt.php?id=BOE-A-2025-22543
100911,PUESTO_NUMERICO,BOE-A-2025-22543,HTML oficial revisado (líneas de tabla): N.º orden | Puesto | Denominación; 50370641 | OFICINA DE JUSTICIA DE ADRA.,50371823 (1 plazas),reextracción de la columna Denominación,CODIGO_DE_PUESTO,NO,https://www.boe.es/diario_boe/txt.php?id=BOE-A-2025-22543
100912,PUESTO_NUMERICO,BOE-A-2025-22543,HTML oficial revisado (líneas de tabla): N.º orden | Puesto | Denominación; 50370641 | OFICINA DE JUSTICIA DE ADRA.,50371822 (1 plazas),reextracción de la columna Denominación,CODIGO_DE_PUESTO,NO,https://www.boe.es/diario_boe/txt.php?id=BOE-A-2025-22543
100913,PUESTO_NUMERICO,BOE-A-2025-22543,HTML oficial revisado (líneas de tabla): N.º orden | Puesto | Denominación; 50370641 | OFICINA DE JUSTICIA DE ADRA.,50371830 (1 plazas),reextracción de la columna Denominación,CODIGO_DE_PUESTO,NO,https://www.boe.es/diario_boe/txt.php?id=BOE-A-2025-22543
100914,PUESTO_NUMERICO,BOE-A-2025-22543,HTML oficial revisado (líneas de tabla): N.º orden | Puesto | Denominación; 50370641 | OFICINA DE JUSTICIA DE ADRA.,50370755 (1 plazas),reextracción de la columna Denominación,CODIGO_DE_PUESTO,NO,https://www.boe.es/diario_boe/txt.php?id=BOE-A-2025-22543
100915,PUESTO_NUMERICO,BOE-A-2025-22543,HTML oficial revisado (líneas de tabla): N.º orden | Puesto | Denominación; 50370641 | OFICINA DE JUSTICIA DE ADRA.,50371882 (1 plazas),reextracción de la columna Denominación,CODIGO_DE_PUESTO,NO,https://www.boe.es/diario_boe/txt.php?id=BOE-A-2025-22543
100916,PUESTO_NUMERICO,BOE-A-2025-22543,HTML oficial revisado (líneas de tabla): N.º orden | Puesto | Denominación; 50370641 | OFICINA DE JUSTICIA DE ADRA.,50371871 (1 plazas),reextracción de la columna Denominación,CODIGO_DE_PUESTO,NO,https://www.boe.es/diario_boe/txt.php?id=BOE-A-2025-22543
100917,PUESTO_NUMERICO,BOE-A-2025-22543,HTML oficial revisado (líneas de tabla): N.º orden | Puesto | Denominación; 50370641 | OFICINA DE JUSTICIA DE ADRA.,50370766 (1 plazas),reextracción de la columna Denominación,CODIGO_DE_PUESTO,NO,https://www.boe.es/diario_boe/txt.php?id=BOE-A-2025-22543
100918,PUESTO_NUMERICO,BOE-A-2025-22543,HTML oficial revisado (líneas de tabla): N.º orden | Puesto | Denominación; 50370641 | OFICINA DE JUSTICIA DE ADRA.,50371934 (1 plazas),reextracción de la columna Denominación,CODIGO_DE_PUESTO,NO,https://www.boe.es/diario_boe/txt.php?id=BOE-A-2025-22543
100919,PUESTO_NUMERICO,BOE-A-2025-22543,HTML oficial revisado (líneas de tabla): N.º orden | Puesto | Denominación; 50370641 | OFICINA DE JUSTICIA DE ADRA.,50371935 (1 plazas),reextracción de la columna Denominación,CODIGO_DE_PUESTO,NO,https://www.boe.es/diario_boe/txt.php?id=BOE-A-2025-22543
100920,PUESTO_NUMERICO,BOE-A-2025-22543,HTML oficial revisado (líneas de tabla): N.º orden | Puesto | Denominación; 50370641 | OFICINA DE JUSTICIA DE ADRA.,50371947 (1 plazas),reextracción de la columna Denominación,CODIGO_DE_PUESTO,NO,https://www.boe.es/diario_boe/txt.php?id=BOE-A-2025-22543
100921,PUESTO_NUMERICO,BOE-A-2025-22543,HTML oficial revisado (líneas de tabla): N.º orden | Puesto | Denominación; 50370641 | OFICINA DE JUSTICIA DE ADRA.,50371951 (1 plazas),reextracción de la columna Denominación,CODIGO_DE_PUESTO,NO,https://www.boe.es/diario_boe/txt.php?id=BOE-A-2025-22543
100922,PUESTO_NUMERICO,BOE-A-2025-22543,HTML oficial revisado (líneas de tabla): N.º orden | Puesto | Denominación; 50370641 | OFICINA DE JUSTICIA DE ADRA.,50370760 (1 plazas),reextracción de la columna Denominación,CODIGO_DE_PUESTO,NO,https://www.boe.es/diario_boe/txt.php?id=BOE-A-2025-22543
100923,PUESTO_NUMERICO,BOE-A-2025-22543,HTML oficial revisado (líneas de tabla): N.º orden | Puesto | Denominación; 50370641 | OFICINA DE JUSTICIA DE ADRA.,50370774 (1 plazas),reextracción de la columna Denominación,CODIGO_DE_PUESTO,NO,https://www.boe.es/diario_boe/txt.php?id=BOE-A-2025-22543
100924,PUESTO_NUMERICO,BOE-A-2025-22543,HTML oficial revisado (líneas de tabla): N.º orden | Puesto | Denominación; 50370641 | OFICINA DE JUSTICIA DE ADRA.,50371996 (1 plazas),reextracción de la columna Denominación,CODIGO_DE_PUESTO,NO,https://www.boe.es/diario_boe/txt.php?id=BOE-A-2025-22543
100925,PUESTO_NUMERICO,BOE-A-2025-22543,HTML oficial revisado (líneas de tabla): N.º orden | Puesto | Denominación; 50370641 | OFICINA DE JUSTICIA DE ADRA.,50371993 (1 plazas),reextracción de la columna Denominación,CODIGO_DE_PUESTO,NO,https://www.boe.es/diario_boe/txt.php?id=BOE-A-2025-22543
100926,PUESTO_NUMERICO,BOE-A-2025-22543,HTML oficial revisado (líneas de tabla): N.º orden | Puesto | Denominación; 50370641 | OFICINA DE JUSTICIA DE ADRA.,50371995 (1 plazas),reextracción de la columna Denominación,CODIGO_DE_PUESTO,NO,https://www.boe.es/diario_boe/txt.php?id=BOE-A-2025-22543
100927,PUESTO_NUMERICO,BOE-A-2025-22543,HTML oficial revisado (líneas de tabla): N.º orden | Puesto | Denominación; 50370641 | OFICINA DE JUSTICIA DE ADRA.,50371964 (1 plazas),reextracción de la columna Denominación,CODIGO_DE_PUESTO,NO,https://www.boe.es/diario_boe/txt.php?id=BOE-A-2025-22543
100928,PUESTO_NUMERICO,BOE-A-2025-22543,HTML oficial revisado (líneas de tabla): N.º orden | Puesto | Denominación; 50370641 | OFICINA DE JUSTICIA DE ADRA.,50371969 (1 plazas),reextracción de la columna Denominación,CODIGO_DE_PUESTO,NO,https://www.boe.es/diario_boe/txt.php?id=BOE-A-2025-22543
100929,PUESTO_NUMERICO,BOE-A-2025-22543,HTML oficial revisado (líneas de tabla): N.º orden | Puesto | Denominación; 50370641 | OFICINA DE JUSTICIA DE ADRA.,50371989 (1 plazas),reextracción de la columna Denominación,CODIGO_DE_PUESTO,NO,https://www.boe.es/diario_boe/txt.php?id=BOE-A-2025-22543
100930,PUESTO_NUMERICO,BOE-A-2025-22543,HTML oficial revisado (líneas de tabla): N.º orden | Puesto | Denominación; 50370641 | OFICINA DE JUSTICIA DE ADRA.,50370779 (1 plazas),reextracción de la columna Denominación,CODIGO_DE_PUESTO,NO,https://www.boe.es/diario_boe/txt.php?id=BOE-A-2025-22543
100931,PUESTO_NUMERICO,BOE-A-2025-22543,HTML oficial revisado (líneas de tabla): N.º orden | Puesto | Denominación; 50370641 | OFICINA DE JUSTICIA DE ADRA.,50372008 (1 plazas),reextracción de la columna Denominación,CODIGO_DE_PUESTO,NO,https://www.boe.es/diario_boe/txt.php?id=BOE-A-2025-22543
100932,PUESTO_NUMERICO,BOE-A-2025-22543,HTML oficial revisado (líneas de tabla): N.º orden | Puesto | Denominación; 50370641 | OFICINA DE JUSTICIA DE ADRA.,50372045 (1 plazas),reextracción de la columna Denominación,CODIGO_DE_PUESTO,NO,https://www.boe.es/diario_boe/txt.php?id=BOE-A-2025-22543
100933,PUESTO_NUMERICO,BOE-A-2025-22543,HTML oficial revisado (líneas de tabla): N.º orden | Puesto | Denominación; 50370641 | OFICINA DE JUSTICIA DE ADRA.,50372048 (1 plazas),reextracción de la columna Denominación,CODIGO_DE_PUESTO,NO,https://www.boe.es/diario_boe/txt.php?id=BOE-A-2025-22543
100934,PUESTO_NUMERICO,BOE-A-2025-22543,HTML oficial revisado (líneas de tabla): N.º orden | Puesto | Denominación; 50370641 | OFICINA DE JUSTICIA DE ADRA.,50372049 (1 plazas),reextracción de la columna Denominación,CODIGO_DE_PUESTO,NO,https://www.boe.es/diario_boe/txt.php?id=BOE-A-2025-22543
100935,PUESTO_NUMERICO,BOE-A-2025-22543,HTML oficial revisado (líneas de tabla): N.º orden | Puesto | Denominación; 50370641 | OFICINA DE JUSTICIA DE ADRA.,50372075 (1 plazas),reextracción de la columna Denominación,CODIGO_DE_PUESTO,NO,https://www.boe.es/diario_boe/txt.php?id=BOE-A-2025-22543
100936,PUESTO_NUMERICO,BOE-A-2025-22543,HTML oficial revisado (líneas de tabla): N.º orden | Puesto | Denominación; 50370641 | OFICINA DE JUSTICIA DE ADRA.,50372076 (1 plazas),reextracción de la columna Denominación,CODIGO_DE_PUESTO,NO,https://www.boe.es/diario_boe/txt.php?id=BOE-A-2025-22543
100937,PUESTO_NUMERICO,BOE-A-2025-22543,HTML oficial revisado (líneas de tabla): N.º orden | Puesto | Denominación; 50370641 | OFICINA DE JUSTICIA DE ADRA.,50372621 (1 plazas),reextracción de la columna Denominación,CODIGO_DE_PUESTO,NO,https://www.boe.es/diario_boe/txt.php?id=BOE-A-2025-22543
100938,PUESTO_NUMERICO,BOE-A-2025-22543,HTML oficial revisado (líneas de tabla): N.º orden | Puesto | Denominación; 50370641 | OFICINA DE JUSTICIA DE ADRA.,50372135 (1 plazas),reextracción de la columna Denominación,CODIGO_DE_PUESTO,NO,https://www.boe.es/diario_boe/txt.php?id=BOE-A-2025-22543
100939,PUESTO_NUMERICO,BOE-A-2025-22543,HTML oficial revisado (líneas de tabla): N.º orden | Puesto | Denominación; 50370641 | OFICINA DE JUSTICIA DE ADRA.,50372136 (1 plazas),reextracción de la columna Denominación,CODIGO_DE_PUESTO,NO,https://www.boe.es/diario_boe/txt.php?id=BOE-A-2025-22543
100940,PUESTO_NUMERICO,BOE-A-2025-22543,HTML oficial revisado (líneas de tabla): N.º orden | Puesto | Denominación; 50370641 | OFICINA DE JUSTICIA DE ADRA.,50372222 (1 plazas),reextracción de la columna Denominación,CODIGO_DE_PUESTO,NO,https://www.boe.es/diario_boe/txt.php?id=BOE-A-2025-22543
100941,PUESTO_NUMERICO,BOE-A-2025-22543,HTML oficial revisado (líneas de tabla): N.º orden | Puesto | Denominación; 50370641 | OFICINA DE JUSTICIA DE ADRA.,50372167 (1 plazas),reextracción de la columna Denominación,CODIGO_DE_PUESTO,NO,https://www.boe.es/diario_boe/txt.php?id=BOE-A-2025-22543
100942,PUESTO_NUMERICO,BOE-A-2025-22543,HTML oficial revisado (líneas de tabla): N.º orden | Puesto | Denominación; 50370641 | OFICINA DE JUSTICIA DE ADRA.,50372175 (1 plazas),reextracción de la columna Denominación,CODIGO_DE_PUESTO,NO,https://www.boe.es/diario_boe/txt.php?id=BOE-A-2025-22543
100943,PUESTO_NUMERICO,BOE-A-2025-22543,HTML oficial revisado (líneas de tabla): N.º orden | Puesto | Denominación; 50370641 | OFICINA DE JUSTICIA DE ADRA.,50372243 (1 plazas),reextracción de la columna Denominación,CODIGO_DE_PUESTO,NO,https://www.boe.es/diario_boe/txt.php?id=BOE-A-2025-22543
100944,PUESTO_NUMERICO,BOE-A-2025-22543,HTML oficial revisado (líneas de tabla): N.º orden | Puesto | Denominación; 50370641 | OFICINA DE JUSTICIA DE ADRA.,50370827 (1 plazas),reextracción de la columna Denominación,CODIGO_DE_PUESTO,NO,https://www.boe.es/diario_boe/txt.php?id=BOE-A-2025-22543
100945,PUESTO_NUMERICO,BOE-A-2025-22543,HTML oficial revisado (líneas de tabla): N.º orden | Puesto | Denominación; 50370641 | OFICINA DE JUSTICIA DE ADRA.,50372276 (1 plazas),reextracción de la columna Denominación,CODIGO_DE_PUESTO,NO,https://www.boe.es/diario_boe/txt.php?id=BOE-A-2025-22543
100946,PUESTO_NUMERICO,BOE-A-2025-22543,HTML oficial revisado (líneas de tabla): N.º orden | Puesto | Denominación; 50370641 | OFICINA DE JUSTICIA DE ADRA.,50372279 (1 plazas),reextracción de la columna Denominación,CODIGO_DE_PUESTO,NO,https://www.boe.es/diario_boe/txt.php?id=BOE-A-2025-22543
100947,PUESTO_NUMERICO,BOE-A-2025-22543,HTML oficial revisado (líneas de tabla): N.º orden | Puesto | Denominación; 50370641 | OFICINA DE JUSTICIA DE ADRA.,50372304 (1 plazas),reextracción de la columna Denominación,CODIGO_DE_PUESTO,NO,https://www.boe.es/diario_boe/txt.php?id=BOE-A-2025-22543
100948,PUESTO_NUMERICO,BOE-A-2025-22543,HTML oficial revisado (líneas de tabla): N.º orden | Puesto | Denominación; 50370641 | OFICINA DE JUSTICIA DE ADRA.,50372309 (1 plazas),reextracción de la columna Denominación,CODIGO_DE_PUESTO,NO,https://www.boe.es/diario_boe/txt.php?id=BOE-A-2025-22543
100949,PUESTO_NUMERICO,BOE-A-2025-22543,HTML oficial revisado (líneas de tabla): N.º orden | Puesto | Denominación; 50370641 | OFICINA DE JUSTICIA DE ADRA.,50370849 (1 plazas),reextracción de la columna Denominación,CODIGO_DE_PUESTO,NO,https://www.boe.es/diario_boe/txt.php?id=BOE-A-2025-22543
100950,PUESTO_NUMERICO,BOE-A-2025-22543,HTML oficial revisado (líneas de tabla): N.º orden | Puesto | Denominación; 50370641 | OFICINA DE JUSTICIA DE ADRA.,50372312 (1 plazas),reextracción de la columna Denominación,CODIGO_DE_PUESTO,NO,https://www.boe.es/diario_boe/txt.php?id=BOE-A-2025-22543
100951,PUESTO_NUMERICO,BOE-A-2025-22543,HTML oficial revisado (líneas de tabla): N.º orden | Puesto | Denominación; 50370641 | OFICINA DE JUSTICIA DE ADRA.,50372349 (1 plazas),reextracción de la columna Denominación,CODIGO_DE_PUESTO,NO,https://www.boe.es/diario_boe/txt.php?id=BOE-A-2025-22543
100952,PUESTO_NUMERICO,BOE-A-2025-22543,HTML oficial revisado (líneas de tabla): N.º orden | Puesto | Denominación; 50370641 | OFICINA DE JUSTICIA DE ADRA.,50372350 (1 plazas),reextracción de la columna Denominación,CODIGO_DE_PUESTO,NO,https://www.boe.es/diario_boe/txt.php?id=BOE-A-2025-22543
100953,PUESTO_NUMERICO,BOE-A-2025-22543,HTML oficial revisado (líneas de tabla): N.º orden | Puesto | Denominación; 50370641 | OFICINA DE JUSTICIA DE ADRA.,50372430 (1 plazas),reextracción de la columna Denominación,CODIGO_DE_PUESTO,NO,https://www.boe.es/diario_boe/txt.php?id=BOE-A-2025-22543
100954,PUESTO_NUMERICO,BOE-A-2025-22543,HTML oficial revisado (líneas de tabla): N.º orden | Puesto | Denominación; 50370641 | OFICINA DE JUSTICIA DE ADRA.,50372439 (1 plazas),reextracción de la columna Denominación,CODIGO_DE_PUESTO,NO,https://www.boe.es/diario_boe/txt.php?id=BOE-A-2025-22543
100955,PUESTO_NUMERICO,BOE-A-2025-22543,HTML oficial revisado (líneas de tabla): N.º orden | Puesto | Denominación; 50370641 | OFICINA DE JUSTICIA DE ADRA.,50372442 (1 plazas),reextracción de la columna Denominación,CODIGO_DE_PUESTO,NO,https://www.boe.es/diario_boe/txt.php?id=BOE-A-2025-22543
100956,PUESTO_NUMERICO,BOE-A-2025-22543,HTML oficial revisado (líneas de tabla): N.º orden | Puesto | Denominación; 50370641 | OFICINA DE JUSTICIA DE ADRA.,50372458 (1 plazas),reextracción de la columna Denominación,CODIGO_DE_PUESTO,NO,https://www.boe.es/diario_boe/txt.php?id=BOE-A-2025-22543
100957,PUESTO_NUMERICO,BOE-A-2025-22543,HTML oficial revisado (líneas de tabla): N.º orden | Puesto | Denominación; 50370641 | OFICINA DE JUSTICIA DE ADRA.,50372467 (1 plazas),reextracción de la columna Denominación,CODIGO_DE_PUESTO,NO,https://www.boe.es/diario_boe/txt.php?id=BOE-A-2025-22543
100958,PUESTO_NUMERICO,BOE-A-2025-22543,HTML oficial revisado (líneas de tabla): N.º orden | Puesto | Denominación; 50370641 | OFICINA DE JUSTICIA DE ADRA.,50372464 (1 plazas),reextracción de la columna Denominación,CODIGO_DE_PUESTO,NO,https://www.boe.es/diario_boe/txt.php?id=BOE-A-2025-22543
100959,PUESTO_NUMERICO,BOE-A-2025-22543,HTML oficial revisado (líneas de tabla): N.º orden | Puesto | Denominación; 50370641 | OFICINA DE JUSTICIA DE ADRA.,50372487 (1 plazas),reextracción de la columna Denominación,CODIGO_DE_PUESTO,NO,https://www.boe.es/diario_boe/txt.php?id=BOE-A-2025-22543
100960,PUESTO_NUMERICO,BOE-A-2025-22543,HTML oficial revisado (líneas de tabla): N.º orden | Puesto | Denominación; 50370641 | OFICINA DE JUSTICIA DE ADRA.,50372507 (1 plazas),reextracción de la columna Denominación,CODIGO_DE_PUESTO,NO,https://www.boe.es/diario_boe/txt.php?id=BOE-A-2025-22543
100961,PUESTO_NUMERICO,BOE-A-2025-22543,HTML oficial revisado (líneas de tabla): N.º orden | Puesto | Denominación; 50370641 | OFICINA DE JUSTICIA DE ADRA.,50372522 (1 plazas),reextracción de la columna Denominación,CODIGO_DE_PUESTO,NO,https://www.boe.es/diario_boe/txt.php?id=BOE-A-2025-22543
100962,PUESTO_NUMERICO,BOE-A-2025-22543,HTML oficial revisado (líneas de tabla): N.º orden | Puesto | Denominación; 50370641 | OFICINA DE JUSTICIA DE ADRA.,50370797 (1 plazas),reextracción de la columna Denominación,CODIGO_DE_PUESTO,NO,https://www.boe.es/diario_boe/txt.php?id=BOE-A-2025-22543
100963,PUESTO_NUMERICO,BOE-A-2025-22543,HTML oficial revisado (líneas de tabla): N.º orden | Puesto | Denominación; 50370641 | OFICINA DE JUSTICIA DE ADRA.,50370846 (1 plazas),reextracción de la columna Denominación,CODIGO_DE_PUESTO,NO,https://www.boe.es/diario_boe/txt.php?id=BOE-A-2025-22543
100964,PUESTO_NUMERICO,BOE-A-2025-22543,HTML oficial revisado (líneas de tabla): N.º orden | Puesto | Denominación; 50370641 | OFICINA DE JUSTICIA DE ADRA.,50370837 (1 plazas),reextracción de la columna Denominación,CODIGO_DE_PUESTO,NO,https://www.boe.es/diario_boe/txt.php?id=BOE-A-2025-22543
100965,PUESTO_NUMERICO,BOE-A-2025-22543,HTML oficial revisado (líneas de tabla): N.º orden | Puesto | Denominación; 50370641 | OFICINA DE JUSTICIA DE ADRA.,50372581 (1 plazas),reextracción de la columna Denominación,CODIGO_DE_PUESTO,NO,https://www.boe.es/diario_boe/txt.php?id=BOE-A-2025-22543
100966,PUESTO_NUMERICO,BOE-A-2025-22543,HTML oficial revisado (líneas de tabla): N.º orden | Puesto | Denominación; 50370641 | OFICINA DE JUSTICIA DE ADRA.,50372582 (1 plazas),reextracción de la columna Denominación,CODIGO_DE_PUESTO,NO,https://www.boe.es/diario_boe/txt.php?id=BOE-A-2025-22543
100967,PUESTO_NUMERICO,BOE-A-2025-22543,HTML oficial revisado (líneas de tabla): N.º orden | Puesto | Denominación; 50370641 | OFICINA DE JUSTICIA DE ADRA.,50372589 (1 plazas),reextracción de la columna Denominación,CODIGO_DE_PUESTO,NO,https://www.boe.es/diario_boe/txt.php?id=BOE-A-2025-22543
100968,PUESTO_NUMERICO,BOE-A-2025-22543,HTML oficial revisado (líneas de tabla): N.º orden | Puesto | Denominación; 50370641 | OFICINA DE JUSTICIA DE ADRA.,50370859 (1 plazas),reextracción de la columna Denominación,CODIGO_DE_PUESTO,NO,https://www.boe.es/diario_boe/txt.php?id=BOE-A-2025-22543
100969,PUESTO_NUMERICO,BOE-A-2025-22543,HTML oficial revisado (líneas de tabla): N.º orden | Puesto | Denominación; 50370641 | OFICINA DE JUSTICIA DE ADRA.,50370860 (1 plazas),reextracción de la columna Denominación,CODIGO_DE_PUESTO,NO,https://www.boe.es/diario_boe/txt.php?id=BOE-A-2025-22543
100970,PUESTO_NUMERICO,BOE-A-2025-22543,HTML oficial revisado (líneas de tabla): N.º orden | Puesto | Denominación; 50370641 | OFICINA DE JUSTICIA DE ADRA.,50370861 (1 plazas),reextracción de la columna Denominación,CODIGO_DE_PUESTO,NO,https://www.boe.es/diario_boe/txt.php?id=BOE-A-2025-22543
100971,PUESTO_NUMERICO,BOE-A-2025-22543,HTML oficial revisado (líneas de tabla): N.º orden | Puesto | Denominación; 50370641 | OFICINA DE JUSTICIA DE ADRA.,50370865 (1 plazas),reextracción de la columna Denominación,CODIGO_DE_PUESTO,NO,https://www.boe.es/diario_boe/txt.php?id=BOE-A-2025-22543
100972,PUESTO_NUMERICO,BOE-A-2025-22543,HTML oficial revisado (líneas de tabla): N.º orden | Puesto | Denominación; 50370641 | OFICINA DE JUSTICIA DE ADRA.,50370885 (1 plazas),reextracción de la columna Denominación,CODIGO_DE_PUESTO,NO,https://www.boe.es/diario_boe/txt.php?id=BOE-A-2025-22543
100973,PUESTO_NUMERICO,BOE-A-2025-22543,HTML oficial revisado (líneas de tabla): N.º orden | Puesto | Denominación; 50370641 | OFICINA DE JUSTICIA DE ADRA.,50370886 (1 plazas),reextracción de la columna Denominación,CODIGO_DE_PUESTO,NO,https://www.boe.es/diario_boe/txt.php?id=BOE-A-2025-22543
100974,PUESTO_NUMERICO,BOE-A-2025-22543,HTML oficial revisado (líneas de tabla): N.º orden | Puesto | Denominación; 50370641 | OFICINA DE JUSTICIA DE ADRA.,50370924 (1 plazas),reextracción de la columna Denominación,CODIGO_DE_PUESTO,NO,https://www.boe.es/diario_boe/txt.php?id=BOE-A-2025-22543
100975,PUESTO_NUMERICO,BOE-A-2025-22543,HTML oficial revisado (líneas de tabla): N.º orden | Puesto | Denominación; 50370641 | OFICINA DE JUSTICIA DE ADRA.,50370925 (1 plazas),reextracción de la columna Denominación,CODIGO_DE_PUESTO,NO,https://www.boe.es/diario_boe/txt.php?id=BOE-A-2025-22543
100976,PUESTO_NUMERICO,BOE-A-2025-22543,HTML oficial revisado (líneas de tabla): N.º orden | Puesto | Denominación; 50370641 | OFICINA DE JUSTICIA DE ADRA.,50370926 (1 plazas),reextracción de la columna Denominación,CODIGO_DE_PUESTO,NO,https://www.boe.es/diario_boe/txt.php?id=BOE-A-2025-22543
100977,PUESTO_NUMERICO,BOE-A-2025-22543,HTML oficial revisado (líneas de tabla): N.º orden | Puesto | Denominación; 50370641 | OFICINA DE JUSTICIA DE ADRA.,50370930 (1 plazas),reextracción de la columna Denominación,CODIGO_DE_PUESTO,NO,https://www.boe.es/diario_boe/txt.php?id=BOE-A-2025-22543
100978,PUESTO_NUMERICO,BOE-A-2025-22543,HTML oficial revisado (líneas de tabla): N.º orden | Puesto | Denominación; 50370641 | OFICINA DE JUSTICIA DE ADRA.,50370940 (1 plazas),reextracción de la columna Denominación,CODIGO_DE_PUESTO,NO,https://www.boe.es/diario_boe/txt.php?id=BOE-A-2025-22543
100979,PUESTO_NUMERICO,BOE-A-2025-22543,HTML oficial revisado (líneas de tabla): N.º orden | Puesto | Denominación; 50370641 | OFICINA DE JUSTICIA DE ADRA.,50370941 (1 plazas),reextracción de la columna Denominación,CODIGO_DE_PUESTO,NO,https://www.boe.es/diario_boe/txt.php?id=BOE-A-2025-22543
100980,PUESTO_NUMERICO,BOE-A-2025-22543,HTML oficial revisado (líneas de tabla): N.º orden | Puesto | Denominación; 50370641 | OFICINA DE JUSTICIA DE ADRA.,50370956 (1 plazas),reextracción de la columna Denominación,CODIGO_DE_PUESTO,NO,https://www.boe.es/diario_boe/txt.php?id=BOE-A-2025-22543
100981,PUESTO_NUMERICO,BOE-A-2025-22543,HTML oficial revisado (líneas de tabla): N.º orden | Puesto | Denominación; 50370641 | OFICINA DE JUSTICIA DE ADRA.,50370973 (1 plazas),reextracción de la columna Denominación,CODIGO_DE_PUESTO,NO,https://www.boe.es/diario_boe/txt.php?id=BOE-A-2025-22543
100982,PUESTO_NUMERICO,BOE-A-2025-22543,HTML oficial revisado (líneas de tabla): N.º orden | Puesto | Denominación; 50370641 | OFICINA DE JUSTICIA DE ADRA.,50370974 (1 plazas),reextracción de la columna Denominación,CODIGO_DE_PUESTO,NO,https://www.boe.es/diario_boe/txt.php?id=BOE-A-2025-22543
100983,PUESTO_NUMERICO,BOE-A-2025-22543,HTML oficial revisado (líneas de tabla): N.º orden | Puesto | Denominación; 50370641 | OFICINA DE JUSTICIA DE ADRA.,50370975 (1 plazas),reextracción de la columna Denominación,CODIGO_DE_PUESTO,NO,https://www.boe.es/diario_boe/txt.php?id=BOE-A-2025-22543
100984,PUESTO_NUMERICO,BOE-A-2025-22543,HTML oficial revisado (líneas de tabla): N.º orden | Puesto | Denominación; 50370641 | OFICINA DE JUSTICIA DE ADRA.,50370976 (1 plazas),reextracción de la columna Denominación,CODIGO_DE_PUESTO,NO,https://www.boe.es/diario_boe/txt.php?id=BOE-A-2025-22543
100985,PUESTO_NUMERICO,BOE-A-2025-22543,HTML oficial revisado (líneas de tabla): N.º orden | Puesto | Denominación; 50370641 | OFICINA DE JUSTICIA DE ADRA.,50370994 (1 plazas),reextracción de la columna Denominación,CODIGO_DE_PUESTO,NO,https://www.boe.es/diario_boe/txt.php?id=BOE-A-2025-22543
100986,PUESTO_NUMERICO,BOE-A-2025-22543,HTML oficial revisado (líneas de tabla): N.º orden | Puesto | Denominación; 50370641 | OFICINA DE JUSTICIA DE ADRA.,50371042 (1 plazas),reextracción de la columna Denominación,CODIGO_DE_PUESTO,NO,https://www.boe.es/diario_boe/txt.php?id=BOE-A-2025-22543
100987,PUESTO_NUMERICO,BOE-A-2025-22543,HTML oficial revisado (líneas de tabla): N.º orden | Puesto | Denominación; 50370641 | OFICINA DE JUSTICIA DE ADRA.,50371043 (1 plazas),reextracción de la columna Denominación,CODIGO_DE_PUESTO,NO,https://www.boe.es/diario_boe/txt.php?id=BOE-A-2025-22543
100988,PUESTO_NUMERICO,BOE-A-2025-22543,HTML oficial revisado (líneas de tabla): N.º orden | Puesto | Denominación; 50370641 | OFICINA DE JUSTICIA DE ADRA.,50371044 (1 plazas),reextracción de la columna Denominación,CODIGO_DE_PUESTO,NO,https://www.boe.es/diario_boe/txt.php?id=BOE-A-2025-22543
100989,PUESTO_NUMERICO,BOE-A-2025-22543,HTML oficial revisado (líneas de tabla): N.º orden | Puesto | Denominación; 50370641 | OFICINA DE JUSTICIA DE ADRA.,50371045 (1 plazas),reextracción de la columna Denominación,CODIGO_DE_PUESTO,NO,https://www.boe.es/diario_boe/txt.php?id=BOE-A-2025-22543
100990,PUESTO_NUMERICO,BOE-A-2025-22543,HTML oficial revisado (líneas de tabla): N.º orden | Puesto | Denominación; 50370641 | OFICINA DE JUSTICIA DE ADRA.,50371046 (1 plazas),reextracción de la columna Denominación,CODIGO_DE_PUESTO,NO,https://www.boe.es/diario_boe/txt.php?id=BOE-A-2025-22543
100991,PUESTO_NUMERICO,BOE-A-2025-22543,HTML oficial revisado (líneas de tabla): N.º orden | Puesto | Denominación; 50370641 | OFICINA DE JUSTICIA DE ADRA.,50371047 (1 plazas),reextracción de la columna Denominación,CODIGO_DE_PUESTO,NO,https://www.boe.es/diario_boe/txt.php?id=BOE-A-2025-22543
100992,PUESTO_NUMERICO,BOE-A-2025-22543,HTML oficial revisado (líneas de tabla): N.º orden | Puesto | Denominación; 50370641 | OFICINA DE JUSTICIA DE ADRA.,50371024 (1 plazas),reextracción de la columna Denominación,CODIGO_DE_PUESTO,NO,https://www.boe.es/diario_boe/txt.php?id=BOE-A-2025-22543
100993,PUESTO_NUMERICO,BOE-A-2025-22543,HTML oficial revisado (líneas de tabla): N.º orden | Puesto | Denominación; 50370641 | OFICINA DE JUSTICIA DE ADRA.,50371079 (1 plazas),reextracción de la columna Denominación,CODIGO_DE_PUESTO,NO,https://www.boe.es/diario_boe/txt.php?id=BOE-A-2025-22543
100994,PUESTO_NUMERICO,BOE-A-2025-22543,HTML oficial revisado (líneas de tabla): N.º orden | Puesto | Denominación; 50370641 | OFICINA DE JUSTICIA DE ADRA.,50371080 (1 plazas),reextracción de la columna Denominación,CODIGO_DE_PUESTO,NO,https://www.boe.es/diario_boe/txt.php?id=BOE-A-2025-22543
100995,PUESTO_NUMERICO,BOE-A-2025-22543,HTML oficial revisado (líneas de tabla): N.º orden | Puesto | Denominación; 50370641 | OFICINA DE JUSTICIA DE ADRA.,50371081 (1 plazas),reextracción de la columna Denominación,CODIGO_DE_PUESTO,NO,https://www.boe.es/diario_boe/txt.php?id=BOE-A-2025-22543
100996,PUESTO_NUMERICO,BOE-A-2025-22543,HTML oficial revisado (líneas de tabla): N.º orden | Puesto | Denominación; 50370641 | OFICINA DE JUSTICIA DE ADRA.,50371089 (1 plazas),reextracción de la columna Denominación,CODIGO_DE_PUESTO,NO,https://www.boe.es/diario_boe/txt.php?id=BOE-A-2025-22543
100997,PUESTO_NUMERICO,BOE-A-2025-22543,HTML oficial revisado (líneas de tabla): N.º orden | Puesto | Denominación; 50370641 | OFICINA DE JUSTICIA DE ADRA.,50371106 (1 plazas),reextracción de la columna Denominación,CODIGO_DE_PUESTO,NO,https://www.boe.es/diario_boe/txt.php?id=BOE-A-2025-22543
100998,PUESTO_NUMERICO,BOE-A-2025-22543,HTML oficial revisado (líneas de tabla): N.º orden | Puesto | Denominación; 50370641 | OFICINA DE JUSTICIA DE ADRA.,50371107 (1 plazas),reextracción de la columna Denominación,CODIGO_DE_PUESTO,NO,https://www.boe.es/diario_boe/txt.php?id=BOE-A-2025-22543
100999,PUESTO_NUMERICO,BOE-A-2025-22543,HTML oficial revisado (líneas de tabla): N.º orden | Puesto | Denominación; 50370641 | OFICINA DE JUSTICIA DE ADRA.,50371108 (1 plazas),reextracción de la columna Denominación,CODIGO_DE_PUESTO,NO,https://www.boe.es/diario_boe/txt.php?id=BOE-A-2025-22543
101000,PUESTO_NUMERICO,BOE-A-2025-22543,HTML oficial revisado (líneas de tabla): N.º orden | Puesto | Denominación; 50370641 | OFICINA DE JUSTICIA DE ADRA.,50371112 (1 plazas),reextracción de la columna Denominación,CODIGO_DE_PUESTO,NO,https://www.boe.es/diario_boe/txt.php?id=BOE-A-2025-22543
101001,PUESTO_NUMERICO,BOE-A-2025-22543,HTML oficial revisado (líneas de tabla): N.º orden | Puesto | Denominación; 50370641 | OFICINA DE JUSTICIA DE ADRA.,50371113 (1 plazas),reextracción de la columna Denominación,CODIGO_DE_PUESTO,NO,https://www.boe.es/diario_boe/txt.php?id=BOE-A-2025-22543
101002,PUESTO_NUMERICO,BOE-A-2025-22543,HTML oficial revisado (líneas de tabla): N.º orden | Puesto | Denominación; 50370641 | OFICINA DE JUSTICIA DE ADRA.,50371120 (1 plazas),reextracción de la columna Denominación,CODIGO_DE_PUESTO,NO,https://www.boe.es/diario_boe/txt.php?id=BOE-A-2025-22543
101003,PUESTO_NUMERICO,BOE-A-2025-22543,HTML oficial revisado (líneas de tabla): N.º orden | Puesto | Denominación; 50370641 | OFICINA DE JUSTICIA DE ADRA.,50371146 (1 plazas),reextracción de la columna Denominación,CODIGO_DE_PUESTO,NO,https://www.boe.es/diario_boe/txt.php?id=BOE-A-2025-22543
101004,PUESTO_NUMERICO,BOE-A-2025-22543,HTML oficial revisado (líneas de tabla): N.º orden | Puesto | Denominación; 50370641 | OFICINA DE JUSTICIA DE ADRA.,50371155 (1 plazas),reextracción de la columna Denominación,CODIGO_DE_PUESTO,NO,https://www.boe.es/diario_boe/txt.php?id=BOE-A-2025-22543
101005,PUESTO_NUMERICO,BOE-A-2025-22543,HTML oficial revisado (líneas de tabla): N.º orden | Puesto | Denominación; 50370641 | OFICINA DE JUSTICIA DE ADRA.,50371169 (1 plazas),reextracción de la columna Denominación,CODIGO_DE_PUESTO,NO,https://www.boe.es/diario_boe/txt.php?id=BOE-A-2025-22543
101006,PUESTO_NUMERICO,BOE-A-2025-22543,HTML oficial revisado (líneas de tabla): N.º orden | Puesto | Denominación; 50370641 | OFICINA DE JUSTICIA DE ADRA.,50371170 (1 plazas),reextracción de la columna Denominación,CODIGO_DE_PUESTO,NO,https://www.boe.es/diario_boe/txt.php?id=BOE-A-2025-22543
101007,PUESTO_NUMERICO,BOE-A-2025-22543,HTML oficial revisado (líneas de tabla): N.º orden | Puesto | Denominación; 50370641 | OFICINA DE JUSTICIA DE ADRA.,50371178 (1 plazas),reextracción de la columna Denominación,CODIGO_DE_PUESTO,NO,https://www.boe.es/diario_boe/txt.php?id=BOE-A-2025-22543
101008,PUESTO_NUMERICO,BOE-A-2025-22543,HTML oficial revisado (líneas de tabla): N.º orden | Puesto | Denominación; 50370641 | OFICINA DE JUSTICIA DE ADRA.,50371192 (1 plazas),reextracción de la columna Denominación,CODIGO_DE_PUESTO,NO,https://www.boe.es/diario_boe/txt.php?id=BOE-A-2025-22543
101009,PUESTO_NUMERICO,BOE-A-2025-22543,HTML oficial revisado (líneas de tabla): N.º orden | Puesto | Denominación; 50370641 | OFICINA DE JUSTICIA DE ADRA.,50371193 (1 plazas),reextracción de la columna Denominación,CODIGO_DE_PUESTO,NO,https://www.boe.es/diario_boe/txt.php?id=BOE-A-2025-22543
101010,PUESTO_NUMERICO,BOE-A-2025-22543,HTML oficial revisado (líneas de tabla): N.º orden | Puesto | Denominación; 50370641 | OFICINA DE JUSTICIA DE ADRA.,50371194 (1 plazas),reextracción de la columna Denominación,CODIGO_DE_PUESTO,NO,https://www.boe.es/diario_boe/txt.php?id=BOE-A-2025-22543
101011,PUESTO_NUMERICO,BOE-A-2025-22543,HTML oficial revisado (líneas de tabla): N.º orden | Puesto | Denominación; 50370641 | OFICINA DE JUSTICIA DE ADRA.,50371195 (1 plazas),reextracción de la columna Denominación,CODIGO_DE_PUESTO,NO,https://www.boe.es/diario_boe/txt.php?id=BOE-A-2025-22543
101012,PUESTO_NUMERICO,BOE-A-2025-22543,HTML oficial revisado (líneas de tabla): N.º orden | Puesto | Denominación; 50370641 | OFICINA DE JUSTICIA DE ADRA.,50371196 (1 plazas),reextracción de la columna Denominación,CODIGO_DE_PUESTO,NO,https://www.boe.es/diario_boe/txt.php?id=BOE-A-2025-22543
101013,PUESTO_NUMERICO,BOE-A-2025-22543,HTML oficial revisado (líneas de tabla): N.º orden | Puesto | Denominación; 50370641 | OFICINA DE JUSTICIA DE ADRA.,50371197 (1 plazas),reextracción de la columna Denominación,CODIGO_DE_PUESTO,NO,https://www.boe.es/diario_boe/txt.php?id=BOE-A-2025-22543
101014,PUESTO_NUMERICO,BOE-A-2025-22543,HTML oficial revisado (líneas de tabla): N.º orden | Puesto | Denominación; 50370641 | OFICINA DE JUSTICIA DE ADRA.,50371198 (1 plazas),reextracción de la columna Denominación,CODIGO_DE_PUESTO,NO,https://www.boe.es/diario_boe/txt.php?id=BOE-A-2025-22543
101015,PUESTO_NUMERICO,BOE-A-2025-22543,HTML oficial revisado (líneas de tabla): N.º orden | Puesto | Denominación; 50370641 | OFICINA DE JUSTICIA DE ADRA.,50371215 (1 plazas),reextracción de la columna Denominación,CODIGO_DE_PUESTO,NO,https://www.boe.es/diario_boe/txt.php?id=BOE-A-2025-22543
101016,PUESTO_NUMERICO,BOE-A-2025-22543,HTML oficial revisado (líneas de tabla): N.º orden | Puesto | Denominación; 50370641 | OFICINA DE JUSTICIA DE ADRA.,50371216 (1 plazas),reextracción de la columna Denominación,CODIGO_DE_PUESTO,NO,https://www.boe.es/diario_boe/txt.php?id=BOE-A-2025-22543
101017,PUESTO_NUMERICO,BOE-A-2025-22543,HTML oficial revisado (líneas de tabla): N.º orden | Puesto | Denominación; 50370641 | OFICINA DE JUSTICIA DE ADRA.,50371226 (1 plazas),reextracción de la columna Denominación,CODIGO_DE_PUESTO,NO,https://www.boe.es/diario_boe/txt.php?id=BOE-A-2025-22543
101018,PUESTO_NUMERICO,BOE-A-2025-22543,HTML oficial revisado (líneas de tabla): N.º orden | Puesto | Denominación; 50370641 | OFICINA DE JUSTICIA DE ADRA.,50371227 (1 plazas),reextracción de la columna Denominación,CODIGO_DE_PUESTO,NO,https://www.boe.es/diario_boe/txt.php?id=BOE-A-2025-22543
101019,PUESTO_NUMERICO,BOE-A-2025-22543,HTML oficial revisado (líneas de tabla): N.º orden | Puesto | Denominación; 50370641 | OFICINA DE JUSTICIA DE ADRA.,50371250 (1 plazas),reextracción de la columna Denominación,CODIGO_DE_PUESTO,NO,https://www.boe.es/diario_boe/txt.php?id=BOE-A-2025-22543
101020,PUESTO_NUMERICO,BOE-A-2025-22543,HTML oficial revisado (líneas de tabla): N.º orden | Puesto | Denominación; 50370641 | OFICINA DE JUSTICIA DE ADRA.,50371251 (1 plazas),reextracción de la columna Denominación,CODIGO_DE_PUESTO,NO,https://www.boe.es/diario_boe/txt.php?id=BOE-A-2025-22543
101021,PUESTO_NUMERICO,BOE-A-2025-22543,HTML oficial revisado (líneas de tabla): N.º orden | Puesto | Denominación; 50370641 | OFICINA DE JUSTICIA DE ADRA.,50371252 (1 plazas),reextracción de la columna Denominación,CODIGO_DE_PUESTO,NO,https://www.boe.es/diario_boe/txt.php?id=BOE-A-2025-22543
101022,PUESTO_NUMERICO,BOE-A-2025-22543,HTML oficial revisado (líneas de tabla): N.º orden | Puesto | Denominación; 50370641 | OFICINA DE JUSTICIA DE ADRA.,50371277 (1 plazas),reextracción de la columna Denominación,CODIGO_DE_PUESTO,NO,https://www.boe.es/diario_boe/txt.php?id=BOE-A-2025-22543
101023,PUESTO_NUMERICO,BOE-A-2025-22543,HTML oficial revisado (líneas de tabla): N.º orden | Puesto | Denominación; 50370641 | OFICINA DE JUSTICIA DE ADRA.,50371278 (1 plazas),reextracción de la columna Denominación,CODIGO_DE_PUESTO,NO,https://www.boe.es/diario_boe/txt.php?id=BOE-A-2025-22543
101024,PUESTO_NUMERICO,BOE-A-2025-22543,HTML oficial revisado (líneas de tabla): N.º orden | Puesto | Denominación; 50370641 | OFICINA DE JUSTICIA DE ADRA.,50371279 (1 plazas),reextracción de la columna Denominación,CODIGO_DE_PUESTO,NO,https://www.boe.es/diario_boe/txt.php?id=BOE-A-2025-22543
101025,PUESTO_NUMERICO,BOE-A-2025-22543,HTML oficial revisado (líneas de tabla): N.º orden | Puesto | Denominación; 50370641 | OFICINA DE JUSTICIA DE ADRA.,50371302 (1 plazas),reextracción de la columna Denominación,CODIGO_DE_PUESTO,NO,https://www.boe.es/diario_boe/txt.php?id=BOE-A-2025-22543
101026,PUESTO_NUMERICO,BOE-A-2025-22543,HTML oficial revisado (líneas de tabla): N.º orden | Puesto | Denominación; 50370641 | OFICINA DE JUSTICIA DE ADRA.,50371312 (1 plazas),reextracción de la columna Denominación,CODIGO_DE_PUESTO,NO,https://www.boe.es/diario_boe/txt.php?id=BOE-A-2025-22543
101027,PUESTO_NUMERICO,BOE-A-2025-22543,HTML oficial revisado (líneas de tabla): N.º orden | Puesto | Denominación; 50370641 | OFICINA DE JUSTICIA DE ADRA.,50371313 (1 plazas),reextracción de la columna Denominación,CODIGO_DE_PUESTO,NO,https://www.boe.es/diario_boe/txt.php?id=BOE-A-2025-22543
101028,PUESTO_NUMERICO,BOE-A-2025-22543,HTML oficial revisado (líneas de tabla): N.º orden | Puesto | Denominación; 50370641 | OFICINA DE JUSTICIA DE ADRA.,50371314 (1 plazas),reextracción de la columna Denominación,CODIGO_DE_PUESTO,NO,https://www.boe.es/diario_boe/txt.php?id=BOE-A-2025-22543
101029,PUESTO_NUMERICO,BOE-A-2025-22543,HTML oficial revisado (líneas de tabla): N.º orden | Puesto | Denominación; 50370641 | OFICINA DE JUSTICIA DE ADRA.,50371315 (1 plazas),reextracción de la columna Denominación,CODIGO_DE_PUESTO,NO,https://www.boe.es/diario_boe/txt.php?id=BOE-A-2025-22543
101030,PUESTO_NUMERICO,BOE-A-2025-22543,HTML oficial revisado (líneas de tabla): N.º orden | Puesto | Denominación; 50370641 | OFICINA DE JUSTICIA DE ADRA.,50371316 (1 plazas),reextracción de la columna Denominación,CODIGO_DE_PUESTO,NO,https://www.boe.es/diario_boe/txt.php?id=BOE-A-2025-22543
101031,PUESTO_NUMERICO,BOE-A-2025-22543,HTML oficial revisado (líneas de tabla): N.º orden | Puesto | Denominación; 50370641 | OFICINA DE JUSTICIA DE ADRA.,50371317 (1 plazas),reextracción de la columna Denominación,CODIGO_DE_PUESTO,NO,https://www.boe.es/diario_boe/txt.php?id=BOE-A-2025-22543
101032,PUESTO_NUMERICO,BOE-A-2025-22543,HTML oficial revisado (líneas de tabla): N.º orden | Puesto | Denominación; 50370641 | OFICINA DE JUSTICIA DE ADRA.,50371318 (1 plazas),reextracción de la columna Denominación,CODIGO_DE_PUESTO,NO,https://www.boe.es/diario_boe/txt.php?id=BOE-A-2025-22543
101033,PUESTO_NUMERICO,BOE-A-2025-22543,HTML oficial revisado (líneas de tabla): N.º orden | Puesto | Denominación; 50370641 | OFICINA DE JUSTICIA DE ADRA.,50371347 (1 plazas),reextracción de la columna Denominación,CODIGO_DE_PUESTO,NO,https://www.boe.es/diario_boe/txt.php?id=BOE-A-2025-22543
101034,PUESTO_NUMERICO,BOE-A-2025-22543,HTML oficial revisado (líneas de tabla): N.º orden | Puesto | Denominación; 50370641 | OFICINA DE JUSTICIA DE ADRA.,50371348 (1 plazas),reextracción de la columna Denominación,CODIGO_DE_PUESTO,NO,https://www.boe.es/diario_boe/txt.php?id=BOE-A-2025-22543
101035,PUESTO_NUMERICO,BOE-A-2025-22543,HTML oficial revisado (líneas de tabla): N.º orden | Puesto | Denominación; 50370641 | OFICINA DE JUSTICIA DE ADRA.,50371349 (1 plazas),reextracción de la columna Denominación,CODIGO_DE_PUESTO,NO,https://www.boe.es/diario_boe/txt.php?id=BOE-A-2025-22543
101036,PUESTO_NUMERICO,BOE-A-2025-22543,HTML oficial revisado (líneas de tabla): N.º orden | Puesto | Denominación; 50370641 | OFICINA DE JUSTICIA DE ADRA.,50371383 (1 plazas),reextracción de la columna Denominación,CODIGO_DE_PUESTO,NO,https://www.boe.es/diario_boe/txt.php?id=BOE-A-2025-22543
101037,PUESTO_NUMERICO,BOE-A-2025-22543,HTML oficial revisado (líneas de tabla): N.º orden | Puesto | Denominación; 50370641 | OFICINA DE JUSTICIA DE ADRA.,50371399 (1 plazas),reextracción de la columna Denominación,CODIGO_DE_PUESTO,NO,https://www.boe.es/diario_boe/txt.php?id=BOE-A-2025-22543
101038,PUESTO_NUMERICO,BOE-A-2025-22543,HTML oficial revisado (líneas de tabla): N.º orden | Puesto | Denominación; 50370641 | OFICINA DE JUSTICIA DE ADRA.,50371417 (1 plazas),reextracción de la columna Denominación,CODIGO_DE_PUESTO,NO,https://www.boe.es/diario_boe/txt.php?id=BOE-A-2025-22543
101039,PUESTO_NUMERICO,BOE-A-2025-22543,HTML oficial revisado (líneas de tabla): N.º orden | Puesto | Denominación; 50370641 | OFICINA DE JUSTICIA DE ADRA.,50371425 (1 plazas),reextracción de la columna Denominación,CODIGO_DE_PUESTO,NO,https://www.boe.es/diario_boe/txt.php?id=BOE-A-2025-22543
101040,PUESTO_NUMERICO,BOE-A-2025-22543,HTML oficial revisado (líneas de tabla): N.º orden | Puesto | Denominación; 50370641 | OFICINA DE JUSTICIA DE ADRA.,50371426 (1 plazas),reextracción de la columna Denominación,CODIGO_DE_PUESTO,NO,https://www.boe.es/diario_boe/txt.php?id=BOE-A-2025-22543
101041,PUESTO_NUMERICO,BOE-A-2025-22543,HTML oficial revisado (líneas de tabla): N.º orden | Puesto | Denominación; 50370641 | OFICINA DE JUSTICIA DE ADRA.,50371439 (1 plazas),reextracción de la columna Denominación,CODIGO_DE_PUESTO,NO,https://www.boe.es/diario_boe/txt.php?id=BOE-A-2025-22543
101042,PUESTO_NUMERICO,BOE-A-2025-22543,HTML oficial revisado (líneas de tabla): N.º orden | Puesto | Denominación; 50370641 | OFICINA DE JUSTICIA DE ADRA.,50371442 (1 plazas),reextracción de la columna Denominación,CODIGO_DE_PUESTO,NO,https://www.boe.es/diario_boe/txt.php?id=BOE-A-2025-22543
101043,PUESTO_NUMERICO,BOE-A-2025-22543,HTML oficial revisado (líneas de tabla): N.º orden | Puesto | Denominación; 50370641 | OFICINA DE JUSTICIA DE ADRA.,50371454 (1 plazas),reextracción de la columna Denominación,CODIGO_DE_PUESTO,NO,https://www.boe.es/diario_boe/txt.php?id=BOE-A-2025-22543
101044,PUESTO_NUMERICO,BOE-A-2025-22543,HTML oficial revisado (líneas de tabla): N.º orden | Puesto | Denominación; 50370641 | OFICINA DE JUSTICIA DE ADRA.,50370703 (1 plazas),reextracción de la columna Denominación,CODIGO_DE_PUESTO,NO,https://www.boe.es/diario_boe/txt.php?id=BOE-A-2025-22543
101045,PUESTO_NUMERICO,BOE-A-2025-22543,HTML oficial revisado (líneas de tabla): N.º orden | Puesto | Denominación; 50370641 | OFICINA DE JUSTICIA DE ADRA.,50371483 (1 plazas),reextracción de la columna Denominación,CODIGO_DE_PUESTO,NO,https://www.boe.es/diario_boe/txt.php?id=BOE-A-2025-22543
101046,PUESTO_NUMERICO,BOE-A-2025-22543,HTML oficial revisado (líneas de tabla): N.º orden | Puesto | Denominación; 50370641 | OFICINA DE JUSTICIA DE ADRA.,50371484 (1 plazas),reextracción de la columna Denominación,CODIGO_DE_PUESTO,NO,https://www.boe.es/diario_boe/txt.php?id=BOE-A-2025-22543
101047,PUESTO_NUMERICO,BOE-A-2025-22543,HTML oficial revisado (líneas de tabla): N.º orden | Puesto | Denominación; 50370641 | OFICINA DE JUSTICIA DE ADRA.,50371490 (1 plazas),reextracción de la columna Denominación,CODIGO_DE_PUESTO,NO,https://www.boe.es/diario_boe/txt.php?id=BOE-A-2025-22543
101048,PUESTO_NUMERICO,BOE-A-2025-22543,HTML oficial revisado (líneas de tabla): N.º orden | Puesto | Denominación; 50370641 | OFICINA DE JUSTICIA DE ADRA.,50371491 (1 plazas),reextracción de la columna Denominación,CODIGO_DE_PUESTO,NO,https://www.boe.es/diario_boe/txt.php?id=BOE-A-2025-22543
101049,PUESTO_NUMERICO,BOE-A-2025-22543,HTML oficial revisado (líneas de tabla): N.º orden | Puesto | Denominación; 50370641 | OFICINA DE JUSTICIA DE ADRA.,50371492 (1 plazas),reextracción de la columna Denominación,CODIGO_DE_PUESTO,NO,https://www.boe.es/diario_boe/txt.php?id=BOE-A-2025-22543
101050,PUESTO_NUMERICO,BOE-A-2025-22543,HTML oficial revisado (líneas de tabla): N.º orden | Puesto | Denominación; 50370641 | OFICINA DE JUSTICIA DE ADRA.,50371506 (1 plazas),reextracción de la columna Denominación,CODIGO_DE_PUESTO,NO,https://www.boe.es/diario_boe/txt.php?id=BOE-A-2025-22543
101051,PUESTO_NUMERICO,BOE-A-2025-22543,HTML oficial revisado (líneas de tabla): N.º orden | Puesto | Denominación; 50370641 | OFICINA DE JUSTICIA DE ADRA.,50371519 (1 plazas),reextracción de la columna Denominación,CODIGO_DE_PUESTO,NO,https://www.boe.es/diario_boe/txt.php?id=BOE-A-2025-22543
101052,PUESTO_NUMERICO,BOE-A-2025-22543,HTML oficial revisado (líneas de tabla): N.º orden | Puesto | Denominación; 50370641 | OFICINA DE JUSTICIA DE ADRA.,50371527 (1 plazas),reextracción de la columna Denominación,CODIGO_DE_PUESTO,NO,https://www.boe.es/diario_boe/txt.php?id=BOE-A-2025-22543
101053,PUESTO_NUMERICO,BOE-A-2025-22543,HTML oficial revisado (líneas de tabla): N.º orden | Puesto | Denominación; 50370641 | OFICINA DE JUSTICIA DE ADRA.,50371542 (1 plazas),reextracción de la columna Denominación,CODIGO_DE_PUESTO,NO,https://www.boe.es/diario_boe/txt.php?id=BOE-A-2025-22543
101054,PUESTO_NUMERICO,BOE-A-2025-22543,HTML oficial revisado (líneas de tabla): N.º orden | Puesto | Denominación; 50370641 | OFICINA DE JUSTICIA DE ADRA.,50371543 (1 plazas),reextracción de la columna Denominación,CODIGO_DE_PUESTO,NO,https://www.boe.es/diario_boe/txt.php?id=BOE-A-2025-22543
101055,PUESTO_NUMERICO,BOE-A-2025-22543,HTML oficial revisado (líneas de tabla): N.º orden | Puesto | Denominación; 50370641 | OFICINA DE JUSTICIA DE ADRA.,50371563 (1 plazas),reextracción de la columna Denominación,CODIGO_DE_PUESTO,NO,https://www.boe.es/diario_boe/txt.php?id=BOE-A-2025-22543
101056,PUESTO_NUMERICO,BOE-A-2025-22543,HTML oficial revisado (líneas de tabla): N.º orden | Puesto | Denominación; 50370641 | OFICINA DE JUSTICIA DE ADRA.,50371564 (1 plazas),reextracción de la columna Denominación,CODIGO_DE_PUESTO,NO,https://www.boe.es/diario_boe/txt.php?id=BOE-A-2025-22543
101057,PUESTO_NUMERICO,BOE-A-2025-22543,HTML oficial revisado (líneas de tabla): N.º orden | Puesto | Denominación; 50370641 | OFICINA DE JUSTICIA DE ADRA.,50371565 (1 plazas),reextracción de la columna Denominación,CODIGO_DE_PUESTO,NO,https://www.boe.es/diario_boe/txt.php?id=BOE-A-2025-22543
101058,PUESTO_NUMERICO,BOE-A-2025-22543,HTML oficial revisado (líneas de tabla): N.º orden | Puesto | Denominación; 50370641 | OFICINA DE JUSTICIA DE ADRA.,50371567 (1 plazas),reextracción de la columna Denominación,CODIGO_DE_PUESTO,NO,https://www.boe.es/diario_boe/txt.php?id=BOE-A-2025-22543
101059,PUESTO_NUMERICO,BOE-A-2025-22543,HTML oficial revisado (líneas de tabla): N.º orden | Puesto | Denominación; 50370641 | OFICINA DE JUSTICIA DE ADRA.,50371568 (1 plazas),reextracción de la columna Denominación,CODIGO_DE_PUESTO,NO,https://www.boe.es/diario_boe/txt.php?id=BOE-A-2025-22543
101060,PUESTO_NUMERICO,BOE-A-2025-22543,HTML oficial revisado (líneas de tabla): N.º orden | Puesto | Denominación; 50370641 | OFICINA DE JUSTICIA DE ADRA.,50371574 (1 plazas),reextracción de la columna Denominación,CODIGO_DE_PUESTO,NO,https://www.boe.es/diario_boe/txt.php?id=BOE-A-2025-22543
101061,PUESTO_NUMERICO,BOE-A-2025-22543,HTML oficial revisado (líneas de tabla): N.º orden | Puesto | Denominación; 50370641 | OFICINA DE JUSTICIA DE ADRA.,50371580 (1 plazas),reextracción de la columna Denominación,CODIGO_DE_PUESTO,NO,https://www.boe.es/diario_boe/txt.php?id=BOE-A-2025-22543
101062,PUESTO_NUMERICO,BOE-A-2025-22543,HTML oficial revisado (líneas de tabla): N.º orden | Puesto | Denominación; 50370641 | OFICINA DE JUSTICIA DE ADRA.,50371584 (1 plazas),reextracción de la columna Denominación,CODIGO_DE_PUESTO,NO,https://www.boe.es/diario_boe/txt.php?id=BOE-A-2025-22543
101063,PUESTO_NUMERICO,BOE-A-2025-22543,HTML oficial revisado (líneas de tabla): N.º orden | Puesto | Denominación; 50370641 | OFICINA DE JUSTICIA DE ADRA.,50371593 (1 plazas),reextracción de la columna Denominación,CODIGO_DE_PUESTO,NO,https://www.boe.es/diario_boe/txt.php?id=BOE-A-2025-22543
101064,PUESTO_NUMERICO,BOE-A-2025-22543,HTML oficial revisado (líneas de tabla): N.º orden | Puesto | Denominación; 50370641 | OFICINA DE JUSTICIA DE ADRA.,50371603 (1 plazas),reextracción de la columna Denominación,CODIGO_DE_PUESTO,NO,https://www.boe.es/diario_boe/txt.php?id=BOE-A-2025-22543
101065,PUESTO_NUMERICO,BOE-A-2025-22543,HTML oficial revisado (líneas de tabla): N.º orden | Puesto | Denominación; 50370641 | OFICINA DE JUSTICIA DE ADRA.,50371604 (1 plazas),reextracción de la columna Denominación,CODIGO_DE_PUESTO,NO,https://www.boe.es/diario_boe/txt.php?id=BOE-A-2025-22543
101066,PUESTO_NUMERICO,BOE-A-2025-22543,HTML oficial revisado (líneas de tabla): N.º orden | Puesto | Denominación; 50370641 | OFICINA DE JUSTICIA DE ADRA.,50371605 (1 plazas),reextracción de la columna Denominación,CODIGO_DE_PUESTO,NO,https://www.boe.es/diario_boe/txt.php?id=BOE-A-2025-22543
101067,PUESTO_NUMERICO,BOE-A-2025-22543,HTML oficial revisado (líneas de tabla): N.º orden | Puesto | Denominación; 50370641 | OFICINA DE JUSTICIA DE ADRA.,50371609 (1 plazas),reextracción de la columna Denominación,CODIGO_DE_PUESTO,NO,https://www.boe.es/diario_boe/txt.php?id=BOE-A-2025-22543
101068,PUESTO_NUMERICO,BOE-A-2025-22543,HTML oficial revisado (líneas de tabla): N.º orden | Puesto | Denominación; 50370641 | OFICINA DE JUSTICIA DE ADRA.,50371610 (1 plazas),reextracción de la columna Denominación,CODIGO_DE_PUESTO,NO,https://www.boe.es/diario_boe/txt.php?id=BOE-A-2025-22543
101069,PUESTO_NUMERICO,BOE-A-2025-22543,HTML oficial revisado (líneas de tabla): N.º orden | Puesto | Denominación; 50370641 | OFICINA DE JUSTICIA DE ADRA.,50371617 (1 plazas),reextracción de la columna Denominación,CODIGO_DE_PUESTO,NO,https://www.boe.es/diario_boe/txt.php?id=BOE-A-2025-22543
101070,PUESTO_NUMERICO,BOE-A-2025-22543,HTML oficial revisado (líneas de tabla): N.º orden | Puesto | Denominación; 50370641 | OFICINA DE JUSTICIA DE ADRA.,50371643 (1 plazas),reextracción de la columna Denominación,CODIGO_DE_PUESTO,NO,https://www.boe.es/diario_boe/txt.php?id=BOE-A-2025-22543
101071,PUESTO_NUMERICO,BOE-A-2025-22543,HTML oficial revisado (líneas de tabla): N.º orden | Puesto | Denominación; 50370641 | OFICINA DE JUSTICIA DE ADRA.,50371644 (1 plazas),reextracción de la columna Denominación,CODIGO_DE_PUESTO,NO,https://www.boe.es/diario_boe/txt.php?id=BOE-A-2025-22543
101072,PUESTO_NUMERICO,BOE-A-2025-22543,HTML oficial revisado (líneas de tabla): N.º orden | Puesto | Denominación; 50370641 | OFICINA DE JUSTICIA DE ADRA.,50371645 (1 plazas),reextracción de la columna Denominación,CODIGO_DE_PUESTO,NO,https://www.boe.es/diario_boe/txt.php?id=BOE-A-2025-22543
101073,PUESTO_NUMERICO,BOE-A-2025-22543,HTML oficial revisado (líneas de tabla): N.º orden | Puesto | Denominación; 50370641 | OFICINA DE JUSTICIA DE ADRA.,50371646 (1 plazas),reextracción de la columna Denominación,CODIGO_DE_PUESTO,NO,https://www.boe.es/diario_boe/txt.php?id=BOE-A-2025-22543
101074,PUESTO_NUMERICO,BOE-A-2025-22543,HTML oficial revisado (líneas de tabla): N.º orden | Puesto | Denominación; 50370641 | OFICINA DE JUSTICIA DE ADRA.,50371647 (1 plazas),reextracción de la columna Denominación,CODIGO_DE_PUESTO,NO,https://www.boe.es/diario_boe/txt.php?id=BOE-A-2025-22543
101075,PUESTO_NUMERICO,BOE-A-2025-22543,HTML oficial revisado (líneas de tabla): N.º orden | Puesto | Denominación; 50370641 | OFICINA DE JUSTICIA DE ADRA.,50371648 (1 plazas),reextracción de la columna Denominación,CODIGO_DE_PUESTO,NO,https://www.boe.es/diario_boe/txt.php?id=BOE-A-2025-22543
101076,PUESTO_NUMERICO,BOE-A-2025-22543,HTML oficial revisado (líneas de tabla): N.º orden | Puesto | Denominación; 50370641 | OFICINA DE JUSTICIA DE ADRA.,50371649 (1 plazas),reextracción de la columna Denominación,CODIGO_DE_PUESTO,NO,https://www.boe.es/diario_boe/txt.php?id=BOE-A-2025-22543
101077,PUESTO_NUMERICO,BOE-A-2025-22543,HTML oficial revisado (líneas de tabla): N.º orden | Puesto | Denominación; 50370641 | OFICINA DE JUSTICIA DE ADRA.,50371660 (1 plazas),reextracción de la columna Denominación,CODIGO_DE_PUESTO,NO,https://www.boe.es/diario_boe/txt.php?id=BOE-A-2025-22543
101078,PUESTO_NUMERICO,BOE-A-2025-22543,HTML oficial revisado (líneas de tabla): N.º orden | Puesto | Denominación; 50370641 | OFICINA DE JUSTICIA DE ADRA.,50371671 (1 plazas),reextracción de la columna Denominación,CODIGO_DE_PUESTO,NO,https://www.boe.es/diario_boe/txt.php?id=BOE-A-2025-22543
101079,PUESTO_NUMERICO,BOE-A-2025-22543,HTML oficial revisado (líneas de tabla): N.º orden | Puesto | Denominación; 50370641 | OFICINA DE JUSTICIA DE ADRA.,50371672 (1 plazas),reextracción de la columna Denominación,CODIGO_DE_PUESTO,NO,https://www.boe.es/diario_boe/txt.php?id=BOE-A-2025-22543
101080,PUESTO_NUMERICO,BOE-A-2025-22543,HTML oficial revisado (líneas de tabla): N.º orden | Puesto | Denominación; 50370641 | OFICINA DE JUSTICIA DE ADRA.,50371624 (1 plazas),reextracción de la columna Denominación,CODIGO_DE_PUESTO,NO,https://www.boe.es/diario_boe/txt.php?id=BOE-A-2025-22543
101081,PUESTO_NUMERICO,BOE-A-2025-22543,HTML oficial revisado (líneas de tabla): N.º orden | Puesto | Denominación; 50370641 | OFICINA DE JUSTICIA DE ADRA.,50371678 (1 plazas),reextracción de la columna Denominación,CODIGO_DE_PUESTO,NO,https://www.boe.es/diario_boe/txt.php?id=BOE-A-2025-22543
101082,PUESTO_NUMERICO,BOE-A-2025-22543,HTML oficial revisado (líneas de tabla): N.º orden | Puesto | Denominación; 50370641 | OFICINA DE JUSTICIA DE ADRA.,50371700 (1 plazas),reextracción de la columna Denominación,CODIGO_DE_PUESTO,NO,https://www.boe.es/diario_boe/txt.php?id=BOE-A-2025-22543
101083,PUESTO_NUMERICO,BOE-A-2025-22543,HTML oficial revisado (líneas de tabla): N.º orden | Puesto | Denominación; 50370641 | OFICINA DE JUSTICIA DE ADRA.,50371701 (1 plazas),reextracción de la columna Denominación,CODIGO_DE_PUESTO,NO,https://www.boe.es/diario_boe/txt.php?id=BOE-A-2025-22543
101084,PUESTO_NUMERICO,BOE-A-2025-22543,HTML oficial revisado (líneas de tabla): N.º orden | Puesto | Denominación; 50370641 | OFICINA DE JUSTICIA DE ADRA.,50371702 (1 plazas),reextracción de la columna Denominación,CODIGO_DE_PUESTO,NO,https://www.boe.es/diario_boe/txt.php?id=BOE-A-2025-22543
101085,PUESTO_NUMERICO,BOE-A-2025-22543,HTML oficial revisado (líneas de tabla): N.º orden | Puesto | Denominación; 50370641 | OFICINA DE JUSTICIA DE ADRA.,50371703 (1 plazas),reextracción de la columna Denominación,CODIGO_DE_PUESTO,NO,https://www.boe.es/diario_boe/txt.php?id=BOE-A-2025-22543
101086,PUESTO_NUMERICO,BOE-A-2025-22543,HTML oficial revisado (líneas de tabla): N.º orden | Puesto | Denominación; 50370641 | OFICINA DE JUSTICIA DE ADRA.,50371704 (1 plazas),reextracción de la columna Denominación,CODIGO_DE_PUESTO,NO,https://www.boe.es/diario_boe/txt.php?id=BOE-A-2025-22543
101087,PUESTO_NUMERICO,BOE-A-2025-22543,HTML oficial revisado (líneas de tabla): N.º orden | Puesto | Denominación; 50370641 | OFICINA DE JUSTICIA DE ADRA.,50371705 (1 plazas),reextracción de la columna Denominación,CODIGO_DE_PUESTO,NO,https://www.boe.es/diario_boe/txt.php?id=BOE-A-2025-22543
101088,PUESTO_NUMERICO,BOE-A-2025-22543,HTML oficial revisado (líneas de tabla): N.º orden | Puesto | Denominación; 50370641 | OFICINA DE JUSTICIA DE ADRA.,50371706 (1 plazas),reextracción de la columna Denominación,CODIGO_DE_PUESTO,NO,https://www.boe.es/diario_boe/txt.php?id=BOE-A-2025-22543
101089,PUESTO_NUMERICO,BOE-A-2025-22543,HTML oficial revisado (líneas de tabla): N.º orden | Puesto | Denominación; 50370641 | OFICINA DE JUSTICIA DE ADRA.,50371707 (1 plazas),reextracción de la columna Denominación,CODIGO_DE_PUESTO,NO,https://www.boe.es/diario_boe/txt.php?id=BOE-A-2025-22543
101090,PUESTO_NUMERICO,BOE-A-2025-22543,HTML oficial revisado (líneas de tabla): N.º orden | Puesto | Denominación; 50370641 | OFICINA DE JUSTICIA DE ADRA.,50371708 (1 plazas),reextracción de la columna Denominación,CODIGO_DE_PUESTO,NO,https://www.boe.es/diario_boe/txt.php?id=BOE-A-2025-22543
101091,PUESTO_NUMERICO,BOE-A-2025-22543,HTML oficial revisado (líneas de tabla): N.º orden | Puesto | Denominación; 50370641 | OFICINA DE JUSTICIA DE ADRA.,50371712 (1 plazas),reextracción de la columna Denominación,CODIGO_DE_PUESTO,NO,https://www.boe.es/diario_boe/txt.php?id=BOE-A-2025-22543
101092,PUESTO_NUMERICO,BOE-A-2025-22543,HTML oficial revisado (líneas de tabla): N.º orden | Puesto | Denominación; 50370641 | OFICINA DE JUSTICIA DE ADRA.,50371713 (1 plazas),reextracción de la columna Denominación,CODIGO_DE_PUESTO,NO,https://www.boe.es/diario_boe/txt.php?id=BOE-A-2025-22543
101093,PUESTO_NUMERICO,BOE-A-2025-22543,HTML oficial revisado (líneas de tabla): N.º orden | Puesto | Denominación; 50370641 | OFICINA DE JUSTICIA DE ADRA.,50371714 (1 plazas),reextracción de la columna Denominación,CODIGO_DE_PUESTO,NO,https://www.boe.es/diario_boe/txt.php?id=BOE-A-2025-22543
101094,PUESTO_NUMERICO,BOE-A-2025-22543,HTML oficial revisado (líneas de tabla): N.º orden | Puesto | Denominación; 50370641 | OFICINA DE JUSTICIA DE ADRA.,50371721 (1 plazas),reextracción de la columna Denominación,CODIGO_DE_PUESTO,NO,https://www.boe.es/diario_boe/txt.php?id=BOE-A-2025-22543
101095,PUESTO_NUMERICO,BOE-A-2025-22543,HTML oficial revisado (líneas de tabla): N.º orden | Puesto | Denominación; 50370641 | OFICINA DE JUSTICIA DE ADRA.,50371722 (1 plazas),reextracción de la columna Denominación,CODIGO_DE_PUESTO,NO,https://www.boe.es/diario_boe/txt.php?id=BOE-A-2025-22543
101096,PUESTO_NUMERICO,BOE-A-2025-22543,HTML oficial revisado (líneas de tabla): N.º orden | Puesto | Denominación; 50370641 | OFICINA DE JUSTICIA DE ADRA.,50371733 (1 plazas),reextracción de la columna Denominación,CODIGO_DE_PUESTO,NO,https://www.boe.es/diario_boe/txt.php?id=BOE-A-2025-22543
101097,PUESTO_NUMERICO,BOE-A-2025-22543,HTML oficial revisado (líneas de tabla): N.º orden | Puesto | Denominación; 50370641 | OFICINA DE JUSTICIA DE ADRA.,50371734 (1 plazas),reextracción de la columna Denominación,CODIGO_DE_PUESTO,NO,https://www.boe.es/diario_boe/txt.php?id=BOE-A-2025-22543
101098,PUESTO_NUMERICO,BOE-A-2025-22543,HTML oficial revisado (líneas de tabla): N.º orden | Puesto | Denominación; 50370641 | OFICINA DE JUSTICIA DE ADRA.,50371735 (1 plazas),reextracción de la columna Denominación,CODIGO_DE_PUESTO,NO,https://www.boe.es/diario_boe/txt.php?id=BOE-A-2025-22543
101099,PUESTO_NUMERICO,BOE-A-2025-22543,HTML oficial revisado (líneas de tabla): N.º orden | Puesto | Denominación; 50370641 | OFICINA DE JUSTICIA DE ADRA.,50371736 (1 plazas),reextracción de la columna Denominación,CODIGO_DE_PUESTO,NO,https://www.boe.es/diario_boe/txt.php?id=BOE-A-2025-22543
101100,PUESTO_NUMERICO,BOE-A-2025-22543,HTML oficial revisado (líneas de tabla): N.º orden | Puesto | Denominación; 50370641 | OFICINA DE JUSTICIA DE ADRA.,50371737 (1 plazas),reextracción de la columna Denominación,CODIGO_DE_PUESTO,NO,https://www.boe.es/diario_boe/txt.php?id=BOE-A-2025-22543
101101,PUESTO_NUMERICO,BOE-A-2025-22543,HTML oficial revisado (líneas de tabla): N.º orden | Puesto | Denominación; 50370641 | OFICINA DE JUSTICIA DE ADRA.,50371738 (1 plazas),reextracción de la columna Denominación,CODIGO_DE_PUESTO,NO,https://www.boe.es/diario_boe/txt.php?id=BOE-A-2025-22543
101102,PUESTO_NUMERICO,BOE-A-2025-22543,HTML oficial revisado (líneas de tabla): N.º orden | Puesto | Denominación; 50370641 | OFICINA DE JUSTICIA DE ADRA.,50371739 (1 plazas),reextracción de la columna Denominación,CODIGO_DE_PUESTO,NO,https://www.boe.es/diario_boe/txt.php?id=BOE-A-2025-22543
101103,PUESTO_NUMERICO,BOE-A-2025-22543,HTML oficial revisado (líneas de tabla): N.º orden | Puesto | Denominación; 50370641 | OFICINA DE JUSTICIA DE ADRA.,50371742 (1 plazas),reextracción de la columna Denominación,CODIGO_DE_PUESTO,NO,https://www.boe.es/diario_boe/txt.php?id=BOE-A-2025-22543
101104,PUESTO_NUMERICO,BOE-A-2025-22543,HTML oficial revisado (líneas de tabla): N.º orden | Puesto | Denominación; 50370641 | OFICINA DE JUSTICIA DE ADRA.,50371743 (1 plazas),reextracción de la columna Denominación,CODIGO_DE_PUESTO,NO,https://www.boe.es/diario_boe/txt.php?id=BOE-A-2025-22543
101105,PUESTO_NUMERICO,BOE-A-2025-22543,HTML oficial revisado (líneas de tabla): N.º orden | Puesto | Denominación; 50370641 | OFICINA DE JUSTICIA DE ADRA.,50370738 (1 plazas),reextracción de la columna Denominación,CODIGO_DE_PUESTO,NO,https://www.boe.es/diario_boe/txt.php?id=BOE-A-2025-22543
101106,PUESTO_NUMERICO,BOE-A-2025-22543,HTML oficial revisado (líneas de tabla): N.º orden | Puesto | Denominación; 50370641 | OFICINA DE JUSTICIA DE ADRA.,50371787 (1 plazas),reextracción de la columna Denominación,CODIGO_DE_PUESTO,NO,https://www.boe.es/diario_boe/txt.php?id=BOE-A-2025-22543
101107,PUESTO_NUMERICO,BOE-A-2025-22543,HTML oficial revisado (líneas de tabla): N.º orden | Puesto | Denominación; 50370641 | OFICINA DE JUSTICIA DE ADRA.,50371788 (1 plazas),reextracción de la columna Denominación,CODIGO_DE_PUESTO,NO,https://www.boe.es/diario_boe/txt.php?id=BOE-A-2025-22543
101108,PUESTO_NUMERICO,BOE-A-2025-22543,HTML oficial revisado (líneas de tabla): N.º orden | Puesto | Denominación; 50370641 | OFICINA DE JUSTICIA DE ADRA.,50371789 (1 plazas),reextracción de la columna Denominación,CODIGO_DE_PUESTO,NO,https://www.boe.es/diario_boe/txt.php?id=BOE-A-2025-22543
101109,PUESTO_NUMERICO,BOE-A-2025-22543,HTML oficial revisado (líneas de tabla): N.º orden | Puesto | Denominación; 50370641 | OFICINA DE JUSTICIA DE ADRA.,50371790 (1 plazas),reextracción de la columna Denominación,CODIGO_DE_PUESTO,NO,https://www.boe.es/diario_boe/txt.php?id=BOE-A-2025-22543
101110,PUESTO_NUMERICO,BOE-A-2025-22543,HTML oficial revisado (líneas de tabla): N.º orden | Puesto | Denominación; 50370641 | OFICINA DE JUSTICIA DE ADRA.,50371791 (1 plazas),reextracción de la columna Denominación,CODIGO_DE_PUESTO,NO,https://www.boe.es/diario_boe/txt.php?id=BOE-A-2025-22543
101111,PUESTO_NUMERICO,BOE-A-2025-22543,HTML oficial revisado (líneas de tabla): N.º orden | Puesto | Denominación; 50370641 | OFICINA DE JUSTICIA DE ADRA.,50371792 (1 plazas),reextracción de la columna Denominación,CODIGO_DE_PUESTO,NO,https://www.boe.es/diario_boe/txt.php?id=BOE-A-2025-22543
101112,PUESTO_NUMERICO,BOE-A-2025-22543,HTML oficial revisado (líneas de tabla): N.º orden | Puesto | Denominación; 50370641 | OFICINA DE JUSTICIA DE ADRA.,50371794 (1 plazas),reextracción de la columna Denominación,CODIGO_DE_PUESTO,NO,https://www.boe.es/diario_boe/txt.php?id=BOE-A-2025-22543
101113,PUESTO_NUMERICO,BOE-A-2025-22543,HTML oficial revisado (líneas de tabla): N.º orden | Puesto | Denominación; 50370641 | OFICINA DE JUSTICIA DE ADRA.,50371795 (1 plazas),reextracción de la columna Denominación,CODIGO_DE_PUESTO,NO,https://www.boe.es/diario_boe/txt.php?id=BOE-A-2025-22543
101114,PUESTO_NUMERICO,BOE-A-2025-22543,HTML oficial revisado (líneas de tabla): N.º orden | Puesto | Denominación; 50370641 | OFICINA DE JUSTICIA DE ADRA.,50371796 (1 plazas),reextracción de la columna Denominación,CODIGO_DE_PUESTO,NO,https://www.boe.es/diario_boe/txt.php?id=BOE-A-2025-22543
101115,PUESTO_NUMERICO,BOE-A-2025-22543,HTML oficial revisado (líneas de tabla): N.º orden | Puesto | Denominación; 50370641 | OFICINA DE JUSTICIA DE ADRA.,50371802 (1 plazas),reextracción de la columna Denominación,CODIGO_DE_PUESTO,NO,https://www.boe.es/diario_boe/txt.php?id=BOE-A-2025-22543
101116,PUESTO_NUMERICO,BOE-A-2025-22543,HTML oficial revisado (líneas de tabla): N.º orden | Puesto | Denominación; 50370641 | OFICINA DE JUSTICIA DE ADRA.,50371756 (1 plazas),reextracción de la columna Denominación,CODIGO_DE_PUESTO,NO,https://www.boe.es/diario_boe/txt.php?id=BOE-A-2025-22543
101117,PUESTO_NUMERICO,BOE-A-2025-22543,HTML oficial revisado (líneas de tabla): N.º orden | Puesto | Denominación; 50370641 | OFICINA DE JUSTICIA DE ADRA.,50371757 (1 plazas),reextracción de la columna Denominación,CODIGO_DE_PUESTO,NO,https://www.boe.es/diario_boe/txt.php?id=BOE-A-2025-22543
101118,PUESTO_NUMERICO,BOE-A-2025-22543,HTML oficial revisado (líneas de tabla): N.º orden | Puesto | Denominación; 50370641 | OFICINA DE JUSTICIA DE ADRA.,50371758 (1 plazas),reextracción de la columna Denominación,CODIGO_DE_PUESTO,NO,https://www.boe.es/diario_boe/txt.php?id=BOE-A-2025-22543
101119,PUESTO_NUMERICO,BOE-A-2025-22543,HTML oficial revisado (líneas de tabla): N.º orden | Puesto | Denominación; 50370641 | OFICINA DE JUSTICIA DE ADRA.,50371759 (1 plazas),reextracción de la columna Denominación,CODIGO_DE_PUESTO,NO,https://www.boe.es/diario_boe/txt.php?id=BOE-A-2025-22543
101120,PUESTO_NUMERICO,BOE-A-2025-22543,HTML oficial revisado (líneas de tabla): N.º orden | Puesto | Denominación; 50370641 | OFICINA DE JUSTICIA DE ADRA.,50371760 (1 plazas),reextracción de la columna Denominación,CODIGO_DE_PUESTO,NO,https://www.boe.es/diario_boe/txt.php?id=BOE-A-2025-22543
101121,PUESTO_NUMERICO,BOE-A-2025-22543,HTML oficial revisado (líneas de tabla): N.º orden | Puesto | Denominación; 50370641 | OFICINA DE JUSTICIA DE ADRA.,50371761 (1 plazas),reextracción de la columna Denominación,CODIGO_DE_PUESTO,NO,https://www.boe.es/diario_boe/txt.php?id=BOE-A-2025-22543
101122,PUESTO_NUMERICO,BOE-A-2025-22543,HTML oficial revisado (líneas de tabla): N.º orden | Puesto | Denominación; 50370641 | OFICINA DE JUSTICIA DE ADRA.,50371762 (1 plazas),reextracción de la columna Denominación,CODIGO_DE_PUESTO,NO,https://www.boe.es/diario_boe/txt.php?id=BOE-A-2025-22543
101123,PUESTO_NUMERICO,BOE-A-2025-22543,HTML oficial revisado (líneas de tabla): N.º orden | Puesto | Denominación; 50370641 | OFICINA DE JUSTICIA DE ADRA.,50371763 (1 plazas),reextracción de la columna Denominación,CODIGO_DE_PUESTO,NO,https://www.boe.es/diario_boe/txt.php?id=BOE-A-2025-22543
101124,PUESTO_NUMERICO,BOE-A-2025-22543,HTML oficial revisado (líneas de tabla): N.º orden | Puesto | Denominación; 50370641 | OFICINA DE JUSTICIA DE ADRA.,50371768 (1 plazas),reextracción de la columna Denominación,CODIGO_DE_PUESTO,NO,https://www.boe.es/diario_boe/txt.php?id=BOE-A-2025-22543
101125,PUESTO_NUMERICO,BOE-A-2025-22543,HTML oficial revisado (líneas de tabla): N.º orden | Puesto | Denominación; 50370641 | OFICINA DE JUSTICIA DE ADRA.,50371772 (1 plazas),reextracción de la columna Denominación,CODIGO_DE_PUESTO,NO,https://www.boe.es/diario_boe/txt.php?id=BOE-A-2025-22543
101126,PUESTO_NUMERICO,BOE-A-2025-22543,HTML oficial revisado (líneas de tabla): N.º orden | Puesto | Denominación; 50370641 | OFICINA DE JUSTICIA DE ADRA.,50371781 (1 plazas),reextracción de la columna Denominación,CODIGO_DE_PUESTO,NO,https://www.boe.es/diario_boe/txt.php?id=BOE-A-2025-22543
101127,PUESTO_NUMERICO,BOE-A-2025-22543,HTML oficial revisado (líneas de tabla): N.º orden | Puesto | Denominación; 50370641 | OFICINA DE JUSTICIA DE ADRA.,50371811 (1 plazas),reextracción de la columna Denominación,CODIGO_DE_PUESTO,NO,https://www.boe.es/diario_boe/txt.php?id=BOE-A-2025-22543
101128,PUESTO_NUMERICO,BOE-A-2025-22543,HTML oficial revisado (líneas de tabla): N.º orden | Puesto | Denominación; 50370641 | OFICINA DE JUSTICIA DE ADRA.,50371818 (1 plazas),reextracción de la columna Denominación,CODIGO_DE_PUESTO,NO,https://www.boe.es/diario_boe/txt.php?id=BOE-A-2025-22543
101129,PUESTO_NUMERICO,BOE-A-2025-22543,HTML oficial revisado (líneas de tabla): N.º orden | Puesto | Denominación; 50370641 | OFICINA DE JUSTICIA DE ADRA.,50371850 (1 plazas),reextracción de la columna Denominación,CODIGO_DE_PUESTO,NO,https://www.boe.es/diario_boe/txt.php?id=BOE-A-2025-22543
101130,PUESTO_NUMERICO,BOE-A-2025-22543,HTML oficial revisado (líneas de tabla): N.º orden | Puesto | Denominación; 50370641 | OFICINA DE JUSTICIA DE ADRA.,50371885 (1 plazas),reextracción de la columna Denominación,CODIGO_DE_PUESTO,NO,https://www.boe.es/diario_boe/txt.php?id=BOE-A-2025-22543
101131,PUESTO_NUMERICO,BOE-A-2025-22543,HTML oficial revisado (líneas de tabla): N.º orden | Puesto | Denominación; 50370641 | OFICINA DE JUSTICIA DE ADRA.,50371874 (1 plazas),reextracción de la columna Denominación,CODIGO_DE_PUESTO,NO,https://www.boe.es/diario_boe/txt.php?id=BOE-A-2025-22543
101132,PUESTO_NUMERICO,BOE-A-2025-22543,HTML oficial revisado (líneas de tabla): N.º orden | Puesto | Denominación; 50370641 | OFICINA DE JUSTICIA DE ADRA.,50371911 (1 plazas),reextracción de la columna Denominación,CODIGO_DE_PUESTO,NO,https://www.boe.es/diario_boe/txt.php?id=BOE-A-2025-22543
101133,PUESTO_NUMERICO,BOE-A-2025-22543,HTML oficial revisado (líneas de tabla): N.º orden | Puesto | Denominación; 50370641 | OFICINA DE JUSTICIA DE ADRA.,50371912 (1 plazas),reextracción de la columna Denominación,CODIGO_DE_PUESTO,NO,https://www.boe.es/diario_boe/txt.php?id=BOE-A-2025-22543
101134,PUESTO_NUMERICO,BOE-A-2025-22543,HTML oficial revisado (líneas de tabla): N.º orden | Puesto | Denominación; 50370641 | OFICINA DE JUSTICIA DE ADRA.,50371971 (1 plazas),reextracción de la columna Denominación,CODIGO_DE_PUESTO,NO,https://www.boe.es/diario_boe/txt.php?id=BOE-A-2025-22543
101135,PUESTO_NUMERICO,BOE-A-2025-22543,HTML oficial revisado (líneas de tabla): N.º orden | Puesto | Denominación; 50370641 | OFICINA DE JUSTICIA DE ADRA.,50371990 (1 plazas),reextracción de la columna Denominación,CODIGO_DE_PUESTO,NO,https://www.boe.es/diario_boe/txt.php?id=BOE-A-2025-22543
101136,PUESTO_NUMERICO,BOE-A-2025-22543,HTML oficial revisado (líneas de tabla): N.º orden | Puesto | Denominación; 50370641 | OFICINA DE JUSTICIA DE ADRA.,50372027 (1 plazas),reextracción de la columna Denominación,CODIGO_DE_PUESTO,NO,https://www.boe.es/diario_boe/txt.php?id=BOE-A-2025-22543
101137,PUESTO_NUMERICO,BOE-A-2025-22543,HTML oficial revisado (líneas de tabla): N.º orden | Puesto | Denominación; 50370641 | OFICINA DE JUSTICIA DE ADRA.,50372038 (1 plazas),reextracción de la columna Denominación,CODIGO_DE_PUESTO,NO,https://www.boe.es/diario_boe/txt.php?id=BOE-A-2025-22543
101138,PUESTO_NUMERICO,BOE-A-2025-22543,HTML oficial revisado (líneas de tabla): N.º orden | Puesto | Denominación; 50370641 | OFICINA DE JUSTICIA DE ADRA.,50372041 (1 plazas),reextracción de la columna Denominación,CODIGO_DE_PUESTO,NO,https://www.boe.es/diario_boe/txt.php?id=BOE-A-2025-22543
101139,PUESTO_NUMERICO,BOE-A-2025-22543,HTML oficial revisado (líneas de tabla): N.º orden | Puesto | Denominación; 50370641 | OFICINA DE JUSTICIA DE ADRA.,50372055 (1 plazas),reextracción de la columna Denominación,CODIGO_DE_PUESTO,NO,https://www.boe.es/diario_boe/txt.php?id=BOE-A-2025-22543
101140,PUESTO_NUMERICO,BOE-A-2025-22543,HTML oficial revisado (líneas de tabla): N.º orden | Puesto | Denominación; 50370641 | OFICINA DE JUSTICIA DE ADRA.,50372056 (1 plazas),reextracción de la columna Denominación,CODIGO_DE_PUESTO,NO,https://www.boe.es/diario_boe/txt.php?id=BOE-A-2025-22543
101141,PUESTO_NUMERICO,BOE-A-2025-22543,HTML oficial revisado (líneas de tabla): N.º orden | Puesto | Denominación; 50370641 | OFICINA DE JUSTICIA DE ADRA.,50372057 (1 plazas),reextracción de la columna Denominación,CODIGO_DE_PUESTO,NO,https://www.boe.es/diario_boe/txt.php?id=BOE-A-2025-22543
101142,PUESTO_NUMERICO,BOE-A-2025-22543,HTML oficial revisado (líneas de tabla): N.º orden | Puesto | Denominación; 50370641 | OFICINA DE JUSTICIA DE ADRA.,50372058 (1 plazas),reextracción de la columna Denominación,CODIGO_DE_PUESTO,NO,https://www.boe.es/diario_boe/txt.php?id=BOE-A-2025-22543
101143,PUESTO_NUMERICO,BOE-A-2025-22543,HTML oficial revisado (líneas de tabla): N.º orden | Puesto | Denominación; 50370641 | OFICINA DE JUSTICIA DE ADRA.,50372059 (1 plazas),reextracción de la columna Denominación,CODIGO_DE_PUESTO,NO,https://www.boe.es/diario_boe/txt.php?id=BOE-A-2025-22543
101144,PUESTO_NUMERICO,BOE-A-2025-22543,HTML oficial revisado (líneas de tabla): N.º orden | Puesto | Denominación; 50370641 | OFICINA DE JUSTICIA DE ADRA.,50372072 (1 plazas),reextracción de la columna Denominación,CODIGO_DE_PUESTO,NO,https://www.boe.es/diario_boe/txt.php?id=BOE-A-2025-22543
101145,PUESTO_NUMERICO,BOE-A-2025-22543,HTML oficial revisado (líneas de tabla): N.º orden | Puesto | Denominación; 50370641 | OFICINA DE JUSTICIA DE ADRA.,50372083 (1 plazas),reextracción de la columna Denominación,CODIGO_DE_PUESTO,NO,https://www.boe.es/diario_boe/txt.php?id=BOE-A-2025-22543
101146,PUESTO_NUMERICO,BOE-A-2025-22543,HTML oficial revisado (líneas de tabla): N.º orden | Puesto | Denominación; 50370641 | OFICINA DE JUSTICIA DE ADRA.,50372084 (1 plazas),reextracción de la columna Denominación,CODIGO_DE_PUESTO,NO,https://www.boe.es/diario_boe/txt.php?id=BOE-A-2025-22543
101147,PUESTO_NUMERICO,BOE-A-2025-22543,HTML oficial revisado (líneas de tabla): N.º orden | Puesto | Denominación; 50370641 | OFICINA DE JUSTICIA DE ADRA.,50372085 (1 plazas),reextracción de la columna Denominación,CODIGO_DE_PUESTO,NO,https://www.boe.es/diario_boe/txt.php?id=BOE-A-2025-22543
101148,PUESTO_NUMERICO,BOE-A-2025-22543,HTML oficial revisado (líneas de tabla): N.º orden | Puesto | Denominación; 50370641 | OFICINA DE JUSTICIA DE ADRA.,50372086 (1 plazas),reextracción de la columna Denominación,CODIGO_DE_PUESTO,NO,https://www.boe.es/diario_boe/txt.php?id=BOE-A-2025-22543
101149,PUESTO_NUMERICO,BOE-A-2025-22543,HTML oficial revisado (líneas de tabla): N.º orden | Puesto | Denominación; 50370641 | OFICINA DE JUSTICIA DE ADRA.,50372119 (1 plazas),reextracción de la columna Denominación,CODIGO_DE_PUESTO,NO,https://www.boe.es/diario_boe/txt.php?id=BOE-A-2025-22543
101150,PUESTO_NUMERICO,BOE-A-2025-22543,HTML oficial revisado (líneas de tabla): N.º orden | Puesto | Denominación; 50370641 | OFICINA DE JUSTICIA DE ADRA.,50372120 (1 plazas),reextracción de la columna Denominación,CODIGO_DE_PUESTO,NO,https://www.boe.es/diario_boe/txt.php?id=BOE-A-2025-22543
101151,PUESTO_NUMERICO,BOE-A-2025-22543,HTML oficial revisado (líneas de tabla): N.º orden | Puesto | Denominación; 50370641 | OFICINA DE JUSTICIA DE ADRA.,50372131 (1 plazas),reextracción de la columna Denominación,CODIGO_DE_PUESTO,NO,https://www.boe.es/diario_boe/txt.php?id=BOE-A-2025-22543
101152,PUESTO_NUMERICO,BOE-A-2025-22543,HTML oficial revisado (líneas de tabla): N.º orden | Puesto | Denominación; 50370641 | OFICINA DE JUSTICIA DE ADRA.,50372132 (1 plazas),reextracción de la columna Denominación,CODIGO_DE_PUESTO,NO,https://www.boe.es/diario_boe/txt.php?id=BOE-A-2025-22543
101153,PUESTO_NUMERICO,BOE-A-2025-22543,HTML oficial revisado (líneas de tabla): N.º orden | Puesto | Denominación; 50370641 | OFICINA DE JUSTICIA DE ADRA.,50372133 (1 plazas),reextracción de la columna Denominación,CODIGO_DE_PUESTO,NO,https://www.boe.es/diario_boe/txt.php?id=BOE-A-2025-22543
101154,PUESTO_NUMERICO,BOE-A-2025-22543,HTML oficial revisado (líneas de tabla): N.º orden | Puesto | Denominación; 50370641 | OFICINA DE JUSTICIA DE ADRA.,50372142 (1 plazas),reextracción de la columna Denominación,CODIGO_DE_PUESTO,NO,https://www.boe.es/diario_boe/txt.php?id=BOE-A-2025-22543
101155,PUESTO_NUMERICO,BOE-A-2025-22543,HTML oficial revisado (líneas de tabla): N.º orden | Puesto | Denominación; 50370641 | OFICINA DE JUSTICIA DE ADRA.,50372143 (1 plazas),reextracción de la columna Denominación,CODIGO_DE_PUESTO,NO,https://www.boe.es/diario_boe/txt.php?id=BOE-A-2025-22543
101156,PUESTO_NUMERICO,BOE-A-2025-22543,HTML oficial revisado (líneas de tabla): N.º orden | Puesto | Denominación; 50370641 | OFICINA DE JUSTICIA DE ADRA.,50372144 (1 plazas),reextracción de la columna Denominación,CODIGO_DE_PUESTO,NO,https://www.boe.es/diario_boe/txt.php?id=BOE-A-2025-22543
101157,PUESTO_NUMERICO,BOE-A-2025-22543,HTML oficial revisado (líneas de tabla): N.º orden | Puesto | Denominación; 50370641 | OFICINA DE JUSTICIA DE ADRA.,50372145 (1 plazas),reextracción de la columna Denominación,CODIGO_DE_PUESTO,NO,https://www.boe.es/diario_boe/txt.php?id=BOE-A-2025-22543
101158,PUESTO_NUMERICO,BOE-A-2025-22543,HTML oficial revisado (líneas de tabla): N.º orden | Puesto | Denominación; 50370641 | OFICINA DE JUSTICIA DE ADRA.,50372223 (1 plazas),reextracción de la columna Denominación,CODIGO_DE_PUESTO,NO,https://www.boe.es/diario_boe/txt.php?id=BOE-A-2025-22543
101159,PUESTO_NUMERICO,BOE-A-2025-22543,HTML oficial revisado (líneas de tabla): N.º orden | Puesto | Denominación; 50370641 | OFICINA DE JUSTICIA DE ADRA.,50372226 (1 plazas),reextracción de la columna Denominación,CODIGO_DE_PUESTO,NO,https://www.boe.es/diario_boe/txt.php?id=BOE-A-2025-22543
101160,PUESTO_NUMERICO,BOE-A-2025-22543,HTML oficial revisado (líneas de tabla): N.º orden | Puesto | Denominación; 50370641 | OFICINA DE JUSTICIA DE ADRA.,50372227 (1 plazas),reextracción de la columna Denominación,CODIGO_DE_PUESTO,NO,https://www.boe.es/diario_boe/txt.php?id=BOE-A-2025-22543
101161,PUESTO_NUMERICO,BOE-A-2025-22543,HTML oficial revisado (líneas de tabla): N.º orden | Puesto | Denominación; 50370641 | OFICINA DE JUSTICIA DE ADRA.,50372178 (1 plazas),reextracción de la columna Denominación,CODIGO_DE_PUESTO,NO,https://www.boe.es/diario_boe/txt.php?id=BOE-A-2025-22543
101162,PUESTO_NUMERICO,BOE-A-2025-22543,HTML oficial revisado (líneas de tabla): N.º orden | Puesto | Denominación; 50370641 | OFICINA DE JUSTICIA DE ADRA.,50372179 (1 plazas),reextracción de la columna Denominación,CODIGO_DE_PUESTO,NO,https://www.boe.es/diario_boe/txt.php?id=BOE-A-2025-22543
101163,PUESTO_NUMERICO,BOE-A-2025-22543,HTML oficial revisado (líneas de tabla): N.º orden | Puesto | Denominación; 50370641 | OFICINA DE JUSTICIA DE ADRA.,50372180 (1 plazas),reextracción de la columna Denominación,CODIGO_DE_PUESTO,NO,https://www.boe.es/diario_boe/txt.php?id=BOE-A-2025-22543
101164,PUESTO_NUMERICO,BOE-A-2025-22543,HTML oficial revisado (líneas de tabla): N.º orden | Puesto | Denominación; 50370641 | OFICINA DE JUSTICIA DE ADRA.,50372181 (1 plazas),reextracción de la columna Denominación,CODIGO_DE_PUESTO,NO,https://www.boe.es/diario_boe/txt.php?id=BOE-A-2025-22543
101165,PUESTO_NUMERICO,BOE-A-2025-22543,HTML oficial revisado (líneas de tabla): N.º orden | Puesto | Denominación; 50370641 | OFICINA DE JUSTICIA DE ADRA.,50372182 (1 plazas),reextracción de la columna Denominación,CODIGO_DE_PUESTO,NO,https://www.boe.es/diario_boe/txt.php?id=BOE-A-2025-22543
101166,PUESTO_NUMERICO,BOE-A-2025-22543,HTML oficial revisado (líneas de tabla): N.º orden | Puesto | Denominación; 50370641 | OFICINA DE JUSTICIA DE ADRA.,50372196 (1 plazas),reextracción de la columna Denominación,CODIGO_DE_PUESTO,NO,https://www.boe.es/diario_boe/txt.php?id=BOE-A-2025-22543
101167,PUESTO_NUMERICO,BOE-A-2025-22543,HTML oficial revisado (líneas de tabla): N.º orden | Puesto | Denominación; 50370641 | OFICINA DE JUSTICIA DE ADRA.,50372197 (1 plazas),reextracción de la columna Denominación,CODIGO_DE_PUESTO,NO,https://www.boe.es/diario_boe/txt.php?id=BOE-A-2025-22543
101168,PUESTO_NUMERICO,BOE-A-2025-22543,HTML oficial revisado (líneas de tabla): N.º orden | Puesto | Denominación; 50370641 | OFICINA DE JUSTICIA DE ADRA.,50372204 (1 plazas),reextracción de la columna Denominación,CODIGO_DE_PUESTO,NO,https://www.boe.es/diario_boe/txt.php?id=BOE-A-2025-22543
101169,PUESTO_NUMERICO,BOE-A-2025-22543,HTML oficial revisado (líneas de tabla): N.º orden | Puesto | Denominación; 50370641 | OFICINA DE JUSTICIA DE ADRA.,50372215 (1 plazas),reextracción de la columna Denominación,CODIGO_DE_PUESTO,NO,https://www.boe.es/diario_boe/txt.php?id=BOE-A-2025-22543
101170,PUESTO_NUMERICO,BOE-A-2025-22543,HTML oficial revisado (líneas de tabla): N.º orden | Puesto | Denominación; 50370641 | OFICINA DE JUSTICIA DE ADRA.,50372216 (1 plazas),reextracción de la columna Denominación,CODIGO_DE_PUESTO,NO,https://www.boe.es/diario_boe/txt.php?id=BOE-A-2025-22543
101171,PUESTO_NUMERICO,BOE-A-2025-22543,HTML oficial revisado (líneas de tabla): N.º orden | Puesto | Denominación; 50370641 | OFICINA DE JUSTICIA DE ADRA.,50372260 (1 plazas),reextracción de la columna Denominación,CODIGO_DE_PUESTO,NO,https://www.boe.es/diario_boe/txt.php?id=BOE-A-2025-22543
101172,PUESTO_NUMERICO,BOE-A-2025-22543,HTML oficial revisado (líneas de tabla): N.º orden | Puesto | Denominación; 50370641 | OFICINA DE JUSTICIA DE ADRA.,50372274 (1 plazas),reextracción de la columna Denominación,CODIGO_DE_PUESTO,NO,https://www.boe.es/diario_boe/txt.php?id=BOE-A-2025-22543
101173,PUESTO_NUMERICO,BOE-A-2025-22543,HTML oficial revisado (líneas de tabla): N.º orden | Puesto | Denominación; 50370641 | OFICINA DE JUSTICIA DE ADRA.,50372284 (1 plazas),reextracción de la columna Denominación,CODIGO_DE_PUESTO,NO,https://www.boe.es/diario_boe/txt.php?id=BOE-A-2025-22543
101174,PUESTO_NUMERICO,BOE-A-2025-22543,HTML oficial revisado (líneas de tabla): N.º orden | Puesto | Denominación; 50370641 | OFICINA DE JUSTICIA DE ADRA.,50372285 (1 plazas),reextracción de la columna Denominación,CODIGO_DE_PUESTO,NO,https://www.boe.es/diario_boe/txt.php?id=BOE-A-2025-22543
101175,PUESTO_NUMERICO,BOE-A-2025-22543,HTML oficial revisado (líneas de tabla): N.º orden | Puesto | Denominación; 50370641 | OFICINA DE JUSTICIA DE ADRA.,50372286 (1 plazas),reextracción de la columna Denominación,CODIGO_DE_PUESTO,NO,https://www.boe.es/diario_boe/txt.php?id=BOE-A-2025-22543
101176,PUESTO_NUMERICO,BOE-A-2025-22543,HTML oficial revisado (líneas de tabla): N.º orden | Puesto | Denominación; 50370641 | OFICINA DE JUSTICIA DE ADRA.,50372287 (1 plazas),reextracción de la columna Denominación,CODIGO_DE_PUESTO,NO,https://www.boe.es/diario_boe/txt.php?id=BOE-A-2025-22543
101177,PUESTO_NUMERICO,BOE-A-2025-22543,HTML oficial revisado (líneas de tabla): N.º orden | Puesto | Denominación; 50370641 | OFICINA DE JUSTICIA DE ADRA.,50372288 (1 plazas),reextracción de la columna Denominación,CODIGO_DE_PUESTO,NO,https://www.boe.es/diario_boe/txt.php?id=BOE-A-2025-22543
101178,PUESTO_NUMERICO,BOE-A-2025-22543,HTML oficial revisado (líneas de tabla): N.º orden | Puesto | Denominación; 50370641 | OFICINA DE JUSTICIA DE ADRA.,50372306 (1 plazas),reextracción de la columna Denominación,CODIGO_DE_PUESTO,NO,https://www.boe.es/diario_boe/txt.php?id=BOE-A-2025-22543
101179,PUESTO_NUMERICO,BOE-A-2025-22543,HTML oficial revisado (líneas de tabla): N.º orden | Puesto | Denominación; 50370641 | OFICINA DE JUSTICIA DE ADRA.,50372310 (1 plazas),reextracción de la columna Denominación,CODIGO_DE_PUESTO,NO,https://www.boe.es/diario_boe/txt.php?id=BOE-A-2025-22543
101180,PUESTO_NUMERICO,BOE-A-2025-22543,HTML oficial revisado (líneas de tabla): N.º orden | Puesto | Denominación; 50370641 | OFICINA DE JUSTICIA DE ADRA.,50372319 (1 plazas),reextracción de la columna Denominación,CODIGO_DE_PUESTO,NO,https://www.boe.es/diario_boe/txt.php?id=BOE-A-2025-22543
101181,PUESTO_NUMERICO,BOE-A-2025-22543,HTML oficial revisado (líneas de tabla): N.º orden | Puesto | Denominación; 50370641 | OFICINA DE JUSTICIA DE ADRA.,50372320 (1 plazas),reextracción de la columna Denominación,CODIGO_DE_PUESTO,NO,https://www.boe.es/diario_boe/txt.php?id=BOE-A-2025-22543
101182,PUESTO_NUMERICO,BOE-A-2025-22543,HTML oficial revisado (líneas de tabla): N.º orden | Puesto | Denominación; 50370641 | OFICINA DE JUSTICIA DE ADRA.,50372352 (1 plazas),reextracción de la columna Denominación,CODIGO_DE_PUESTO,NO,https://www.boe.es/diario_boe/txt.php?id=BOE-A-2025-22543
101183,PUESTO_NUMERICO,BOE-A-2025-22543,HTML oficial revisado (líneas de tabla): N.º orden | Puesto | Denominación; 50370641 | OFICINA DE JUSTICIA DE ADRA.,50372440 (1 plazas),reextracción de la columna Denominación,CODIGO_DE_PUESTO,NO,https://www.boe.es/diario_boe/txt.php?id=BOE-A-2025-22543
101184,PUESTO_NUMERICO,BOE-A-2025-22543,HTML oficial revisado (líneas de tabla): N.º orden | Puesto | Denominación; 50370641 | OFICINA DE JUSTICIA DE ADRA.,50372468 (1 plazas),reextracción de la columna Denominación,CODIGO_DE_PUESTO,NO,https://www.boe.es/diario_boe/txt.php?id=BOE-A-2025-22543
101185,PUESTO_NUMERICO,BOE-A-2025-22543,HTML oficial revisado (líneas de tabla): N.º orden | Puesto | Denominación; 50370641 | OFICINA DE JUSTICIA DE ADRA.,50372469 (1 plazas),reextracción de la columna Denominación,CODIGO_DE_PUESTO,NO,https://www.boe.es/diario_boe/txt.php?id=BOE-A-2025-22543
101186,PUESTO_NUMERICO,BOE-A-2025-22543,HTML oficial revisado (líneas de tabla): N.º orden | Puesto | Denominación; 50370641 | OFICINA DE JUSTICIA DE ADRA.,50372470 (1 plazas),reextracción de la columna Denominación,CODIGO_DE_PUESTO,NO,https://www.boe.es/diario_boe/txt.php?id=BOE-A-2025-22543
101187,PUESTO_NUMERICO,BOE-A-2025-22543,HTML oficial revisado (líneas de tabla): N.º orden | Puesto | Denominación; 50370641 | OFICINA DE JUSTICIA DE ADRA.,50372481 (1 plazas),reextracción de la columna Denominación,CODIGO_DE_PUESTO,NO,https://www.boe.es/diario_boe/txt.php?id=BOE-A-2025-22543
101188,PUESTO_NUMERICO,BOE-A-2025-22543,HTML oficial revisado (líneas de tabla): N.º orden | Puesto | Denominación; 50370641 | OFICINA DE JUSTICIA DE ADRA.,50372482 (1 plazas),reextracción de la columna Denominación,CODIGO_DE_PUESTO,NO,https://www.boe.es/diario_boe/txt.php?id=BOE-A-2025-22543
101189,PUESTO_NUMERICO,BOE-A-2025-22543,HTML oficial revisado (líneas de tabla): N.º orden | Puesto | Denominación; 50370641 | OFICINA DE JUSTICIA DE ADRA.,50372488 (1 plazas),reextracción de la columna Denominación,CODIGO_DE_PUESTO,NO,https://www.boe.es/diario_boe/txt.php?id=BOE-A-2025-22543
101190,PUESTO_NUMERICO,BOE-A-2025-22543,HTML oficial revisado (líneas de tabla): N.º orden | Puesto | Denominación; 50370641 | OFICINA DE JUSTICIA DE ADRA.,50372508 (1 plazas),reextracción de la columna Denominación,CODIGO_DE_PUESTO,NO,https://www.boe.es/diario_boe/txt.php?id=BOE-A-2025-22543
101191,PUESTO_NUMERICO,BOE-A-2025-22543,HTML oficial revisado (líneas de tabla): N.º orden | Puesto | Denominación; 50370641 | OFICINA DE JUSTICIA DE ADRA.,50372509 (1 plazas),reextracción de la columna Denominación,CODIGO_DE_PUESTO,NO,https://www.boe.es/diario_boe/txt.php?id=BOE-A-2025-22543
101192,PUESTO_NUMERICO,BOE-A-2025-22543,HTML oficial revisado (líneas de tabla): N.º orden | Puesto | Denominación; 50370641 | OFICINA DE JUSTICIA DE ADRA.,50372526 (1 plazas),reextracción de la columna Denominación,CODIGO_DE_PUESTO,NO,https://www.boe.es/diario_boe/txt.php?id=BOE-A-2025-22543
101193,PUESTO_NUMERICO,BOE-A-2025-22543,HTML oficial revisado (líneas de tabla): N.º orden | Puesto | Denominación; 50370641 | OFICINA DE JUSTICIA DE ADRA.,50372543 (1 plazas),reextracción de la columna Denominación,CODIGO_DE_PUESTO,NO,https://www.boe.es/diario_boe/txt.php?id=BOE-A-2025-22543
101194,PUESTO_NUMERICO,BOE-A-2025-22543,HTML oficial revisado (líneas de tabla): N.º orden | Puesto | Denominación; 50370641 | OFICINA DE JUSTICIA DE ADRA.,50372544 (1 plazas),reextracción de la columna Denominación,CODIGO_DE_PUESTO,NO,https://www.boe.es/diario_boe/txt.php?id=BOE-A-2025-22543
101195,PUESTO_NUMERICO,BOE-A-2025-22543,HTML oficial revisado (líneas de tabla): N.º orden | Puesto | Denominación; 50370641 | OFICINA DE JUSTICIA DE ADRA.,50372545 (1 plazas),reextracción de la columna Denominación,CODIGO_DE_PUESTO,NO,https://www.boe.es/diario_boe/txt.php?id=BOE-A-2025-22543
101196,PUESTO_NUMERICO,BOE-A-2025-22543,HTML oficial revisado (líneas de tabla): N.º orden | Puesto | Denominación; 50370641 | OFICINA DE JUSTICIA DE ADRA.,50372546 (1 plazas),reextracción de la columna Denominación,CODIGO_DE_PUESTO,NO,https://www.boe.es/diario_boe/txt.php?id=BOE-A-2025-22543
101197,PUESTO_NUMERICO,BOE-A-2025-22543,HTML oficial revisado (líneas de tabla): N.º orden | Puesto | Denominación; 50370641 | OFICINA DE JUSTICIA DE ADRA.,50372592 (1 plazas),reextracción de la columna Denominación,CODIGO_DE_PUESTO,NO,https://www.boe.es/diario_boe/txt.php?id=BOE-A-2025-22543
101198,PUESTO_NUMERICO,BOE-A-2025-22543,HTML oficial revisado (líneas de tabla): N.º orden | Puesto | Denominación; 50370641 | OFICINA DE JUSTICIA DE ADRA.,50372593 (1 plazas),reextracción de la columna Denominación,CODIGO_DE_PUESTO,NO,https://www.boe.es/diario_boe/txt.php?id=BOE-A-2025-22543
101199,PUESTO_NUMERICO,BOE-A-2025-22543,HTML oficial revisado (líneas de tabla): N.º orden | Puesto | Denominación; 50370641 | OFICINA DE JUSTICIA DE ADRA.,50372594 (1 plazas),reextracción de la columna Denominación,CODIGO_DE_PUESTO,NO,https://www.boe.es/diario_boe/txt.php?id=BOE-A-2025-22543
101200,PUESTO_NUMERICO,BOE-A-2025-22543,HTML oficial revisado (líneas de tabla): N.º orden | Puesto | Denominación; 50370641 | OFICINA DE JUSTICIA DE ADRA.,50372595 (1 plazas),reextracción de la columna Denominación,CODIGO_DE_PUESTO,NO,https://www.boe.es/diario_boe/txt.php?id=BOE-A-2025-22543
101201,PUESTO_NUMERICO,BOE-A-2025-22543,HTML oficial revisado (líneas de tabla): N.º orden | Puesto | Denominación; 50370641 | OFICINA DE JUSTICIA DE ADRA.,50372415 (1 plazas),reextracción de la columna Denominación,CODIGO_DE_PUESTO,NO,https://www.boe.es/diario_boe/txt.php?id=BOE-A-2025-22543
101202,PUESTO_NUMERICO,BOE-A-2025-22543,HTML oficial revisado (líneas de tabla): N.º orden | Puesto | Denominación; 50370641 | OFICINA DE JUSTICIA DE ADRA.,50370637 (1 plazas),reextracción de la columna Denominación,CODIGO_DE_PUESTO,NO,https://www.boe.es/diario_boe/txt.php?id=BOE-A-2025-22543
101203,PUESTO_NUMERICO,BOE-A-2025-22543,HTML oficial revisado (líneas de tabla): N.º orden | Puesto | Denominación; 50370641 | OFICINA DE JUSTICIA DE ADRA.,50370869 (1 plazas),reextracción de la columna Denominación,CODIGO_DE_PUESTO,NO,https://www.boe.es/diario_boe/txt.php?id=BOE-A-2025-22543
101204,PUESTO_NUMERICO,BOE-A-2025-22543,HTML oficial revisado (líneas de tabla): N.º orden | Puesto | Denominación; 50370641 | OFICINA DE JUSTICIA DE ADRA.,50370870 (1 plazas),reextracción de la columna Denominación,CODIGO_DE_PUESTO,NO,https://www.boe.es/diario_boe/txt.php?id=BOE-A-2025-22543
101205,PUESTO_NUMERICO,BOE-A-2025-22543,HTML oficial revisado (líneas de tabla): N.º orden | Puesto | Denominación; 50370641 | OFICINA DE JUSTICIA DE ADRA.,50370868 (1 plazas),reextracción de la columna Denominación,CODIGO_DE_PUESTO,NO,https://www.boe.es/diario_boe/txt.php?id=BOE-A-2025-22543
101206,PUESTO_NUMERICO,BOE-A-2025-22543,HTML oficial revisado (líneas de tabla): N.º orden | Puesto | Denominación; 50370641 | OFICINA DE JUSTICIA DE ADRA.,50370873 (1 plazas),reextracción de la columna Denominación,CODIGO_DE_PUESTO,NO,https://www.boe.es/diario_boe/txt.php?id=BOE-A-2025-22543
101207,PUESTO_NUMERICO,BOE-A-2025-22543,HTML oficial revisado (líneas de tabla): N.º orden | Puesto | Denominación; 50370641 | OFICINA DE JUSTICIA DE ADRA.,50370645 (1 plazas),reextracción de la columna Denominación,CODIGO_DE_PUESTO,NO,https://www.boe.es/diario_boe/txt.php?id=BOE-A-2025-22543
101208,PUESTO_NUMERICO,BOE-A-2025-22543,HTML oficial revisado (líneas de tabla): N.º orden | Puesto | Denominación; 50370641 | OFICINA DE JUSTICIA DE ADRA.,50370908 (1 plazas),reextracción de la columna Denominación,CODIGO_DE_PUESTO,NO,https://www.boe.es/diario_boe/txt.php?id=BOE-A-2025-22543
101209,PUESTO_NUMERICO,BOE-A-2025-22543,HTML oficial revisado (líneas de tabla): N.º orden | Puesto | Denominación; 50370641 | OFICINA DE JUSTICIA DE ADRA.,50370909 (1 plazas),reextracción de la columna Denominación,CODIGO_DE_PUESTO,NO,https://www.boe.es/diario_boe/txt.php?id=BOE-A-2025-22543
101210,PUESTO_NUMERICO,BOE-A-2025-22543,HTML oficial revisado (líneas de tabla): N.º orden | Puesto | Denominación; 50370641 | OFICINA DE JUSTICIA DE ADRA.,50370650 (1 plazas),reextracción de la columna Denominación,CODIGO_DE_PUESTO,NO,https://www.boe.es/diario_boe/txt.php?id=BOE-A-2025-22543
101211,PUESTO_NUMERICO,BOE-A-2025-22543,HTML oficial revisado (líneas de tabla): N.º orden | Puesto | Denominación; 50370641 | OFICINA DE JUSTICIA DE ADRA.,50370949 (1 plazas),reextracción de la columna Denominación,CODIGO_DE_PUESTO,NO,https://www.boe.es/diario_boe/txt.php?id=BOE-A-2025-22543
101212,PUESTO_NUMERICO,BOE-A-2025-22543,HTML oficial revisado (líneas de tabla): N.º orden | Puesto | Denominación; 50370641 | OFICINA DE JUSTICIA DE ADRA.,50370948 (1 plazas),reextracción de la columna Denominación,CODIGO_DE_PUESTO,NO,https://www.boe.es/diario_boe/txt.php?id=BOE-A-2025-22543
101213,PUESTO_NUMERICO,BOE-A-2025-22543,HTML oficial revisado (líneas de tabla): N.º orden | Puesto | Denominación; 50370641 | OFICINA DE JUSTICIA DE ADRA.,50370778 (1 plazas),reextracción de la columna Denominación,CODIGO_DE_PUESTO,NO,https://www.boe.es/diario_boe/txt.php?id=BOE-A-2025-22543
101214,PUESTO_NUMERICO,BOE-A-2025-22543,HTML oficial revisado (líneas de tabla): N.º orden | Puesto | Denominación; 50370641 | OFICINA DE JUSTICIA DE ADRA.,50370652 (1 plazas),reextracción de la columna Denominación,CODIGO_DE_PUESTO,NO,https://www.boe.es/diario_boe/txt.php?id=BOE-A-2025-22543
101215,PUESTO_NUMERICO,BOE-A-2025-22543,HTML oficial revisado (líneas de tabla): N.º orden | Puesto | Denominación; 50370641 | OFICINA DE JUSTICIA DE ADRA.,50370959 (1 plazas),reextracción de la columna Denominación,CODIGO_DE_PUESTO,NO,https://www.boe.es/diario_boe/txt.php?id=BOE-A-2025-22543
101216,PUESTO_NUMERICO,BOE-A-2025-22543,HTML oficial revisado (líneas de tabla): N.º orden | Puesto | Denominación; 50370641 | OFICINA DE JUSTICIA DE ADRA.,50371000 (1 plazas),reextracción de la columna Denominación,CODIGO_DE_PUESTO,NO,https://www.boe.es/diario_boe/txt.php?id=BOE-A-2025-22543
101217,PUESTO_NUMERICO,BOE-A-2025-22543,HTML oficial revisado (líneas de tabla): N.º orden | Puesto | Denominación; 50370641 | OFICINA DE JUSTICIA DE ADRA.,50371001 (1 plazas),reextracción de la columna Denominación,CODIGO_DE_PUESTO,NO,https://www.boe.es/diario_boe/txt.php?id=BOE-A-2025-22543
101218,PUESTO_NUMERICO,BOE-A-2025-22543,HTML oficial revisado (líneas de tabla): N.º orden | Puesto | Denominación; 50370641 | OFICINA DE JUSTICIA DE ADRA.,50371002 (1 plazas),reextracción de la columna Denominación,CODIGO_DE_PUESTO,NO,https://www.boe.es/diario_boe/txt.php?id=BOE-A-2025-22543
101219,PUESTO_NUMERICO,BOE-A-2025-22543,HTML oficial revisado (líneas de tabla): N.º orden | Puesto | Denominación; 50370641 | OFICINA DE JUSTICIA DE ADRA.,50371022 (1 plazas),reextracción de la columna Denominación,CODIGO_DE_PUESTO,NO,https://www.boe.es/diario_boe/txt.php?id=BOE-A-2025-22543
101220,PUESTO_NUMERICO,BOE-A-2025-22543,HTML oficial revisado (líneas de tabla): N.º orden | Puesto | Denominación; 50370641 | OFICINA DE JUSTICIA DE ADRA.,50371023 (1 plazas),reextracción de la columna Denominación,CODIGO_DE_PUESTO,NO,https://www.boe.es/diario_boe/txt.php?id=BOE-A-2025-22543
101221,PUESTO_NUMERICO,BOE-A-2025-22543,HTML oficial revisado (líneas de tabla): N.º orden | Puesto | Denominación; 50370641 | OFICINA DE JUSTICIA DE ADRA.,50371059 (1 plazas),reextracción de la columna Denominación,CODIGO_DE_PUESTO,NO,https://www.boe.es/diario_boe/txt.php?id=BOE-A-2025-22543
101222,PUESTO_NUMERICO,BOE-A-2025-22543,HTML oficial revisado (líneas de tabla): N.º orden | Puesto | Denominación; 50370641 | OFICINA DE JUSTICIA DE ADRA.,50371061 (1 plazas),reextracción de la columna Denominación,CODIGO_DE_PUESTO,NO,https://www.boe.es/diario_boe/txt.php?id=BOE-A-2025-22543
101223,PUESTO_NUMERICO,BOE-A-2025-22543,HTML oficial revisado (líneas de tabla): N.º orden | Puesto | Denominación; 50370641 | OFICINA DE JUSTICIA DE ADRA.,50371062 (1 plazas),reextracción de la columna Denominación,CODIGO_DE_PUESTO,NO,https://www.boe.es/diario_boe/txt.php?id=BOE-A-2025-22543
101224,PUESTO_NUMERICO,BOE-A-2025-22543,HTML oficial revisado (líneas de tabla): N.º orden | Puesto | Denominación; 50370641 | OFICINA DE JUSTICIA DE ADRA.,50371067 (1 plazas),reextracción de la columna Denominación,CODIGO_DE_PUESTO,NO,https://www.boe.es/diario_boe/txt.php?id=BOE-A-2025-22543
101225,PUESTO_NUMERICO,BOE-A-2025-22543,HTML oficial revisado (líneas de tabla): N.º orden | Puesto | Denominación; 50370641 | OFICINA DE JUSTICIA DE ADRA.,50371096 (1 plazas),reextracción de la columna Denominación,CODIGO_DE_PUESTO,NO,https://www.boe.es/diario_boe/txt.php?id=BOE-A-2025-22543
101226,PUESTO_NUMERICO,BOE-A-2025-22543,HTML oficial revisado (líneas de tabla): N.º orden | Puesto | Denominación; 50370641 | OFICINA DE JUSTICIA DE ADRA.,50371097 (1 plazas),reextracción de la columna Denominación,CODIGO_DE_PUESTO,NO,https://www.boe.es/diario_boe/txt.php?id=BOE-A-2025-22543
101227,PUESTO_NUMERICO,BOE-A-2025-22543,HTML oficial revisado (líneas de tabla): N.º orden | Puesto | Denominación; 50370641 | OFICINA DE JUSTICIA DE ADRA.,50371095 (1 plazas),reextracción de la columna Denominación,CODIGO_DE_PUESTO,NO,https://www.boe.es/diario_boe/txt.php?id=BOE-A-2025-22543
101228,PUESTO_NUMERICO,BOE-A-2025-22543,HTML oficial revisado (líneas de tabla): N.º orden | Puesto | Denominación; 50370641 | OFICINA DE JUSTICIA DE ADRA.,50371117 (1 plazas),reextracción de la columna Denominación,CODIGO_DE_PUESTO,NO,https://www.boe.es/diario_boe/txt.php?id=BOE-A-2025-22543
101229,PUESTO_NUMERICO,BOE-A-2025-22543,HTML oficial revisado (líneas de tabla): N.º orden | Puesto | Denominación; 50370641 | OFICINA DE JUSTICIA DE ADRA.,50371115 (1 plazas),reextracción de la columna Denominación,CODIGO_DE_PUESTO,NO,https://www.boe.es/diario_boe/txt.php?id=BOE-A-2025-22543
101230,PUESTO_NUMERICO,BOE-A-2025-22543,HTML oficial revisado (líneas de tabla): N.º orden | Puesto | Denominación; 50370641 | OFICINA DE JUSTICIA DE ADRA.,50371121 (1 plazas),reextracción de la columna Denominación,CODIGO_DE_PUESTO,NO,https://www.boe.es/diario_boe/txt.php?id=BOE-A-2025-22543
101231,PUESTO_NUMERICO,BOE-A-2025-22543,HTML oficial revisado (líneas de tabla): N.º orden | Puesto | Denominación; 50370641 | OFICINA DE JUSTICIA DE ADRA.,50370674 (1 plazas),reextracción de la columna Denominación,CODIGO_DE_PUESTO,NO,https://www.boe.es/diario_boe/txt.php?id=BOE-A-2025-22543
101232,PUESTO_NUMERICO,BOE-A-2025-22543,HTML oficial revisado (líneas de tabla): N.º orden | Puesto | Denominación; 50370641 | OFICINA DE JUSTICIA DE ADRA.,50370655 (1 plazas),reextracción de la columna Denominación,CODIGO_DE_PUESTO,NO,https://www.boe.es/diario_boe/txt.php?id=BOE-A-2025-22543
101233,PUESTO_NUMERICO,BOE-A-2025-22543,HTML oficial revisado (líneas de tabla): N.º orden | Puesto | Denominación; 50370641 | OFICINA DE JUSTICIA DE ADRA.,50371161 (1 plazas),reextracción de la columna Denominación,CODIGO_DE_PUESTO,NO,https://www.boe.es/diario_boe/txt.php?id=BOE-A-2025-22543
101234,PUESTO_NUMERICO,BOE-A-2025-22543,HTML oficial revisado (líneas de tabla): N.º orden | Puesto | Denominación; 50370641 | OFICINA DE JUSTICIA DE ADRA.,50371157 (1 plazas),reextracción de la columna Denominación,CODIGO_DE_PUESTO,NO,https://www.boe.es/diario_boe/txt.php?id=BOE-A-2025-22543
101235,PUESTO_NUMERICO,BOE-A-2025-22543,HTML oficial revisado (líneas de tabla): N.º orden | Puesto | Denominación; 50370641 | OFICINA DE JUSTICIA DE ADRA.,50371158 (1 plazas),reextracción de la columna Denominación,CODIGO_DE_PUESTO,NO,https://www.boe.es/diario_boe/txt.php?id=BOE-A-2025-22543
101236,PUESTO_NUMERICO,BOE-A-2025-22543,HTML oficial revisado (líneas de tabla): N.º orden | Puesto | Denominación; 50370641 | OFICINA DE JUSTICIA DE ADRA.,50371181 (1 plazas),reextracción de la columna Denominación,CODIGO_DE_PUESTO,NO,https://www.boe.es/diario_boe/txt.php?id=BOE-A-2025-22543
101237,PUESTO_NUMERICO,BOE-A-2025-22543,HTML oficial revisado (líneas de tabla): N.º orden | Puesto | Denominación; 50370641 | OFICINA DE JUSTICIA DE ADRA.,50371217 (1 plazas),reextracción de la columna Denominación,CODIGO_DE_PUESTO,NO,https://www.boe.es/diario_boe/txt.php?id=BOE-A-2025-22543
101238,PUESTO_NUMERICO,BOE-A-2025-22543,HTML oficial revisado (líneas de tabla): N.º orden | Puesto | Denominación; 50370641 | OFICINA DE JUSTICIA DE ADRA.,50371218 (1 plazas),reextracción de la columna Denominación,CODIGO_DE_PUESTO,NO,https://www.boe.es/diario_boe/txt.php?id=BOE-A-2025-22543
101239,PUESTO_NUMERICO,BOE-A-2025-22543,HTML oficial revisado (líneas de tabla): N.º orden | Puesto | Denominación; 50370641 | OFICINA DE JUSTICIA DE ADRA.,50371219 (1 plazas),reextracción de la columna Denominación,CODIGO_DE_PUESTO,NO,https://www.boe.es/diario_boe/txt.php?id=BOE-A-2025-22543
101240,PUESTO_NUMERICO,BOE-A-2025-22543,HTML oficial revisado (líneas de tabla): N.º orden | Puesto | Denominación; 50370641 | OFICINA DE JUSTICIA DE ADRA.,50371220 (1 plazas),reextracción de la columna Denominación,CODIGO_DE_PUESTO,NO,https://www.boe.es/diario_boe/txt.php?id=BOE-A-2025-22543
101241,PUESTO_NUMERICO,BOE-A-2025-22543,HTML oficial revisado (líneas de tabla): N.º orden | Puesto | Denominación; 50370641 | OFICINA DE JUSTICIA DE ADRA.,50371228 (1 plazas),reextracción de la columna Denominación,CODIGO_DE_PUESTO,NO,https://www.boe.es/diario_boe/txt.php?id=BOE-A-2025-22543
101242,PUESTO_NUMERICO,BOE-A-2025-22543,HTML oficial revisado (líneas de tabla): N.º orden | Puesto | Denominación; 50370641 | OFICINA DE JUSTICIA DE ADRA.,50371229 (1 plazas),reextracción de la columna Denominación,CODIGO_DE_PUESTO,NO,https://www.boe.es/diario_boe/txt.php?id=BOE-A-2025-22543
101243,PUESTO_NUMERICO,BOE-A-2025-22543,HTML oficial revisado (líneas de tabla): N.º orden | Puesto | Denominación; 50370641 | OFICINA DE JUSTICIA DE ADRA.,50370680 (1 plazas),reextracción de la columna Denominación,CODIGO_DE_PUESTO,NO,https://www.boe.es/diario_boe/txt.php?id=BOE-A-2025-22543
101244,PUESTO_NUMERICO,BOE-A-2025-22543,HTML oficial revisado (líneas de tabla): N.º orden | Puesto | Denominación; 50370641 | OFICINA DE JUSTICIA DE ADRA.,50371260 (1 plazas),reextracción de la columna Denominación,CODIGO_DE_PUESTO,NO,https://www.boe.es/diario_boe/txt.php?id=BOE-A-2025-22543
101245,PUESTO_NUMERICO,BOE-A-2025-22543,HTML oficial revisado (líneas de tabla): N.º orden | Puesto | Denominación; 50370641 | OFICINA DE JUSTICIA DE ADRA.,50371264 (1 plazas),reextracción de la columna Denominación,CODIGO_DE_PUESTO,NO,https://www.boe.es/diario_boe/txt.php?id=BOE-A-2025-22543
101246,PUESTO_NUMERICO,BOE-A-2025-22543,HTML oficial revisado (líneas de tabla): N.º orden | Puesto | Denominación; 50370641 | OFICINA DE JUSTICIA DE ADRA.,50370662 (1 plazas),reextracción de la columna Denominación,CODIGO_DE_PUESTO,NO,https://www.boe.es/diario_boe/txt.php?id=BOE-A-2025-22543
101247,PUESTO_NUMERICO,BOE-A-2025-22543,HTML oficial revisado (líneas de tabla): N.º orden | Puesto | Denominación; 50370641 | OFICINA DE JUSTICIA DE ADRA.,50371242 (1 plazas),reextracción de la columna Denominación,CODIGO_DE_PUESTO,NO,https://www.boe.es/diario_boe/txt.php?id=BOE-A-2025-22543
101248,PUESTO_NUMERICO,BOE-A-2025-22543,HTML oficial revisado (líneas de tabla): N.º orden | Puesto | Denominación; 50370641 | OFICINA DE JUSTICIA DE ADRA.,50371240 (1 plazas),reextracción de la columna Denominación,CODIGO_DE_PUESTO,NO,https://www.boe.es/diario_boe/txt.php?id=BOE-A-2025-22543
101249,PUESTO_NUMERICO,BOE-A-2025-22543,HTML oficial revisado (líneas de tabla): N.º orden | Puesto | Denominación; 50370641 | OFICINA DE JUSTICIA DE ADRA.,50371296 (1 plazas),reextracción de la columna Denominación,CODIGO_DE_PUESTO,NO,https://www.boe.es/diario_boe/txt.php?id=BOE-A-2025-22543
101250,PUESTO_NUMERICO,BOE-A-2025-22543,HTML oficial revisado (líneas de tabla): N.º orden | Puesto | Denominación; 50370641 | OFICINA DE JUSTICIA DE ADRA.,50371327 (1 plazas),reextracción de la columna Denominación,CODIGO_DE_PUESTO,NO,https://www.boe.es/diario_boe/txt.php?id=BOE-A-2025-22543
101251,PUESTO_NUMERICO,BOE-A-2025-22543,HTML oficial revisado (líneas de tabla): N.º orden | Puesto | Denominación; 50370641 | OFICINA DE JUSTICIA DE ADRA.,50371328 (1 plazas),reextracción de la columna Denominación,CODIGO_DE_PUESTO,NO,https://www.boe.es/diario_boe/txt.php?id=BOE-A-2025-22543
101252,PUESTO_NUMERICO,BOE-A-2025-22543,HTML oficial revisado (líneas de tabla): N.º orden | Puesto | Denominación; 50370641 | OFICINA DE JUSTICIA DE ADRA.,50371329 (1 plazas),reextracción de la columna Denominación,CODIGO_DE_PUESTO,NO,https://www.boe.es/diario_boe/txt.php?id=BOE-A-2025-22543
101253,PUESTO_NUMERICO,BOE-A-2025-22543,HTML oficial revisado (líneas de tabla): N.º orden | Puesto | Denominación; 50370641 | OFICINA DE JUSTICIA DE ADRA.,50371332 (1 plazas),reextracción de la columna Denominación,CODIGO_DE_PUESTO,NO,https://www.boe.es/diario_boe/txt.php?id=BOE-A-2025-22543
101254,PUESTO_NUMERICO,BOE-A-2025-22543,HTML oficial revisado (líneas de tabla): N.º orden | Puesto | Denominación; 50370641 | OFICINA DE JUSTICIA DE ADRA.,50371384 (1 plazas),reextracción de la columna Denominación,CODIGO_DE_PUESTO,NO,https://www.boe.es/diario_boe/txt.php?id=BOE-A-2025-22543
101255,PUESTO_NUMERICO,BOE-A-2025-22543,HTML oficial revisado (líneas de tabla): N.º orden | Puesto | Denominación; 50370641 | OFICINA DE JUSTICIA DE ADRA.,50370660 (1 plazas),reextracción de la columna Denominación,CODIGO_DE_PUESTO,NO,https://www.boe.es/diario_boe/txt.php?id=BOE-A-2025-22543
101256,PUESTO_NUMERICO,BOE-A-2025-22543,HTML oficial revisado (líneas de tabla): N.º orden | Puesto | Denominación; 50370641 | OFICINA DE JUSTICIA DE ADRA.,50371393 (1 plazas),reextracción de la columna Denominación,CODIGO_DE_PUESTO,NO,https://www.boe.es/diario_boe/txt.php?id=BOE-A-2025-22543
101257,PUESTO_NUMERICO,BOE-A-2025-22543,HTML oficial revisado (líneas de tabla): N.º orden | Puesto | Denominación; 50370641 | OFICINA DE JUSTICIA DE ADRA.,50371396 (1 plazas),reextracción de la columna Denominación,CODIGO_DE_PUESTO,NO,https://www.boe.es/diario_boe/txt.php?id=BOE-A-2025-22543
101258,PUESTO_NUMERICO,BOE-A-2025-22543,HTML oficial revisado (líneas de tabla): N.º orden | Puesto | Denominación; 50370641 | OFICINA DE JUSTICIA DE ADRA.,50371404 (1 plazas),reextracción de la columna Denominación,CODIGO_DE_PUESTO,NO,https://www.boe.es/diario_boe/txt.php?id=BOE-A-2025-22543
101259,PUESTO_NUMERICO,BOE-A-2025-22543,HTML oficial revisado (líneas de tabla): N.º orden | Puesto | Denominación; 50370641 | OFICINA DE JUSTICIA DE ADRA.,50370700 (1 plazas),reextracción de la columna Denominación,CODIGO_DE_PUESTO,NO,https://www.boe.es/diario_boe/txt.php?id=BOE-A-2025-22543
101260,PUESTO_NUMERICO,BOE-A-2025-22543,HTML oficial revisado (líneas de tabla): N.º orden | Puesto | Denominación; 50370641 | OFICINA DE JUSTICIA DE ADRA.,50371428 (1 plazas),reextracción de la columna Denominación,CODIGO_DE_PUESTO,NO,https://www.boe.es/diario_boe/txt.php?id=BOE-A-2025-22543
101261,PUESTO_NUMERICO,BOE-A-2025-22543,HTML oficial revisado (líneas de tabla): N.º orden | Puesto | Denominación; 50370641 | OFICINA DE JUSTICIA DE ADRA.,50371429 (1 plazas),reextracción de la columna Denominación,CODIGO_DE_PUESTO,NO,https://www.boe.es/diario_boe/txt.php?id=BOE-A-2025-22543
101262,PUESTO_NUMERICO,BOE-A-2025-22543,HTML oficial revisado (líneas de tabla): N.º orden | Puesto | Denominación; 50370641 | OFICINA DE JUSTICIA DE ADRA.,50371430 (1 plazas),reextracción de la columna Denominación,CODIGO_DE_PUESTO,NO,https://www.boe.es/diario_boe/txt.php?id=BOE-A-2025-22543
101263,PUESTO_NUMERICO,BOE-A-2025-22543,HTML oficial revisado (líneas de tabla): N.º orden | Puesto | Denominación; 50370641 | OFICINA DE JUSTICIA DE ADRA.,50371435 (1 plazas),reextracción de la columna Denominación,CODIGO_DE_PUESTO,NO,https://www.boe.es/diario_boe/txt.php?id=BOE-A-2025-22543
101264,PUESTO_NUMERICO,BOE-A-2025-22543,HTML oficial revisado (líneas de tabla): N.º orden | Puesto | Denominación; 50370641 | OFICINA DE JUSTICIA DE ADRA.,50371446 (1 plazas),reextracción de la columna Denominación,CODIGO_DE_PUESTO,NO,https://www.boe.es/diario_boe/txt.php?id=BOE-A-2025-22543
101265,PUESTO_NUMERICO,BOE-A-2025-22543,HTML oficial revisado (líneas de tabla): N.º orden | Puesto | Denominación; 50370641 | OFICINA DE JUSTICIA DE ADRA.,50371459 (1 plazas),reextracción de la columna Denominación,CODIGO_DE_PUESTO,NO,https://www.boe.es/diario_boe/txt.php?id=BOE-A-2025-22543
101266,PUESTO_NUMERICO,BOE-A-2025-22543,HTML oficial revisado (líneas de tabla): N.º orden | Puesto | Denominación; 50370641 | OFICINA DE JUSTICIA DE ADRA.,50371470 (1 plazas),reextracción de la columna Denominación,CODIGO_DE_PUESTO,NO,https://www.boe.es/diario_boe/txt.php?id=BOE-A-2025-22543
101267,PUESTO_NUMERICO,BOE-A-2025-22543,HTML oficial revisado (líneas de tabla): N.º orden | Puesto | Denominación; 50370641 | OFICINA DE JUSTICIA DE ADRA.,50371475 (1 plazas),reextracción de la columna Denominación,CODIGO_DE_PUESTO,NO,https://www.boe.es/diario_boe/txt.php?id=BOE-A-2025-22543
101268,PUESTO_NUMERICO,BOE-A-2025-22543,HTML oficial revisado (líneas de tabla): N.º orden | Puesto | Denominación; 50370641 | OFICINA DE JUSTICIA DE ADRA.,50371493 (1 plazas),reextracción de la columna Denominación,CODIGO_DE_PUESTO,NO,https://www.boe.es/diario_boe/txt.php?id=BOE-A-2025-22543
101269,PUESTO_NUMERICO,BOE-A-2025-22543,HTML oficial revisado (líneas de tabla): N.º orden | Puesto | Denominación; 50370641 | OFICINA DE JUSTICIA DE ADRA.,50371509 (1 plazas),reextracción de la columna Denominación,CODIGO_DE_PUESTO,NO,https://www.boe.es/diario_boe/txt.php?id=BOE-A-2025-22543
101270,PUESTO_NUMERICO,BOE-A-2025-22543,HTML oficial revisado (líneas de tabla): N.º orden | Puesto | Denominación; 50370641 | OFICINA DE JUSTICIA DE ADRA.,50371508 (1 plazas),reextracción de la columna Denominación,CODIGO_DE_PUESTO,NO,https://www.boe.es/diario_boe/txt.php?id=BOE-A-2025-22543
101271,PUESTO_NUMERICO,BOE-A-2025-22543,HTML oficial revisado (líneas de tabla): N.º orden | Puesto | Denominación; 50370641 | OFICINA DE JUSTICIA DE ADRA.,50371513 (1 plazas),reextracción de la columna Denominación,CODIGO_DE_PUESTO,NO,https://www.boe.es/diario_boe/txt.php?id=BOE-A-2025-22543
101272,PUESTO_NUMERICO,BOE-A-2025-22543,HTML oficial revisado (líneas de tabla): N.º orden | Puesto | Denominación; 50370641 | OFICINA DE JUSTICIA DE ADRA.,50371533 (1 plazas),reextracción de la columna Denominación,CODIGO_DE_PUESTO,NO,https://www.boe.es/diario_boe/txt.php?id=BOE-A-2025-22543
101273,PUESTO_NUMERICO,BOE-A-2025-22543,HTML oficial revisado (líneas de tabla): N.º orden | Puesto | Denominación; 50370641 | OFICINA DE JUSTICIA DE ADRA.,50370682 (1 plazas),reextracción de la columna Denominación,CODIGO_DE_PUESTO,NO,https://www.boe.es/diario_boe/txt.php?id=BOE-A-2025-22543
101274,PUESTO_NUMERICO,BOE-A-2025-22543,HTML oficial revisado (líneas de tabla): N.º orden | Puesto | Denominación; 50370641 | OFICINA DE JUSTICIA DE ADRA.,50370706 (1 plazas),reextracción de la columna Denominación,CODIGO_DE_PUESTO,NO,https://www.boe.es/diario_boe/txt.php?id=BOE-A-2025-22543
101275,PUESTO_NUMERICO,BOE-A-2025-22543,HTML oficial revisado (líneas de tabla): N.º orden | Puesto | Denominación; 50370641 | OFICINA DE JUSTICIA DE ADRA.,50370714 (1 plazas),reextracción de la columna Denominación,CODIGO_DE_PUESTO,NO,https://www.boe.es/diario_boe/txt.php?id=BOE-A-2025-22543
101276,PUESTO_NUMERICO,BOE-A-2025-22543,HTML oficial revisado (líneas de tabla): N.º orden | Puesto | Denominación; 50370641 | OFICINA DE JUSTICIA DE ADRA.,50371555 (1 plazas),reextracción de la columna Denominación,CODIGO_DE_PUESTO,NO,https://www.boe.es/diario_boe/txt.php?id=BOE-A-2025-22543
101277,PUESTO_NUMERICO,BOE-A-2025-22543,HTML oficial revisado (líneas de tabla): N.º orden | Puesto | Denominación; 50370641 | OFICINA DE JUSTICIA DE ADRA.,50371556 (1 plazas),reextracción de la columna Denominación,CODIGO_DE_PUESTO,NO,https://www.boe.es/diario_boe/txt.php?id=BOE-A-2025-22543
101278,PUESTO_NUMERICO,BOE-A-2025-22543,HTML oficial revisado (líneas de tabla): N.º orden | Puesto | Denominación; 50370641 | OFICINA DE JUSTICIA DE ADRA.,50371559 (1 plazas),reextracción de la columna Denominación,CODIGO_DE_PUESTO,NO,https://www.boe.es/diario_boe/txt.php?id=BOE-A-2025-22543
101279,PUESTO_NUMERICO,BOE-A-2025-22543,HTML oficial revisado (líneas de tabla): N.º orden | Puesto | Denominación; 50370641 | OFICINA DE JUSTICIA DE ADRA.,50371571 (1 plazas),reextracción de la columna Denominación,CODIGO_DE_PUESTO,NO,https://www.boe.es/diario_boe/txt.php?id=BOE-A-2025-22543
101280,PUESTO_NUMERICO,BOE-A-2025-22543,HTML oficial revisado (líneas de tabla): N.º orden | Puesto | Denominación; 50370641 | OFICINA DE JUSTICIA DE ADRA.,50371592 (1 plazas),reextracción de la columna Denominación,CODIGO_DE_PUESTO,NO,https://www.boe.es/diario_boe/txt.php?id=BOE-A-2025-22543
101281,PUESTO_NUMERICO,BOE-A-2025-22543,HTML oficial revisado (líneas de tabla): N.º orden | Puesto | Denominación; 50370641 | OFICINA DE JUSTICIA DE ADRA.,50370709 (1 plazas),reextracción de la columna Denominación,CODIGO_DE_PUESTO,NO,https://www.boe.es/diario_boe/txt.php?id=BOE-A-2025-22543
101282,PUESTO_NUMERICO,BOE-A-2025-22543,HTML oficial revisado (líneas de tabla): N.º orden | Puesto | Denominación; 50370641 | OFICINA DE JUSTICIA DE ADRA.,50371614 (1 plazas),reextracción de la columna Denominación,CODIGO_DE_PUESTO,NO,https://www.boe.es/diario_boe/txt.php?id=BOE-A-2025-22543
101283,PUESTO_NUMERICO,BOE-A-2025-22543,HTML oficial revisado (líneas de tabla): N.º orden | Puesto | Denominación; 50370641 | OFICINA DE JUSTICIA DE ADRA.,50371615 (1 plazas),reextracción de la columna Denominación,CODIGO_DE_PUESTO,NO,https://www.boe.es/diario_boe/txt.php?id=BOE-A-2025-22543
101284,PUESTO_NUMERICO,BOE-A-2025-22543,HTML oficial revisado (líneas de tabla): N.º orden | Puesto | Denominación; 50370641 | OFICINA DE JUSTICIA DE ADRA.,50371618 (1 plazas),reextracción de la columna Denominación,CODIGO_DE_PUESTO,NO,https://www.boe.es/diario_boe/txt.php?id=BOE-A-2025-22543
101285,PUESTO_NUMERICO,BOE-A-2025-22543,HTML oficial revisado (líneas de tabla): N.º orden | Puesto | Denominación; 50370641 | OFICINA DE JUSTICIA DE ADRA.,50370716 (1 plazas),reextracción de la columna Denominación,CODIGO_DE_PUESTO,NO,https://www.boe.es/diario_boe/txt.php?id=BOE-A-2025-22543
101286,PUESTO_NUMERICO,BOE-A-2025-22543,HTML oficial revisado (líneas de tabla): N.º orden | Puesto | Denominación; 50370641 | OFICINA DE JUSTICIA DE ADRA.,50371673 (1 plazas),reextracción de la columna Denominación,CODIGO_DE_PUESTO,NO,https://www.boe.es/diario_boe/txt.php?id=BOE-A-2025-22543
101287,PUESTO_NUMERICO,BOE-A-2025-22543,HTML oficial revisado (líneas de tabla): N.º orden | Puesto | Denominación; 50370641 | OFICINA DE JUSTICIA DE ADRA.,50371626 (1 plazas),reextracción de la columna Denominación,CODIGO_DE_PUESTO,NO,https://www.boe.es/diario_boe/txt.php?id=BOE-A-2025-22543
101288,PUESTO_NUMERICO,BOE-A-2025-22543,HTML oficial revisado (líneas de tabla): N.º orden | Puesto | Denominación; 50370641 | OFICINA DE JUSTICIA DE ADRA.,50371627 (1 plazas),reextracción de la columna Denominación,CODIGO_DE_PUESTO,NO,https://www.boe.es/diario_boe/txt.php?id=BOE-A-2025-22543
101289,PUESTO_NUMERICO,BOE-A-2025-22543,HTML oficial revisado (líneas de tabla): N.º orden | Puesto | Denominación; 50370641 | OFICINA DE JUSTICIA DE ADRA.,50371683 (1 plazas),reextracción de la columna Denominación,CODIGO_DE_PUESTO,NO,https://www.boe.es/diario_boe/txt.php?id=BOE-A-2025-22543
101290,PUESTO_NUMERICO,BOE-A-2025-22543,HTML oficial revisado (líneas de tabla): N.º orden | Puesto | Denominación; 50370641 | OFICINA DE JUSTICIA DE ADRA.,50371684 (1 plazas),reextracción de la columna Denominación,CODIGO_DE_PUESTO,NO,https://www.boe.es/diario_boe/txt.php?id=BOE-A-2025-22543
101291,PUESTO_NUMERICO,BOE-A-2025-22543,HTML oficial revisado (líneas de tabla): N.º orden | Puesto | Denominación; 50370641 | OFICINA DE JUSTICIA DE ADRA.,50371727 (1 plazas),reextracción de la columna Denominación,CODIGO_DE_PUESTO,NO,https://www.boe.es/diario_boe/txt.php?id=BOE-A-2025-22543
101292,PUESTO_NUMERICO,BOE-A-2025-22543,HTML oficial revisado (líneas de tabla): N.º orden | Puesto | Denominación; 50370641 | OFICINA DE JUSTICIA DE ADRA.,50371728 (1 plazas),reextracción de la columna Denominación,CODIGO_DE_PUESTO,NO,https://www.boe.es/diario_boe/txt.php?id=BOE-A-2025-22543
101293,PUESTO_NUMERICO,BOE-A-2025-22543,HTML oficial revisado (líneas de tabla): N.º orden | Puesto | Denominación; 50370641 | OFICINA DE JUSTICIA DE ADRA.,50371729 (1 plazas),reextracción de la columna Denominación,CODIGO_DE_PUESTO,NO,https://www.boe.es/diario_boe/txt.php?id=BOE-A-2025-22543
101294,PUESTO_NUMERICO,BOE-A-2025-22543,HTML oficial revisado (líneas de tabla): N.º orden | Puesto | Denominación; 50370641 | OFICINA DE JUSTICIA DE ADRA.,50371723 (1 plazas),reextracción de la columna Denominación,CODIGO_DE_PUESTO,NO,https://www.boe.es/diario_boe/txt.php?id=BOE-A-2025-22543
101295,PUESTO_NUMERICO,BOE-A-2025-22543,HTML oficial revisado (líneas de tabla): N.º orden | Puesto | Denominación; 50370641 | OFICINA DE JUSTICIA DE ADRA.,50371724 (1 plazas),reextracción de la columna Denominación,CODIGO_DE_PUESTO,NO,https://www.boe.es/diario_boe/txt.php?id=BOE-A-2025-22543
101296,PUESTO_NUMERICO,BOE-A-2025-22543,HTML oficial revisado (líneas de tabla): N.º orden | Puesto | Denominación; 50370641 | OFICINA DE JUSTICIA DE ADRA.,50371725 (1 plazas),reextracción de la columna Denominación,CODIGO_DE_PUESTO,NO,https://www.boe.es/diario_boe/txt.php?id=BOE-A-2025-22543
101297,PUESTO_NUMERICO,BOE-A-2025-22543,HTML oficial revisado (líneas de tabla): N.º orden | Puesto | Denominación; 50370641 | OFICINA DE JUSTICIA DE ADRA.,50371744 (1 plazas),reextracción de la columna Denominación,CODIGO_DE_PUESTO,NO,https://www.boe.es/diario_boe/txt.php?id=BOE-A-2025-22543
101298,PUESTO_NUMERICO,BOE-A-2025-22543,HTML oficial revisado (líneas de tabla): N.º orden | Puesto | Denominación; 50370641 | OFICINA DE JUSTICIA DE ADRA.,50370747 (1 plazas),reextracción de la columna Denominación,CODIGO_DE_PUESTO,NO,https://www.boe.es/diario_boe/txt.php?id=BOE-A-2025-22543
101299,PUESTO_NUMERICO,BOE-A-2025-22543,HTML oficial revisado (líneas de tabla): N.º orden | Puesto | Denominación; 50370641 | OFICINA DE JUSTICIA DE ADRA.,50370739 (1 plazas),reextracción de la columna Denominación,CODIGO_DE_PUESTO,NO,https://www.boe.es/diario_boe/txt.php?id=BOE-A-2025-22543
101300,PUESTO_NUMERICO,BOE-A-2025-22543,HTML oficial revisado (líneas de tabla): N.º orden | Puesto | Denominación; 50370641 | OFICINA DE JUSTICIA DE ADRA.,50370854 (1 plazas),reextracción de la columna Denominación,CODIGO_DE_PUESTO,NO,https://www.boe.es/diario_boe/txt.php?id=BOE-A-2025-22543
101301,PUESTO_NUMERICO,BOE-A-2025-22543,HTML oficial revisado (líneas de tabla): N.º orden | Puesto | Denominación; 50370641 | OFICINA DE JUSTICIA DE ADRA.,50371799 (1 plazas),reextracción de la columna Denominación,CODIGO_DE_PUESTO,NO,https://www.boe.es/diario_boe/txt.php?id=BOE-A-2025-22543
101302,PUESTO_NUMERICO,BOE-A-2025-22543,HTML oficial revisado (líneas de tabla): N.º orden | Puesto | Denominación; 50370641 | OFICINA DE JUSTICIA DE ADRA.,50371800 (1 plazas),reextracción de la columna Denominación,CODIGO_DE_PUESTO,NO,https://www.boe.es/diario_boe/txt.php?id=BOE-A-2025-22543
101303,PUESTO_NUMERICO,BOE-A-2025-22543,HTML oficial revisado (líneas de tabla): N.º orden | Puesto | Denominación; 50370641 | OFICINA DE JUSTICIA DE ADRA.,50371803 (1 plazas),reextracción de la columna Denominación,CODIGO_DE_PUESTO,NO,https://www.boe.es/diario_boe/txt.php?id=BOE-A-2025-22543
101304,PUESTO_NUMERICO,BOE-A-2025-22543,HTML oficial revisado (líneas de tabla): N.º orden | Puesto | Denominación; 50370641 | OFICINA DE JUSTICIA DE ADRA.,50370852 (1 plazas),reextracción de la columna Denominación,CODIGO_DE_PUESTO,NO,https://www.boe.es/diario_boe/txt.php?id=BOE-A-2025-22543
101305,PUESTO_NUMERICO,BOE-A-2025-22543,HTML oficial revisado (líneas de tabla): N.º orden | Puesto | Denominación; 50370641 | OFICINA DE JUSTICIA DE ADRA.,50371777 (1 plazas),reextracción de la columna Denominación,CODIGO_DE_PUESTO,NO,https://www.boe.es/diario_boe/txt.php?id=BOE-A-2025-22543
101306,PUESTO_NUMERICO,BOE-A-2025-22543,HTML oficial revisado (líneas de tabla): N.º orden | Puesto | Denominación; 50370641 | OFICINA DE JUSTICIA DE ADRA.,50371778 (1 plazas),reextracción de la columna Denominación,CODIGO_DE_PUESTO,NO,https://www.boe.es/diario_boe/txt.php?id=BOE-A-2025-22543
101307,PUESTO_NUMERICO,BOE-A-2025-22543,HTML oficial revisado (líneas de tabla): N.º orden | Puesto | Denominación; 50370641 | OFICINA DE JUSTICIA DE ADRA.,50371779 (1 plazas),reextracción de la columna Denominación,CODIGO_DE_PUESTO,NO,https://www.boe.es/diario_boe/txt.php?id=BOE-A-2025-22543
101308,PUESTO_NUMERICO,BOE-A-2025-22543,HTML oficial revisado (líneas de tabla): N.º orden | Puesto | Denominación; 50370641 | OFICINA DE JUSTICIA DE ADRA.,50371782 (1 plazas),reextracción de la columna Denominación,CODIGO_DE_PUESTO,NO,https://www.boe.es/diario_boe/txt.php?id=BOE-A-2025-22543
101309,PUESTO_NUMERICO,BOE-A-2025-22543,HTML oficial revisado (líneas de tabla): N.º orden | Puesto | Denominación; 50370641 | OFICINA DE JUSTICIA DE ADRA.,50370741 (1 plazas),reextracción de la columna Denominación,CODIGO_DE_PUESTO,NO,https://www.boe.es/diario_boe/txt.php?id=BOE-A-2025-22543
101310,PUESTO_NUMERICO,BOE-A-2025-22543,HTML oficial revisado (líneas de tabla): N.º orden | Puesto | Denominación; 50370641 | OFICINA DE JUSTICIA DE ADRA.,50371815 (1 plazas),reextracción de la columna Denominación,CODIGO_DE_PUESTO,NO,https://www.boe.es/diario_boe/txt.php?id=BOE-A-2025-22543
101311,PUESTO_NUMERICO,BOE-A-2025-22543,HTML oficial revisado (líneas de tabla): N.º orden | Puesto | Denominación; 50370641 | OFICINA DE JUSTICIA DE ADRA.,50371816 (1 plazas),reextracción de la columna Denominación,CODIGO_DE_PUESTO,NO,https://www.boe.es/diario_boe/txt.php?id=BOE-A-2025-22543
101312,PUESTO_NUMERICO,BOE-A-2025-22543,HTML oficial revisado (líneas de tabla): N.º orden | Puesto | Denominación; 50370641 | OFICINA DE JUSTICIA DE ADRA.,50371813 (1 plazas),reextracción de la columna Denominación,CODIGO_DE_PUESTO,NO,https://www.boe.es/diario_boe/txt.php?id=BOE-A-2025-22543
101313,PUESTO_NUMERICO,BOE-A-2025-22543,HTML oficial revisado (líneas de tabla): N.º orden | Puesto | Denominación; 50370641 | OFICINA DE JUSTICIA DE ADRA.,50371814 (1 plazas),reextracción de la columna Denominación,CODIGO_DE_PUESTO,NO,https://www.boe.es/diario_boe/txt.php?id=BOE-A-2025-22543
101314,PUESTO_NUMERICO,BOE-A-2025-22543,HTML oficial revisado (líneas de tabla): N.º orden | Puesto | Denominación; 50370641 | OFICINA DE JUSTICIA DE ADRA.,50371819 (1 plazas),reextracción de la columna Denominación,CODIGO_DE_PUESTO,NO,https://www.boe.es/diario_boe/txt.php?id=BOE-A-2025-22543
101315,PUESTO_NUMERICO,BOE-A-2025-22543,HTML oficial revisado (líneas de tabla): N.º orden | Puesto | Denominación; 50370641 | OFICINA DE JUSTICIA DE ADRA.,50371828 (1 plazas),reextracción de la columna Denominación,CODIGO_DE_PUESTO,NO,https://www.boe.es/diario_boe/txt.php?id=BOE-A-2025-22543
101316,PUESTO_NUMERICO,BOE-A-2025-22543,HTML oficial revisado (líneas de tabla): N.º orden | Puesto | Denominación; 50370641 | OFICINA DE JUSTICIA DE ADRA.,50371829 (1 plazas),reextracción de la columna Denominación,CODIGO_DE_PUESTO,NO,https://www.boe.es/diario_boe/txt.php?id=BOE-A-2025-22543
101317,PUESTO_NUMERICO,BOE-A-2025-22543,HTML oficial revisado (líneas de tabla): N.º orden | Puesto | Denominación; 50370641 | OFICINA DE JUSTICIA DE ADRA.,50371895 (1 plazas),reextracción de la columna Denominación,CODIGO_DE_PUESTO,NO,https://www.boe.es/diario_boe/txt.php?id=BOE-A-2025-22543
101318,PUESTO_NUMERICO,BOE-A-2025-22543,HTML oficial revisado (líneas de tabla): N.º orden | Puesto | Denominación; 50370641 | OFICINA DE JUSTICIA DE ADRA.,50371894 (1 plazas),reextracción de la columna Denominación,CODIGO_DE_PUESTO,NO,https://www.boe.es/diario_boe/txt.php?id=BOE-A-2025-22543
101319,PUESTO_NUMERICO,BOE-A-2025-22543,HTML oficial revisado (líneas de tabla): N.º orden | Puesto | Denominación; 50370641 | OFICINA DE JUSTICIA DE ADRA.,50371876 (1 plazas),reextracción de la columna Denominación,CODIGO_DE_PUESTO,NO,https://www.boe.es/diario_boe/txt.php?id=BOE-A-2025-22543
101320,PUESTO_NUMERICO,BOE-A-2025-22543,HTML oficial revisado (líneas de tabla): N.º orden | Puesto | Denominación; 50370641 | OFICINA DE JUSTICIA DE ADRA.,50371877 (1 plazas),reextracción de la columna Denominación,CODIGO_DE_PUESTO,NO,https://www.boe.es/diario_boe/txt.php?id=BOE-A-2025-22543
101321,PUESTO_NUMERICO,BOE-A-2025-22543,HTML oficial revisado (líneas de tabla): N.º orden | Puesto | Denominación; 50370641 | OFICINA DE JUSTICIA DE ADRA.,50370767 (1 plazas),reextracción de la columna Denominación,CODIGO_DE_PUESTO,NO,https://www.boe.es/diario_boe/txt.php?id=BOE-A-2025-22543
101322,PUESTO_NUMERICO,BOE-A-2025-22543,HTML oficial revisado (líneas de tabla): N.º orden | Puesto | Denominación; 50370641 | OFICINA DE JUSTICIA DE ADRA.,50371959 (1 plazas),reextracción de la columna Denominación,CODIGO_DE_PUESTO,NO,https://www.boe.es/diario_boe/txt.php?id=BOE-A-2025-22543
101323,PUESTO_NUMERICO,BOE-A-2025-22543,HTML oficial revisado (líneas de tabla): N.º orden | Puesto | Denominación; 50370641 | OFICINA DE JUSTICIA DE ADRA.,50371960 (1 plazas),reextracción de la columna Denominación,CODIGO_DE_PUESTO,NO,https://www.boe.es/diario_boe/txt.php?id=BOE-A-2025-22543
101324,PUESTO_NUMERICO,BOE-A-2025-22543,HTML oficial revisado (líneas de tabla): N.º orden | Puesto | Denominación; 50370641 | OFICINA DE JUSTICIA DE ADRA.,50370764 (1 plazas),reextracción de la columna Denominación,CODIGO_DE_PUESTO,NO,https://www.boe.es/diario_boe/txt.php?id=BOE-A-2025-22543
101325,PUESTO_NUMERICO,BOE-A-2025-22543,HTML oficial revisado (líneas de tabla): N.º orden | Puesto | Denominación; 50370641 | OFICINA DE JUSTICIA DE ADRA.,50372003 (1 plazas),reextracción de la columna Denominación,CODIGO_DE_PUESTO,NO,https://www.boe.es/diario_boe/txt.php?id=BOE-A-2025-22543
101326,PUESTO_NUMERICO,BOE-A-2025-22543,HTML oficial revisado (líneas de tabla): N.º orden | Puesto | Denominación; 50370641 | OFICINA DE JUSTICIA DE ADRA.,50371988 (1 plazas),reextracción de la columna Denominación,CODIGO_DE_PUESTO,NO,https://www.boe.es/diario_boe/txt.php?id=BOE-A-2025-22543
101327,PUESTO_NUMERICO,BOE-A-2025-22543,HTML oficial revisado (líneas de tabla): N.º orden | Puesto | Denominación; 50370641 | OFICINA DE JUSTICIA DE ADRA.,50371991 (1 plazas),reextracción de la columna Denominación,CODIGO_DE_PUESTO,NO,https://www.boe.es/diario_boe/txt.php?id=BOE-A-2025-22543
101328,PUESTO_NUMERICO,BOE-A-2025-22543,HTML oficial revisado (líneas de tabla): N.º orden | Puesto | Denominación; 50370641 | OFICINA DE JUSTICIA DE ADRA.,50370781 (1 plazas),reextracción de la columna Denominación,CODIGO_DE_PUESTO,NO,https://www.boe.es/diario_boe/txt.php?id=BOE-A-2025-22543
101329,PUESTO_NUMERICO,BOE-A-2025-22543,HTML oficial revisado (líneas de tabla): N.º orden | Puesto | Denominación; 50370641 | OFICINA DE JUSTICIA DE ADRA.,50372032 (1 plazas),reextracción de la columna Denominación,CODIGO_DE_PUESTO,NO,https://www.boe.es/diario_boe/txt.php?id=BOE-A-2025-22543
101330,PUESTO_NUMERICO,BOE-A-2025-22543,HTML oficial revisado (líneas de tabla): N.º orden | Puesto | Denominación; 50370641 | OFICINA DE JUSTICIA DE ADRA.,50372033 (1 plazas),reextracción de la columna Denominación,CODIGO_DE_PUESTO,NO,https://www.boe.es/diario_boe/txt.php?id=BOE-A-2025-22543
101331,PUESTO_NUMERICO,BOE-A-2025-22543,HTML oficial revisado (líneas de tabla): N.º orden | Puesto | Denominación; 50370641 | OFICINA DE JUSTICIA DE ADRA.,50372035 (1 plazas),reextracción de la columna Denominación,CODIGO_DE_PUESTO,NO,https://www.boe.es/diario_boe/txt.php?id=BOE-A-2025-22543
101332,PUESTO_NUMERICO,BOE-A-2025-22543,HTML oficial revisado (líneas de tabla): N.º orden | Puesto | Denominación; 50370641 | OFICINA DE JUSTICIA DE ADRA.,50372039 (1 plazas),reextracción de la columna Denominación,CODIGO_DE_PUESTO,NO,https://www.boe.es/diario_boe/txt.php?id=BOE-A-2025-22543
101333,PUESTO_NUMERICO,BOE-A-2025-22543,HTML oficial revisado (líneas de tabla): N.º orden | Puesto | Denominación; 50370641 | OFICINA DE JUSTICIA DE ADRA.,50372043 (1 plazas),reextracción de la columna Denominación,CODIGO_DE_PUESTO,NO,https://www.boe.es/diario_boe/txt.php?id=BOE-A-2025-22543
101334,PUESTO_NUMERICO,BOE-A-2025-22543,HTML oficial revisado (líneas de tabla): N.º orden | Puesto | Denominación; 50370641 | OFICINA DE JUSTICIA DE ADRA.,50372044 (1 plazas),reextracción de la columna Denominación,CODIGO_DE_PUESTO,NO,https://www.boe.es/diario_boe/txt.php?id=BOE-A-2025-22543
101335,PUESTO_NUMERICO,BOE-A-2025-22543,HTML oficial revisado (líneas de tabla): N.º orden | Puesto | Denominación; 50370641 | OFICINA DE JUSTICIA DE ADRA.,50372047 (1 plazas),reextracción de la columna Denominación,CODIGO_DE_PUESTO,NO,https://www.boe.es/diario_boe/txt.php?id=BOE-A-2025-22543
101336,PUESTO_NUMERICO,BOE-A-2025-22543,HTML oficial revisado (líneas de tabla): N.º orden | Puesto | Denominación; 50370641 | OFICINA DE JUSTICIA DE ADRA.,50370784 (1 plazas),reextracción de la columna Denominación,CODIGO_DE_PUESTO,NO,https://www.boe.es/diario_boe/txt.php?id=BOE-A-2025-22543
101337,PUESTO_NUMERICO,BOE-A-2025-22543,HTML oficial revisado (líneas de tabla): N.º orden | Puesto | Denominación; 50370641 | OFICINA DE JUSTICIA DE ADRA.,50372066 (1 plazas),reextracción de la columna Denominación,CODIGO_DE_PUESTO,NO,https://www.boe.es/diario_boe/txt.php?id=BOE-A-2025-22543
101338,PUESTO_NUMERICO,BOE-A-2025-22543,HTML oficial revisado (líneas de tabla): N.º orden | Puesto | Denominación; 50370641 | OFICINA DE JUSTICIA DE ADRA.,50372111 (1 plazas),reextracción de la columna Denominación,CODIGO_DE_PUESTO,NO,https://www.boe.es/diario_boe/txt.php?id=BOE-A-2025-22543
101339,PUESTO_NUMERICO,BOE-A-2025-22543,HTML oficial revisado (líneas de tabla): N.º orden | Puesto | Denominación; 50370641 | OFICINA DE JUSTICIA DE ADRA.,50372112 (1 plazas),reextracción de la columna Denominación,CODIGO_DE_PUESTO,NO,https://www.boe.es/diario_boe/txt.php?id=BOE-A-2025-22543
101340,PUESTO_NUMERICO,BOE-A-2025-22543,HTML oficial revisado (líneas de tabla): N.º orden | Puesto | Denominación; 50370641 | OFICINA DE JUSTICIA DE ADRA.,50372113 (1 plazas),reextracción de la columna Denominación,CODIGO_DE_PUESTO,NO,https://www.boe.es/diario_boe/txt.php?id=BOE-A-2025-22543
101341,PUESTO_NUMERICO,BOE-A-2025-22543,HTML oficial revisado (líneas de tabla): N.º orden | Puesto | Denominación; 50370641 | OFICINA DE JUSTICIA DE ADRA.,50372108 (1 plazas),reextracción de la columna Denominación,CODIGO_DE_PUESTO,NO,https://www.boe.es/diario_boe/txt.php?id=BOE-A-2025-22543
101342,PUESTO_NUMERICO,BOE-A-2025-22543,HTML oficial revisado (líneas de tabla): N.º orden | Puesto | Denominación; 50370641 | OFICINA DE JUSTICIA DE ADRA.,50372109 (1 plazas),reextracción de la columna Denominación,CODIGO_DE_PUESTO,NO,https://www.boe.es/diario_boe/txt.php?id=BOE-A-2025-22543
101343,PUESTO_NUMERICO,BOE-A-2025-22543,HTML oficial revisado (líneas de tabla): N.º orden | Puesto | Denominación; 50370641 | OFICINA DE JUSTICIA DE ADRA.,50372134 (1 plazas),reextracción de la columna Denominación,CODIGO_DE_PUESTO,NO,https://www.boe.es/diario_boe/txt.php?id=BOE-A-2025-22543
101344,PUESTO_NUMERICO,BOE-A-2025-22543,HTML oficial revisado (líneas de tabla): N.º orden | Puesto | Denominación; 50370641 | OFICINA DE JUSTICIA DE ADRA.,50372622 (1 plazas),reextracción de la columna Denominación,CODIGO_DE_PUESTO,NO,https://www.boe.es/diario_boe/txt.php?id=BOE-A-2025-22543
101345,PUESTO_NUMERICO,BOE-A-2025-22543,HTML oficial revisado (líneas de tabla): N.º orden | Puesto | Denominación; 50370641 | OFICINA DE JUSTICIA DE ADRA.,50372232 (1 plazas),reextracción de la columna Denominación,CODIGO_DE_PUESTO,NO,https://www.boe.es/diario_boe/txt.php?id=BOE-A-2025-22543
101346,PUESTO_NUMERICO,BOE-A-2025-22543,HTML oficial revisado (líneas de tabla): N.º orden | Puesto | Denominación; 50370641 | OFICINA DE JUSTICIA DE ADRA.,50372208 (1 plazas),reextracción de la columna Denominación,CODIGO_DE_PUESTO,NO,https://www.boe.es/diario_boe/txt.php?id=BOE-A-2025-22543
101347,PUESTO_NUMERICO,BOE-A-2025-22543,HTML oficial revisado (líneas de tabla): N.º orden | Puesto | Denominación; 50370641 | OFICINA DE JUSTICIA DE ADRA.,50372209 (1 plazas),reextracción de la columna Denominación,CODIGO_DE_PUESTO,NO,https://www.boe.es/diario_boe/txt.php?id=BOE-A-2025-22543
101348,PUESTO_NUMERICO,BOE-A-2025-22543,HTML oficial revisado (líneas de tabla): N.º orden | Puesto | Denominación; 50370641 | OFICINA DE JUSTICIA DE ADRA.,50372205 (1 plazas),reextracción de la columna Denominación,CODIGO_DE_PUESTO,NO,https://www.boe.es/diario_boe/txt.php?id=BOE-A-2025-22543
101349,PUESTO_NUMERICO,BOE-A-2025-22543,HTML oficial revisado (líneas de tabla): N.º orden | Puesto | Denominación; 50370641 | OFICINA DE JUSTICIA DE ADRA.,50372206 (1 plazas),reextracción de la columna Denominación,CODIGO_DE_PUESTO,NO,https://www.boe.es/diario_boe/txt.php?id=BOE-A-2025-22543
101350,PUESTO_NUMERICO,BOE-A-2025-22543,HTML oficial revisado (líneas de tabla): N.º orden | Puesto | Denominación; 50370641 | OFICINA DE JUSTICIA DE ADRA.,50372207 (1 plazas),reextracción de la columna Denominación,CODIGO_DE_PUESTO,NO,https://www.boe.es/diario_boe/txt.php?id=BOE-A-2025-22543
101351,PUESTO_NUMERICO,BOE-A-2025-22543,HTML oficial revisado (líneas de tabla): N.º orden | Puesto | Denominación; 50370641 | OFICINA DE JUSTICIA DE ADRA.,50372218 (1 plazas),reextracción de la columna Denominación,CODIGO_DE_PUESTO,NO,https://www.boe.es/diario_boe/txt.php?id=BOE-A-2025-22543
101352,PUESTO_NUMERICO,BOE-A-2025-22543,HTML oficial revisado (líneas de tabla): N.º orden | Puesto | Denominación; 50370641 | OFICINA DE JUSTICIA DE ADRA.,50372268 (1 plazas),reextracción de la columna Denominación,CODIGO_DE_PUESTO,NO,https://www.boe.es/diario_boe/txt.php?id=BOE-A-2025-22543
101353,PUESTO_NUMERICO,BOE-A-2025-22543,HTML oficial revisado (líneas de tabla): N.º orden | Puesto | Denominación; 50370641 | OFICINA DE JUSTICIA DE ADRA.,50372270 (1 plazas),reextracción de la columna Denominación,CODIGO_DE_PUESTO,NO,https://www.boe.es/diario_boe/txt.php?id=BOE-A-2025-22543
101354,PUESTO_NUMERICO,BOE-A-2025-22543,HTML oficial revisado (líneas de tabla): N.º orden | Puesto | Denominación; 50370641 | OFICINA DE JUSTICIA DE ADRA.,50370825 (1 plazas),reextracción de la columna Denominación,CODIGO_DE_PUESTO,NO,https://www.boe.es/diario_boe/txt.php?id=BOE-A-2025-22543
101355,PUESTO_NUMERICO,BOE-A-2025-22543,HTML oficial revisado (líneas de tabla): N.º orden | Puesto | Denominación; 50370641 | OFICINA DE JUSTICIA DE ADRA.,50372297 (1 plazas),reextracción de la columna Denominación,CODIGO_DE_PUESTO,NO,https://www.boe.es/diario_boe/txt.php?id=BOE-A-2025-22543
101356,PUESTO_NUMERICO,BOE-A-2025-22543,HTML oficial revisado (líneas de tabla): N.º orden | Puesto | Denominación; 50370641 | OFICINA DE JUSTICIA DE ADRA.,50372299 (1 plazas),reextracción de la columna Denominación,CODIGO_DE_PUESTO,NO,https://www.boe.es/diario_boe/txt.php?id=BOE-A-2025-22543
101357,PUESTO_NUMERICO,BOE-A-2025-22543,HTML oficial revisado (líneas de tabla): N.º orden | Puesto | Denominación; 50370641 | OFICINA DE JUSTICIA DE ADRA.,50372303 (1 plazas),reextracción de la columna Denominación,CODIGO_DE_PUESTO,NO,https://www.boe.es/diario_boe/txt.php?id=BOE-A-2025-22543
101358,PUESTO_NUMERICO,BOE-A-2025-22543,HTML oficial revisado (líneas de tabla): N.º orden | Puesto | Denominación; 50370641 | OFICINA DE JUSTICIA DE ADRA.,50372311 (1 plazas),reextracción de la columna Denominación,CODIGO_DE_PUESTO,NO,https://www.boe.es/diario_boe/txt.php?id=BOE-A-2025-22543
101359,PUESTO_NUMERICO,BOE-A-2025-22543,HTML oficial revisado (líneas de tabla): N.º orden | Puesto | Denominación; 50370641 | OFICINA DE JUSTICIA DE ADRA.,50370850 (1 plazas),reextracción de la columna Denominación,CODIGO_DE_PUESTO,NO,https://www.boe.es/diario_boe/txt.php?id=BOE-A-2025-22543
101360,PUESTO_NUMERICO,BOE-A-2025-22543,HTML oficial revisado (líneas de tabla): N.º orden | Puesto | Denominación; 50370641 | OFICINA DE JUSTICIA DE ADRA.,50372438 (1 plazas),reextracción de la columna Denominación,CODIGO_DE_PUESTO,NO,https://www.boe.es/diario_boe/txt.php?id=BOE-A-2025-22543
101361,PUESTO_NUMERICO,BOE-A-2025-22543,HTML oficial revisado (líneas de tabla): N.º orden | Puesto | Denominación; 50370641 | OFICINA DE JUSTICIA DE ADRA.,50372436 (1 plazas),reextracción de la columna Denominación,CODIGO_DE_PUESTO,NO,https://www.boe.es/diario_boe/txt.php?id=BOE-A-2025-22543
101362,PUESTO_NUMERICO,BOE-A-2025-22543,HTML oficial revisado (líneas de tabla): N.º orden | Puesto | Denominación; 50370641 | OFICINA DE JUSTICIA DE ADRA.,50372441 (1 plazas),reextracción de la columna Denominación,CODIGO_DE_PUESTO,NO,https://www.boe.es/diario_boe/txt.php?id=BOE-A-2025-22543
101363,PUESTO_NUMERICO,BOE-A-2025-22543,HTML oficial revisado (líneas de tabla): N.º orden | Puesto | Denominación; 50370641 | OFICINA DE JUSTICIA DE ADRA.,50370821 (1 plazas),reextracción de la columna Denominación,CODIGO_DE_PUESTO,NO,https://www.boe.es/diario_boe/txt.php?id=BOE-A-2025-22543
101364,PUESTO_NUMERICO,BOE-A-2025-22543,HTML oficial revisado (líneas de tabla): N.º orden | Puesto | Denominación; 50370641 | OFICINA DE JUSTICIA DE ADRA.,50372456 (1 plazas),reextracción de la columna Denominación,CODIGO_DE_PUESTO,NO,https://www.boe.es/diario_boe/txt.php?id=BOE-A-2025-22543
101365,PUESTO_NUMERICO,BOE-A-2025-22543,HTML oficial revisado (líneas de tabla): N.º orden | Puesto | Denominación; 50370641 | OFICINA DE JUSTICIA DE ADRA.,50372454 (1 plazas),reextracción de la columna Denominación,CODIGO_DE_PUESTO,NO,https://www.boe.es/diario_boe/txt.php?id=BOE-A-2025-22543
101366,PUESTO_NUMERICO,BOE-A-2025-22543,HTML oficial revisado (líneas de tabla): N.º orden | Puesto | Denominación; 50370641 | OFICINA DE JUSTICIA DE ADRA.,50372483 (1 plazas),reextracción de la columna Denominación,CODIGO_DE_PUESTO,NO,https://www.boe.es/diario_boe/txt.php?id=BOE-A-2025-22543
101367,PUESTO_NUMERICO,BOE-A-2025-22543,HTML oficial revisado (líneas de tabla): N.º orden | Puesto | Denominación; 50370641 | OFICINA DE JUSTICIA DE ADRA.,50372485 (1 plazas),reextracción de la columna Denominación,CODIGO_DE_PUESTO,NO,https://www.boe.es/diario_boe/txt.php?id=BOE-A-2025-22543
101368,PUESTO_NUMERICO,BOE-A-2025-22543,HTML oficial revisado (líneas de tabla): N.º orden | Puesto | Denominación; 50370641 | OFICINA DE JUSTICIA DE ADRA.,50372486 (1 plazas),reextracción de la columna Denominación,CODIGO_DE_PUESTO,NO,https://www.boe.es/diario_boe/txt.php?id=BOE-A-2025-22543
101369,PUESTO_NUMERICO,BOE-A-2025-22543,HTML oficial revisado (líneas de tabla): N.º orden | Puesto | Denominación; 50370641 | OFICINA DE JUSTICIA DE ADRA.,50372484 (1 plazas),reextracción de la columna Denominación,CODIGO_DE_PUESTO,NO,https://www.boe.es/diario_boe/txt.php?id=BOE-A-2025-22543
101370,PUESTO_NUMERICO,BOE-A-2025-22543,HTML oficial revisado (líneas de tabla): N.º orden | Puesto | Denominación; 50370641 | OFICINA DE JUSTICIA DE ADRA.,50372489 (1 plazas),reextracción de la columna Denominación,CODIGO_DE_PUESTO,NO,https://www.boe.es/diario_boe/txt.php?id=BOE-A-2025-22543
101371,PUESTO_NUMERICO,BOE-A-2025-22543,HTML oficial revisado (líneas de tabla): N.º orden | Puesto | Denominación; 50370641 | OFICINA DE JUSTICIA DE ADRA.,50370809 (1 plazas),reextracción de la columna Denominación,CODIGO_DE_PUESTO,NO,https://www.boe.es/diario_boe/txt.php?id=BOE-A-2025-22543
101372,PUESTO_NUMERICO,BOE-A-2025-22543,HTML oficial revisado (líneas de tabla): N.º orden | Puesto | Denominación; 50370641 | OFICINA DE JUSTICIA DE ADRA.,50372499 (1 plazas),reextracción de la columna Denominación,CODIGO_DE_PUESTO,NO,https://www.boe.es/diario_boe/txt.php?id=BOE-A-2025-22543
101373,PUESTO_NUMERICO,BOE-A-2025-22543,HTML oficial revisado (líneas de tabla): N.º orden | Puesto | Denominación; 50370641 | OFICINA DE JUSTICIA DE ADRA.,50372497 (1 plazas),reextracción de la columna Denominación,CODIGO_DE_PUESTO,NO,https://www.boe.es/diario_boe/txt.php?id=BOE-A-2025-22543
101374,PUESTO_NUMERICO,BOE-A-2025-22543,HTML oficial revisado (líneas de tabla): N.º orden | Puesto | Denominación; 50370641 | OFICINA DE JUSTICIA DE ADRA.,50372502 (1 plazas),reextracción de la columna Denominación,CODIGO_DE_PUESTO,NO,https://www.boe.es/diario_boe/txt.php?id=BOE-A-2025-22543
101375,PUESTO_NUMERICO,BOE-A-2025-22543,HTML oficial revisado (líneas de tabla): N.º orden | Puesto | Denominación; 50370641 | OFICINA DE JUSTICIA DE ADRA.,50372518 (1 plazas),reextracción de la columna Denominación,CODIGO_DE_PUESTO,NO,https://www.boe.es/diario_boe/txt.php?id=BOE-A-2025-22543
101376,PUESTO_NUMERICO,BOE-A-2025-22543,HTML oficial revisado (líneas de tabla): N.º orden | Puesto | Denominación; 50370641 | OFICINA DE JUSTICIA DE ADRA.,50372516 (1 plazas),reextracción de la columna Denominación,CODIGO_DE_PUESTO,NO,https://www.boe.es/diario_boe/txt.php?id=BOE-A-2025-22543
101377,PUESTO_NUMERICO,BOE-A-2025-22543,HTML oficial revisado (líneas de tabla): N.º orden | Puesto | Denominación; 50370641 | OFICINA DE JUSTICIA DE ADRA.,50372521 (1 plazas),reextracción de la columna Denominación,CODIGO_DE_PUESTO,NO,https://www.boe.es/diario_boe/txt.php?id=BOE-A-2025-22543
101378,PUESTO_NUMERICO,BOE-A-2025-22543,HTML oficial revisado (líneas de tabla): N.º orden | Puesto | Denominación; 50370641 | OFICINA DE JUSTICIA DE ADRA.,50372528 (1 plazas),reextracción de la columna Denominación,CODIGO_DE_PUESTO,NO,https://www.boe.es/diario_boe/txt.php?id=BOE-A-2025-22543
101379,PUESTO_NUMERICO,BOE-A-2025-22543,HTML oficial revisado (líneas de tabla): N.º orden | Puesto | Denominación; 50370641 | OFICINA DE JUSTICIA DE ADRA.,50372533 (1 plazas),reextracción de la columna Denominación,CODIGO_DE_PUESTO,NO,https://www.boe.es/diario_boe/txt.php?id=BOE-A-2025-22543
101380,PUESTO_NUMERICO,BOE-A-2025-22543,HTML oficial revisado (líneas de tabla): N.º orden | Puesto | Denominación; 50370641 | OFICINA DE JUSTICIA DE ADRA.,50372426 (1 plazas),reextracción de la columna Denominación,CODIGO_DE_PUESTO,NO,https://www.boe.es/diario_boe/txt.php?id=BOE-A-2025-22543
101381,PUESTO_NUMERICO,BOE-A-2025-22547,HTML oficial revisado (líneas de tabla): N.º orden | Puesto | Denominación; 50373058 | SERVICIO COMÚN DE TRAMITACIÓN.,50373058 (1 plazas),reextracción de la columna Denominación,CODIGO_DE_PUESTO,NO,https://www.boe.es/diario_boe/txt.php?id=BOE-A-2025-22547
101382,PUESTO_NUMERICO,BOE-A-2025-22547,HTML oficial revisado (líneas de tabla): N.º orden | Puesto | Denominación; 50373058 | SERVICIO COMÚN DE TRAMITACIÓN.,50373242 (1 plazas),reextracción de la columna Denominación,CODIGO_DE_PUESTO,NO,https://www.boe.es/diario_boe/txt.php?id=BOE-A-2025-22547
101383,PUESTO_NUMERICO,BOE-A-2025-22547,HTML oficial revisado (líneas de tabla): N.º orden | Puesto | Denominación; 50373058 | SERVICIO COMÚN DE TRAMITACIÓN.,50373117 (1 plazas),reextracción de la columna Denominación,CODIGO_DE_PUESTO,NO,https://www.boe.es/diario_boe/txt.php?id=BOE-A-2025-22547
101384,PUESTO_NUMERICO,BOE-A-2025-22547,HTML oficial revisado (líneas de tabla): N.º orden | Puesto | Denominación; 50373058 | SERVICIO COMÚN DE TRAMITACIÓN.,50373118 (1 plazas),reextracción de la columna Denominación,CODIGO_DE_PUESTO,NO,https://www.boe.es/diario_boe/txt.php?id=BOE-A-2025-22547
101385,PUESTO_NUMERICO,BOE-A-2025-22547,HTML oficial revisado (líneas de tabla): N.º orden | Puesto | Denominación; 50373058 | SERVICIO COMÚN DE TRAMITACIÓN.,50373119 (1 plazas),reextracción de la columna Denominación,CODIGO_DE_PUESTO,NO,https://www.boe.es/diario_boe/txt.php?id=BOE-A-2025-22547
101386,PUESTO_NUMERICO,BOE-A-2025-22547,HTML oficial revisado (líneas de tabla): N.º orden | Puesto | Denominación; 50373058 | SERVICIO COMÚN DE TRAMITACIÓN.,50373120 (1 plazas),reextracción de la columna Denominación,CODIGO_DE_PUESTO,NO,https://www.boe.es/diario_boe/txt.php?id=BOE-A-2025-22547
101387,PUESTO_NUMERICO,BOE-A-2025-22547,HTML oficial revisado (líneas de tabla): N.º orden | Puesto | Denominación; 50373058 | SERVICIO COMÚN DE TRAMITACIÓN.,50373121 (1 plazas),reextracción de la columna Denominación,CODIGO_DE_PUESTO,NO,https://www.boe.es/diario_boe/txt.php?id=BOE-A-2025-22547
101388,PUESTO_NUMERICO,BOE-A-2025-22547,HTML oficial revisado (líneas de tabla): N.º orden | Puesto | Denominación; 50373058 | SERVICIO COMÚN DE TRAMITACIÓN.,50373122 (1 plazas),reextracción de la columna Denominación,CODIGO_DE_PUESTO,NO,https://www.boe.es/diario_boe/txt.php?id=BOE-A-2025-22547
101389,PUESTO_NUMERICO,BOE-A-2025-22547,HTML oficial revisado (líneas de tabla): N.º orden | Puesto | Denominación; 50373058 | SERVICIO COMÚN DE TRAMITACIÓN.,50373123 (1 plazas),reextracción de la columna Denominación,CODIGO_DE_PUESTO,NO,https://www.boe.es/diario_boe/txt.php?id=BOE-A-2025-22547
101390,PUESTO_NUMERICO,BOE-A-2025-22547,HTML oficial revisado (líneas de tabla): N.º orden | Puesto | Denominación; 50373058 | SERVICIO COMÚN DE TRAMITACIÓN.,50373124 (1 plazas),reextracción de la columna Denominación,CODIGO_DE_PUESTO,NO,https://www.boe.es/diario_boe/txt.php?id=BOE-A-2025-22547
101391,PUESTO_NUMERICO,BOE-A-2025-22547,HTML oficial revisado (líneas de tabla): N.º orden | Puesto | Denominación; 50373058 | SERVICIO COMÚN DE TRAMITACIÓN.,50373153 (1 plazas),reextracción de la columna Denominación,CODIGO_DE_PUESTO,NO,https://www.boe.es/diario_boe/txt.php?id=BOE-A-2025-22547
101392,PUESTO_NUMERICO,BOE-A-2025-22547,HTML oficial revisado (líneas de tabla): N.º orden | Puesto | Denominación; 50373058 | SERVICIO COMÚN DE TRAMITACIÓN.,50373233 (1 plazas),reextracción de la columna Denominación,CODIGO_DE_PUESTO,NO,https://www.boe.es/diario_boe/txt.php?id=BOE-A-2025-22547
101393,PUESTO_NUMERICO,BOE-A-2025-22547,HTML oficial revisado (líneas de tabla): N.º orden | Puesto | Denominación; 50373058 | SERVICIO COMÚN DE TRAMITACIÓN.,50373031 (1 plazas),reextracción de la columna Denominación,CODIGO_DE_PUESTO,NO,https://www.boe.es/diario_boe/txt.php?id=BOE-A-2025-22547
101394,PUESTO_NUMERICO,BOE-A-2025-22547,HTML oficial revisado (líneas de tabla): N.º orden | Puesto | Denominación; 50373058 | SERVICIO COMÚN DE TRAMITACIÓN.,50373032 (1 plazas),reextracción de la columna Denominación,CODIGO_DE_PUESTO,NO,https://www.boe.es/diario_boe/txt.php?id=BOE-A-2025-22547
101395,PUESTO_NUMERICO,BOE-A-2025-22547,HTML oficial revisado (líneas de tabla): N.º orden | Puesto | Denominación; 50373058 | SERVICIO COMÚN DE TRAMITACIÓN.,50373033 (1 plazas),reextracción de la columna Denominación,CODIGO_DE_PUESTO,NO,https://www.boe.es/diario_boe/txt.php?id=BOE-A-2025-22547
101396,PUESTO_NUMERICO,BOE-A-2025-22547,HTML oficial revisado (líneas de tabla): N.º orden | Puesto | Denominación; 50373058 | SERVICIO COMÚN DE TRAMITACIÓN.,50373227 (1 plazas),reextracción de la columna Denominación,CODIGO_DE_PUESTO,NO,https://www.boe.es/diario_boe/txt.php?id=BOE-A-2025-22547
101397,PUESTO_NUMERICO,BOE-A-2025-22547,HTML oficial revisado (líneas de tabla): N.º orden | Puesto | Denominación; 50373058 | SERVICIO COMÚN DE TRAMITACIÓN.,50373015 (1 plazas),reextracción de la columna Denominación,CODIGO_DE_PUESTO,NO,https://www.boe.es/diario_boe/txt.php?id=BOE-A-2025-22547
101398,PUESTO_NUMERICO,BOE-A-2025-22547,HTML oficial revisado (líneas de tabla): N.º orden | Puesto | Denominación; 50373058 | SERVICIO COMÚN DE TRAMITACIÓN.,50373016 (1 plazas),reextracción de la columna Denominación,CODIGO_DE_PUESTO,NO,https://www.boe.es/diario_boe/txt.php?id=BOE-A-2025-22547
101399,PUESTO_NUMERICO,BOE-A-2025-22547,HTML oficial revisado (líneas de tabla): N.º orden | Puesto | Denominación; 50373058 | SERVICIO COMÚN DE TRAMITACIÓN.,50373017 (1 plazas),reextracción de la columna Denominación,CODIGO_DE_PUESTO,NO,https://www.boe.es/diario_boe/txt.php?id=BOE-A-2025-22547
101400,PUESTO_NUMERICO,BOE-A-2025-22547,HTML oficial revisado (líneas de tabla): N.º orden | Puesto | Denominación; 50373058 | SERVICIO COMÚN DE TRAMITACIÓN.,50372999 (1 plazas),reextracción de la columna Denominación,CODIGO_DE_PUESTO,NO,https://www.boe.es/diario_boe/txt.php?id=BOE-A-2025-22547
101401,PUESTO_NUMERICO,BOE-A-2025-22547,HTML oficial revisado (líneas de tabla): N.º orden | Puesto | Denominación; 50373058 | SERVICIO COMÚN DE TRAMITACIÓN.,50373223 (1 plazas),reextracción de la columna Denominación,CODIGO_DE_PUESTO,NO,https://www.boe.es/diario_boe/txt.php?id=BOE-A-2025-22547
101402,PUESTO_NUMERICO,BOE-A-2025-22547,HTML oficial revisado (líneas de tabla): N.º orden | Puesto | Denominación; 50373058 | SERVICIO COMÚN DE TRAMITACIÓN.,50373167 (1 plazas),reextracción de la columna Denominación,CODIGO_DE_PUESTO,NO,https://www.boe.es/diario_boe/txt.php?id=BOE-A-2025-22547
101403,PUESTO_NUMERICO,BOE-A-2025-22547,HTML oficial revisado (líneas de tabla): N.º orden | Puesto | Denominación; 50373058 | SERVICIO COMÚN DE TRAMITACIÓN.,50373168 (1 plazas),reextracción de la columna Denominación,CODIGO_DE_PUESTO,NO,https://www.boe.es/diario_boe/txt.php?id=BOE-A-2025-22547
101404,PUESTO_NUMERICO,BOE-A-2025-22547,HTML oficial revisado (líneas de tabla): N.º orden | Puesto | Denominación; 50373058 | SERVICIO COMÚN DE TRAMITACIÓN.,50373236 (1 plazas),reextracción de la columna Denominación,CODIGO_DE_PUESTO,NO,https://www.boe.es/diario_boe/txt.php?id=BOE-A-2025-22547
101405,PUESTO_NUMERICO,BOE-A-2025-22547,HTML oficial revisado (líneas de tabla): N.º orden | Puesto | Denominación; 50373058 | SERVICIO COMÚN DE TRAMITACIÓN.,50373087 (1 plazas),reextracción de la columna Denominación,CODIGO_DE_PUESTO,NO,https://www.boe.es/diario_boe/txt.php?id=BOE-A-2025-22547
101406,PUESTO_NUMERICO,BOE-A-2025-22547,HTML oficial revisado (líneas de tabla): N.º orden | Puesto | Denominación; 50373058 | SERVICIO COMÚN DE TRAMITACIÓN.,50373088 (1 plazas),reextracción de la columna Denominación,CODIGO_DE_PUESTO,NO,https://www.boe.es/diario_boe/txt.php?id=BOE-A-2025-22547
101407,PUESTO_NUMERICO,BOE-A-2025-22547,HTML oficial revisado (líneas de tabla): N.º orden | Puesto | Denominación; 50373058 | SERVICIO COMÚN DE TRAMITACIÓN.,50373089 (1 plazas),reextracción de la columna Denominación,CODIGO_DE_PUESTO,NO,https://www.boe.es/diario_boe/txt.php?id=BOE-A-2025-22547
101408,PUESTO_NUMERICO,BOE-A-2025-22547,HTML oficial revisado (líneas de tabla): N.º orden | Puesto | Denominación; 50373058 | SERVICIO COMÚN DE TRAMITACIÓN.,50373257 (1 plazas),reextracción de la columna Denominación,CODIGO_DE_PUESTO,NO,https://www.boe.es/diario_boe/txt.php?id=BOE-A-2025-22547
101409,PUESTO_NUMERICO,BOE-A-2025-22547,HTML oficial revisado (líneas de tabla): N.º orden | Puesto | Denominación; 50373058 | SERVICIO COMÚN DE TRAMITACIÓN.,50373258 (1 plazas),reextracción de la columna Denominación,CODIGO_DE_PUESTO,NO,https://www.boe.es/diario_boe/txt.php?id=BOE-A-2025-22547
101410,PUESTO_NUMERICO,BOE-A-2025-22547,HTML oficial revisado (líneas de tabla): N.º orden | Puesto | Denominación; 50373058 | SERVICIO COMÚN DE TRAMITACIÓN.,50372993 (1 plazas),reextracción de la columna Denominación,CODIGO_DE_PUESTO,NO,https://www.boe.es/diario_boe/txt.php?id=BOE-A-2025-22547
101411,PUESTO_NUMERICO,BOE-A-2025-22547,HTML oficial revisado (líneas de tabla): N.º orden | Puesto | Denominación; 50373058 | SERVICIO COMÚN DE TRAMITACIÓN.,50373221 (1 plazas),reextracción de la columna Denominación,CODIGO_DE_PUESTO,NO,https://www.boe.es/diario_boe/txt.php?id=BOE-A-2025-22547
101412,PUESTO_NUMERICO,BOE-A-2025-22547,HTML oficial revisado (líneas de tabla): N.º orden | Puesto | Denominación; 50373058 | SERVICIO COMÚN DE TRAMITACIÓN.,50373255 (1 plazas),reextracción de la columna Denominación,CODIGO_DE_PUESTO,NO,https://www.boe.es/diario_boe/txt.php?id=BOE-A-2025-22547
101413,PUESTO_NUMERICO,BOE-A-2025-22547,HTML oficial revisado (líneas de tabla): N.º orden | Puesto | Denominación; 50373058 | SERVICIO COMÚN DE TRAMITACIÓN.,50373219 (1 plazas),reextracción de la columna Denominación,CODIGO_DE_PUESTO,NO,https://www.boe.es/diario_boe/txt.php?id=BOE-A-2025-22547
101414,PUESTO_NUMERICO,BOE-A-2025-22547,HTML oficial revisado (líneas de tabla): N.º orden | Puesto | Denominación; 50373058 | SERVICIO COMÚN DE TRAMITACIÓN.,50373064 (1 plazas),reextracción de la columna Denominación,CODIGO_DE_PUESTO,NO,https://www.boe.es/diario_boe/txt.php?id=BOE-A-2025-22547
101415,PUESTO_NUMERICO,BOE-A-2025-22547,HTML oficial revisado (líneas de tabla): N.º orden | Puesto | Denominación; 50373058 | SERVICIO COMÚN DE TRAMITACIÓN.,50373065 (1 plazas),reextracción de la columna Denominación,CODIGO_DE_PUESTO,NO,https://www.boe.es/diario_boe/txt.php?id=BOE-A-2025-22547
101416,PUESTO_NUMERICO,BOE-A-2025-22547,HTML oficial revisado (líneas de tabla): N.º orden | Puesto | Denominación; 50373058 | SERVICIO COMÚN DE TRAMITACIÓN.,50373066 (1 plazas),reextracción de la columna Denominación,CODIGO_DE_PUESTO,NO,https://www.boe.es/diario_boe/txt.php?id=BOE-A-2025-22547
101417,PUESTO_NUMERICO,BOE-A-2025-22547,HTML oficial revisado (líneas de tabla): N.º orden | Puesto | Denominación; 50373058 | SERVICIO COMÚN DE TRAMITACIÓN.,50373067 (1 plazas),reextracción de la columna Denominación,CODIGO_DE_PUESTO,NO,https://www.boe.es/diario_boe/txt.php?id=BOE-A-2025-22547
101418,PUESTO_NUMERICO,BOE-A-2025-22547,HTML oficial revisado (líneas de tabla): N.º orden | Puesto | Denominación; 50373058 | SERVICIO COMÚN DE TRAMITACIÓN.,50373068 (1 plazas),reextracción de la columna Denominación,CODIGO_DE_PUESTO,NO,https://www.boe.es/diario_boe/txt.php?id=BOE-A-2025-22547
101419,PUESTO_NUMERICO,BOE-A-2025-22547,HTML oficial revisado (líneas de tabla): N.º orden | Puesto | Denominación; 50373058 | SERVICIO COMÚN DE TRAMITACIÓN.,50373069 (1 plazas),reextracción de la columna Denominación,CODIGO_DE_PUESTO,NO,https://www.boe.es/diario_boe/txt.php?id=BOE-A-2025-22547
101420,PUESTO_NUMERICO,BOE-A-2025-22547,HTML oficial revisado (líneas de tabla): N.º orden | Puesto | Denominación; 50373058 | SERVICIO COMÚN DE TRAMITACIÓN.,50373070 (1 plazas),reextracción de la columna Denominación,CODIGO_DE_PUESTO,NO,https://www.boe.es/diario_boe/txt.php?id=BOE-A-2025-22547
101421,PUESTO_NUMERICO,BOE-A-2025-22547,HTML oficial revisado (líneas de tabla): N.º orden | Puesto | Denominación; 50373058 | SERVICIO COMÚN DE TRAMITACIÓN.,50373230 (1 plazas),reextracción de la columna Denominación,CODIGO_DE_PUESTO,NO,https://www.boe.es/diario_boe/txt.php?id=BOE-A-2025-22547
101422,PUESTO_NUMERICO,BOE-A-2025-22547,HTML oficial revisado (líneas de tabla): N.º orden | Puesto | Denominación; 50373058 | SERVICIO COMÚN DE TRAMITACIÓN.,50373125 (1 plazas),reextracción de la columna Denominación,CODIGO_DE_PUESTO,NO,https://www.boe.es/diario_boe/txt.php?id=BOE-A-2025-22547
101423,PUESTO_NUMERICO,BOE-A-2025-22547,HTML oficial revisado (líneas de tabla): N.º orden | Puesto | Denominación; 50373058 | SERVICIO COMÚN DE TRAMITACIÓN.,50373126 (1 plazas),reextracción de la columna Denominación,CODIGO_DE_PUESTO,NO,https://www.boe.es/diario_boe/txt.php?id=BOE-A-2025-22547
101424,PUESTO_NUMERICO,BOE-A-2025-22547,HTML oficial revisado (líneas de tabla): N.º orden | Puesto | Denominación; 50373058 | SERVICIO COMÚN DE TRAMITACIÓN.,50373127 (1 plazas),reextracción de la columna Denominación,CODIGO_DE_PUESTO,NO,https://www.boe.es/diario_boe/txt.php?id=BOE-A-2025-22547
101425,PUESTO_NUMERICO,BOE-A-2025-22547,HTML oficial revisado (líneas de tabla): N.º orden | Puesto | Denominación; 50373058 | SERVICIO COMÚN DE TRAMITACIÓN.,50373128 (1 plazas),reextracción de la columna Denominación,CODIGO_DE_PUESTO,NO,https://www.boe.es/diario_boe/txt.php?id=BOE-A-2025-22547
101426,PUESTO_NUMERICO,BOE-A-2025-22547,HTML oficial revisado (líneas de tabla): N.º orden | Puesto | Denominación; 50373058 | SERVICIO COMÚN DE TRAMITACIÓN.,50373129 (1 plazas),reextracción de la columna Denominación,CODIGO_DE_PUESTO,NO,https://www.boe.es/diario_boe/txt.php?id=BOE-A-2025-22547
101427,PUESTO_NUMERICO,BOE-A-2025-22547,HTML oficial revisado (líneas de tabla): N.º orden | Puesto | Denominación; 50373058 | SERVICIO COMÚN DE TRAMITACIÓN.,50373130 (1 plazas),reextracción de la columna Denominación,CODIGO_DE_PUESTO,NO,https://www.boe.es/diario_boe/txt.php?id=BOE-A-2025-22547
101428,PUESTO_NUMERICO,BOE-A-2025-22547,HTML oficial revisado (líneas de tabla): N.º orden | Puesto | Denominación; 50373058 | SERVICIO COMÚN DE TRAMITACIÓN.,50373131 (1 plazas),reextracción de la columna Denominación,CODIGO_DE_PUESTO,NO,https://www.boe.es/diario_boe/txt.php?id=BOE-A-2025-22547
101429,PUESTO_NUMERICO,BOE-A-2025-22547,HTML oficial revisado (líneas de tabla): N.º orden | Puesto | Denominación; 50373058 | SERVICIO COMÚN DE TRAMITACIÓN.,50373132 (1 plazas),reextracción de la columna Denominación,CODIGO_DE_PUESTO,NO,https://www.boe.es/diario_boe/txt.php?id=BOE-A-2025-22547
101430,PUESTO_NUMERICO,BOE-A-2025-22547,HTML oficial revisado (líneas de tabla): N.º orden | Puesto | Denominación; 50373058 | SERVICIO COMÚN DE TRAMITACIÓN.,50373133 (1 plazas),reextracción de la columna Denominación,CODIGO_DE_PUESTO,NO,https://www.boe.es/diario_boe/txt.php?id=BOE-A-2025-22547
101431,PUESTO_NUMERICO,BOE-A-2025-22547,HTML oficial revisado (líneas de tabla): N.º orden | Puesto | Denominación; 50373058 | SERVICIO COMÚN DE TRAMITACIÓN.,50373134 (1 plazas),reextracción de la columna Denominación,CODIGO_DE_PUESTO,NO,https://www.boe.es/diario_boe/txt.php?id=BOE-A-2025-22547
101432,PUESTO_NUMERICO,BOE-A-2025-22547,HTML oficial revisado (líneas de tabla): N.º orden | Puesto | Denominación; 50373058 | SERVICIO COMÚN DE TRAMITACIÓN.,50373135 (1 plazas),reextracción de la columna Denominación,CODIGO_DE_PUESTO,NO,https://www.boe.es/diario_boe/txt.php?id=BOE-A-2025-22547
101433,PUESTO_NUMERICO,BOE-A-2025-22547,HTML oficial revisado (líneas de tabla): N.º orden | Puesto | Denominación; 50373058 | SERVICIO COMÚN DE TRAMITACIÓN.,50373136 (1 plazas),reextracción de la columna Denominación,CODIGO_DE_PUESTO,NO,https://www.boe.es/diario_boe/txt.php?id=BOE-A-2025-22547
101434,PUESTO_NUMERICO,BOE-A-2025-22547,HTML oficial revisado (líneas de tabla): N.º orden | Puesto | Denominación; 50373058 | SERVICIO COMÚN DE TRAMITACIÓN.,50373137 (1 plazas),reextracción de la columna Denominación,CODIGO_DE_PUESTO,NO,https://www.boe.es/diario_boe/txt.php?id=BOE-A-2025-22547
101435,PUESTO_NUMERICO,BOE-A-2025-22547,HTML oficial revisado (líneas de tabla): N.º orden | Puesto | Denominación; 50373058 | SERVICIO COMÚN DE TRAMITACIÓN.,50373138 (1 plazas),reextracción de la columna Denominación,CODIGO_DE_PUESTO,NO,https://www.boe.es/diario_boe/txt.php?id=BOE-A-2025-22547
101436,PUESTO_NUMERICO,BOE-A-2025-22547,HTML oficial revisado (líneas de tabla): N.º orden | Puesto | Denominación; 50373058 | SERVICIO COMÚN DE TRAMITACIÓN.,50373139 (1 plazas),reextracción de la columna Denominación,CODIGO_DE_PUESTO,NO,https://www.boe.es/diario_boe/txt.php?id=BOE-A-2025-22547
101437,PUESTO_NUMERICO,BOE-A-2025-22547,HTML oficial revisado (líneas de tabla): N.º orden | Puesto | Denominación; 50373058 | SERVICIO COMÚN DE TRAMITACIÓN.,50373140 (1 plazas),reextracción de la columna Denominación,CODIGO_DE_PUESTO,NO,https://www.boe.es/diario_boe/txt.php?id=BOE-A-2025-22547
101438,PUESTO_NUMERICO,BOE-A-2025-22547,HTML oficial revisado (líneas de tabla): N.º orden | Puesto | Denominación; 50373058 | SERVICIO COMÚN DE TRAMITACIÓN.,50373141 (1 plazas),reextracción de la columna Denominación,CODIGO_DE_PUESTO,NO,https://www.boe.es/diario_boe/txt.php?id=BOE-A-2025-22547
101439,PUESTO_NUMERICO,BOE-A-2025-22547,HTML oficial revisado (líneas de tabla): N.º orden | Puesto | Denominación; 50373058 | SERVICIO COMÚN DE TRAMITACIÓN.,50373142 (1 plazas),reextracción de la columna Denominación,CODIGO_DE_PUESTO,NO,https://www.boe.es/diario_boe/txt.php?id=BOE-A-2025-22547
101440,PUESTO_NUMERICO,BOE-A-2025-22547,HTML oficial revisado (líneas de tabla): N.º orden | Puesto | Denominación; 50373058 | SERVICIO COMÚN DE TRAMITACIÓN.,50373143 (1 plazas),reextracción de la columna Denominación,CODIGO_DE_PUESTO,NO,https://www.boe.es/diario_boe/txt.php?id=BOE-A-2025-22547
101441,PUESTO_NUMERICO,BOE-A-2025-22547,HTML oficial revisado (líneas de tabla): N.º orden | Puesto | Denominación; 50373058 | SERVICIO COMÚN DE TRAMITACIÓN.,50373144 (1 plazas),reextracción de la columna Denominación,CODIGO_DE_PUESTO,NO,https://www.boe.es/diario_boe/txt.php?id=BOE-A-2025-22547
101442,PUESTO_NUMERICO,BOE-A-2025-22547,HTML oficial revisado (líneas de tabla): N.º orden | Puesto | Denominación; 50373058 | SERVICIO COMÚN DE TRAMITACIÓN.,50373145 (1 plazas),reextracción de la columna Denominación,CODIGO_DE_PUESTO,NO,https://www.boe.es/diario_boe/txt.php?id=BOE-A-2025-22547
101443,PUESTO_NUMERICO,BOE-A-2025-22547,HTML oficial revisado (líneas de tabla): N.º orden | Puesto | Denominación; 50373058 | SERVICIO COMÚN DE TRAMITACIÓN.,50373146 (1 plazas),reextracción de la columna Denominación,CODIGO_DE_PUESTO,NO,https://www.boe.es/diario_boe/txt.php?id=BOE-A-2025-22547
101444,PUESTO_NUMERICO,BOE-A-2025-22547,HTML oficial revisado (líneas de tabla): N.º orden | Puesto | Denominación; 50373058 | SERVICIO COMÚN DE TRAMITACIÓN.,50373147 (1 plazas),reextracción de la columna Denominación,CODIGO_DE_PUESTO,NO,https://www.boe.es/diario_boe/txt.php?id=BOE-A-2025-22547
101445,PUESTO_NUMERICO,BOE-A-2025-22547,HTML oficial revisado (líneas de tabla): N.º orden | Puesto | Denominación; 50373058 | SERVICIO COMÚN DE TRAMITACIÓN.,50373148 (1 plazas),reextracción de la columna Denominación,CODIGO_DE_PUESTO,NO,https://www.boe.es/diario_boe/txt.php?id=BOE-A-2025-22547
101446,PUESTO_NUMERICO,BOE-A-2025-22547,HTML oficial revisado (líneas de tabla): N.º orden | Puesto | Denominación; 50373058 | SERVICIO COMÚN DE TRAMITACIÓN.,50373149 (1 plazas),reextracción de la columna Denominación,CODIGO_DE_PUESTO,NO,https://www.boe.es/diario_boe/txt.php?id=BOE-A-2025-22547
101447,PUESTO_NUMERICO,BOE-A-2025-22547,HTML oficial revisado (líneas de tabla): N.º orden | Puesto | Denominación; 50373058 | SERVICIO COMÚN DE TRAMITACIÓN.,50373150 (1 plazas),reextracción de la columna Denominación,CODIGO_DE_PUESTO,NO,https://www.boe.es/diario_boe/txt.php?id=BOE-A-2025-22547
101448,PUESTO_NUMERICO,BOE-A-2025-22547,HTML oficial revisado (líneas de tabla): N.º orden | Puesto | Denominación; 50373058 | SERVICIO COMÚN DE TRAMITACIÓN.,50373154 (1 plazas),reextracción de la columna Denominación,CODIGO_DE_PUESTO,NO,https://www.boe.es/diario_boe/txt.php?id=BOE-A-2025-22547
101449,PUESTO_NUMERICO,BOE-A-2025-22547,HTML oficial revisado (líneas de tabla): N.º orden | Puesto | Denominación; 50373058 | SERVICIO COMÚN DE TRAMITACIÓN.,50373155 (1 plazas),reextracción de la columna Denominación,CODIGO_DE_PUESTO,NO,https://www.boe.es/diario_boe/txt.php?id=BOE-A-2025-22547
101450,PUESTO_NUMERICO,BOE-A-2025-22547,HTML oficial revisado (líneas de tabla): N.º orden | Puesto | Denominación; 50373058 | SERVICIO COMÚN DE TRAMITACIÓN.,50373234 (1 plazas),reextracción de la columna Denominación,CODIGO_DE_PUESTO,NO,https://www.boe.es/diario_boe/txt.php?id=BOE-A-2025-22547
101451,PUESTO_NUMERICO,BOE-A-2025-22547,HTML oficial revisado (líneas de tabla): N.º orden | Puesto | Denominación; 50373058 | SERVICIO COMÚN DE TRAMITACIÓN.,50373235 (1 plazas),reextracción de la columna Denominación,CODIGO_DE_PUESTO,NO,https://www.boe.es/diario_boe/txt.php?id=BOE-A-2025-22547
101452,PUESTO_NUMERICO,BOE-A-2025-22547,HTML oficial revisado (líneas de tabla): N.º orden | Puesto | Denominación; 50373058 | SERVICIO COMÚN DE TRAMITACIÓN.,50373038 (1 plazas),reextracción de la columna Denominación,CODIGO_DE_PUESTO,NO,https://www.boe.es/diario_boe/txt.php?id=BOE-A-2025-22547
101453,PUESTO_NUMERICO,BOE-A-2025-22547,HTML oficial revisado (líneas de tabla): N.º orden | Puesto | Denominación; 50373058 | SERVICIO COMÚN DE TRAMITACIÓN.,50373039 (1 plazas),reextracción de la columna Denominación,CODIGO_DE_PUESTO,NO,https://www.boe.es/diario_boe/txt.php?id=BOE-A-2025-22547
101454,PUESTO_NUMERICO,BOE-A-2025-22547,HTML oficial revisado (líneas de tabla): N.º orden | Puesto | Denominación; 50373058 | SERVICIO COMÚN DE TRAMITACIÓN.,50373040 (1 plazas),reextracción de la columna Denominación,CODIGO_DE_PUESTO,NO,https://www.boe.es/diario_boe/txt.php?id=BOE-A-2025-22547
101455,PUESTO_NUMERICO,BOE-A-2025-22547,HTML oficial revisado (líneas de tabla): N.º orden | Puesto | Denominación; 50373058 | SERVICIO COMÚN DE TRAMITACIÓN.,50373041 (1 plazas),reextracción de la columna Denominación,CODIGO_DE_PUESTO,NO,https://www.boe.es/diario_boe/txt.php?id=BOE-A-2025-22547
101456,PUESTO_NUMERICO,BOE-A-2025-22547,HTML oficial revisado (líneas de tabla): N.º orden | Puesto | Denominación; 50373058 | SERVICIO COMÚN DE TRAMITACIÓN.,50373042 (1 plazas),reextracción de la columna Denominación,CODIGO_DE_PUESTO,NO,https://www.boe.es/diario_boe/txt.php?id=BOE-A-2025-22547
101457,PUESTO_NUMERICO,BOE-A-2025-22547,HTML oficial revisado (líneas de tabla): N.º orden | Puesto | Denominación; 50373058 | SERVICIO COMÚN DE TRAMITACIÓN.,50373043 (1 plazas),reextracción de la columna Denominación,CODIGO_DE_PUESTO,NO,https://www.boe.es/diario_boe/txt.php?id=BOE-A-2025-22547
101458,PUESTO_NUMERICO,BOE-A-2025-22547,HTML oficial revisado (líneas de tabla): N.º orden | Puesto | Denominación; 50373058 | SERVICIO COMÚN DE TRAMITACIÓN.,50373044 (1 plazas),reextracción de la columna Denominación,CODIGO_DE_PUESTO,NO,https://www.boe.es/diario_boe/txt.php?id=BOE-A-2025-22547
101459,PUESTO_NUMERICO,BOE-A-2025-22547,HTML oficial revisado (líneas de tabla): N.º orden | Puesto | Denominación; 50373058 | SERVICIO COMÚN DE TRAMITACIÓN.,50373045 (1 plazas),reextracción de la columna Denominación,CODIGO_DE_PUESTO,NO,https://www.boe.es/diario_boe/txt.php?id=BOE-A-2025-22547
101460,PUESTO_NUMERICO,BOE-A-2025-22547,HTML oficial revisado (líneas de tabla): N.º orden | Puesto | Denominación; 50373058 | SERVICIO COMÚN DE TRAMITACIÓN.,50373020 (1 plazas),reextracción de la columna Denominación,CODIGO_DE_PUESTO,NO,https://www.boe.es/diario_boe/txt.php?id=BOE-A-2025-22547
101461,PUESTO_NUMERICO,BOE-A-2025-22547,HTML oficial revisado (líneas de tabla): N.º orden | Puesto | Denominación; 50373058 | SERVICIO COMÚN DE TRAMITACIÓN.,50373003 (1 plazas),reextracción de la columna Denominación,CODIGO_DE_PUESTO,NO,https://www.boe.es/diario_boe/txt.php?id=BOE-A-2025-22547
101462,PUESTO_NUMERICO,BOE-A-2025-22547,HTML oficial revisado (líneas de tabla): N.º orden | Puesto | Denominación; 50373058 | SERVICIO COMÚN DE TRAMITACIÓN.,50373004 (1 plazas),reextracción de la columna Denominación,CODIGO_DE_PUESTO,NO,https://www.boe.es/diario_boe/txt.php?id=BOE-A-2025-22547
101463,PUESTO_NUMERICO,BOE-A-2025-22547,HTML oficial revisado (líneas de tabla): N.º orden | Puesto | Denominación; 50373058 | SERVICIO COMÚN DE TRAMITACIÓN.,50373005 (1 plazas),reextracción de la columna Denominación,CODIGO_DE_PUESTO,NO,https://www.boe.es/diario_boe/txt.php?id=BOE-A-2025-22547
101464,PUESTO_NUMERICO,BOE-A-2025-22547,HTML oficial revisado (líneas de tabla): N.º orden | Puesto | Denominación; 50373058 | SERVICIO COMÚN DE TRAMITACIÓN.,50373006 (1 plazas),reextracción de la columna Denominación,CODIGO_DE_PUESTO,NO,https://www.boe.es/diario_boe/txt.php?id=BOE-A-2025-22547
101465,PUESTO_NUMERICO,BOE-A-2025-22547,HTML oficial revisado (líneas de tabla): N.º orden | Puesto | Denominación; 50373058 | SERVICIO COMÚN DE TRAMITACIÓN.,50373224 (1 plazas),reextracción de la columna Denominación,CODIGO_DE_PUESTO,NO,https://www.boe.es/diario_boe/txt.php?id=BOE-A-2025-22547
101466,PUESTO_NUMERICO,BOE-A-2025-22547,HTML oficial revisado (líneas de tabla): N.º orden | Puesto | Denominación; 50373058 | SERVICIO COMÚN DE TRAMITACIÓN.,50373180 (1 plazas),reextracción de la columna Denominación,CODIGO_DE_PUESTO,NO,https://www.boe.es/diario_boe/txt.php?id=BOE-A-2025-22547
101467,PUESTO_NUMERICO,BOE-A-2025-22547,HTML oficial revisado (líneas de tabla): N.º orden | Puesto | Denominación; 50373058 | SERVICIO COMÚN DE TRAMITACIÓN.,50373181 (1 plazas),reextracción de la columna Denominación,CODIGO_DE_PUESTO,NO,https://www.boe.es/diario_boe/txt.php?id=BOE-A-2025-22547
101468,PUESTO_NUMERICO,BOE-A-2025-22547,HTML oficial revisado (líneas de tabla): N.º orden | Puesto | Denominación; 50373058 | SERVICIO COMÚN DE TRAMITACIÓN.,50372994 (1 plazas),reextracción de la columna Denominación,CODIGO_DE_PUESTO,NO,https://www.boe.es/diario_boe/txt.php?id=BOE-A-2025-22547
101469,PUESTO_NUMERICO,BOE-A-2025-22547,HTML oficial revisado (líneas de tabla): N.º orden | Puesto | Denominación; 50373058 | SERVICIO COMÚN DE TRAMITACIÓN.,50372995 (1 plazas),reextracción de la columna Denominación,CODIGO_DE_PUESTO,NO,https://www.boe.es/diario_boe/txt.php?id=BOE-A-2025-22547
101470,PUESTO_NUMERICO,BOE-A-2025-22547,HTML oficial revisado (líneas de tabla): N.º orden | Puesto | Denominación; 50373058 | SERVICIO COMÚN DE TRAMITACIÓN.,50373222 (1 plazas),reextracción de la columna Denominación,CODIGO_DE_PUESTO,NO,https://www.boe.es/diario_boe/txt.php?id=BOE-A-2025-22547
101471,PUESTO_NUMERICO,BOE-A-2025-22547,HTML oficial revisado (líneas de tabla): N.º orden | Puesto | Denominación; 50373058 | SERVICIO COMÚN DE TRAMITACIÓN.,50372991 (1 plazas),reextracción de la columna Denominación,CODIGO_DE_PUESTO,NO,https://www.boe.es/diario_boe/txt.php?id=BOE-A-2025-22547
101472,PUESTO_NUMERICO,BOE-A-2025-22547,HTML oficial revisado (líneas de tabla): N.º orden | Puesto | Denominación; 50373058 | SERVICIO COMÚN DE TRAMITACIÓN.,50373081 (1 plazas),reextracción de la columna Denominación,CODIGO_DE_PUESTO,NO,https://www.boe.es/diario_boe/txt.php?id=BOE-A-2025-22547
101473,PUESTO_NUMERICO,BOE-A-2025-22547,HTML oficial revisado (líneas de tabla): N.º orden | Puesto | Denominación; 50373058 | SERVICIO COMÚN DE TRAMITACIÓN.,50373082 (1 plazas),reextracción de la columna Denominación,CODIGO_DE_PUESTO,NO,https://www.boe.es/diario_boe/txt.php?id=BOE-A-2025-22547
101474,PUESTO_NUMERICO,BOE-A-2025-22547,HTML oficial revisado (líneas de tabla): N.º orden | Puesto | Denominación; 50373058 | SERVICIO COMÚN DE TRAMITACIÓN.,50373083 (1 plazas),reextracción de la columna Denominación,CODIGO_DE_PUESTO,NO,https://www.boe.es/diario_boe/txt.php?id=BOE-A-2025-22547
101475,PUESTO_NUMERICO,BOE-A-2025-22547,HTML oficial revisado (líneas de tabla): N.º orden | Puesto | Denominación; 50373058 | SERVICIO COMÚN DE TRAMITACIÓN.,50373084 (1 plazas),reextracción de la columna Denominación,CODIGO_DE_PUESTO,NO,https://www.boe.es/diario_boe/txt.php?id=BOE-A-2025-22547
101476,PUESTO_NUMERICO,BOE-A-2025-22547,HTML oficial revisado (líneas de tabla): N.º orden | Puesto | Denominación; 50373058 | SERVICIO COMÚN DE TRAMITACIÓN.,50373243 (1 plazas),reextracción de la columna Denominación,CODIGO_DE_PUESTO,NO,https://www.boe.es/diario_boe/txt.php?id=BOE-A-2025-22547
101477,PUESTO_NUMERICO,BOE-A-2025-22547,HTML oficial revisado (líneas de tabla): N.º orden | Puesto | Denominación; 50373058 | SERVICIO COMÚN DE TRAMITACIÓN.,50373246 (1 plazas),reextracción de la columna Denominación,CODIGO_DE_PUESTO,NO,https://www.boe.es/diario_boe/txt.php?id=BOE-A-2025-22547
101478,PUESTO_NUMERICO,BOE-A-2025-22547,HTML oficial revisado (líneas de tabla): N.º orden | Puesto | Denominación; 50373058 | SERVICIO COMÚN DE TRAMITACIÓN.,50373265 (1 plazas),reextracción de la columna Denominación,CODIGO_DE_PUESTO,NO,https://www.boe.es/diario_boe/txt.php?id=BOE-A-2025-22547
101479,PUESTO_NUMERICO,BOE-A-2025-22547,HTML oficial revisado (líneas de tabla): N.º orden | Puesto | Denominación; 50373058 | SERVICIO COMÚN DE TRAMITACIÓN.,50373157 (1 plazas),reextracción de la columna Denominación,CODIGO_DE_PUESTO,NO,https://www.boe.es/diario_boe/txt.php?id=BOE-A-2025-22547
101480,PUESTO_NUMERICO,BOE-A-2025-22547,HTML oficial revisado (líneas de tabla): N.º orden | Puesto | Denominación; 50373058 | SERVICIO COMÚN DE TRAMITACIÓN.,50373158 (1 plazas),reextracción de la columna Denominación,CODIGO_DE_PUESTO,NO,https://www.boe.es/diario_boe/txt.php?id=BOE-A-2025-22547
101481,PUESTO_NUMERICO,BOE-A-2025-22547,HTML oficial revisado (líneas de tabla): N.º orden | Puesto | Denominación; 50373058 | SERVICIO COMÚN DE TRAMITACIÓN.,50373159 (1 plazas),reextracción de la columna Denominación,CODIGO_DE_PUESTO,NO,https://www.boe.es/diario_boe/txt.php?id=BOE-A-2025-22547
101482,PUESTO_NUMERICO,BOE-A-2025-22547,HTML oficial revisado (líneas de tabla): N.º orden | Puesto | Denominación; 50373058 | SERVICIO COMÚN DE TRAMITACIÓN.,50373160 (1 plazas),reextracción de la columna Denominación,CODIGO_DE_PUESTO,NO,https://www.boe.es/diario_boe/txt.php?id=BOE-A-2025-22547
101483,PUESTO_NUMERICO,BOE-A-2025-22547,HTML oficial revisado (líneas de tabla): N.º orden | Puesto | Denominación; 50373058 | SERVICIO COMÚN DE TRAMITACIÓN.,50373161 (1 plazas),reextracción de la columna Denominación,CODIGO_DE_PUESTO,NO,https://www.boe.es/diario_boe/txt.php?id=BOE-A-2025-22547
101484,PUESTO_NUMERICO,BOE-A-2025-22547,HTML oficial revisado (líneas de tabla): N.º orden | Puesto | Denominación; 50373058 | SERVICIO COMÚN DE TRAMITACIÓN.,50373162 (1 plazas),reextracción de la columna Denominación,CODIGO_DE_PUESTO,NO,https://www.boe.es/diario_boe/txt.php?id=BOE-A-2025-22547
101485,PUESTO_NUMERICO,BOE-A-2025-22547,HTML oficial revisado (líneas de tabla): N.º orden | Puesto | Denominación; 50373058 | SERVICIO COMÚN DE TRAMITACIÓN.,50373163 (1 plazas),reextracción de la columna Denominación,CODIGO_DE_PUESTO,NO,https://www.boe.es/diario_boe/txt.php?id=BOE-A-2025-22547
101486,PUESTO_NUMERICO,BOE-A-2025-22547,HTML oficial revisado (líneas de tabla): N.º orden | Puesto | Denominación; 50373058 | SERVICIO COMÚN DE TRAMITACIÓN.,50373164 (1 plazas),reextracción de la columna Denominación,CODIGO_DE_PUESTO,NO,https://www.boe.es/diario_boe/txt.php?id=BOE-A-2025-22547
101487,PUESTO_NUMERICO,BOE-A-2025-22547,HTML oficial revisado (líneas de tabla): N.º orden | Puesto | Denominación; 50373058 | SERVICIO COMÚN DE TRAMITACIÓN.,50373052 (1 plazas),reextracción de la columna Denominación,CODIGO_DE_PUESTO,NO,https://www.boe.es/diario_boe/txt.php?id=BOE-A-2025-22547
101488,PUESTO_NUMERICO,BOE-A-2025-22547,HTML oficial revisado (líneas de tabla): N.º orden | Puesto | Denominación; 50373058 | SERVICIO COMÚN DE TRAMITACIÓN.,50373053 (1 plazas),reextracción de la columna Denominación,CODIGO_DE_PUESTO,NO,https://www.boe.es/diario_boe/txt.php?id=BOE-A-2025-22547
101489,PUESTO_NUMERICO,BOE-A-2025-22547,HTML oficial revisado (líneas de tabla): N.º orden | Puesto | Denominación; 50373058 | SERVICIO COMÚN DE TRAMITACIÓN.,50373054 (1 plazas),reextracción de la columna Denominación,CODIGO_DE_PUESTO,NO,https://www.boe.es/diario_boe/txt.php?id=BOE-A-2025-22547
101490,PUESTO_NUMERICO,BOE-A-2025-22547,HTML oficial revisado (líneas de tabla): N.º orden | Puesto | Denominación; 50373058 | SERVICIO COMÚN DE TRAMITACIÓN.,50373027 (1 plazas),reextracción de la columna Denominación,CODIGO_DE_PUESTO,NO,https://www.boe.es/diario_boe/txt.php?id=BOE-A-2025-22547
101491,PUESTO_NUMERICO,BOE-A-2025-22547,HTML oficial revisado (líneas de tabla): N.º orden | Puesto | Denominación; 50373058 | SERVICIO COMÚN DE TRAMITACIÓN.,50373010 (1 plazas),reextracción de la columna Denominación,CODIGO_DE_PUESTO,NO,https://www.boe.es/diario_boe/txt.php?id=BOE-A-2025-22547
101492,PUESTO_NUMERICO,BOE-A-2025-22547,HTML oficial revisado (líneas de tabla): N.º orden | Puesto | Denominación; 50373058 | SERVICIO COMÚN DE TRAMITACIÓN.,50373011 (1 plazas),reextracción de la columna Denominación,CODIGO_DE_PUESTO,NO,https://www.boe.es/diario_boe/txt.php?id=BOE-A-2025-22547
101493,PUESTO_NUMERICO,BOE-A-2025-22547,HTML oficial revisado (líneas de tabla): N.º orden | Puesto | Denominación; 50373058 | SERVICIO COMÚN DE TRAMITACIÓN.,50373209 (1 plazas),reextracción de la columna Denominación,CODIGO_DE_PUESTO,NO,https://www.boe.es/diario_boe/txt.php?id=BOE-A-2025-22547
101494,PUESTO_NUMERICO,BOE-A-2025-22547,HTML oficial revisado (líneas de tabla): N.º orden | Puesto | Denominación; 50373058 | SERVICIO COMÚN DE TRAMITACIÓN.,50373210 (1 plazas),reextracción de la columna Denominación,CODIGO_DE_PUESTO,NO,https://www.boe.es/diario_boe/txt.php?id=BOE-A-2025-22547
101495,PUESTO_NUMERICO,BOE-A-2025-22547,HTML oficial revisado (líneas de tabla): N.º orden | Puesto | Denominación; 50373058 | SERVICIO COMÚN DE TRAMITACIÓN.,50373211 (1 plazas),reextracción de la columna Denominación,CODIGO_DE_PUESTO,NO,https://www.boe.es/diario_boe/txt.php?id=BOE-A-2025-22547
101496,PUESTO_NUMERICO,BOE-A-2025-22547,HTML oficial revisado (líneas de tabla): N.º orden | Puesto | Denominación; 50373058 | SERVICIO COMÚN DE TRAMITACIÓN.,50373212 (1 plazas),reextracción de la columna Denominación,CODIGO_DE_PUESTO,NO,https://www.boe.es/diario_boe/txt.php?id=BOE-A-2025-22547
101497,PUESTO_NUMERICO,BOE-A-2025-22547,HTML oficial revisado (líneas de tabla): N.º orden | Puesto | Denominación; 50373058 | SERVICIO COMÚN DE TRAMITACIÓN.,50373241 (1 plazas),reextracción de la columna Denominación,CODIGO_DE_PUESTO,NO,https://www.boe.es/diario_boe/txt.php?id=BOE-A-2025-22547
101498,PUESTO_NUMERICO,BOE-A-2025-22547,HTML oficial revisado (líneas de tabla): N.º orden | Puesto | Denominación; 50373058 | SERVICIO COMÚN DE TRAMITACIÓN.,50373110 (1 plazas),reextracción de la columna Denominación,CODIGO_DE_PUESTO,NO,https://www.boe.es/diario_boe/txt.php?id=BOE-A-2025-22547
101499,PUESTO_NUMERICO,BOE-A-2025-22547,HTML oficial revisado (líneas de tabla): N.º orden | Puesto | Denominación; 50373058 | SERVICIO COMÚN DE TRAMITACIÓN.,50373111 (1 plazas),reextracción de la columna Denominación,CODIGO_DE_PUESTO,NO,https://www.boe.es/diario_boe/txt.php?id=BOE-A-2025-22547
101500,PUESTO_NUMERICO,BOE-A-2025-22547,HTML oficial revisado (líneas de tabla): N.º orden | Puesto | Denominación; 50373058 | SERVICIO COMÚN DE TRAMITACIÓN.,50373261 (1 plazas),reextracción de la columna Denominación,CODIGO_DE_PUESTO,NO,https://www.boe.es/diario_boe/txt.php?id=BOE-A-2025-22547
101501,PUESTO_NUMERICO,BOE-A-2025-22547,HTML oficial revisado (líneas de tabla): N.º orden | Puesto | Denominación; 50373058 | SERVICIO COMÚN DE TRAMITACIÓN.,50373250 (1 plazas),reextracción de la columna Denominación,CODIGO_DE_PUESTO,NO,https://www.boe.es/diario_boe/txt.php?id=BOE-A-2025-22547
101502,PUESTO_NUMERICO,BOE-A-2025-22547,HTML oficial revisado (líneas de tabla): N.º orden | Puesto | Denominación; 50373058 | SERVICIO COMÚN DE TRAMITACIÓN.,50372997 (1 plazas),reextracción de la columna Denominación,CODIGO_DE_PUESTO,NO,https://www.boe.es/diario_boe/txt.php?id=BOE-A-2025-22547
101503,PUESTO_NUMERICO,BOE-A-2025-22547,HTML oficial revisado (líneas de tabla): N.º orden | Puesto | Denominación; 50373058 | SERVICIO COMÚN DE TRAMITACIÓN.,50372992 (1 plazas),reextracción de la columna Denominación,CODIGO_DE_PUESTO,NO,https://www.boe.es/diario_boe/txt.php?id=BOE-A-2025-22547
101504,PUESTO_NUMERICO,BOE-A-2025-22549,HTML oficial revisado (líneas de tabla): N.º orden | Puesto | Denominación; 50374820 | Servicio común de tramitación.,50374820 (1 plazas),reextracción de la columna Denominación,CODIGO_DE_PUESTO,NO,https://www.boe.es/diario_boe/txt.php?id=BOE-A-2025-22549
101505,PUESTO_NUMERICO,BOE-A-2025-22549,HTML oficial revisado (líneas de tabla): N.º orden | Puesto | Denominación; 50374820 | Servicio común de tramitación.,50374821 (1 plazas),reextracción de la columna Denominación,CODIGO_DE_PUESTO,NO,https://www.boe.es/diario_boe/txt.php?id=BOE-A-2025-22549
101506,PUESTO_NUMERICO,BOE-A-2025-22549,HTML oficial revisado (líneas de tabla): N.º orden | Puesto | Denominación; 50374820 | Servicio común de tramitación.,50374822 (1 plazas),reextracción de la columna Denominación,CODIGO_DE_PUESTO,NO,https://www.boe.es/diario_boe/txt.php?id=BOE-A-2025-22549
101507,PUESTO_NUMERICO,BOE-A-2025-22549,HTML oficial revisado (líneas de tabla): N.º orden | Puesto | Denominación; 50374820 | Servicio común de tramitación.,50374823 (1 plazas),reextracción de la columna Denominación,CODIGO_DE_PUESTO,NO,https://www.boe.es/diario_boe/txt.php?id=BOE-A-2025-22549
101508,PUESTO_NUMERICO,BOE-A-2025-22549,HTML oficial revisado (líneas de tabla): N.º orden | Puesto | Denominación; 50374820 | Servicio común de tramitación.,50374837 (1 plazas),reextracción de la columna Denominación,CODIGO_DE_PUESTO,NO,https://www.boe.es/diario_boe/txt.php?id=BOE-A-2025-22549
101509,PUESTO_NUMERICO,BOE-A-2025-22549,HTML oficial revisado (líneas de tabla): N.º orden | Puesto | Denominación; 50374820 | Servicio común de tramitación.,50374871 (1 plazas),reextracción de la columna Denominación,CODIGO_DE_PUESTO,NO,https://www.boe.es/diario_boe/txt.php?id=BOE-A-2025-22549
101510,PUESTO_NUMERICO,BOE-A-2025-22549,HTML oficial revisado (líneas de tabla): N.º orden | Puesto | Denominación; 50374820 | Servicio común de tramitación.,50374942 (1 plazas),reextracción de la columna Denominación,CODIGO_DE_PUESTO,NO,https://www.boe.es/diario_boe/txt.php?id=BOE-A-2025-22549
101511,PUESTO_NUMERICO,BOE-A-2025-22549,HTML oficial revisado (líneas de tabla): N.º orden | Puesto | Denominación; 50374820 | Servicio común de tramitación.,50374853 (1 plazas),reextracción de la columna Denominación,CODIGO_DE_PUESTO,NO,https://www.boe.es/diario_boe/txt.php?id=BOE-A-2025-22549
101512,PUESTO_NUMERICO,BOE-A-2025-22549,HTML oficial revisado (líneas de tabla): N.º orden | Puesto | Denominación; 50374820 | Servicio común de tramitación.,50374854 (1 plazas),reextracción de la columna Denominación,CODIGO_DE_PUESTO,NO,https://www.boe.es/diario_boe/txt.php?id=BOE-A-2025-22549
101513,PUESTO_NUMERICO,BOE-A-2025-22549,HTML oficial revisado (líneas de tabla): N.º orden | Puesto | Denominación; 50374820 | Servicio común de tramitación.,50374855 (1 plazas),reextracción de la columna Denominación,CODIGO_DE_PUESTO,NO,https://www.boe.es/diario_boe/txt.php?id=BOE-A-2025-22549
101514,PUESTO_NUMERICO,BOE-A-2025-22549,HTML oficial revisado (líneas de tabla): N.º orden | Puesto | Denominación; 50374820 | Servicio común de tramitación.,50374868 (1 plazas),reextracción de la columna Denominación,CODIGO_DE_PUESTO,NO,https://www.boe.es/diario_boe/txt.php?id=BOE-A-2025-22549
101515,PUESTO_NUMERICO,BOE-A-2025-22549,HTML oficial revisado (líneas de tabla): N.º orden | Puesto | Denominación; 50374820 | Servicio común de tramitación.,50374848 (1 plazas),reextracción de la columna Denominación,CODIGO_DE_PUESTO,NO,https://www.boe.es/diario_boe/txt.php?id=BOE-A-2025-22549
101516,PUESTO_NUMERICO,BOE-A-2025-22549,HTML oficial revisado (líneas de tabla): N.º orden | Puesto | Denominación; 50374820 | Servicio común de tramitación.,50374873 (1 plazas),reextracción de la columna Denominación,CODIGO_DE_PUESTO,NO,https://www.boe.es/diario_boe/txt.php?id=BOE-A-2025-22549
101517,PUESTO_NUMERICO,BOE-A-2025-22549,HTML oficial revisado (líneas de tabla): N.º orden | Puesto | Denominación; 50374820 | Servicio común de tramitación.,50374844 (1 plazas),reextracción de la columna Denominación,CODIGO_DE_PUESTO,NO,https://www.boe.es/diario_boe/txt.php?id=BOE-A-2025-22549
101518,PUESTO_NUMERICO,BOE-A-2025-22549,HTML oficial revisado (líneas de tabla): N.º orden | Puesto | Denominación; 50374820 | Servicio común de tramitación.,50374877 (1 plazas),reextracción de la columna Denominación,CODIGO_DE_PUESTO,NO,https://www.boe.es/diario_boe/txt.php?id=BOE-A-2025-22549
101519,PUESTO_NUMERICO,BOE-A-2025-22549,HTML oficial revisado (líneas de tabla): N.º orden | Puesto | Denominación; 50374820 | Servicio común de tramitación.,50374884 (1 plazas),reextracción de la columna Denominación,CODIGO_DE_PUESTO,NO,https://www.boe.es/diario_boe/txt.php?id=BOE-A-2025-22549
101520,PUESTO_NUMERICO,BOE-A-2025-22549,HTML oficial revisado (líneas de tabla): N.º orden | Puesto | Denominación; 50374820 | Servicio común de tramitación.,50374885 (1 plazas),reextracción de la columna Denominación,CODIGO_DE_PUESTO,NO,https://www.boe.es/diario_boe/txt.php?id=BOE-A-2025-22549
101521,PUESTO_NUMERICO,BOE-A-2025-22549,HTML oficial revisado (líneas de tabla): N.º orden | Puesto | Denominación; 50374820 | Servicio común de tramitación.,50374886 (1 plazas),reextracción de la columna Denominación,CODIGO_DE_PUESTO,NO,https://www.boe.es/diario_boe/txt.php?id=BOE-A-2025-22549
101522,PUESTO_NUMERICO,BOE-A-2025-22549,HTML oficial revisado (líneas de tabla): N.º orden | Puesto | Denominación; 50374820 | Servicio común de tramitación.,50374887 (1 plazas),reextracción de la columna Denominación,CODIGO_DE_PUESTO,NO,https://www.boe.es/diario_boe/txt.php?id=BOE-A-2025-22549
101523,PUESTO_NUMERICO,BOE-A-2025-22549,HTML oficial revisado (líneas de tabla): N.º orden | Puesto | Denominación; 50374820 | Servicio común de tramitación.,50374894 (1 plazas),reextracción de la columna Denominación,CODIGO_DE_PUESTO,NO,https://www.boe.es/diario_boe/txt.php?id=BOE-A-2025-22549
101524,PUESTO_NUMERICO,BOE-A-2025-22549,HTML oficial revisado (líneas de tabla): N.º orden | Puesto | Denominación; 50374820 | Servicio común de tramitación.,50374905 (1 plazas),reextracción de la columna Denominación,CODIGO_DE_PUESTO,NO,https://www.boe.es/diario_boe/txt.php?id=BOE-A-2025-22549
101525,PUESTO_NUMERICO,BOE-A-2025-22549,HTML oficial revisado (líneas de tabla): N.º orden | Puesto | Denominación; 50374820 | Servicio común de tramitación.,50374906 (1 plazas),reextracción de la columna Denominación,CODIGO_DE_PUESTO,NO,https://www.boe.es/diario_boe/txt.php?id=BOE-A-2025-22549
101526,PUESTO_NUMERICO,BOE-A-2025-22549,HTML oficial revisado (líneas de tabla): N.º orden | Puesto | Denominación; 50374820 | Servicio común de tramitación.,50374911 (1 plazas),reextracción de la columna Denominación,CODIGO_DE_PUESTO,NO,https://www.boe.es/diario_boe/txt.php?id=BOE-A-2025-22549
101527,PUESTO_NUMERICO,BOE-A-2025-22549,HTML oficial revisado (líneas de tabla): N.º orden | Puesto | Denominación; 50374820 | Servicio común de tramitación.,50374928 (1 plazas),reextracción de la columna Denominación,CODIGO_DE_PUESTO,NO,https://www.boe.es/diario_boe/txt.php?id=BOE-A-2025-22549
101528,PUESTO_NUMERICO,BOE-A-2025-22549,HTML oficial revisado (líneas de tabla): N.º orden | Puesto | Denominación; 50374820 | Servicio común de tramitación.,50374840 (1 plazas),reextracción de la columna Denominación,CODIGO_DE_PUESTO,NO,https://www.boe.es/diario_boe/txt.php?id=BOE-A-2025-22549
101529,PUESTO_NUMERICO,BOE-A-2025-22549,HTML oficial revisado (líneas de tabla): N.º orden | Puesto | Denominación; 50374820 | Servicio común de tramitación.,50374841 (1 plazas),reextracción de la columna Denominación,CODIGO_DE_PUESTO,NO,https://www.boe.es/diario_boe/txt.php?id=BOE-A-2025-22549
101530,PUESTO_NUMERICO,BOE-A-2025-22549,HTML oficial revisado (líneas de tabla): N.º orden | Puesto | Denominación; 50374820 | Servicio común de tramitación.,50374825 (1 plazas),reextracción de la columna Denominación,CODIGO_DE_PUESTO,NO,https://www.boe.es/diario_boe/txt.php?id=BOE-A-2025-22549
101531,PUESTO_NUMERICO,BOE-A-2025-22549,HTML oficial revisado (líneas de tabla): N.º orden | Puesto | Denominación; 50374820 | Servicio común de tramitación.,50374826 (1 plazas),reextracción de la columna Denominación,CODIGO_DE_PUESTO,NO,https://www.boe.es/diario_boe/txt.php?id=BOE-A-2025-22549
101532,PUESTO_NUMERICO,BOE-A-2025-22549,HTML oficial revisado (líneas de tabla): N.º orden | Puesto | Denominación; 50374820 | Servicio común de tramitación.,50374827 (1 plazas),reextracción de la columna Denominación,CODIGO_DE_PUESTO,NO,https://www.boe.es/diario_boe/txt.php?id=BOE-A-2025-22549
101533,PUESTO_NUMERICO,BOE-A-2025-22549,HTML oficial revisado (líneas de tabla): N.º orden | Puesto | Denominación; 50374820 | Servicio común de tramitación.,50374828 (1 plazas),reextracción de la columna Denominación,CODIGO_DE_PUESTO,NO,https://www.boe.es/diario_boe/txt.php?id=BOE-A-2025-22549
101534,PUESTO_NUMERICO,BOE-A-2025-22549,HTML oficial revisado (líneas de tabla): N.º orden | Puesto | Denominación; 50374820 | Servicio común de tramitación.,50374829 (1 plazas),reextracción de la columna Denominación,CODIGO_DE_PUESTO,NO,https://www.boe.es/diario_boe/txt.php?id=BOE-A-2025-22549
101535,PUESTO_NUMERICO,BOE-A-2025-22549,HTML oficial revisado (líneas de tabla): N.º orden | Puesto | Denominación; 50374820 | Servicio común de tramitación.,50374830 (1 plazas),reextracción de la columna Denominación,CODIGO_DE_PUESTO,NO,https://www.boe.es/diario_boe/txt.php?id=BOE-A-2025-22549
101536,PUESTO_NUMERICO,BOE-A-2025-22549,HTML oficial revisado (líneas de tabla): N.º orden | Puesto | Denominación; 50374820 | Servicio común de tramitación.,50374831 (1 plazas),reextracción de la columna Denominación,CODIGO_DE_PUESTO,NO,https://www.boe.es/diario_boe/txt.php?id=BOE-A-2025-22549
101537,PUESTO_NUMERICO,BOE-A-2025-22549,HTML oficial revisado (líneas de tabla): N.º orden | Puesto | Denominación; 50374820 | Servicio común de tramitación.,50374832 (1 plazas),reextracción de la columna Denominación,CODIGO_DE_PUESTO,NO,https://www.boe.es/diario_boe/txt.php?id=BOE-A-2025-22549
101538,PUESTO_NUMERICO,BOE-A-2025-22549,HTML oficial revisado (líneas de tabla): N.º orden | Puesto | Denominación; 50374820 | Servicio común de tramitación.,50374833 (1 plazas),reextracción de la columna Denominación,CODIGO_DE_PUESTO,NO,https://www.boe.es/diario_boe/txt.php?id=BOE-A-2025-22549
101539,PUESTO_NUMERICO,BOE-A-2025-22549,HTML oficial revisado (líneas de tabla): N.º orden | Puesto | Denominación; 50374820 | Servicio común de tramitación.,50374834 (1 plazas),reextracción de la columna Denominación,CODIGO_DE_PUESTO,NO,https://www.boe.es/diario_boe/txt.php?id=BOE-A-2025-22549
101540,PUESTO_NUMERICO,BOE-A-2025-22549,HTML oficial revisado (líneas de tabla): N.º orden | Puesto | Denominación; 50374820 | Servicio común de tramitación.,50374838 (1 plazas),reextracción de la columna Denominación,CODIGO_DE_PUESTO,NO,https://www.boe.es/diario_boe/txt.php?id=BOE-A-2025-22549
101541,PUESTO_NUMERICO,BOE-A-2025-22549,HTML oficial revisado (líneas de tabla): N.º orden | Puesto | Denominación; 50374820 | Servicio común de tramitación.,50374858 (1 plazas),reextracción de la columna Denominación,CODIGO_DE_PUESTO,NO,https://www.boe.es/diario_boe/txt.php?id=BOE-A-2025-22549
101542,PUESTO_NUMERICO,BOE-A-2025-22549,HTML oficial revisado (líneas de tabla): N.º orden | Puesto | Denominación; 50374820 | Servicio común de tramitación.,50374862 (1 plazas),reextracción de la columna Denominación,CODIGO_DE_PUESTO,NO,https://www.boe.es/diario_boe/txt.php?id=BOE-A-2025-22549
101543,PUESTO_NUMERICO,BOE-A-2025-22549,HTML oficial revisado (líneas de tabla): N.º orden | Puesto | Denominación; 50374820 | Servicio común de tramitación.,50374865 (1 plazas),reextracción de la columna Denominación,CODIGO_DE_PUESTO,NO,https://www.boe.es/diario_boe/txt.php?id=BOE-A-2025-22549
101544,PUESTO_NUMERICO,BOE-A-2025-22549,HTML oficial revisado (líneas de tabla): N.º orden | Puesto | Denominación; 50374820 | Servicio común de tramitación.,50374889 (1 plazas),reextracción de la columna Denominación,CODIGO_DE_PUESTO,NO,https://www.boe.es/diario_boe/txt.php?id=BOE-A-2025-22549
101545,PUESTO_NUMERICO,BOE-A-2025-22549,HTML oficial revisado (líneas de tabla): N.º orden | Puesto | Denominación; 50374820 | Servicio común de tramitación.,50374890 (1 plazas),reextracción de la columna Denominación,CODIGO_DE_PUESTO,NO,https://www.boe.es/diario_boe/txt.php?id=BOE-A-2025-22549
101546,PUESTO_NUMERICO,BOE-A-2025-22549,HTML oficial revisado (líneas de tabla): N.º orden | Puesto | Denominación; 50374820 | Servicio común de tramitación.,50374891 (1 plazas),reextracción de la columna Denominación,CODIGO_DE_PUESTO,NO,https://www.boe.es/diario_boe/txt.php?id=BOE-A-2025-22549
101547,PUESTO_NUMERICO,BOE-A-2025-22549,HTML oficial revisado (líneas de tabla): N.º orden | Puesto | Denominación; 50374820 | Servicio común de tramitación.,50374917 (1 plazas),reextracción de la columna Denominación,CODIGO_DE_PUESTO,NO,https://www.boe.es/diario_boe/txt.php?id=BOE-A-2025-22549
101548,PUESTO_NUMERICO,BOE-A-2025-22549,HTML oficial revisado (líneas de tabla): N.º orden | Puesto | Denominación; 50374820 | Servicio común de tramitación.,50374919 (1 plazas),reextracción de la columna Denominación,CODIGO_DE_PUESTO,NO,https://www.boe.es/diario_boe/txt.php?id=BOE-A-2025-22549
101549,PUESTO_NUMERICO,BOE-A-2025-22549,HTML oficial revisado (líneas de tabla): N.º orden | Puesto | Denominación; 50374820 | Servicio común de tramitación.,50374923 (1 plazas),reextracción de la columna Denominación,CODIGO_DE_PUESTO,NO,https://www.boe.es/diario_boe/txt.php?id=BOE-A-2025-22549
101550,PUESTO_NUMERICO,BOE-A-2025-22549,HTML oficial revisado (líneas de tabla): N.º orden | Puesto | Denominación; 50374820 | Servicio común de tramitación.,50374924 (1 plazas),reextracción de la columna Denominación,CODIGO_DE_PUESTO,NO,https://www.boe.es/diario_boe/txt.php?id=BOE-A-2025-22549
101551,PUESTO_NUMERICO,BOE-A-2025-22549,HTML oficial revisado (líneas de tabla): N.º orden | Puesto | Denominación; 50374820 | Servicio común de tramitación.,50374927 (1 plazas),reextracción de la columna Denominación,CODIGO_DE_PUESTO,NO,https://www.boe.es/diario_boe/txt.php?id=BOE-A-2025-22549
101552,PUESTO_NUMERICO,BOE-A-2025-22549,HTML oficial revisado (líneas de tabla): N.º orden | Puesto | Denominación; 50374820 | Servicio común de tramitación.,50374929 (1 plazas),reextracción de la columna Denominación,CODIGO_DE_PUESTO,NO,https://www.boe.es/diario_boe/txt.php?id=BOE-A-2025-22549
101553,PUESTO_NUMERICO,BOE-A-2025-22549,HTML oficial revisado (líneas de tabla): N.º orden | Puesto | Denominación; 50374820 | Servicio común de tramitación.,50374930 (1 plazas),reextracción de la columna Denominación,CODIGO_DE_PUESTO,NO,https://www.boe.es/diario_boe/txt.php?id=BOE-A-2025-22549
101554,PUESTO_NUMERICO,BOE-A-2025-22549,HTML oficial revisado (líneas de tabla): N.º orden | Puesto | Denominación; 50374820 | Servicio común de tramitación.,50374940 (1 plazas),reextracción de la columna Denominación,CODIGO_DE_PUESTO,NO,https://www.boe.es/diario_boe/txt.php?id=BOE-A-2025-22549
101555,PUESTO_NUMERICO,BOE-A-2025-22549,HTML oficial revisado (líneas de tabla): N.º orden | Puesto | Denominación; 50374820 | Servicio común de tramitación.,50374835 (1 plazas),reextracción de la columna Denominación,CODIGO_DE_PUESTO,NO,https://www.boe.es/diario_boe/txt.php?id=BOE-A-2025-22549
101556,PUESTO_NUMERICO,BOE-A-2025-22549,HTML oficial revisado (líneas de tabla): N.º orden | Puesto | Denominación; 50374820 | Servicio común de tramitación.,50374836 (1 plazas),reextracción de la columna Denominación,CODIGO_DE_PUESTO,NO,https://www.boe.es/diario_boe/txt.php?id=BOE-A-2025-22549
101557,PUESTO_NUMERICO,BOE-A-2025-22549,HTML oficial revisado (líneas de tabla): N.º orden | Puesto | Denominación; 50374820 | Servicio común de tramitación.,50374839 (1 plazas),reextracción de la columna Denominación,CODIGO_DE_PUESTO,NO,https://www.boe.es/diario_boe/txt.php?id=BOE-A-2025-22549
101558,PUESTO_NUMERICO,BOE-A-2025-22549,HTML oficial revisado (líneas de tabla): N.º orden | Puesto | Denominación; 50374820 | Servicio común de tramitación.,50374943 (1 plazas),reextracción de la columna Denominación,CODIGO_DE_PUESTO,NO,https://www.boe.es/diario_boe/txt.php?id=BOE-A-2025-22549
101559,PUESTO_NUMERICO,BOE-A-2025-22549,HTML oficial revisado (líneas de tabla): N.º orden | Puesto | Denominación; 50374820 | Servicio común de tramitación.,50374949 (1 plazas),reextracción de la columna Denominación,CODIGO_DE_PUESTO,NO,https://www.boe.es/diario_boe/txt.php?id=BOE-A-2025-22549
101560,PUESTO_NUMERICO,BOE-A-2025-22549,HTML oficial revisado (líneas de tabla): N.º orden | Puesto | Denominación; 50374820 | Servicio común de tramitación.,50374866 (1 plazas),reextracción de la columna Denominación,CODIGO_DE_PUESTO,NO,https://www.boe.es/diario_boe/txt.php?id=BOE-A-2025-22549
101561,PUESTO_NUMERICO,BOE-A-2025-22549,HTML oficial revisado (líneas de tabla): N.º orden | Puesto | Denominación; 50374820 | Servicio común de tramitación.,50374867 (1 plazas),reextracción de la columna Denominación,CODIGO_DE_PUESTO,NO,https://www.boe.es/diario_boe/txt.php?id=BOE-A-2025-22549
101562,PUESTO_NUMERICO,BOE-A-2025-22549,HTML oficial revisado (líneas de tabla): N.º orden | Puesto | Denominación; 50374820 | Servicio común de tramitación.,50374870 (1 plazas),reextracción de la columna Denominación,CODIGO_DE_PUESTO,NO,https://www.boe.es/diario_boe/txt.php?id=BOE-A-2025-22549
101563,PUESTO_NUMERICO,BOE-A-2025-22549,HTML oficial revisado (líneas de tabla): N.º orden | Puesto | Denominación; 50374820 | Servicio común de tramitación.,50374849 (1 plazas),reextracción de la columna Denominación,CODIGO_DE_PUESTO,NO,https://www.boe.es/diario_boe/txt.php?id=BOE-A-2025-22549
101564,PUESTO_NUMERICO,BOE-A-2025-22549,HTML oficial revisado (líneas de tabla): N.º orden | Puesto | Denominación; 50374820 | Servicio común de tramitación.,50374876 (1 plazas),reextracción de la columna Denominación,CODIGO_DE_PUESTO,NO,https://www.boe.es/diario_boe/txt.php?id=BOE-A-2025-22549
101565,PUESTO_NUMERICO,BOE-A-2025-22549,HTML oficial revisado (líneas de tabla): N.º orden | Puesto | Denominación; 50374820 | Servicio común de tramitación.,50374846 (1 plazas),reextracción de la columna Denominación,CODIGO_DE_PUESTO,NO,https://www.boe.es/diario_boe/txt.php?id=BOE-A-2025-22549
101566,PUESTO_NUMERICO,BOE-A-2025-22549,HTML oficial revisado (líneas de tabla): N.º orden | Puesto | Denominación; 50374820 | Servicio común de tramitación.,50374847 (1 plazas),reextracción de la columna Denominación,CODIGO_DE_PUESTO,NO,https://www.boe.es/diario_boe/txt.php?id=BOE-A-2025-22549
101567,PUESTO_NUMERICO,BOE-A-2025-22549,HTML oficial revisado (líneas de tabla): N.º orden | Puesto | Denominación; 50374820 | Servicio común de tramitación.,50374878 (1 plazas),reextracción de la columna Denominación,CODIGO_DE_PUESTO,NO,https://www.boe.es/diario_boe/txt.php?id=BOE-A-2025-22549
101568,PUESTO_NUMERICO,BOE-A-2025-22549,HTML oficial revisado (líneas de tabla): N.º orden | Puesto | Denominación; 50374820 | Servicio común de tramitación.,50374851 (1 plazas),reextracción de la columna Denominación,CODIGO_DE_PUESTO,NO,https://www.boe.es/diario_boe/txt.php?id=BOE-A-2025-22549
101569,PUESTO_NUMERICO,BOE-A-2025-22549,HTML oficial revisado (líneas de tabla): N.º orden | Puesto | Denominación; 50374820 | Servicio común de tramitación.,50374892 (1 plazas),reextracción de la columna Denominación,CODIGO_DE_PUESTO,NO,https://www.boe.es/diario_boe/txt.php?id=BOE-A-2025-22549
101570,PUESTO_NUMERICO,BOE-A-2025-22549,HTML oficial revisado (líneas de tabla): N.º orden | Puesto | Denominación; 50374820 | Servicio común de tramitación.,50374893 (1 plazas),reextracción de la columna Denominación,CODIGO_DE_PUESTO,NO,https://www.boe.es/diario_boe/txt.php?id=BOE-A-2025-22549
101571,PUESTO_NUMERICO,BOE-A-2025-22549,HTML oficial revisado (líneas de tabla): N.º orden | Puesto | Denominación; 50374820 | Servicio común de tramitación.,50374896 (1 plazas),reextracción de la columna Denominación,CODIGO_DE_PUESTO,NO,https://www.boe.es/diario_boe/txt.php?id=BOE-A-2025-22549
101572,PUESTO_NUMERICO,BOE-A-2025-22549,HTML oficial revisado (líneas de tabla): N.º orden | Puesto | Denominación; 50374820 | Servicio común de tramitación.,50374932 (1 plazas),reextracción de la columna Denominación,CODIGO_DE_PUESTO,NO,https://www.boe.es/diario_boe/txt.php?id=BOE-A-2025-22549
101573,PUESTO_NUMERICO,BOE-A-2025-22549,HTML oficial revisado (líneas de tabla): N.º orden | Puesto | Denominación; 50374820 | Servicio común de tramitación.,50374934 (1 plazas),reextracción de la columna Denominación,CODIGO_DE_PUESTO,NO,https://www.boe.es/diario_boe/txt.php?id=BOE-A-2025-22549
101574,PUESTO_NUMERICO,BOE-A-2025-22549,HTML oficial revisado (líneas de tabla): N.º orden | Puesto | Denominación; 50374820 | Servicio común de tramitación.,50374936 (1 plazas),reextracción de la columna Denominación,CODIGO_DE_PUESTO,NO,https://www.boe.es/diario_boe/txt.php?id=BOE-A-2025-22549
101575,PUESTO_NUMERICO,BOE-A-2025-22549,HTML oficial revisado (líneas de tabla): N.º orden | Puesto | Denominación; 50374820 | Servicio común de tramitación.,50374941 (1 plazas),reextracción de la columna Denominación,CODIGO_DE_PUESTO,NO,https://www.boe.es/diario_boe/txt.php?id=BOE-A-2025-22549
101576,PUESTO_NUMERICO,BOE-A-2025-22549,HTML oficial revisado (líneas de tabla): N.º orden | Puesto | Denominación; 50374820 | Servicio común de tramitación.,50374842 (1 plazas),reextracción de la columna Denominación,CODIGO_DE_PUESTO,NO,https://www.boe.es/diario_boe/txt.php?id=BOE-A-2025-22549
101577,PUESTO_NUMERICO,BOE-A-2025-22549,HTML oficial revisado (líneas de tabla): N.º orden | Puesto | Denominación; 50374820 | Servicio común de tramitación.,50374843 (1 plazas),reextracción de la columna Denominación,CODIGO_DE_PUESTO,NO,https://www.boe.es/diario_boe/txt.php?id=BOE-A-2025-22549
101578,PUESTO_NUMERICO,BOE-A-2025-22549,HTML oficial revisado (líneas de tabla): N.º orden | Puesto | Denominación; 50374820 | Servicio común de tramitación.,50374882 (1 plazas),reextracción de la columna Denominación,CODIGO_DE_PUESTO,NO,https://www.boe.es/diario_boe/txt.php?id=BOE-A-2025-22549
103193,PUESTO_NUMERICO,BOE-A-2026-1572,HTML oficial revisado: ADMINISTRADOR/SUBDIRECTOR precede a Cuerpo 0902/0913.,0902/0913 (1 plazas),reextracción de denominación; el número es código de cuerpo/escala,OTRO_EXPLICITO,NO,https://www.boe.es/diario_boe/txt.php?id=BOE-A-2026-1572
103195,PUESTO_NUMERICO,BOE-A-2026-1572,HTML oficial revisado: ADMINISTRADOR/SUBDIRECTOR precede a Cuerpo 0902/0913.,0902 (1 plazas),reextracción de denominación; el número es código de cuerpo/escala,OTRO_EXPLICITO,NO,https://www.boe.es/diario_boe/txt.php?id=BOE-A-2026-1572
103515,PUESTO_NUMERICO,BOE-A-2026-2840,HTML oficial revisado: ADMINISTRADOR/SUBDIRECTOR precede a Cuerpo 0902/0913.,0902 (1 plazas),reextracción de denominación; el número es código de cuerpo/escala,OTRO_EXPLICITO,NO,https://www.boe.es/diario_boe/txt.php?id=BOE-A-2026-2840
103517,PUESTO_NUMERICO,BOE-A-2026-2840,HTML oficial revisado: ADMINISTRADOR/SUBDIRECTOR precede a Cuerpo 0902/0913.,0902/0913 (1 plazas),reextracción de denominación; el número es código de cuerpo/escala,OTRO_EXPLICITO,NO,https://www.boe.es/diario_boe/txt.php?id=BOE-A-2026-2840
105602,PUESTO_NUMERICO,BOE-A-2026-9631,HTML oficial revisado: GESTOR/A DE SERVICIOS precede a Cuerpo 0913/0921.,0921 (1 plazas),reextracción de denominación; el número es código de cuerpo/escala,OTRO_EXPLICITO,NO,https://www.boe.es/diario_boe/txt.php?id=BOE-A-2026-9631
105603,PUESTO_NUMERICO,BOE-A-2026-9631,HTML oficial revisado: GESTOR/A DE SERVICIOS precede a Cuerpo 0913/0921.,0913 0921 (1 plazas),reextracción de denominación; el número es código de cuerpo/escala,OTRO_EXPLICITO,NO,https://www.boe.es/diario_boe/txt.php?id=BOE-A-2026-9631
105604,PUESTO_NUMERICO,BOE-A-2026-9631,HTML oficial revisado: GESTOR/A DE SERVICIOS precede a Cuerpo 0913/0921.,0913 (1 plazas),reextracción de denominación; el número es código de cuerpo/escala,OTRO_EXPLICITO,NO,https://www.boe.es/diario_boe/txt.php?id=BOE-A-2026-9631
107314,PUESTO_NUMERICO,BOE-A-2026-14682,HTML oficial revisado: Código puesto precede a Denominación; Cuerpo 0013 no es el puesto.,0013 (1 plazas),reextracción de denominación; el número es código de cuerpo/escala,OTRO_EXPLICITO,NO,https://www.boe.es/diario_boe/txt.php?id=BOE-A-2026-14682
107885,PUESTO_NUMERICO,BOE-A-2026-16861,HTML oficial revisado: INTERVENTOR/INTERVENTORA DELEGADO JEFE DE AREA precede a Cuerpo 1603.,1603 (1 plazas),reextracción de denominación; el número es código de cuerpo/escala,OTRO_EXPLICITO,NO,https://www.boe.es/diario_boe/txt.php?id=BOE-A-2026-16861
44634,FILA_TOTAL,BOE-A-2022-16054,HTML oficial revisado,N.º total de plazas. (1532 plazas),eliminar fila agregada; componentes ya persistidos,SEGURO_FILA_NO_PUESTO,SI,https://www.boe.es/diario_boe/txt.php?id=BOE-A-2022-16054
44643,FILA_TOTAL,BOE-A-2022-16054,HTML oficial revisado,N.º total de plazas. (44 plazas),eliminar fila agregada; componentes ya persistidos,SEGURO_FILA_NO_PUESTO,SI,https://www.boe.es/diario_boe/txt.php?id=BOE-A-2022-16054
44664,FILA_TOTAL,BOE-A-2022-16054,HTML oficial revisado,N.º total de plazas. (22 plazas),eliminar fila agregada; componentes ya persistidos,SEGURO_FILA_NO_PUESTO,SI,https://www.boe.es/diario_boe/txt.php?id=BOE-A-2022-16054
44673,FILA_TOTAL,BOE-A-2022-16054,HTML oficial revisado,N.º total de plazas. (1298 plazas),eliminar fila agregada; componentes ya persistidos,SEGURO_FILA_NO_PUESTO,SI,https://www.boe.es/diario_boe/txt.php?id=BOE-A-2022-16054
44690,FILA_TOTAL,BOE-A-2022-16054,HTML oficial revisado,N.º total de plazas. (260 plazas),eliminar fila agregada; componentes ya persistidos,SEGURO_FILA_NO_PUESTO,SI,https://www.boe.es/diario_boe/txt.php?id=BOE-A-2022-16054
47715,FILA_TOTAL,BOE-A-2022-20930,HTML oficial revisado,N.º total de plazas. (183 plazas),eliminar fila agregada; componentes ya persistidos,SEGURO_FILA_NO_PUESTO,SI,https://www.boe.es/diario_boe/txt.php?id=BOE-A-2022-20930
51012,FILA_TOTAL,BOE-A-2022-22774,HTML oficial revisado,N.º total de plazas. (132 plazas),eliminar fila agregada; componentes ya persistidos,SEGURO_FILA_NO_PUESTO,SI,https://www.boe.es/diario_boe/txt.php?id=BOE-A-2022-22774
51017,FILA_TOTAL,BOE-A-2022-22774,HTML oficial revisado,N.º total de plazas. (4 plazas),eliminar fila agregada; componentes ya persistidos,SEGURO_FILA_NO_PUESTO,SI,https://www.boe.es/diario_boe/txt.php?id=BOE-A-2022-22774
51025,FILA_TOTAL,BOE-A-2022-22774,HTML oficial revisado,N.º total de plazas. (58 plazas),eliminar fila agregada; componentes ya persistidos,SEGURO_FILA_NO_PUESTO,SI,https://www.boe.es/diario_boe/txt.php?id=BOE-A-2022-22774
51055,FILA_TOTAL,BOE-A-2022-22774,HTML oficial revisado,N.º total de plazas. (1113 plazas),eliminar fila agregada; componentes ya persistidos,SEGURO_FILA_NO_PUESTO,SI,https://www.boe.es/diario_boe/txt.php?id=BOE-A-2022-22774
51060,FILA_TOTAL,BOE-A-2022-22774,HTML oficial revisado,N.º total de plazas. (9 plazas),eliminar fila agregada; componentes ya persistidos,SEGURO_FILA_NO_PUESTO,SI,https://www.boe.es/diario_boe/txt.php?id=BOE-A-2022-22774
51067,FILA_TOTAL,BOE-A-2022-22774,HTML oficial revisado,N.º total de plazas. (688 plazas),eliminar fila agregada; componentes ya persistidos,SEGURO_FILA_NO_PUESTO,SI,https://www.boe.es/diario_boe/txt.php?id=BOE-A-2022-22774
95102,FILA_TOTAL,BOE-A-2025-4444,HTML oficial revisado: la tabla de especialidades contiene etiqueta de total; el registro total 1.268 es agregado.,N.º total de plazas. (1268 plazas),eliminar fila agregada; componentes ya persistidos,SEGURO_FILA_NO_PUESTO,SI,https://www.boe.es/diario_boe/txt.php?id=BOE-A-2025-4444
4150,OTRO_CANDIDATO,BOE-A-2004-21227,"HTML oficial revisado: 'Del total de las plazas' aparece en narrativa, no como denominación profesional.",Del total de las plazas (16 plazas),eliminar; es narrativa,SEGURO_FILA_NO_PUESTO,SI,https://www.boe.es/diario_boe/txt.php?id=BOE-A-2004-21227
31809,OTRO_CANDIDATO,BOE-A-2019-7651,HTML oficial revisado: 'Del total de la convocatoria' es narrativa y el anexo contiene las plazas docentes.,Del total de la convocatoria (2 plazas),eliminar; es narrativa,SEGURO_FILA_NO_PUESTO,SI,https://www.boe.es/diario_boe/txt.php?id=BOE-A-2019-7651
34855,OTRO_CANDIDATO,BOE-A-2020-10185,HTML oficial revisado: 'Del total de la convocatoria' es narrativa y el anexo contiene las plazas docentes.,Del total de la convocatoria (6 plazas),eliminar; es narrativa,SEGURO_FILA_NO_PUESTO,SI,https://www.boe.es/diario_boe/txt.php?id=BOE-A-2020-10185
102427,OTRO_CANDIDATO,BOE-A-2025-25739,HTML oficial revisado: Técnico/a Medio de Gestión Plazas Generales es una denominación legítima (7 plazas).,Técnico/a Medio de Gestión Plazas Generales (7 plazas),conservar,PUESTO_LEGITIMO,NO,https://www.boe.es/diario_boe/txt.php?id=BOE-A-2025-25739
