id,boe,puesto_reconstruido,puesto_normalizado,estado,motivo
36474,BOE-A-2021-3957,INSPECTOR/INSPECTORA DE TRABAJO Y S.S. N27.,Inspector/Inspector DE TRABAJO Y S.S. N27.,CUBIERTO_POR_NORMALIZADOR,Inventario para auditoría semántica posterior; FASE 8 permanece cerrada
38539,BOE-A-2021-14357,ENCARGADO/ENCARGADA DE DEPARTAMENTO DE VIGIL.INTERIOR.,ENCARGADO/ENCARGADA DE DEPARTAMENTO DE VIGIL.INTERIOR.,PRE_FASE9_PENDIENTE_NORMALIZACION,Inventario para auditoría semántica posterior; FASE 8 permanece cerrada
38540,BOE-A-2021-14357,ENCARGADO/ENCARGADA DE DEPARTAMENTO DE VIGIL.INTERIOR.,ENCARGADO/ENCARGADA DE DEPARTAMENTO DE VIGIL.INTERIOR.,PRE_FASE9_PENDIENTE_NORMALIZACION,Inventario para auditoría semántica posterior; FASE 8 permanece cerrada
38541,BOE-A-2021-14357,ESPECIALISTA DE OFICINAS.,ESPECIALISTA DE OFICINAS.,PRE_FASE9_PENDIENTE_NORMALIZACION,Inventario para auditoría semántica posterior; FASE 8 permanece cerrada
38542,BOE-A-2021-14357,ENCARGADO/ENCARGADA DE DEPARTAMENTO DE VIGIL.INTERIOR.,ENCARGADO/ENCARGADA DE DEPARTAMENTO DE VIGIL.INTERIOR.,PRE_FASE9_PENDIENTE_NORMALIZACION,Inventario para auditoría semántica posterior; FASE 8 permanece cerrada
38543,BOE-A-2021-14357,ENCARGADO/ENCARGADA DE DEPARTAMENTO DE VIGIL.INTERIOR.,ENCARGADO/ENCARGADA DE DEPARTAMENTO DE VIGIL.INTERIOR.,PRE_FASE9_PENDIENTE_NORMALIZACION,Inventario para auditoría semántica posterior; FASE 8 permanece cerrada
38544,BOE-A-2021-14357,ENCARGADO/ENCARGADA DE DEPARTAMENTO DE VIGIL.INTERIOR.,ENCARGADO/ENCARGADA DE DEPARTAMENTO DE VIGIL.INTERIOR.,PRE_FASE9_PENDIENTE_NORMALIZACION,Inventario para auditoría semántica posterior; FASE 8 permanece cerrada
38545,BOE-A-2021-14357,SERVICIO INTERIOR DE VIGILANCIA.,SERVICIO INTERIOR DE VIGILANCIA.,PRE_FASE9_PENDIENTE_NORMALIZACION,Inventario para auditoría semántica posterior; FASE 8 permanece cerrada
38546,BOE-A-2021-14357,ENCARGADO/ENCARGADA DE DEPARTAMENTO DE VIGIL.INTERIOR.,ENCARGADO/ENCARGADA DE DEPARTAMENTO DE VIGIL.INTERIOR.,PRE_FASE9_PENDIENTE_NORMALIZACION,Inventario para auditoría semántica posterior; FASE 8 permanece cerrada
38547,BOE-A-2021-14357,ENCARGADO/ENCARGADA DE DEPARTAMENTO DE VIGIL.INTERIOR.,ENCARGADO/ENCARGADA DE DEPARTAMENTO DE VIGIL.INTERIOR.,PRE_FASE9_PENDIENTE_NORMALIZACION,Inventario para auditoría semántica posterior; FASE 8 permanece cerrada
38548,BOE-A-2021-14357,SERVICIO INTERIOR DE VIGILANCIA.,SERVICIO INTERIOR DE VIGILANCIA.,PRE_FASE9_PENDIENTE_NORMALIZACION,Inventario para auditoría semántica posterior; FASE 8 permanece cerrada
38549,BOE-A-2021-14357,ENCARGADO/ENCARGADA DE DEPARTAMENTO DE VIGIL.INTERIOR.,ENCARGADO/ENCARGADA DE DEPARTAMENTO DE VIGIL.INTERIOR.,PRE_FASE9_PENDIENTE_NORMALIZACION,Inventario para auditoría semántica posterior; FASE 8 permanece cerrada
38550,BOE-A-2021-14357,OFICINA GENERICO.,OFICINA GENERICO.,PRE_FASE9_PENDIENTE_NORMALIZACION,Inventario para auditoría semántica posterior; FASE 8 permanece cerrada
38551,BOE-A-2021-14357,ENCARGADO/ENCARGADA DE DEPARTAMENTO DE VIGIL.INTERIOR.,ENCARGADO/ENCARGADA DE DEPARTAMENTO DE VIGIL.INTERIOR.,PRE_FASE9_PENDIENTE_NORMALIZACION,Inventario para auditoría semántica posterior; FASE 8 permanece cerrada
38553,BOE-A-2021-14357,OFICINA GENERICO.,OFICINA GENERICO.,PRE_FASE9_PENDIENTE_NORMALIZACION,Inventario para auditoría semántica posterior; FASE 8 permanece cerrada
38554,BOE-A-2021-14357,SERVICIO INTERIOR DE VIGILANCIA DOS.,SERVICIO INTERIOR DE VIGILANCIA DOS.,PRE_FASE9_PENDIENTE_NORMALIZACION,Inventario para auditoría semántica posterior; FASE 8 permanece cerrada
38555,BOE-A-2021-14357,ENCARGADO/ENCARGADA DE DEPARTAMENTO DE VIGIL.INTERIOR.,ENCARGADO/ENCARGADA DE DEPARTAMENTO DE VIGIL.INTERIOR.,PRE_FASE9_PENDIENTE_NORMALIZACION,Inventario para auditoría semántica posterior; FASE 8 permanece cerrada
38556,BOE-A-2021-14357,ENCARGADO/ENCARGADA DE DEPARTAMENTO DE VIGIL.INTERIOR.,ENCARGADO/ENCARGADA DE DEPARTAMENTO DE VIGIL.INTERIOR.,PRE_FASE9_PENDIENTE_NORMALIZACION,Inventario para auditoría semántica posterior; FASE 8 permanece cerrada
38557,BOE-A-2021-14357,ENCARGADO/ENCARGADA DE DEPARTAMENTO DE VIGIL.INTERIOR.,ENCARGADO/ENCARGADA DE DEPARTAMENTO DE VIGIL.INTERIOR.,PRE_FASE9_PENDIENTE_NORMALIZACION,Inventario para auditoría semántica posterior; FASE 8 permanece cerrada
38558,BOE-A-2021-14357,SERVICIO INTERIOR DE VIGILANCIA DOS.,SERVICIO INTERIOR DE VIGILANCIA DOS.,PRE_FASE9_PENDIENTE_NORMALIZACION,Inventario para auditoría semántica posterior; FASE 8 permanece cerrada
38559,BOE-A-2021-14357,ENCARGADO/ENCARGADA DE DEPARTAMENTO DE VIGIL.INTERIOR.,ENCARGADO/ENCARGADA DE DEPARTAMENTO DE VIGIL.INTERIOR.,PRE_FASE9_PENDIENTE_NORMALIZACION,Inventario para auditoría semántica posterior; FASE 8 permanece cerrada
38560,BOE-A-2021-14357,SERVICIO INTERIOR DE VIGILANCIA.,SERVICIO INTERIOR DE VIGILANCIA.,PRE_FASE9_PENDIENTE_NORMALIZACION,Inventario para auditoría semántica posterior; FASE 8 permanece cerrada
38561,BOE-A-2021-14357,SERVICIO INTERIOR DE VIGILANCIA DOS.,SERVICIO INTERIOR DE VIGILANCIA DOS.,PRE_FASE9_PENDIENTE_NORMALIZACION,Inventario para auditoría semántica posterior; FASE 8 permanece cerrada
38563,BOE-A-2021-14357,ENCARGADO/ENCARGADA DE DEPARTAMENTO DE VIGIL.INTERIOR.,ENCARGADO/ENCARGADA DE DEPARTAMENTO DE VIGIL.INTERIOR.,PRE_FASE9_PENDIENTE_NORMALIZACION,Inventario para auditoría semántica posterior; FASE 8 permanece cerrada
38564,BOE-A-2021-14357,SERVICIO INTERIOR DE VIGILANCIA.,SERVICIO INTERIOR DE VIGILANCIA.,PRE_FASE9_PENDIENTE_NORMALIZACION,Inventario para auditoría semántica posterior; FASE 8 permanece cerrada
38565,BOE-A-2021-14357,SERVICIO INTERIOR DE VIGILANCIA DOS.,SERVICIO INTERIOR DE VIGILANCIA DOS.,PRE_FASE9_PENDIENTE_NORMALIZACION,Inventario para auditoría semántica posterior; FASE 8 permanece cerrada
38566,BOE-A-2021-14357,GENERICO AREA MIXTA.,GENERICO AREA MIXTA.,PRE_FASE9_PENDIENTE_NORMALIZACION,Inventario para auditoría semántica posterior; FASE 8 permanece cerrada
38567,BOE-A-2021-14357,ESPECIALISTA DE OFICINAS.,ESPECIALISTA DE OFICINAS.,PRE_FASE9_PENDIENTE_NORMALIZACION,Inventario para auditoría semántica posterior; FASE 8 permanece cerrada
38568,BOE-A-2021-14357,ENCARGADO/ENCARGADA DE DEPARTAMENTO DE VIGIL.INTERIOR.,ENCARGADO/ENCARGADA DE DEPARTAMENTO DE VIGIL.INTERIOR.,PRE_FASE9_PENDIENTE_NORMALIZACION,Inventario para auditoría semántica posterior; FASE 8 permanece cerrada
38569,BOE-A-2021-14357,SERVICIO INTERIOR DE VIGILANCIA.,SERVICIO INTERIOR DE VIGILANCIA.,PRE_FASE9_PENDIENTE_NORMALIZACION,Inventario para auditoría semántica posterior; FASE 8 permanece cerrada
38573,BOE-A-2021-14357,COORDINADOR/COORDINADORA DE SERVICIOS.,COORDINADOR/COORDINADORA DE SERVICIOS.,PRE_FASE9_PENDIENTE_NORMALIZACION,Inventario para auditoría semántica posterior; FASE 8 permanece cerrada
38574,BOE-A-2021-14357,SERVICIO INTERIOR DE VIGILANCIA DOS.,SERVICIO INTERIOR DE VIGILANCIA DOS.,PRE_FASE9_PENDIENTE_NORMALIZACION,Inventario para auditoría semántica posterior; FASE 8 permanece cerrada
38575,BOE-A-2021-14357,APOYO SERVICIO DE GEST. DE PENAS Y MEDIDAS ALTERNATIVAS.,APOYO SERVICIO DE GEST. DE PENAS Y MEDIDAS ALTERNATIVAS.,PRE_FASE9_PENDIENTE_NORMALIZACION,Inventario para auditoría semántica posterior; FASE 8 permanece cerrada
38576,BOE-A-2021-14357,OFICINA GENERICO.,OFICINA GENERICO.,PRE_FASE9_PENDIENTE_NORMALIZACION,Inventario para auditoría semántica posterior; FASE 8 permanece cerrada
38577,BOE-A-2021-14357,SERVICIO INTERIOR DE VIGILANCIA.,SERVICIO INTERIOR DE VIGILANCIA.,PRE_FASE9_PENDIENTE_NORMALIZACION,Inventario para auditoría semántica posterior; FASE 8 permanece cerrada
38578,BOE-A-2021-14357,SERVICIO INTERIOR DE VIGILANCIA DOS.,SERVICIO INTERIOR DE VIGILANCIA DOS.,PRE_FASE9_PENDIENTE_NORMALIZACION,Inventario para auditoría semántica posterior; FASE 8 permanece cerrada
38579,BOE-A-2021-14357,OFICINA GENERICO.,OFICINA GENERICO.,PRE_FASE9_PENDIENTE_NORMALIZACION,Inventario para auditoría semántica posterior; FASE 8 permanece cerrada
38580,BOE-A-2021-14357,OFICINA GENERICO.,OFICINA GENERICO.,PRE_FASE9_PENDIENTE_NORMALIZACION,Inventario para auditoría semántica posterior; FASE 8 permanece cerrada
38581,BOE-A-2021-14357,SERVICIO INTERIOR DE VIGILANCIA.,SERVICIO INTERIOR DE VIGILANCIA.,PRE_FASE9_PENDIENTE_NORMALIZACION,Inventario para auditoría semántica posterior; FASE 8 permanece cerrada
38582,BOE-A-2021-14357,SERVICIO INTERIOR DE VIGILANCIA DOS.,SERVICIO INTERIOR DE VIGILANCIA DOS.,PRE_FASE9_PENDIENTE_NORMALIZACION,Inventario para auditoría semántica posterior; FASE 8 permanece cerrada
38583,BOE-A-2021-14357,GENERICO AREA MIXTA.,GENERICO AREA MIXTA.,PRE_FASE9_PENDIENTE_NORMALIZACION,Inventario para auditoría semántica posterior; FASE 8 permanece cerrada
38584,BOE-A-2021-14357,SERVICIO INTERIOR DE VIGILANCIA.,SERVICIO INTERIOR DE VIGILANCIA.,PRE_FASE9_PENDIENTE_NORMALIZACION,Inventario para auditoría semántica posterior; FASE 8 permanece cerrada
42479,BOE-A-2022-10576,JEFE / JEFA DE SECCIÓN.,JEFE/JEFA DE SECCIÓN.,CUBIERTO_POR_NORMALIZADOR,Inventario para auditoría semántica posterior; FASE 8 permanece cerrada
42561,BOE-A-2022-10890,SUBCAJERO / SUBCAJERA.,SUBCAJERO/SUBCAJERA.,CUBIERTO_POR_NORMALIZADOR,Inventario para auditoría semántica posterior; FASE 8 permanece cerrada
42695,BOE-A-2022-11535,JURISTA.,JURISTA.,PRE_FASE9_PENDIENTE_NORMALIZACION,Inventario para auditoría semántica posterior; FASE 8 permanece cerrada
42696,BOE-A-2022-11535,PSICOLOGO/PSICOLOGA DE MEDIO ABIERTO.,Psicólogo/Psicóloga DE MEDIO ABIERTO.,CUBIERTO_POR_NORMALIZADOR,Inventario para auditoría semántica posterior; FASE 8 permanece cerrada
42697,BOE-A-2022-11535,PSICOLOGO/PSICOLOGA DE CIS.,Psicólogo/Psicóloga DE CIS.,CUBIERTO_POR_NORMALIZADOR,Inventario para auditoría semántica posterior; FASE 8 permanece cerrada
42726,BOE-A-2022-11655,JEFE/JEFA DE ÁREA DE CONTROL DE CALIDAD,JEFE/JEFA DE ÁREA DE CONTROL DE CALIDAD,PRE_FASE9_PENDIENTE_NORMALIZACION,Inventario para auditoría semántica posterior; FASE 8 permanece cerrada
45399,BOE-A-2022-17860,ABOGADO / ABOGADA DEL ESTADO.,ABOGADO/ABOGADA DEL ESTADO.,CUBIERTO_POR_NORMALIZADOR,Inventario para auditoría semántica posterior; FASE 8 permanece cerrada
48952,BOE-A-2022-21597,JEFE/JEFA DE EQUIPO INSPECCIÓN,JEFE/JEFA DE EQUIPO INSPECCIÓN,PRE_FASE9_PENDIENTE_NORMALIZACION,Inventario para auditoría semántica posterior; FASE 8 permanece cerrada
99840,BOE-A-2025-18984,ABOGADO / ABOGADA DEL ESTADO,ABOGADO/ABOGADA DEL ESTADO,CUBIERTO_POR_NORMALIZADOR,Inventario para auditoría semántica posterior; FASE 8 permanece cerrada
100776,BOE-A-2025-22543,OFICINA DE JUSTICIA DE ADRA.,OFICINA DE JUSTICIA DE ADRA.,PRE_FASE9_PENDIENTE_NORMALIZACION,Inventario para auditoría semántica posterior; FASE 8 permanece cerrada
100777,BOE-A-2025-22543,OFICINA DE JUSTICIA DE ALBOX.,OFICINA DE JUSTICIA DE ALBOX.,PRE_FASE9_PENDIENTE_NORMALIZACION,Inventario para auditoría semántica posterior; FASE 8 permanece cerrada
100778,BOE-A-2025-22543,OFICINA GENERAL DEL REGISTRO CIVIL DE BERJA.,OFICINA GENERAL DEL REGISTRO CIVIL DE BERJA.,PRE_FASE9_PENDIENTE_NORMALIZACION,Inventario para auditoría semántica posterior; FASE 8 permanece cerrada
100779,BOE-A-2025-22543,OFICINA DE JUSTICIA DE CUEVAS DE ALMANZORA.,OFICINA DE JUSTICIA DE CUEVAS DE ALMANZORA.,PRE_FASE9_PENDIENTE_NORMALIZACION,Inventario para auditoría semántica posterior; FASE 8 permanece cerrada
100780,BOE-A-2025-22543,SERVICIO COMÚN DE TRAMITACIÓN.,SERVICIO COMÚN DE TRAMITACIÓN.,PRE_FASE9_PENDIENTE_NORMALIZACION,Inventario para auditoría semántica posterior; FASE 8 permanece cerrada
100781,BOE-A-2025-22543,SERVICIO COMÚN DE TRAMITACIÓN.,SERVICIO COMÚN DE TRAMITACIÓN.,PRE_FASE9_PENDIENTE_NORMALIZACION,Inventario para auditoría semántica posterior; FASE 8 permanece cerrada
100782,BOE-A-2025-22543,SERVICIO COMÚN DE TRAMITACIÓN.,SERVICIO COMÚN DE TRAMITACIÓN.,PRE_FASE9_PENDIENTE_NORMALIZACION,Inventario para auditoría semántica posterior; FASE 8 permanece cerrada
100783,BOE-A-2025-22543,SERVICIO COMÚN DE TRAMITACIÓN.,SERVICIO COMÚN DE TRAMITACIÓN.,PRE_FASE9_PENDIENTE_NORMALIZACION,Inventario para auditoría semántica posterior; FASE 8 permanece cerrada
100784,BOE-A-2025-22543,SERVICIO COMÚN GENERAL.,SERVICIO COMÚN GENERAL.,PRE_FASE9_PENDIENTE_NORMALIZACION,Inventario para auditoría semántica posterior; FASE 8 permanece cerrada
100785,BOE-A-2025-22543,SERVICIO COMÚN DE EJECUCIÓN.,SERVICIO COMÚN DE EJECUCIÓN.,PRE_FASE9_PENDIENTE_NORMALIZACION,Inventario para auditoría semántica posterior; FASE 8 permanece cerrada
100786,BOE-A-2025-22543,SERVICIO COMÚN DE EJECUCIÓN.,SERVICIO COMÚN DE EJECUCIÓN.,PRE_FASE9_PENDIENTE_NORMALIZACION,Inventario para auditoría semántica posterior; FASE 8 permanece cerrada
100787,BOE-A-2025-22543,OFICINA GENERAL DEL REGISTRO CIVIL DE EL EJIDO.,OFICINA GENERAL DEL REGISTRO CIVIL DE EL EJIDO.,PRE_FASE9_PENDIENTE_NORMALIZACION,Inventario para auditoría semántica posterior; FASE 8 permanece cerrada
100788,BOE-A-2025-22543,OFICINA DE JUSTICIA DE GARRUCHA.,OFICINA DE JUSTICIA DE GARRUCHA.,PRE_FASE9_PENDIENTE_NORMALIZACION,Inventario para auditoría semántica posterior; FASE 8 permanece cerrada
100789,BOE-A-2025-22543,SERVICIO COMÚN DE TRAMITACIÓN.,SERVICIO COMÚN DE TRAMITACIÓN.,PRE_FASE9_PENDIENTE_NORMALIZACION,Inventario para auditoría semántica posterior; FASE 8 permanece cerrada
100790,BOE-A-2025-22543,SERVICIO COMÚN DE TRAMITACIÓN.,SERVICIO COMÚN DE TRAMITACIÓN.,PRE_FASE9_PENDIENTE_NORMALIZACION,Inventario para auditoría semántica posterior; FASE 8 permanece cerrada
100791,BOE-A-2025-22543,SERVICIO COMÚN DE TRAMITACIÓN.,SERVICIO COMÚN DE TRAMITACIÓN.,PRE_FASE9_PENDIENTE_NORMALIZACION,Inventario para auditoría semántica posterior; FASE 8 permanece cerrada
100792,BOE-A-2025-22543,OFICINA DE JUSTICIA DE PULPI.,OFICINA DE JUSTICIA DE PULPI.,PRE_FASE9_PENDIENTE_NORMALIZACION,Inventario para auditoría semántica posterior; FASE 8 permanece cerrada
100793,BOE-A-2025-22543,SERVICIO COMÚN DE TRAMITACIÓN.,SERVICIO COMÚN DE TRAMITACIÓN.,PRE_FASE9_PENDIENTE_NORMALIZACION,Inventario para auditoría semántica posterior; FASE 8 permanece cerrada
100794,BOE-A-2025-22543,OFICINA GENERAL DEL REGISTRO CIVIL DE PURCHENA.,OFICINA GENERAL DEL REGISTRO CIVIL DE PURCHENA.,PRE_FASE9_PENDIENTE_NORMALIZACION,Inventario para auditoría semántica posterior; FASE 8 permanece cerrada
100795,BOE-A-2025-22543,SERVICIO COMÚN DE TRAMITACIÓN.,SERVICIO COMÚN DE TRAMITACIÓN.,PRE_FASE9_PENDIENTE_NORMALIZACION,Inventario para auditoría semántica posterior; FASE 8 permanece cerrada
100796,BOE-A-2025-22543,SERVICIO COMÚN GENERAL.,SERVICIO COMÚN GENERAL.,PRE_FASE9_PENDIENTE_NORMALIZACION,Inventario para auditoría semántica posterior; FASE 8 permanece cerrada
100797,BOE-A-2025-22543,OFICINA GENERAL DEL REGISTRO CIVIL DE ROQUETAS DE MAR.,OFICINA GENERAL DEL REGISTRO CIVIL DE ROQUETAS DE MAR.,PRE_FASE9_PENDIENTE_NORMALIZACION,Inventario para auditoría semántica posterior; FASE 8 permanece cerrada
100798,BOE-A-2025-22543,SERVICIO COMÚN DE TRAMITACIÓN.,SERVICIO COMÚN DE TRAMITACIÓN.,PRE_FASE9_PENDIENTE_NORMALIZACION,Inventario para auditoría semántica posterior; FASE 8 permanece cerrada
100799,BOE-A-2025-22543,SERVICIO COMÚN DE TRAMITACIÓN.,SERVICIO COMÚN DE TRAMITACIÓN.,PRE_FASE9_PENDIENTE_NORMALIZACION,Inventario para auditoría semántica posterior; FASE 8 permanece cerrada
100800,BOE-A-2025-22543,SERVICIO COMÚN DE TRAMITACIÓN.,SERVICIO COMÚN DE TRAMITACIÓN.,PRE_FASE9_PENDIENTE_NORMALIZACION,Inventario para auditoría semántica posterior; FASE 8 permanece cerrada
100801,BOE-A-2025-22543,SERVICIO COMÚN DE TRAMITACIÓN.,SERVICIO COMÚN DE TRAMITACIÓN.,PRE_FASE9_PENDIENTE_NORMALIZACION,Inventario para auditoría semántica posterior; FASE 8 permanece cerrada
100802,BOE-A-2025-22543,SERVICIO COMÚN DE TRAMITACIÓN.,SERVICIO COMÚN DE TRAMITACIÓN.,PRE_FASE9_PENDIENTE_NORMALIZACION,Inventario para auditoría semántica posterior; FASE 8 permanece cerrada
100803,BOE-A-2025-22543,SERVICIO COMÚN DE TRAMITACIÓN.,SERVICIO COMÚN DE TRAMITACIÓN.,PRE_FASE9_PENDIENTE_NORMALIZACION,Inventario para auditoría semántica posterior; FASE 8 permanece cerrada
100804,BOE-A-2025-22543,OFICINA GENERAL DEL REGISTRO CIVIL DE VERA.,OFICINA GENERAL DEL REGISTRO CIVIL DE VERA.,PRE_FASE9_PENDIENTE_NORMALIZACION,Inventario para auditoría semántica posterior; FASE 8 permanece cerrada
100805,BOE-A-2025-22543,OFICINA GENERAL DEL REGISTRO CIVIL DE VELEZ-RUBIO.,OFICINA GENERAL DEL REGISTRO CIVIL DE VELEZ-RUBIO.,PRE_FASE9_PENDIENTE_NORMALIZACION,Inventario para auditoría semántica posterior; FASE 8 permanece cerrada
100806,BOE-A-2025-22543,SERVICIO COMÚN DE TRAMITACIÓN.,SERVICIO COMÚN DE TRAMITACIÓN.,PRE_FASE9_PENDIENTE_NORMALIZACION,Inventario para auditoría semántica posterior; FASE 8 permanece cerrada
100807,BOE-A-2025-22543,OFICINA GENERAL DEL REGISTRO CIVIL DE ARCOS DE LA FRONTERA.,OFICINA GENERAL DEL REGISTRO CIVIL DE ARCOS DE LA FRONTERA.,PRE_FASE9_PENDIENTE_NORMALIZACION,Inventario para auditoría semántica posterior; FASE 8 permanece cerrada
100808,BOE-A-2025-22543,SERVICIO COMÚN DE TRAMITACIÓN.,SERVICIO COMÚN DE TRAMITACIÓN.,PRE_FASE9_PENDIENTE_NORMALIZACION,Inventario para auditoría semántica posterior; FASE 8 permanece cerrada
100809,BOE-A-2025-22543,OFICINA GENERAL DEL REGISTRO CIVIL DE BARBATE.,OFICINA GENERAL DEL REGISTRO CIVIL DE BARBATE.,PRE_FASE9_PENDIENTE_NORMALIZACION,Inventario para auditoría semántica posterior; FASE 8 permanece cerrada
100810,BOE-A-2025-22543,OFICINA DE JUSTICIA DE BENALUP-CASAS VIEJAS.,OFICINA DE JUSTICIA DE BENALUP-CASAS VIEJAS.,PRE_FASE9_PENDIENTE_NORMALIZACION,Inventario para auditoría semántica posterior; FASE 8 permanece cerrada
100811,BOE-A-2025-22543,OFICINA DE JUSTICIA DE BORNOS.,OFICINA DE JUSTICIA DE BORNOS.,PRE_FASE9_PENDIENTE_NORMALIZACION,Inventario para auditoría semántica posterior; FASE 8 permanece cerrada
100812,BOE-A-2025-22543,SERVICIO COMÚN GENERAL.,SERVICIO COMÚN GENERAL.,PRE_FASE9_PENDIENTE_NORMALIZACION,Inventario para auditoría semántica posterior; FASE 8 permanece cerrada
100813,BOE-A-2025-22543,OFICINA DE JUSTICIA DE CONIL.,OFICINA DE JUSTICIA DE CONIL.,PRE_FASE9_PENDIENTE_NORMALIZACION,Inventario para auditoría semántica posterior; FASE 8 permanece cerrada
100814,BOE-A-2025-22543,OFICINA DE JUSTICIA DE JIMENEA DE LA FRONTERA.,OFICINA DE JUSTICIA DE JIMENEA DE LA FRONTERA.,PRE_FASE9_PENDIENTE_NORMALIZACION,Inventario para auditoría semántica posterior; FASE 8 permanece cerrada
100815,BOE-A-2025-22543,SERVICIO COMÚN DE TRAMITACIÓN.,SERVICIO COMÚN DE TRAMITACIÓN.,PRE_FASE9_PENDIENTE_NORMALIZACION,Inventario para auditoría semántica posterior; FASE 8 permanece cerrada
100816,BOE-A-2025-22543,SERVICIO COMÚN DE TRAMITACIÓN.,SERVICIO COMÚN DE TRAMITACIÓN.,PRE_FASE9_PENDIENTE_NORMALIZACION,Inventario para auditoría semántica posterior; FASE 8 permanece cerrada
100817,BOE-A-2025-22543,SERVICIO COMÚN DE TRAMITACIÓN.,SERVICIO COMÚN DE TRAMITACIÓN.,PRE_FASE9_PENDIENTE_NORMALIZACION,Inventario para auditoría semántica posterior; FASE 8 permanece cerrada
100818,BOE-A-2025-22543,SERVICIO COMÚN DE TRAMITACIÓN.,SERVICIO COMÚN DE TRAMITACIÓN.,PRE_FASE9_PENDIENTE_NORMALIZACION,Inventario para auditoría semántica posterior; FASE 8 permanece cerrada
100819,BOE-A-2025-22543,SERVICIO COMÚN DE TRAMITACIÓN.,SERVICIO COMÚN DE TRAMITACIÓN.,PRE_FASE9_PENDIENTE_NORMALIZACION,Inventario para auditoría semántica posterior; FASE 8 permanece cerrada
100820,BOE-A-2025-22543,SERVICIO COMÚN DE TRAMITACIÓN.,SERVICIO COMÚN DE TRAMITACIÓN.,PRE_FASE9_PENDIENTE_NORMALIZACION,Inventario para auditoría semántica posterior; FASE 8 permanece cerrada
100821,BOE-A-2025-22543,OFICINA GENERAL DEL REGISTRO CIVIL DE LA LINEA DE LA CONCEPCION.,OFICINA GENERAL DEL REGISTRO CIVIL DE LA LINEA DE LA CONCEPCION.,PRE_FASE9_PENDIENTE_NORMALIZACION,Inventario para auditoría semántica posterior; FASE 8 permanece cerrada
100822,BOE-A-2025-22543,OFICINA GENERAL DEL REGISTRO CIVIL DE LA LINEA DE LA CONCEPCION.,OFICINA GENERAL DEL REGISTRO CIVIL DE LA LINEA DE LA CONCEPCION.,PRE_FASE9_PENDIENTE_NORMALIZACION,Inventario para auditoría semántica posterior; FASE 8 permanece cerrada
100823,BOE-A-2025-22543,OFICINA DE JUSTICIA DE OLVERA.,OFICINA DE JUSTICIA DE OLVERA.,PRE_FASE9_PENDIENTE_NORMALIZACION,Inventario para auditoría semántica posterior; FASE 8 permanece cerrada
100824,BOE-A-2025-22543,SERVICIO COMÚN DE TRAMITACIÓN.,SERVICIO COMÚN DE TRAMITACIÓN.,PRE_FASE9_PENDIENTE_NORMALIZACION,Inventario para auditoría semántica posterior; FASE 8 permanece cerrada
100825,BOE-A-2025-22543,SERVICIO COMÚN DE TRAMITACIÓN.,SERVICIO COMÚN DE TRAMITACIÓN.,PRE_FASE9_PENDIENTE_NORMALIZACION,Inventario para auditoría semántica posterior; FASE 8 permanece cerrada
100826,BOE-A-2025-22543,SERVICIO COMÚN DE TRAMITACIÓN.,SERVICIO COMÚN DE TRAMITACIÓN.,PRE_FASE9_PENDIENTE_NORMALIZACION,Inventario para auditoría semántica posterior; FASE 8 permanece cerrada
100827,BOE-A-2025-22543,SERVICIO COMÚN DE TRAMITACIÓN.,SERVICIO COMÚN DE TRAMITACIÓN.,PRE_FASE9_PENDIENTE_NORMALIZACION,Inventario para auditoría semántica posterior; FASE 8 permanece cerrada
100828,BOE-A-2025-22543,SERVICIO COMÚN DE TRAMITACIÓN.,SERVICIO COMÚN DE TRAMITACIÓN.,PRE_FASE9_PENDIENTE_NORMALIZACION,Inventario para auditoría semántica posterior; FASE 8 permanece cerrada
100829,BOE-A-2025-22543,OFICINA GENERAL DEL REGISTRO CIVIL DE SAN FERNANDO.,OFICINA GENERAL DEL REGISTRO CIVIL DE SAN FERNANDO.,PRE_FASE9_PENDIENTE_NORMALIZACION,Inventario para auditoría semántica posterior; FASE 8 permanece cerrada
100830,BOE-A-2025-22543,SERVICIO COMÚN DE TRAMITACIÓN.,SERVICIO COMÚN DE TRAMITACIÓN.,PRE_FASE9_PENDIENTE_NORMALIZACION,Inventario para auditoría semántica posterior; FASE 8 permanece cerrada
100831,BOE-A-2025-22543,SERVICIO COMÚN DE TRAMITACIÓN.,SERVICIO COMÚN DE TRAMITACIÓN.,PRE_FASE9_PENDIENTE_NORMALIZACION,Inventario para auditoría semántica posterior; FASE 8 permanece cerrada
100832,BOE-A-2025-22543,OFICINA GENERAL DEL REGISTRO CIVIL DE SAN ROQUE.,OFICINA GENERAL DEL REGISTRO CIVIL DE SAN ROQUE.,PRE_FASE9_PENDIENTE_NORMALIZACION,Inventario para auditoría semántica posterior; FASE 8 permanece cerrada
100833,BOE-A-2025-22543,SERVICIO COMÚN DE TRAMITACIÓN.,SERVICIO COMÚN DE TRAMITACIÓN.,PRE_FASE9_PENDIENTE_NORMALIZACION,Inventario para auditoría semántica posterior; FASE 8 permanece cerrada
100834,BOE-A-2025-22543,SERVICIO COMÚN DE TRAMITACIÓN.,SERVICIO COMÚN DE TRAMITACIÓN.,PRE_FASE9_PENDIENTE_NORMALIZACION,Inventario para auditoría semántica posterior; FASE 8 permanece cerrada
100835,BOE-A-2025-22543,SERVICIO COMÚN DE TRAMITACIÓN.,SERVICIO COMÚN DE TRAMITACIÓN.,PRE_FASE9_PENDIENTE_NORMALIZACION,Inventario para auditoría semántica posterior; FASE 8 permanece cerrada
100836,BOE-A-2025-22543,SERVICIO COMÚN DE TRAMITACIÓN.,SERVICIO COMÚN DE TRAMITACIÓN.,PRE_FASE9_PENDIENTE_NORMALIZACION,Inventario para auditoría semántica posterior; FASE 8 permanece cerrada
100837,BOE-A-2025-22543,OFICINA GENERAL DEL REGISTRO CIVIL.,OFICINA GENERAL DEL REGISTRO CIVIL.,PRE_FASE9_PENDIENTE_NORMALIZACION,Inventario para auditoría semántica posterior; FASE 8 permanece cerrada
100838,BOE-A-2025-22543,OFICINA DE JUSTICIA DE VEJER DE LA FRONTERA.,OFICINA DE JUSTICIA DE VEJER DE LA FRONTERA.,PRE_FASE9_PENDIENTE_NORMALIZACION,Inventario para auditoría semántica posterior; FASE 8 permanece cerrada
100839,BOE-A-2025-22543,OFICINA DE JUSTICIA DE ALMODOVAR DEL RIO.,OFICINA DE JUSTICIA DE ALMODOVAR DEL RIO.,PRE_FASE9_PENDIENTE_NORMALIZACION,Inventario para auditoría semántica posterior; FASE 8 permanece cerrada
100840,BOE-A-2025-22543,OFICINA GENERAL DEL REGISTRO CIVIL DE BAENA.,OFICINA GENERAL DEL REGISTRO CIVIL DE BAENA.,PRE_FASE9_PENDIENTE_NORMALIZACION,Inventario para auditoría semántica posterior; FASE 8 permanece cerrada
100841,BOE-A-2025-22543,OFICINA DE JUSTICIA DE BUJALANCE.,OFICINA DE JUSTICIA DE BUJALANCE.,PRE_FASE9_PENDIENTE_NORMALIZACION,Inventario para auditoría semántica posterior; FASE 8 permanece cerrada
100842,BOE-A-2025-22543,SERVICIO COMÚN DE TRAMITACIÓN.,SERVICIO COMÚN DE TRAMITACIÓN.,PRE_FASE9_PENDIENTE_NORMALIZACION,Inventario para auditoría semántica posterior; FASE 8 permanece cerrada
100843,BOE-A-2025-22543,SERVICIO COMÚN DE TRAMITACIÓN.,SERVICIO COMÚN DE TRAMITACIÓN.,PRE_FASE9_PENDIENTE_NORMALIZACION,Inventario para auditoría semántica posterior; FASE 8 permanece cerrada
100844,BOE-A-2025-22543,SERVICIO COMÚN DE TRAMITACIÓN.,SERVICIO COMÚN DE TRAMITACIÓN.,PRE_FASE9_PENDIENTE_NORMALIZACION,Inventario para auditoría semántica posterior; FASE 8 permanece cerrada
100845,BOE-A-2025-22543,SERVICIO COMÚN DE TRAMITACIÓN.,SERVICIO COMÚN DE TRAMITACIÓN.,PRE_FASE9_PENDIENTE_NORMALIZACION,Inventario para auditoría semántica posterior; FASE 8 permanece cerrada
100846,BOE-A-2025-22543,SERVICIO COMÚN DE TRAMITACIÓN.,SERVICIO COMÚN DE TRAMITACIÓN.,PRE_FASE9_PENDIENTE_NORMALIZACION,Inventario para auditoría semántica posterior; FASE 8 permanece cerrada
100847,BOE-A-2025-22543,SERVICIO COMÚN DE TRAMITACIÓN.,SERVICIO COMÚN DE TRAMITACIÓN.,PRE_FASE9_PENDIENTE_NORMALIZACION,Inventario para auditoría semántica posterior; FASE 8 permanece cerrada
100848,BOE-A-2025-22543,SERVICIO COMÚN DE TRAMITACIÓN.,SERVICIO COMÚN DE TRAMITACIÓN.,PRE_FASE9_PENDIENTE_NORMALIZACION,Inventario para auditoría semántica posterior; FASE 8 permanece cerrada
100849,BOE-A-2025-22543,OFICINA GENERAL DEL REGISTRO CIVIL DE MONTILLA.,OFICINA GENERAL DEL REGISTRO CIVIL DE MONTILLA.,PRE_FASE9_PENDIENTE_NORMALIZACION,Inventario para auditoría semántica posterior; FASE 8 permanece cerrada
100850,BOE-A-2025-22543,SERVICIO COMÚN DE TRAMITACIÓN.,SERVICIO COMÚN DE TRAMITACIÓN.,PRE_FASE9_PENDIENTE_NORMALIZACION,Inventario para auditoría semántica posterior; FASE 8 permanece cerrada
100851,BOE-A-2025-22543,OFICINA GENERAL DEL REGISTRO CIVIL DE MONTORO.,OFICINA GENERAL DEL REGISTRO CIVIL DE MONTORO.,PRE_FASE9_PENDIENTE_NORMALIZACION,Inventario para auditoría semántica posterior; FASE 8 permanece cerrada
100852,BOE-A-2025-22543,OFICINA DE JUSTICIA DE PALMA DEL RIO.,OFICINA DE JUSTICIA DE PALMA DEL RIO.,PRE_FASE9_PENDIENTE_NORMALIZACION,Inventario para auditoría semántica posterior; FASE 8 permanece cerrada
100853,BOE-A-2025-22543,SERVICIO COMÚN DE TRAMITACIÓN.,SERVICIO COMÚN DE TRAMITACIÓN.,PRE_FASE9_PENDIENTE_NORMALIZACION,Inventario para auditoría semántica posterior; FASE 8 permanece cerrada
100854,BOE-A-2025-22543,OFICINA GENERAL DEL REGISTRO CIVIL DE PEÑARROYA-PUEBLONUEVO.,OFICINA GENERAL DEL REGISTRO CIVIL DE PEÑARROYA-PUEBLONUEVO.,PRE_FASE9_PENDIENTE_NORMALIZACION,Inventario para auditoría semántica posterior; FASE 8 permanece cerrada
100855,BOE-A-2025-22543,SERVICIO COMÚN DE TRAMITACIÓN.,SERVICIO COMÚN DE TRAMITACIÓN.,PRE_FASE9_PENDIENTE_NORMALIZACION,Inventario para auditoría semántica posterior; FASE 8 permanece cerrada
100856,BOE-A-2025-22543,SERVICIO COMÚN DE TRAMITACIÓN.,SERVICIO COMÚN DE TRAMITACIÓN.,PRE_FASE9_PENDIENTE_NORMALIZACION,Inventario para auditoría semántica posterior; FASE 8 permanece cerrada
100857,BOE-A-2025-22543,SERVICIO COMÚN DE TRAMITACIÓN.,SERVICIO COMÚN DE TRAMITACIÓN.,PRE_FASE9_PENDIENTE_NORMALIZACION,Inventario para auditoría semántica posterior; FASE 8 permanece cerrada
100858,BOE-A-2025-22543,OFICINA DE JUSTICIA DE VILLANUEVA DE CORDOBA.,OFICINA DE JUSTICIA DE VILLANUEVA DE CORDOBA.,PRE_FASE9_PENDIENTE_NORMALIZACION,Inventario para auditoría semántica posterior; FASE 8 permanece cerrada
100859,BOE-A-2025-22543,SERVICIO COMÚN DE TRAMITACIÓN.,SERVICIO COMÚN DE TRAMITACIÓN.,PRE_FASE9_PENDIENTE_NORMALIZACION,Inventario para auditoría semántica posterior; FASE 8 permanece cerrada
100860,BOE-A-2025-22543,SERVICIO COMÚN DE TRAMITACIÓN.,SERVICIO COMÚN DE TRAMITACIÓN.,PRE_FASE9_PENDIENTE_NORMALIZACION,Inventario para auditoría semántica posterior; FASE 8 permanece cerrada
100861,BOE-A-2025-22543,SERVICIO COMÚN DE TRAMITACIÓN.,SERVICIO COMÚN DE TRAMITACIÓN.,PRE_FASE9_PENDIENTE_NORMALIZACION,Inventario para auditoría semántica posterior; FASE 8 permanece cerrada
100862,BOE-A-2025-22543,OFICINA GENERAL DEL REGISTRO CIVIL DE GUADIX.,OFICINA GENERAL DEL REGISTRO CIVIL DE GUADIX.,PRE_FASE9_PENDIENTE_NORMALIZACION,Inventario para auditoría semántica posterior; FASE 8 permanece cerrada
100863,BOE-A-2025-22543,OFICINA GENERAL DEL REGISTRO CIVIL DE HUESCAR.,OFICINA GENERAL DEL REGISTRO CIVIL DE HUESCAR.,PRE_FASE9_PENDIENTE_NORMALIZACION,Inventario para auditoría semántica posterior; FASE 8 permanece cerrada
100864,BOE-A-2025-22543,SERVICIO COMÚN DE TRAMITACIÓN.,SERVICIO COMÚN DE TRAMITACIÓN.,PRE_FASE9_PENDIENTE_NORMALIZACION,Inventario para auditoría semántica posterior; FASE 8 permanece cerrada
100865,BOE-A-2025-22543,OFICINA GENERAL DEL REGISTRO CIVIL DE LOJA.,OFICINA GENERAL DEL REGISTRO CIVIL DE LOJA.,PRE_FASE9_PENDIENTE_NORMALIZACION,Inventario para auditoría semántica posterior; FASE 8 permanece cerrada
100866,BOE-A-2025-22543,SERVICIO COMÚN DE TRAMITACIÓN.,SERVICIO COMÚN DE TRAMITACIÓN.,PRE_FASE9_PENDIENTE_NORMALIZACION,Inventario para auditoría semántica posterior; FASE 8 permanece cerrada
100867,BOE-A-2025-22543,SERVICIO COMÚN DE TRAMITACIÓN.,SERVICIO COMÚN DE TRAMITACIÓN.,PRE_FASE9_PENDIENTE_NORMALIZACION,Inventario para auditoría semántica posterior; FASE 8 permanece cerrada
100868,BOE-A-2025-22543,SERVICIO COMÚN DE TRAMITACIÓN.,SERVICIO COMÚN DE TRAMITACIÓN.,PRE_FASE9_PENDIENTE_NORMALIZACION,Inventario para auditoría semántica posterior; FASE 8 permanece cerrada
100869,BOE-A-2025-22543,SERVICIO COMÚN DE TRAMITACIÓN.,SERVICIO COMÚN DE TRAMITACIÓN.,PRE_FASE9_PENDIENTE_NORMALIZACION,Inventario para auditoría semántica posterior; FASE 8 permanece cerrada
100870,BOE-A-2025-22543,OFICINA GENERAL DEL REGISTRO CIVIL DE SANTA FE.,OFICINA GENERAL DEL REGISTRO CIVIL DE SANTA FE.,PRE_FASE9_PENDIENTE_NORMALIZACION,Inventario para auditoría semántica posterior; FASE 8 permanece cerrada
100871,BOE-A-2025-22543,OFICINA DE JUSTICIA DE ILLORA.,OFICINA DE JUSTICIA DE ILLORA.,PRE_FASE9_PENDIENTE_NORMALIZACION,Inventario para auditoría semántica posterior; FASE 8 permanece cerrada
100872,BOE-A-2025-22543,OFICINA DE JUSTICIA DE ILLORA.,OFICINA DE JUSTICIA DE ILLORA.,PRE_FASE9_PENDIENTE_NORMALIZACION,Inventario para auditoría semántica posterior; FASE 8 permanece cerrada
100873,BOE-A-2025-22543,SERVICIO COMÚN DE TRAMITACIÓN.,SERVICIO COMÚN DE TRAMITACIÓN.,PRE_FASE9_PENDIENTE_NORMALIZACION,Inventario para auditoría semántica posterior; FASE 8 permanece cerrada
100874,BOE-A-2025-22543,SERVICIO COMÚN DE TRAMITACIÓN.,SERVICIO COMÚN DE TRAMITACIÓN.,PRE_FASE9_PENDIENTE_NORMALIZACION,Inventario para auditoría semántica posterior; FASE 8 permanece cerrada
100875,BOE-A-2025-22543,OFICINA GENERAL DEL REGISTRO CIVIL DE ORGIVA.,OFICINA GENERAL DEL REGISTRO CIVIL DE ORGIVA.,PRE_FASE9_PENDIENTE_NORMALIZACION,Inventario para auditoría semántica posterior; FASE 8 permanece cerrada
100876,BOE-A-2025-22543,OFICINA DE JUSTICIA DE ALMONTE.,OFICINA DE JUSTICIA DE ALMONTE.,PRE_FASE9_PENDIENTE_NORMALIZACION,Inventario para auditoría semántica posterior; FASE 8 permanece cerrada
100877,BOE-A-2025-22543,SERVICIO COMÚN DE TRAMITACIÓN.,SERVICIO COMÚN DE TRAMITACIÓN.,PRE_FASE9_PENDIENTE_NORMALIZACION,Inventario para auditoría semántica posterior; FASE 8 permanece cerrada
100878,BOE-A-2025-22543,SERVICIO COMÚN DE TRAMITACIÓN.,SERVICIO COMÚN DE TRAMITACIÓN.,PRE_FASE9_PENDIENTE_NORMALIZACION,Inventario para auditoría semántica posterior; FASE 8 permanece cerrada
100879,BOE-A-2025-22543,OFICINA GENERAL DEL REGISTRO CIVIL DE ARACENA.,OFICINA GENERAL DEL REGISTRO CIVIL DE ARACENA.,PRE_FASE9_PENDIENTE_NORMALIZACION,Inventario para auditoría semántica posterior; FASE 8 permanece cerrada
100880,BOE-A-2025-22543,SERVICIO COMÚN DE TRAMITACIÓN.,SERVICIO COMÚN DE TRAMITACIÓN.,PRE_FASE9_PENDIENTE_NORMALIZACION,Inventario para auditoría semántica posterior; FASE 8 permanece cerrada
100881,BOE-A-2025-22543,SERVICIO COMÚN DE TRAMITACIÓN.,SERVICIO COMÚN DE TRAMITACIÓN.,PRE_FASE9_PENDIENTE_NORMALIZACION,Inventario para auditoría semántica posterior; FASE 8 permanece cerrada
100882,BOE-A-2025-22543,SERVICIO COMÚN DE TRAMITACIÓN.,SERVICIO COMÚN DE TRAMITACIÓN.,PRE_FASE9_PENDIENTE_NORMALIZACION,Inventario para auditoría semántica posterior; FASE 8 permanece cerrada
100883,BOE-A-2025-22543,SERVICIO COMÚN DE TRAMITACIÓN.,SERVICIO COMÚN DE TRAMITACIÓN.,PRE_FASE9_PENDIENTE_NORMALIZACION,Inventario para auditoría semántica posterior; FASE 8 permanece cerrada
100884,BOE-A-2025-22543,SERVICIO COMÚN DE TRAMITACIÓN.,SERVICIO COMÚN DE TRAMITACIÓN.,PRE_FASE9_PENDIENTE_NORMALIZACION,Inventario para auditoría semántica posterior; FASE 8 permanece cerrada
100885,BOE-A-2025-22543,SERVICIO COMÚN DE TRAMITACIÓN.,SERVICIO COMÚN DE TRAMITACIÓN.,PRE_FASE9_PENDIENTE_NORMALIZACION,Inventario para auditoría semántica posterior; FASE 8 permanece cerrada
100886,BOE-A-2025-22543,SERVICIO COMÚN DE TRAMITACIÓN.,SERVICIO COMÚN DE TRAMITACIÓN.,PRE_FASE9_PENDIENTE_NORMALIZACION,Inventario para auditoría semántica posterior; FASE 8 permanece cerrada
100887,BOE-A-2025-22543,SERVICIO COMÚN GENERAL.,SERVICIO COMÚN GENERAL.,PRE_FASE9_PENDIENTE_NORMALIZACION,Inventario para auditoría semántica posterior; FASE 8 permanece cerrada
100888,BOE-A-2025-22543,SERVICIO COMÚN DE EJECUCIÓN.,SERVICIO COMÚN DE EJECUCIÓN.,PRE_FASE9_PENDIENTE_NORMALIZACION,Inventario para auditoría semántica posterior; FASE 8 permanece cerrada
100889,BOE-A-2025-22543,OFICINA GENERAL DEL REGISTRO CIVIL DE AYAMONTE.,OFICINA GENERAL DEL REGISTRO CIVIL DE AYAMONTE.,PRE_FASE9_PENDIENTE_NORMALIZACION,Inventario para auditoría semántica posterior; FASE 8 permanece cerrada
100890,BOE-A-2025-22543,OFICINA DE JUSTICIA DE BOLLULLOS PAR DEL CONDADO.,OFICINA DE JUSTICIA DE BOLLULLOS PAR DEL CONDADO.,PRE_FASE9_PENDIENTE_NORMALIZACION,Inventario para auditoría semántica posterior; FASE 8 permanece cerrada
100891,BOE-A-2025-22543,OFICINA DE JUSTICIA DE CARTAYA.,OFICINA DE JUSTICIA DE CARTAYA.,PRE_FASE9_PENDIENTE_NORMALIZACION,Inventario para auditoría semántica posterior; FASE 8 permanece cerrada
100892,BOE-A-2025-22543,OFICINA DE JUSTICIA DE CARTAYA.,OFICINA DE JUSTICIA DE CARTAYA.,PRE_FASE9_PENDIENTE_NORMALIZACION,Inventario para auditoría semántica posterior; FASE 8 permanece cerrada
100893,BOE-A-2025-22543,OFICINA DE JUSTICIA DE ISLA CRISTINA.,OFICINA DE JUSTICIA DE ISLA CRISTINA.,PRE_FASE9_PENDIENTE_NORMALIZACION,Inventario para auditoría semántica posterior; FASE 8 permanece cerrada
100894,BOE-A-2025-22543,OFICINA DE JUSTICIA DE LEPE.,OFICINA DE JUSTICIA DE LEPE.,PRE_FASE9_PENDIENTE_NORMALIZACION,Inventario para auditoría semántica posterior; FASE 8 permanece cerrada
100895,BOE-A-2025-22543,OFICINA DE JUSTICIA DE MINAS DE RIO TINTO.,OFICINA DE JUSTICIA DE MINAS DE RIO TINTO.,PRE_FASE9_PENDIENTE_NORMALIZACION,Inventario para auditoría semántica posterior; FASE 8 permanece cerrada
100896,BOE-A-2025-22543,SERVICIO COMÚN DE TRAMITACIÓN.,SERVICIO COMÚN DE TRAMITACIÓN.,PRE_FASE9_PENDIENTE_NORMALIZACION,Inventario para auditoría semántica posterior; FASE 8 permanece cerrada
100897,BOE-A-2025-22543,SERVICIO COMÚN DE TRAMITACIÓN.,SERVICIO COMÚN DE TRAMITACIÓN.,PRE_FASE9_PENDIENTE_NORMALIZACION,Inventario para auditoría semántica posterior; FASE 8 permanece cerrada
100898,BOE-A-2025-22543,SERVICIO COMÚN DE TRAMITACIÓN.,SERVICIO COMÚN DE TRAMITACIÓN.,PRE_FASE9_PENDIENTE_NORMALIZACION,Inventario para auditoría semántica posterior; FASE 8 permanece cerrada
100899,BOE-A-2025-22543,SERVICIO COMÚN DE TRAMITACIÓN.,SERVICIO COMÚN DE TRAMITACIÓN.,PRE_FASE9_PENDIENTE_NORMALIZACION,Inventario para auditoría semántica posterior; FASE 8 permanece cerrada
100900,BOE-A-2025-22543,OFICINA GENERAL DEL REGISTRO CIVIL.,OFICINA GENERAL DEL REGISTRO CIVIL.,PRE_FASE9_PENDIENTE_NORMALIZACION,Inventario para auditoría semántica posterior; FASE 8 permanece cerrada
100901,BOE-A-2025-22543,OFICINA DE JUSTICIA DE MINAS DE NERVA.,OFICINA DE JUSTICIA DE MINAS DE NERVA.,PRE_FASE9_PENDIENTE_NORMALIZACION,Inventario para auditoría semántica posterior; FASE 8 permanece cerrada
100902,BOE-A-2025-22543,SERVICIO COMÚN DE TRAMITACIÓN.,SERVICIO COMÚN DE TRAMITACIÓN.,PRE_FASE9_PENDIENTE_NORMALIZACION,Inventario para auditoría semántica posterior; FASE 8 permanece cerrada
100903,BOE-A-2025-22543,SERVICIO COMÚN DE TRAMITACIÓN.,SERVICIO COMÚN DE TRAMITACIÓN.,PRE_FASE9_PENDIENTE_NORMALIZACION,Inventario para auditoría semántica posterior; FASE 8 permanece cerrada
100904,BOE-A-2025-22543,SERVICIO COMÚN DE TRAMITACIÓN.,SERVICIO COMÚN DE TRAMITACIÓN.,PRE_FASE9_PENDIENTE_NORMALIZACION,Inventario para auditoría semántica posterior; FASE 8 permanece cerrada
100905,BOE-A-2025-22543,SERVICIO COMÚN DE TRAMITACIÓN.,SERVICIO COMÚN DE TRAMITACIÓN.,PRE_FASE9_PENDIENTE_NORMALIZACION,Inventario para auditoría semántica posterior; FASE 8 permanece cerrada
100906,BOE-A-2025-22543,OFICINA GENERAL DEL REGISTRO CIVIL DE LA PALMA DEL CONDADO.,OFICINA GENERAL DEL REGISTRO CIVIL DE LA PALMA DEL CONDADO.,PRE_FASE9_PENDIENTE_NORMALIZACION,Inventario para auditoría semántica posterior; FASE 8 permanece cerrada
100907,BOE-A-2025-22543,SERVICIO COMÚN DE TRAMITACIÓN.,SERVICIO COMÚN DE TRAMITACIÓN.,PRE_FASE9_PENDIENTE_NORMALIZACION,Inventario para auditoría semántica posterior; FASE 8 permanece cerrada
100908,BOE-A-2025-22543,SERVICIO COMÚN DE TRAMITACIÓN.,SERVICIO COMÚN DE TRAMITACIÓN.,PRE_FASE9_PENDIENTE_NORMALIZACION,Inventario para auditoría semántica posterior; FASE 8 permanece cerrada
100909,BOE-A-2025-22543,SERVICIO COMÚN DE TRAMITACIÓN.,SERVICIO COMÚN DE TRAMITACIÓN.,PRE_FASE9_PENDIENTE_NORMALIZACION,Inventario para auditoría semántica posterior; FASE 8 permanece cerrada
100910,BOE-A-2025-22543,OFICINA GENERAL DEL REGISTRO CIVIL DE VALVERDE DEL CAMINO.,OFICINA GENERAL DEL REGISTRO CIVIL DE VALVERDE DEL CAMINO.,PRE_FASE9_PENDIENTE_NORMALIZACION,Inventario para auditoría semántica posterior; FASE 8 permanece cerrada
100911,BOE-A-2025-22543,SERVICIO COMÚN DE TRAMITACIÓN.,SERVICIO COMÚN DE TRAMITACIÓN.,PRE_FASE9_PENDIENTE_NORMALIZACION,Inventario para auditoría semántica posterior; FASE 8 permanece cerrada
100912,BOE-A-2025-22543,SERVICIO COMÚN DE TRAMITACIÓN.,SERVICIO COMÚN DE TRAMITACIÓN.,PRE_FASE9_PENDIENTE_NORMALIZACION,Inventario para auditoría semántica posterior; FASE 8 permanece cerrada
100913,BOE-A-2025-22543,OFICINA GENERAL DEL REGISTRO CIVIL DE ALCALA LA REAL.,OFICINA GENERAL DEL REGISTRO CIVIL DE ALCALA LA REAL.,PRE_FASE9_PENDIENTE_NORMALIZACION,Inventario para auditoría semántica posterior; FASE 8 permanece cerrada
100914,BOE-A-2025-22543,OFICINA DE JUSTICIA DE ALCAUDETE.,OFICINA DE JUSTICIA DE ALCAUDETE.,PRE_FASE9_PENDIENTE_NORMALIZACION,Inventario para auditoría semántica posterior; FASE 8 permanece cerrada
100915,BOE-A-2025-22543,SERVICIO COMÚN DE TRAMITACIÓN.,SERVICIO COMÚN DE TRAMITACIÓN.,PRE_FASE9_PENDIENTE_NORMALIZACION,Inventario para auditoría semántica posterior; FASE 8 permanece cerrada
100916,BOE-A-2025-22543,SERVICIO COMÚN DE TRAMITACIÓN.,SERVICIO COMÚN DE TRAMITACIÓN.,PRE_FASE9_PENDIENTE_NORMALIZACION,Inventario para auditoría semántica posterior; FASE 8 permanece cerrada
100917,BOE-A-2025-22543,OFICINA DE JUSTICIA DE JODAR.,OFICINA DE JUSTICIA DE JODAR.,PRE_FASE9_PENDIENTE_NORMALIZACION,Inventario para auditoría semántica posterior; FASE 8 permanece cerrada
100918,BOE-A-2025-22543,SERVICIO COMÚN GENERAL.,SERVICIO COMÚN GENERAL.,PRE_FASE9_PENDIENTE_NORMALIZACION,Inventario para auditoría semántica posterior; FASE 8 permanece cerrada
100919,BOE-A-2025-22543,SERVICIO COMÚN GENERAL.,SERVICIO COMÚN GENERAL.,PRE_FASE9_PENDIENTE_NORMALIZACION,Inventario para auditoría semántica posterior; FASE 8 permanece cerrada
100920,BOE-A-2025-22543,SERVICIO COMÚN DE TRAMITACIÓN.,SERVICIO COMÚN DE TRAMITACIÓN.,PRE_FASE9_PENDIENTE_NORMALIZACION,Inventario para auditoría semántica posterior; FASE 8 permanece cerrada
100921,BOE-A-2025-22543,SERVICIO COMÚN DE TRAMITACIÓN.,SERVICIO COMÚN DE TRAMITACIÓN.,PRE_FASE9_PENDIENTE_NORMALIZACION,Inventario para auditoría semántica posterior; FASE 8 permanece cerrada
100922,BOE-A-2025-22543,OFICINA DE JUSTICIA DE PORCUNA.,OFICINA DE JUSTICIA DE PORCUNA.,PRE_FASE9_PENDIENTE_NORMALIZACION,Inventario para auditoría semántica posterior; FASE 8 permanece cerrada
100923,BOE-A-2025-22543,OFICINA DE JUSTICIA DE CASTILLO DE POZO ALCON.,OFICINA DE JUSTICIA DE CASTILLO DE POZO ALCON.,PRE_FASE9_PENDIENTE_NORMALIZACION,Inventario para auditoría semántica posterior; FASE 8 permanece cerrada
100924,BOE-A-2025-22543,SERVICIO COMÚN DE TRAMITACIÓN.,SERVICIO COMÚN DE TRAMITACIÓN.,PRE_FASE9_PENDIENTE_NORMALIZACION,Inventario para auditoría semántica posterior; FASE 8 permanece cerrada
100925,BOE-A-2025-22543,SERVICIO COMÚN DE TRAMITACIÓN.,SERVICIO COMÚN DE TRAMITACIÓN.,PRE_FASE9_PENDIENTE_NORMALIZACION,Inventario para auditoría semántica posterior; FASE 8 permanece cerrada
100926,BOE-A-2025-22543,SERVICIO COMÚN DE TRAMITACIÓN.,SERVICIO COMÚN DE TRAMITACIÓN.,PRE_FASE9_PENDIENTE_NORMALIZACION,Inventario para auditoría semántica posterior; FASE 8 permanece cerrada
100927,BOE-A-2025-22543,SERVICIO COMÚN DE TRAMITACIÓN.,SERVICIO COMÚN DE TRAMITACIÓN.,PRE_FASE9_PENDIENTE_NORMALIZACION,Inventario para auditoría semántica posterior; FASE 8 permanece cerrada
100928,BOE-A-2025-22543,SERVICIO COMÚN DE TRAMITACIÓN.,SERVICIO COMÚN DE TRAMITACIÓN.,PRE_FASE9_PENDIENTE_NORMALIZACION,Inventario para auditoría semántica posterior; FASE 8 permanece cerrada
100929,BOE-A-2025-22543,OFICINA GENERAL DEL REGISTRO CIVIL DE UBEDA.,OFICINA GENERAL DEL REGISTRO CIVIL DE UBEDA.,PRE_FASE9_PENDIENTE_NORMALIZACION,Inventario para auditoría semántica posterior; FASE 8 permanece cerrada
100930,BOE-A-2025-22543,OFICINA DE JUSTICIA DE ALHAURIN EL GRANDE.,OFICINA DE JUSTICIA DE ALHAURIN EL GRANDE.,PRE_FASE9_PENDIENTE_NORMALIZACION,Inventario para auditoría semántica posterior; FASE 8 permanece cerrada
100931,BOE-A-2025-22543,SERVICIO COMÚN DE TRAMITACIÓN.,SERVICIO COMÚN DE TRAMITACIÓN.,PRE_FASE9_PENDIENTE_NORMALIZACION,Inventario para auditoría semántica posterior; FASE 8 permanece cerrada
100932,BOE-A-2025-22543,OFICINA GENERAL DEL REGISTRO CIVIL DE ARCHIDONA.,OFICINA GENERAL DEL REGISTRO CIVIL DE ARCHIDONA.,PRE_FASE9_PENDIENTE_NORMALIZACION,Inventario para auditoría semántica posterior; FASE 8 permanece cerrada
100933,BOE-A-2025-22543,SERVICIO COMÚN DE TRAMITACIÓN.,SERVICIO COMÚN DE TRAMITACIÓN.,PRE_FASE9_PENDIENTE_NORMALIZACION,Inventario para auditoría semántica posterior; FASE 8 permanece cerrada
100934,BOE-A-2025-22543,SERVICIO COMÚN DE TRAMITACIÓN.,SERVICIO COMÚN DE TRAMITACIÓN.,PRE_FASE9_PENDIENTE_NORMALIZACION,Inventario para auditoría semántica posterior; FASE 8 permanece cerrada
100935,BOE-A-2025-22543,SERVICIO COMÚN DE TRAMITACIÓN.,SERVICIO COMÚN DE TRAMITACIÓN.,PRE_FASE9_PENDIENTE_NORMALIZACION,Inventario para auditoría semántica posterior; FASE 8 permanece cerrada
100936,BOE-A-2025-22543,SERVICIO COMÚN DE TRAMITACIÓN.,SERVICIO COMÚN DE TRAMITACIÓN.,PRE_FASE9_PENDIENTE_NORMALIZACION,Inventario para auditoría semántica posterior; FASE 8 permanece cerrada
100937,BOE-A-2025-22543,OFICINA DE JUSTICIA DE MANILVA.,OFICINA DE JUSTICIA DE MANILVA.,PRE_FASE9_PENDIENTE_NORMALIZACION,Inventario para auditoría semántica posterior; FASE 8 permanece cerrada
100938,BOE-A-2025-22543,SERVICIO COMÚN DE TRAMITACIÓN.,SERVICIO COMÚN DE TRAMITACIÓN.,PRE_FASE9_PENDIENTE_NORMALIZACION,Inventario para auditoría semántica posterior; FASE 8 permanece cerrada
100939,BOE-A-2025-22543,SERVICIO COMÚN DE TRAMITACIÓN.,SERVICIO COMÚN DE TRAMITACIÓN.,PRE_FASE9_PENDIENTE_NORMALIZACION,Inventario para auditoría semántica posterior; FASE 8 permanece cerrada
100940,BOE-A-2025-22543,SERVICIO COMÚN DE TRAMITACIÓN.,SERVICIO COMÚN DE TRAMITACIÓN.,PRE_FASE9_PENDIENTE_NORMALIZACION,Inventario para auditoría semántica posterior; FASE 8 permanece cerrada
100941,BOE-A-2025-22543,SERVICIO COMÚN DE TRAMITACIÓN.,SERVICIO COMÚN DE TRAMITACIÓN.,PRE_FASE9_PENDIENTE_NORMALIZACION,Inventario para auditoría semántica posterior; FASE 8 permanece cerrada
100942,BOE-A-2025-22543,SERVICIO COMÚN DE TRAMITACIÓN.,SERVICIO COMÚN DE TRAMITACIÓN.,PRE_FASE9_PENDIENTE_NORMALIZACION,Inventario para auditoría semántica posterior; FASE 8 permanece cerrada
100943,BOE-A-2025-22543,SERVICIO COMÚN DE TRAMITACIÓN.,SERVICIO COMÚN DE TRAMITACIÓN.,PRE_FASE9_PENDIENTE_NORMALIZACION,Inventario para auditoría semántica posterior; FASE 8 permanece cerrada
100944,BOE-A-2025-22543,OFICINA DE JUSTICIA DE ARAHAL.,OFICINA DE JUSTICIA DE ARAHAL.,PRE_FASE9_PENDIENTE_NORMALIZACION,Inventario para auditoría semántica posterior; FASE 8 permanece cerrada
100945,BOE-A-2025-22543,SERVICIO COMÚN DE TRAMITACIÓN.,SERVICIO COMÚN DE TRAMITACIÓN.,PRE_FASE9_PENDIENTE_NORMALIZACION,Inventario para auditoría semántica posterior; FASE 8 permanece cerrada
100946,BOE-A-2025-22543,SERVICIO COMÚN DE TRAMITACIÓN.,SERVICIO COMÚN DE TRAMITACIÓN.,PRE_FASE9_PENDIENTE_NORMALIZACION,Inventario para auditoría semántica posterior; FASE 8 permanece cerrada
100947,BOE-A-2025-22543,SERVICIO COMÚN DE TRAMITACIÓN.,SERVICIO COMÚN DE TRAMITACIÓN.,PRE_FASE9_PENDIENTE_NORMALIZACION,Inventario para auditoría semántica posterior; FASE 8 permanece cerrada
100948,BOE-A-2025-22543,OFICINA GENERAL DEL REGISTRO CIVIL DE CAZALLA DE LA SIERRA.,OFICINA GENERAL DEL REGISTRO CIVIL DE CAZALLA DE LA SIERRA.,PRE_FASE9_PENDIENTE_NORMALIZACION,Inventario para auditoría semántica posterior; FASE 8 permanece cerrada
100949,BOE-A-2025-22543,OFICINA DE JUSTICIA DE CONSTANTINA.,OFICINA DE JUSTICIA DE CONSTANTINA.,PRE_FASE9_PENDIENTE_NORMALIZACION,Inventario para auditoría semántica posterior; FASE 8 permanece cerrada
100950,BOE-A-2025-22543,SERVICIO COMÚN DE TRAMITACIÓN.,SERVICIO COMÚN DE TRAMITACIÓN.,PRE_FASE9_PENDIENTE_NORMALIZACION,Inventario para auditoría semántica posterior; FASE 8 permanece cerrada
100951,BOE-A-2025-22543,SERVICIO COMÚN DE TRAMITACIÓN.,SERVICIO COMÚN DE TRAMITACIÓN.,PRE_FASE9_PENDIENTE_NORMALIZACION,Inventario para auditoría semántica posterior; FASE 8 permanece cerrada
100952,BOE-A-2025-22543,SERVICIO COMÚN DE TRAMITACIÓN.,SERVICIO COMÚN DE TRAMITACIÓN.,PRE_FASE9_PENDIENTE_NORMALIZACION,Inventario para auditoría semántica posterior; FASE 8 permanece cerrada
100953,BOE-A-2025-22543,SERVICIO COMÚN DE TRAMITACIÓN.,SERVICIO COMÚN DE TRAMITACIÓN.,PRE_FASE9_PENDIENTE_NORMALIZACION,Inventario para auditoría semántica posterior; FASE 8 permanece cerrada
100954,BOE-A-2025-22543,OFICINA GENERAL DEL REGISTRO CIVIL DE ESTEPA.,OFICINA GENERAL DEL REGISTRO CIVIL DE ESTEPA.,PRE_FASE9_PENDIENTE_NORMALIZACION,Inventario para auditoría semántica posterior; FASE 8 permanece cerrada
100955,BOE-A-2025-22543,SERVICIO COMÚN DE TRAMITACIÓN.,SERVICIO COMÚN DE TRAMITACIÓN.,PRE_FASE9_PENDIENTE_NORMALIZACION,Inventario para auditoría semántica posterior; FASE 8 permanece cerrada
100956,BOE-A-2025-22543,OFICINA GENERAL DEL REGISTRO CIVIL DE LEBRIJA.,OFICINA GENERAL DEL REGISTRO CIVIL DE LEBRIJA.,PRE_FASE9_PENDIENTE_NORMALIZACION,Inventario para auditoría semántica posterior; FASE 8 permanece cerrada
100957,BOE-A-2025-22543,SERVICIO COMÚN DE TRAMITACIÓN.,SERVICIO COMÚN DE TRAMITACIÓN.,PRE_FASE9_PENDIENTE_NORMALIZACION,Inventario para auditoría semántica posterior; FASE 8 permanece cerrada
100958,BOE-A-2025-22543,SERVICIO COMÚN DE TRAMITACIÓN.,SERVICIO COMÚN DE TRAMITACIÓN.,PRE_FASE9_PENDIENTE_NORMALIZACION,Inventario para auditoría semántica posterior; FASE 8 permanece cerrada
100959,BOE-A-2025-22543,OFICINA GENERAL DEL REGISTRO CIVIL DE LORA DEL RÍO.,OFICINA GENERAL DEL REGISTRO CIVIL DE LORA DEL RÍO.,PRE_FASE9_PENDIENTE_NORMALIZACION,Inventario para auditoría semántica posterior; FASE 8 permanece cerrada
100960,BOE-A-2025-22543,SERVICIO COMÚN DE TRAMITACIÓN.,SERVICIO COMÚN DE TRAMITACIÓN.,PRE_FASE9_PENDIENTE_NORMALIZACION,Inventario para auditoría semántica posterior; FASE 8 permanece cerrada
100961,BOE-A-2025-22543,SERVICIO COMÚN DE TRAMITACIÓN.,SERVICIO COMÚN DE TRAMITACIÓN.,PRE_FASE9_PENDIENTE_NORMALIZACION,Inventario para auditoría semántica posterior; FASE 8 permanece cerrada
100962,BOE-A-2025-22543,OFICINA DE JUSTICIA DE PILAS.,OFICINA DE JUSTICIA DE PILAS.,PRE_FASE9_PENDIENTE_NORMALIZACION,Inventario para auditoría semántica posterior; FASE 8 permanece cerrada
100963,BOE-A-2025-22543,OFICINA DE JUSTICIA DE PUEBLA DE LA CAZALLA.,OFICINA DE JUSTICIA DE PUEBLA DE LA CAZALLA.,PRE_FASE9_PENDIENTE_NORMALIZACION,Inventario para auditoría semántica posterior; FASE 8 permanece cerrada
100964,BOE-A-2025-22543,OFICINA DE JUSTICIA DE TOCINA.,OFICINA DE JUSTICIA DE TOCINA.,PRE_FASE9_PENDIENTE_NORMALIZACION,Inventario para auditoría semántica posterior; FASE 8 permanece cerrada
100965,BOE-A-2025-22543,SERVICIO COMÚN DE TRAMITACIÓN.,SERVICIO COMÚN DE TRAMITACIÓN.,PRE_FASE9_PENDIENTE_NORMALIZACION,Inventario para auditoría semántica posterior; FASE 8 permanece cerrada
100966,BOE-A-2025-22543,SERVICIO COMÚN DE TRAMITACIÓN.,SERVICIO COMÚN DE TRAMITACIÓN.,PRE_FASE9_PENDIENTE_NORMALIZACION,Inventario para auditoría semántica posterior; FASE 8 permanece cerrada
100967,BOE-A-2025-22543,SERVICIO COMÚN DE TRAMITACIÓN.,SERVICIO COMÚN DE TRAMITACIÓN.,PRE_FASE9_PENDIENTE_NORMALIZACION,Inventario para auditoría semántica posterior; FASE 8 permanece cerrada
100968,BOE-A-2025-22543,SERVICIO COMÚN DE TRAMITACIÓN.,SERVICIO COMÚN DE TRAMITACIÓN.,PRE_FASE9_PENDIENTE_NORMALIZACION,Inventario para auditoría semántica posterior; FASE 8 permanece cerrada
100969,BOE-A-2025-22543,SERVICIO COMÚN DE TRAMITACIÓN.,SERVICIO COMÚN DE TRAMITACIÓN.,PRE_FASE9_PENDIENTE_NORMALIZACION,Inventario para auditoría semántica posterior; FASE 8 permanece cerrada
100970,BOE-A-2025-22543,SERVICIO COMÚN DE TRAMITACIÓN.,SERVICIO COMÚN DE TRAMITACIÓN.,PRE_FASE9_PENDIENTE_NORMALIZACION,Inventario para auditoría semántica posterior; FASE 8 permanece cerrada
100971,BOE-A-2025-22543,SERVICIO COMÚN DE TRAMITACIÓN.,SERVICIO COMÚN DE TRAMITACIÓN.,PRE_FASE9_PENDIENTE_NORMALIZACION,Inventario para auditoría semántica posterior; FASE 8 permanece cerrada
100972,BOE-A-2025-22543,SERVICIO COMÚN DE TRAMITACIÓN.,SERVICIO COMÚN DE TRAMITACIÓN.,PRE_FASE9_PENDIENTE_NORMALIZACION,Inventario para auditoría semántica posterior; FASE 8 permanece cerrada
100973,BOE-A-2025-22543,SERVICIO COMÚN DE TRAMITACIÓN.,SERVICIO COMÚN DE TRAMITACIÓN.,PRE_FASE9_PENDIENTE_NORMALIZACION,Inventario para auditoría semántica posterior; FASE 8 permanece cerrada
100974,BOE-A-2025-22543,SERVICIO COMÚN DE EJECUCIÓN.,SERVICIO COMÚN DE EJECUCIÓN.,PRE_FASE9_PENDIENTE_NORMALIZACION,Inventario para auditoría semántica posterior; FASE 8 permanece cerrada
100975,BOE-A-2025-22543,SERVICIO COMÚN DE EJECUCIÓN.,SERVICIO COMÚN DE EJECUCIÓN.,PRE_FASE9_PENDIENTE_NORMALIZACION,Inventario para auditoría semántica posterior; FASE 8 permanece cerrada
100976,BOE-A-2025-22543,SERVICIO COMÚN DE EJECUCIÓN.,SERVICIO COMÚN DE EJECUCIÓN.,PRE_FASE9_PENDIENTE_NORMALIZACION,Inventario para auditoría semántica posterior; FASE 8 permanece cerrada
100977,BOE-A-2025-22543,OFICINA GENERAL DEL REGISTRO CIVIL DE EL EJIDO.,OFICINA GENERAL DEL REGISTRO CIVIL DE EL EJIDO.,PRE_FASE9_PENDIENTE_NORMALIZACION,Inventario para auditoría semántica posterior; FASE 8 permanece cerrada
100978,BOE-A-2025-22543,SERVICIO COMÚN DE TRAMITACIÓN.,SERVICIO COMÚN DE TRAMITACIÓN.,PRE_FASE9_PENDIENTE_NORMALIZACION,Inventario para auditoría semántica posterior; FASE 8 permanece cerrada
100979,BOE-A-2025-22543,SERVICIO COMÚN DE TRAMITACIÓN.,SERVICIO COMÚN DE TRAMITACIÓN.,PRE_FASE9_PENDIENTE_NORMALIZACION,Inventario para auditoría semántica posterior; FASE 8 permanece cerrada
100980,BOE-A-2025-22543,SERVICIO COMÚN DE TRAMITACIÓN.,SERVICIO COMÚN DE TRAMITACIÓN.,PRE_FASE9_PENDIENTE_NORMALIZACION,Inventario para auditoría semántica posterior; FASE 8 permanece cerrada
100981,BOE-A-2025-22543,SERVICIO COMÚN DE TRAMITACIÓN.,SERVICIO COMÚN DE TRAMITACIÓN.,PRE_FASE9_PENDIENTE_NORMALIZACION,Inventario para auditoría semántica posterior; FASE 8 permanece cerrada
100982,BOE-A-2025-22543,SERVICIO COMÚN DE TRAMITACIÓN.,SERVICIO COMÚN DE TRAMITACIÓN.,PRE_FASE9_PENDIENTE_NORMALIZACION,Inventario para auditoría semántica posterior; FASE 8 permanece cerrada
100983,BOE-A-2025-22543,SERVICIO COMÚN DE TRAMITACIÓN.,SERVICIO COMÚN DE TRAMITACIÓN.,PRE_FASE9_PENDIENTE_NORMALIZACION,Inventario para auditoría semántica posterior; FASE 8 permanece cerrada
100984,BOE-A-2025-22543,SERVICIO COMÚN DE TRAMITACIÓN.,SERVICIO COMÚN DE TRAMITACIÓN.,PRE_FASE9_PENDIENTE_NORMALIZACION,Inventario para auditoría semántica posterior; FASE 8 permanece cerrada
100985,BOE-A-2025-22543,SERVICIO COMÚN GENERAL.,SERVICIO COMÚN GENERAL.,PRE_FASE9_PENDIENTE_NORMALIZACION,Inventario para auditoría semántica posterior; FASE 8 permanece cerrada
100986,BOE-A-2025-22543,SERVICIO COMÚN DE TRAMITACIÓN.,SERVICIO COMÚN DE TRAMITACIÓN.,PRE_FASE9_PENDIENTE_NORMALIZACION,Inventario para auditoría semántica posterior; FASE 8 permanece cerrada
100987,BOE-A-2025-22543,SERVICIO COMÚN DE TRAMITACIÓN.,SERVICIO COMÚN DE TRAMITACIÓN.,PRE_FASE9_PENDIENTE_NORMALIZACION,Inventario para auditoría semántica posterior; FASE 8 permanece cerrada
100988,BOE-A-2025-22543,SERVICIO COMÚN DE TRAMITACIÓN.,SERVICIO COMÚN DE TRAMITACIÓN.,PRE_FASE9_PENDIENTE_NORMALIZACION,Inventario para auditoría semántica posterior; FASE 8 permanece cerrada
100989,BOE-A-2025-22543,SERVICIO COMÚN DE TRAMITACIÓN.,SERVICIO COMÚN DE TRAMITACIÓN.,PRE_FASE9_PENDIENTE_NORMALIZACION,Inventario para auditoría semántica posterior; FASE 8 permanece cerrada
100990,BOE-A-2025-22543,SERVICIO COMÚN DE TRAMITACIÓN.,SERVICIO COMÚN DE TRAMITACIÓN.,PRE_FASE9_PENDIENTE_NORMALIZACION,Inventario para auditoría semántica posterior; FASE 8 permanece cerrada
100991,BOE-A-2025-22543,SERVICIO COMÚN DE TRAMITACIÓN.,SERVICIO COMÚN DE TRAMITACIÓN.,PRE_FASE9_PENDIENTE_NORMALIZACION,Inventario para auditoría semántica posterior; FASE 8 permanece cerrada
100992,BOE-A-2025-22543,SERVICIO COMÚN DE TRAMITACIÓN.,SERVICIO COMÚN DE TRAMITACIÓN.,PRE_FASE9_PENDIENTE_NORMALIZACION,Inventario para auditoría semántica posterior; FASE 8 permanece cerrada
100993,BOE-A-2025-22543,SERVICIO COMÚN DE TRAMITACIÓN.,SERVICIO COMÚN DE TRAMITACIÓN.,PRE_FASE9_PENDIENTE_NORMALIZACION,Inventario para auditoría semántica posterior; FASE 8 permanece cerrada
100994,BOE-A-2025-22543,SERVICIO COMÚN DE TRAMITACIÓN.,SERVICIO COMÚN DE TRAMITACIÓN.,PRE_FASE9_PENDIENTE_NORMALIZACION,Inventario para auditoría semántica posterior; FASE 8 permanece cerrada
100995,BOE-A-2025-22543,SERVICIO COMÚN DE TRAMITACIÓN.,SERVICIO COMÚN DE TRAMITACIÓN.,PRE_FASE9_PENDIENTE_NORMALIZACION,Inventario para auditoría semántica posterior; FASE 8 permanece cerrada
100996,BOE-A-2025-22543,SERVICIO COMÚN DE TRAMITACIÓN.,SERVICIO COMÚN DE TRAMITACIÓN.,PRE_FASE9_PENDIENTE_NORMALIZACION,Inventario para auditoría semántica posterior; FASE 8 permanece cerrada
100997,BOE-A-2025-22543,SERVICIO COMÚN DE TRAMITACIÓN.,SERVICIO COMÚN DE TRAMITACIÓN.,PRE_FASE9_PENDIENTE_NORMALIZACION,Inventario para auditoría semántica posterior; FASE 8 permanece cerrada
100998,BOE-A-2025-22543,SERVICIO COMÚN DE TRAMITACIÓN.,SERVICIO COMÚN DE TRAMITACIÓN.,PRE_FASE9_PENDIENTE_NORMALIZACION,Inventario para auditoría semántica posterior; FASE 8 permanece cerrada
100999,BOE-A-2025-22543,SERVICIO COMÚN DE TRAMITACIÓN.,SERVICIO COMÚN DE TRAMITACIÓN.,PRE_FASE9_PENDIENTE_NORMALIZACION,Inventario para auditoría semántica posterior; FASE 8 permanece cerrada
101000,BOE-A-2025-22543,SERVICIO COMÚN DE TRAMITACIÓN.,SERVICIO COMÚN DE TRAMITACIÓN.,PRE_FASE9_PENDIENTE_NORMALIZACION,Inventario para auditoría semántica posterior; FASE 8 permanece cerrada
101001,BOE-A-2025-22543,SERVICIO COMÚN DE TRAMITACIÓN.,SERVICIO COMÚN DE TRAMITACIÓN.,PRE_FASE9_PENDIENTE_NORMALIZACION,Inventario para auditoría semántica posterior; FASE 8 permanece cerrada
101002,BOE-A-2025-22543,OFICINA GENERAL DEL REGISTRO CIVIL DE BARBATE.,OFICINA GENERAL DEL REGISTRO CIVIL DE BARBATE.,PRE_FASE9_PENDIENTE_NORMALIZACION,Inventario para auditoría semántica posterior; FASE 8 permanece cerrada
101003,BOE-A-2025-22543,SERVICIO COMÚN DE TRAMITACIÓN.,SERVICIO COMÚN DE TRAMITACIÓN.,PRE_FASE9_PENDIENTE_NORMALIZACION,Inventario para auditoría semántica posterior; FASE 8 permanece cerrada
101004,BOE-A-2025-22543,SERVICIO COMÚN GENERAL.,SERVICIO COMÚN GENERAL.,PRE_FASE9_PENDIENTE_NORMALIZACION,Inventario para auditoría semántica posterior; FASE 8 permanece cerrada
101005,BOE-A-2025-22543,SERVICIO COMÚN DE EJECUCIÓN.,SERVICIO COMÚN DE EJECUCIÓN.,PRE_FASE9_PENDIENTE_NORMALIZACION,Inventario para auditoría semántica posterior; FASE 8 permanece cerrada
101006,BOE-A-2025-22543,SERVICIO COMÚN DE EJECUCIÓN.,SERVICIO COMÚN DE EJECUCIÓN.,PRE_FASE9_PENDIENTE_NORMALIZACION,Inventario para auditoría semántica posterior; FASE 8 permanece cerrada
101007,BOE-A-2025-22543,OFICINA GENERAL DEL REGISTRO CIVIL DE CHICLANA DE LA FRONTERA.,OFICINA GENERAL DEL REGISTRO CIVIL DE CHICLANA DE LA FRONTERA.,PRE_FASE9_PENDIENTE_NORMALIZACION,Inventario para auditoría semántica posterior; FASE 8 permanece cerrada
101008,BOE-A-2025-22543,SERVICIO COMÚN DE TRAMITACIÓN.,SERVICIO COMÚN DE TRAMITACIÓN.,PRE_FASE9_PENDIENTE_NORMALIZACION,Inventario para auditoría semántica posterior; FASE 8 permanece cerrada
101009,BOE-A-2025-22543,SERVICIO COMÚN DE TRAMITACIÓN.,SERVICIO COMÚN DE TRAMITACIÓN.,PRE_FASE9_PENDIENTE_NORMALIZACION,Inventario para auditoría semántica posterior; FASE 8 permanece cerrada
101010,BOE-A-2025-22543,SERVICIO COMÚN DE TRAMITACIÓN.,SERVICIO COMÚN DE TRAMITACIÓN.,PRE_FASE9_PENDIENTE_NORMALIZACION,Inventario para auditoría semántica posterior; FASE 8 permanece cerrada
101011,BOE-A-2025-22543,SERVICIO COMÚN DE TRAMITACIÓN.,SERVICIO COMÚN DE TRAMITACIÓN.,PRE_FASE9_PENDIENTE_NORMALIZACION,Inventario para auditoría semántica posterior; FASE 8 permanece cerrada
101012,BOE-A-2025-22543,SERVICIO COMÚN DE TRAMITACIÓN.,SERVICIO COMÚN DE TRAMITACIÓN.,PRE_FASE9_PENDIENTE_NORMALIZACION,Inventario para auditoría semántica posterior; FASE 8 permanece cerrada
101013,BOE-A-2025-22543,SERVICIO COMÚN DE TRAMITACIÓN.,SERVICIO COMÚN DE TRAMITACIÓN.,PRE_FASE9_PENDIENTE_NORMALIZACION,Inventario para auditoría semántica posterior; FASE 8 permanece cerrada
101014,BOE-A-2025-22543,SERVICIO COMÚN DE TRAMITACIÓN.,SERVICIO COMÚN DE TRAMITACIÓN.,PRE_FASE9_PENDIENTE_NORMALIZACION,Inventario para auditoría semántica posterior; FASE 8 permanece cerrada
101015,BOE-A-2025-22543,SERVICIO COMÚN GENERAL.,SERVICIO COMÚN GENERAL.,PRE_FASE9_PENDIENTE_NORMALIZACION,Inventario para auditoría semántica posterior; FASE 8 permanece cerrada
101016,BOE-A-2025-22543,SERVICIO COMÚN GENERAL.,SERVICIO COMÚN GENERAL.,PRE_FASE9_PENDIENTE_NORMALIZACION,Inventario para auditoría semántica posterior; FASE 8 permanece cerrada
101017,BOE-A-2025-22543,OFICINA GENERAL DEL REGISTRO CIVIL DE LA LINEA DE LA CONCEPCION.,OFICINA GENERAL DEL REGISTRO CIVIL DE LA LINEA DE LA CONCEPCION.,PRE_FASE9_PENDIENTE_NORMALIZACION,Inventario para auditoría semántica posterior; FASE 8 permanece cerrada
101018,BOE-A-2025-22543,OFICINA GENERAL DEL REGISTRO CIVIL DE LA LINEA DE LA CONCEPCION.,OFICINA GENERAL DEL REGISTRO CIVIL DE LA LINEA DE LA CONCEPCION.,PRE_FASE9_PENDIENTE_NORMALIZACION,Inventario para auditoría semántica posterior; FASE 8 permanece cerrada
101019,BOE-A-2025-22543,SERVICIO COMÚN DE TRAMITACIÓN.,SERVICIO COMÚN DE TRAMITACIÓN.,PRE_FASE9_PENDIENTE_NORMALIZACION,Inventario para auditoría semántica posterior; FASE 8 permanece cerrada
101020,BOE-A-2025-22543,SERVICIO COMÚN DE TRAMITACIÓN.,SERVICIO COMÚN DE TRAMITACIÓN.,PRE_FASE9_PENDIENTE_NORMALIZACION,Inventario para auditoría semántica posterior; FASE 8 permanece cerrada
101021,BOE-A-2025-22543,SERVICIO COMÚN DE TRAMITACIÓN.,SERVICIO COMÚN DE TRAMITACIÓN.,PRE_FASE9_PENDIENTE_NORMALIZACION,Inventario para auditoría semántica posterior; FASE 8 permanece cerrada
101022,BOE-A-2025-22543,SERVICIO COMÚN DE TRAMITACIÓN.,SERVICIO COMÚN DE TRAMITACIÓN.,PRE_FASE9_PENDIENTE_NORMALIZACION,Inventario para auditoría semántica posterior; FASE 8 permanece cerrada
101023,BOE-A-2025-22543,SERVICIO COMÚN DE TRAMITACIÓN.,SERVICIO COMÚN DE TRAMITACIÓN.,PRE_FASE9_PENDIENTE_NORMALIZACION,Inventario para auditoría semántica posterior; FASE 8 permanece cerrada
101024,BOE-A-2025-22543,SERVICIO COMÚN DE TRAMITACIÓN.,SERVICIO COMÚN DE TRAMITACIÓN.,PRE_FASE9_PENDIENTE_NORMALIZACION,Inventario para auditoría semántica posterior; FASE 8 permanece cerrada
101025,BOE-A-2025-22543,OFICINA GENERAL DEL REGISTRO CIVIL DE SAN FERNANDO.,OFICINA GENERAL DEL REGISTRO CIVIL DE SAN FERNANDO.,PRE_FASE9_PENDIENTE_NORMALIZACION,Inventario para auditoría semántica posterior; FASE 8 permanece cerrada
101026,BOE-A-2025-22543,SERVICIO COMÚN DE TRAMITACIÓN.,SERVICIO COMÚN DE TRAMITACIÓN.,PRE_FASE9_PENDIENTE_NORMALIZACION,Inventario para auditoría semántica posterior; FASE 8 permanece cerrada
101027,BOE-A-2025-22543,SERVICIO COMÚN DE TRAMITACIÓN.,SERVICIO COMÚN DE TRAMITACIÓN.,PRE_FASE9_PENDIENTE_NORMALIZACION,Inventario para auditoría semántica posterior; FASE 8 permanece cerrada
101028,BOE-A-2025-22543,SERVICIO COMÚN DE TRAMITACIÓN.,SERVICIO COMÚN DE TRAMITACIÓN.,PRE_FASE9_PENDIENTE_NORMALIZACION,Inventario para auditoría semántica posterior; FASE 8 permanece cerrada
101029,BOE-A-2025-22543,SERVICIO COMÚN DE TRAMITACIÓN.,SERVICIO COMÚN DE TRAMITACIÓN.,PRE_FASE9_PENDIENTE_NORMALIZACION,Inventario para auditoría semántica posterior; FASE 8 permanece cerrada
101030,BOE-A-2025-22543,SERVICIO COMÚN DE TRAMITACIÓN.,SERVICIO COMÚN DE TRAMITACIÓN.,PRE_FASE9_PENDIENTE_NORMALIZACION,Inventario para auditoría semántica posterior; FASE 8 permanece cerrada
101031,BOE-A-2025-22543,SERVICIO COMÚN DE TRAMITACIÓN.,SERVICIO COMÚN DE TRAMITACIÓN.,PRE_FASE9_PENDIENTE_NORMALIZACION,Inventario para auditoría semántica posterior; FASE 8 permanece cerrada
101032,BOE-A-2025-22543,SERVICIO COMÚN DE TRAMITACIÓN.,SERVICIO COMÚN DE TRAMITACIÓN.,PRE_FASE9_PENDIENTE_NORMALIZACION,Inventario para auditoría semántica posterior; FASE 8 permanece cerrada
101033,BOE-A-2025-22543,SERVICIO COMÚN DE TRAMITACIÓN.,SERVICIO COMÚN DE TRAMITACIÓN.,PRE_FASE9_PENDIENTE_NORMALIZACION,Inventario para auditoría semántica posterior; FASE 8 permanece cerrada
101034,BOE-A-2025-22543,SERVICIO COMÚN DE TRAMITACIÓN.,SERVICIO COMÚN DE TRAMITACIÓN.,PRE_FASE9_PENDIENTE_NORMALIZACION,Inventario para auditoría semántica posterior; FASE 8 permanece cerrada
101035,BOE-A-2025-22543,SERVICIO COMÚN DE TRAMITACIÓN.,SERVICIO COMÚN DE TRAMITACIÓN.,PRE_FASE9_PENDIENTE_NORMALIZACION,Inventario para auditoría semántica posterior; FASE 8 permanece cerrada
101036,BOE-A-2025-22543,OFICINA GENERAL DEL REGISTRO CIVIL DE UBRIQUE.,OFICINA GENERAL DEL REGISTRO CIVIL DE UBRIQUE.,PRE_FASE9_PENDIENTE_NORMALIZACION,Inventario para auditoría semántica posterior; FASE 8 permanece cerrada
101037,BOE-A-2025-22543,SERVICIO COMÚN DE TRAMITACIÓN.,SERVICIO COMÚN DE TRAMITACIÓN.,PRE_FASE9_PENDIENTE_NORMALIZACION,Inventario para auditoría semántica posterior; FASE 8 permanece cerrada
101038,BOE-A-2025-22543,SERVICIO COMÚN DE TRAMITACIÓN.,SERVICIO COMÚN DE TRAMITACIÓN.,PRE_FASE9_PENDIENTE_NORMALIZACION,Inventario para auditoría semántica posterior; FASE 8 permanece cerrada
101039,BOE-A-2025-22543,SERVICIO COMÚN DE TRAMITACIÓN.,SERVICIO COMÚN DE TRAMITACIÓN.,PRE_FASE9_PENDIENTE_NORMALIZACION,Inventario para auditoría semántica posterior; FASE 8 permanece cerrada
101040,BOE-A-2025-22543,SERVICIO COMÚN DE TRAMITACIÓN.,SERVICIO COMÚN DE TRAMITACIÓN.,PRE_FASE9_PENDIENTE_NORMALIZACION,Inventario para auditoría semántica posterior; FASE 8 permanece cerrada
101041,BOE-A-2025-22543,SERVICIO COMÚN DE TRAMITACIÓN.,SERVICIO COMÚN DE TRAMITACIÓN.,PRE_FASE9_PENDIENTE_NORMALIZACION,Inventario para auditoría semántica posterior; FASE 8 permanece cerrada
101042,BOE-A-2025-22543,SERVICIO COMÚN DE TRAMITACIÓN.,SERVICIO COMÚN DE TRAMITACIÓN.,PRE_FASE9_PENDIENTE_NORMALIZACION,Inventario para auditoría semántica posterior; FASE 8 permanece cerrada
101043,BOE-A-2025-22543,SERVICIO COMÚN DE TRAMITACIÓN.,SERVICIO COMÚN DE TRAMITACIÓN.,PRE_FASE9_PENDIENTE_NORMALIZACION,Inventario para auditoría semántica posterior; FASE 8 permanece cerrada
101044,BOE-A-2025-22543,OFICINA DE JUSTICIA DE PALMA DEL RIO.,OFICINA DE JUSTICIA DE PALMA DEL RIO.,PRE_FASE9_PENDIENTE_NORMALIZACION,Inventario para auditoría semántica posterior; FASE 8 permanece cerrada
101045,BOE-A-2025-22543,SERVICIO COMÚN DE TRAMITACIÓN.,SERVICIO COMÚN DE TRAMITACIÓN.,PRE_FASE9_PENDIENTE_NORMALIZACION,Inventario para auditoría semántica posterior; FASE 8 permanece cerrada
101046,BOE-A-2025-22543,SERVICIO COMÚN DE TRAMITACIÓN.,SERVICIO COMÚN DE TRAMITACIÓN.,PRE_FASE9_PENDIENTE_NORMALIZACION,Inventario para auditoría semántica posterior; FASE 8 permanece cerrada
101047,BOE-A-2025-22543,SERVICIO COMÚN DE TRAMITACIÓN.,SERVICIO COMÚN DE TRAMITACIÓN.,PRE_FASE9_PENDIENTE_NORMALIZACION,Inventario para auditoría semántica posterior; FASE 8 permanece cerrada
101048,BOE-A-2025-22543,SERVICIO COMÚN DE TRAMITACIÓN.,SERVICIO COMÚN DE TRAMITACIÓN.,PRE_FASE9_PENDIENTE_NORMALIZACION,Inventario para auditoría semántica posterior; FASE 8 permanece cerrada
101049,BOE-A-2025-22543,SERVICIO COMÚN DE TRAMITACIÓN.,SERVICIO COMÚN DE TRAMITACIÓN.,PRE_FASE9_PENDIENTE_NORMALIZACION,Inventario para auditoría semántica posterior; FASE 8 permanece cerrada
101050,BOE-A-2025-22543,SERVICIO COMÚN DE TRAMITACIÓN.,SERVICIO COMÚN DE TRAMITACIÓN.,PRE_FASE9_PENDIENTE_NORMALIZACION,Inventario para auditoría semántica posterior; FASE 8 permanece cerrada
101051,BOE-A-2025-22543,OFICINA GENERAL DEL REGISTRO CIVIL DE PRIEGO DE CORDOBA.,OFICINA GENERAL DEL REGISTRO CIVIL DE PRIEGO DE CORDOBA.,PRE_FASE9_PENDIENTE_NORMALIZACION,Inventario para auditoría semántica posterior; FASE 8 permanece cerrada
101052,BOE-A-2025-22543,SERVICIO COMÚN DE TRAMITACIÓN.,SERVICIO COMÚN DE TRAMITACIÓN.,PRE_FASE9_PENDIENTE_NORMALIZACION,Inventario para auditoría semántica posterior; FASE 8 permanece cerrada
101053,BOE-A-2025-22543,SERVICIO COMÚN DE TRAMITACIÓN.,SERVICIO COMÚN DE TRAMITACIÓN.,PRE_FASE9_PENDIENTE_NORMALIZACION,Inventario para auditoría semántica posterior; FASE 8 permanece cerrada
101054,BOE-A-2025-22543,SERVICIO COMÚN DE TRAMITACIÓN.,SERVICIO COMÚN DE TRAMITACIÓN.,PRE_FASE9_PENDIENTE_NORMALIZACION,Inventario para auditoría semántica posterior; FASE 8 permanece cerrada
101055,BOE-A-2025-22543,SERVICIO COMÚN DE TRAMITACIÓN.,SERVICIO COMÚN DE TRAMITACIÓN.,PRE_FASE9_PENDIENTE_NORMALIZACION,Inventario para auditoría semántica posterior; FASE 8 permanece cerrada
101056,BOE-A-2025-22543,SERVICIO COMÚN DE TRAMITACIÓN.,SERVICIO COMÚN DE TRAMITACIÓN.,PRE_FASE9_PENDIENTE_NORMALIZACION,Inventario para auditoría semántica posterior; FASE 8 permanece cerrada
101057,BOE-A-2025-22543,SERVICIO COMÚN DE TRAMITACIÓN.,SERVICIO COMÚN DE TRAMITACIÓN.,PRE_FASE9_PENDIENTE_NORMALIZACION,Inventario para auditoría semántica posterior; FASE 8 permanece cerrada
101058,BOE-A-2025-22543,SERVICIO COMÚN DE TRAMITACIÓN.,SERVICIO COMÚN DE TRAMITACIÓN.,PRE_FASE9_PENDIENTE_NORMALIZACION,Inventario para auditoría semántica posterior; FASE 8 permanece cerrada
101059,BOE-A-2025-22543,SERVICIO COMÚN DE TRAMITACIÓN.,SERVICIO COMÚN DE TRAMITACIÓN.,PRE_FASE9_PENDIENTE_NORMALIZACION,Inventario para auditoría semántica posterior; FASE 8 permanece cerrada
101060,BOE-A-2025-22543,OFICINA GENERAL DEL REGISTRO CIVIL DE BAZA.,OFICINA GENERAL DEL REGISTRO CIVIL DE BAZA.,PRE_FASE9_PENDIENTE_NORMALIZACION,Inventario para auditoría semántica posterior; FASE 8 permanece cerrada
101061,BOE-A-2025-22543,SERVICIO COMÚN DE TRAMITACIÓN.,SERVICIO COMÚN DE TRAMITACIÓN.,PRE_FASE9_PENDIENTE_NORMALIZACION,Inventario para auditoría semántica posterior; FASE 8 permanece cerrada
101062,BOE-A-2025-22543,SERVICIO COMÚN DE TRAMITACIÓN.,SERVICIO COMÚN DE TRAMITACIÓN.,PRE_FASE9_PENDIENTE_NORMALIZACION,Inventario para auditoría semántica posterior; FASE 8 permanece cerrada
101063,BOE-A-2025-22543,SERVICIO COMÚN DE TRAMITACIÓN.,SERVICIO COMÚN DE TRAMITACIÓN.,PRE_FASE9_PENDIENTE_NORMALIZACION,Inventario para auditoría semántica posterior; FASE 8 permanece cerrada
101064,BOE-A-2025-22543,SERVICIO COMÚN DE TRAMITACIÓN.,SERVICIO COMÚN DE TRAMITACIÓN.,PRE_FASE9_PENDIENTE_NORMALIZACION,Inventario para auditoría semántica posterior; FASE 8 permanece cerrada
101065,BOE-A-2025-22543,SERVICIO COMÚN DE TRAMITACIÓN.,SERVICIO COMÚN DE TRAMITACIÓN.,PRE_FASE9_PENDIENTE_NORMALIZACION,Inventario para auditoría semántica posterior; FASE 8 permanece cerrada
101066,BOE-A-2025-22543,SERVICIO COMÚN DE TRAMITACIÓN.,SERVICIO COMÚN DE TRAMITACIÓN.,PRE_FASE9_PENDIENTE_NORMALIZACION,Inventario para auditoría semántica posterior; FASE 8 permanece cerrada
101067,BOE-A-2025-22543,SERVICIO COMÚN DE TRAMITACIÓN.,SERVICIO COMÚN DE TRAMITACIÓN.,PRE_FASE9_PENDIENTE_NORMALIZACION,Inventario para auditoría semántica posterior; FASE 8 permanece cerrada
101068,BOE-A-2025-22543,SERVICIO COMÚN DE TRAMITACIÓN.,SERVICIO COMÚN DE TRAMITACIÓN.,PRE_FASE9_PENDIENTE_NORMALIZACION,Inventario para auditoría semántica posterior; FASE 8 permanece cerrada
101069,BOE-A-2025-22543,OFICINA GENERAL DEL REGISTRO CIVIL DE LOJA.,OFICINA GENERAL DEL REGISTRO CIVIL DE LOJA.,PRE_FASE9_PENDIENTE_NORMALIZACION,Inventario para auditoría semántica posterior; FASE 8 permanece cerrada
101070,BOE-A-2025-22543,SERVICIO COMÚN DE TRAMITACIÓN.,SERVICIO COMÚN DE TRAMITACIÓN.,PRE_FASE9_PENDIENTE_NORMALIZACION,Inventario para auditoría semántica posterior; FASE 8 permanece cerrada
101071,BOE-A-2025-22543,SERVICIO COMÚN DE TRAMITACIÓN.,SERVICIO COMÚN DE TRAMITACIÓN.,PRE_FASE9_PENDIENTE_NORMALIZACION,Inventario para auditoría semántica posterior; FASE 8 permanece cerrada
101072,BOE-A-2025-22543,SERVICIO COMÚN DE TRAMITACIÓN.,SERVICIO COMÚN DE TRAMITACIÓN.,PRE_FASE9_PENDIENTE_NORMALIZACION,Inventario para auditoría semántica posterior; FASE 8 permanece cerrada
101073,BOE-A-2025-22543,SERVICIO COMÚN DE TRAMITACIÓN.,SERVICIO COMÚN DE TRAMITACIÓN.,PRE_FASE9_PENDIENTE_NORMALIZACION,Inventario para auditoría semántica posterior; FASE 8 permanece cerrada
101074,BOE-A-2025-22543,SERVICIO COMÚN DE TRAMITACIÓN.,SERVICIO COMÚN DE TRAMITACIÓN.,PRE_FASE9_PENDIENTE_NORMALIZACION,Inventario para auditoría semántica posterior; FASE 8 permanece cerrada
101075,BOE-A-2025-22543,SERVICIO COMÚN DE TRAMITACIÓN.,SERVICIO COMÚN DE TRAMITACIÓN.,PRE_FASE9_PENDIENTE_NORMALIZACION,Inventario para auditoría semántica posterior; FASE 8 permanece cerrada
101076,BOE-A-2025-22543,SERVICIO COMÚN DE TRAMITACIÓN.,SERVICIO COMÚN DE TRAMITACIÓN.,PRE_FASE9_PENDIENTE_NORMALIZACION,Inventario para auditoría semántica posterior; FASE 8 permanece cerrada
101077,BOE-A-2025-22543,SERVICIO COMÚN DE TRAMITACIÓN.,SERVICIO COMÚN DE TRAMITACIÓN.,PRE_FASE9_PENDIENTE_NORMALIZACION,Inventario para auditoría semántica posterior; FASE 8 permanece cerrada
101078,BOE-A-2025-22543,OFICINA GENERAL DEL REGISTRO CIVIL DE SANTA FE.,OFICINA GENERAL DEL REGISTRO CIVIL DE SANTA FE.,PRE_FASE9_PENDIENTE_NORMALIZACION,Inventario para auditoría semántica posterior; FASE 8 permanece cerrada
101079,BOE-A-2025-22543,OFICINA GENERAL DEL REGISTRO CIVIL DE SANTA FE.,OFICINA GENERAL DEL REGISTRO CIVIL DE SANTA FE.,PRE_FASE9_PENDIENTE_NORMALIZACION,Inventario para auditoría semántica posterior; FASE 8 permanece cerrada
101080,BOE-A-2025-22543,SERVICIO COMÚN DE TRAMITACIÓN.,SERVICIO COMÚN DE TRAMITACIÓN.,PRE_FASE9_PENDIENTE_NORMALIZACION,Inventario para auditoría semántica posterior; FASE 8 permanece cerrada
101081,BOE-A-2025-22543,SERVICIO COMÚN DE TRAMITACIÓN.,SERVICIO COMÚN DE TRAMITACIÓN.,PRE_FASE9_PENDIENTE_NORMALIZACION,Inventario para auditoría semántica posterior; FASE 8 permanece cerrada
101082,BOE-A-2025-22543,SERVICIO COMÚN DE TRAMITACIÓN.,SERVICIO COMÚN DE TRAMITACIÓN.,PRE_FASE9_PENDIENTE_NORMALIZACION,Inventario para auditoría semántica posterior; FASE 8 permanece cerrada
101083,BOE-A-2025-22543,SERVICIO COMÚN DE TRAMITACIÓN.,SERVICIO COMÚN DE TRAMITACIÓN.,PRE_FASE9_PENDIENTE_NORMALIZACION,Inventario para auditoría semántica posterior; FASE 8 permanece cerrada
101084,BOE-A-2025-22543,SERVICIO COMÚN DE TRAMITACIÓN.,SERVICIO COMÚN DE TRAMITACIÓN.,PRE_FASE9_PENDIENTE_NORMALIZACION,Inventario para auditoría semántica posterior; FASE 8 permanece cerrada
101085,BOE-A-2025-22543,SERVICIO COMÚN DE TRAMITACIÓN.,SERVICIO COMÚN DE TRAMITACIÓN.,PRE_FASE9_PENDIENTE_NORMALIZACION,Inventario para auditoría semántica posterior; FASE 8 permanece cerrada
101086,BOE-A-2025-22543,SERVICIO COMÚN DE TRAMITACIÓN.,SERVICIO COMÚN DE TRAMITACIÓN.,PRE_FASE9_PENDIENTE_NORMALIZACION,Inventario para auditoría semántica posterior; FASE 8 permanece cerrada
101087,BOE-A-2025-22543,SERVICIO COMÚN DE TRAMITACIÓN.,SERVICIO COMÚN DE TRAMITACIÓN.,PRE_FASE9_PENDIENTE_NORMALIZACION,Inventario para auditoría semántica posterior; FASE 8 permanece cerrada
101088,BOE-A-2025-22543,SERVICIO COMÚN DE TRAMITACIÓN.,SERVICIO COMÚN DE TRAMITACIÓN.,PRE_FASE9_PENDIENTE_NORMALIZACION,Inventario para auditoría semántica posterior; FASE 8 permanece cerrada
101089,BOE-A-2025-22543,SERVICIO COMÚN DE TRAMITACIÓN.,SERVICIO COMÚN DE TRAMITACIÓN.,PRE_FASE9_PENDIENTE_NORMALIZACION,Inventario para auditoría semántica posterior; FASE 8 permanece cerrada
101090,BOE-A-2025-22543,SERVICIO COMÚN DE TRAMITACIÓN.,SERVICIO COMÚN DE TRAMITACIÓN.,PRE_FASE9_PENDIENTE_NORMALIZACION,Inventario para auditoría semántica posterior; FASE 8 permanece cerrada
101091,BOE-A-2025-22543,SERVICIO COMÚN DE TRAMITACIÓN.,SERVICIO COMÚN DE TRAMITACIÓN.,PRE_FASE9_PENDIENTE_NORMALIZACION,Inventario para auditoría semántica posterior; FASE 8 permanece cerrada
101092,BOE-A-2025-22543,SERVICIO COMÚN DE TRAMITACIÓN.,SERVICIO COMÚN DE TRAMITACIÓN.,PRE_FASE9_PENDIENTE_NORMALIZACION,Inventario para auditoría semántica posterior; FASE 8 permanece cerrada
101093,BOE-A-2025-22543,SERVICIO COMÚN DE TRAMITACIÓN.,SERVICIO COMÚN DE TRAMITACIÓN.,PRE_FASE9_PENDIENTE_NORMALIZACION,Inventario para auditoría semántica posterior; FASE 8 permanece cerrada
101094,BOE-A-2025-22543,SERVICIO COMÚN GENERAL.,SERVICIO COMÚN GENERAL.,PRE_FASE9_PENDIENTE_NORMALIZACION,Inventario para auditoría semántica posterior; FASE 8 permanece cerrada
101095,BOE-A-2025-22543,SERVICIO COMÚN GENERAL.,SERVICIO COMÚN GENERAL.,PRE_FASE9_PENDIENTE_NORMALIZACION,Inventario para auditoría semántica posterior; FASE 8 permanece cerrada
101096,BOE-A-2025-22543,SERVICIO COMÚN DE EJECUCIÓN.,SERVICIO COMÚN DE EJECUCIÓN.,PRE_FASE9_PENDIENTE_NORMALIZACION,Inventario para auditoría semántica posterior; FASE 8 permanece cerrada
101097,BOE-A-2025-22543,SERVICIO COMÚN DE EJECUCIÓN.,SERVICIO COMÚN DE EJECUCIÓN.,PRE_FASE9_PENDIENTE_NORMALIZACION,Inventario para auditoría semántica posterior; FASE 8 permanece cerrada
101098,BOE-A-2025-22543,SERVICIO COMÚN DE EJECUCIÓN.,SERVICIO COMÚN DE EJECUCIÓN.,PRE_FASE9_PENDIENTE_NORMALIZACION,Inventario para auditoría semántica posterior; FASE 8 permanece cerrada
101099,BOE-A-2025-22543,SERVICIO COMÚN DE EJECUCIÓN.,SERVICIO COMÚN DE EJECUCIÓN.,PRE_FASE9_PENDIENTE_NORMALIZACION,Inventario para auditoría semántica posterior; FASE 8 permanece cerrada
101100,BOE-A-2025-22543,SERVICIO COMÚN DE EJECUCIÓN.,SERVICIO COMÚN DE EJECUCIÓN.,PRE_FASE9_PENDIENTE_NORMALIZACION,Inventario para auditoría semántica posterior; FASE 8 permanece cerrada
101101,BOE-A-2025-22543,SERVICIO COMÚN DE EJECUCIÓN.,SERVICIO COMÚN DE EJECUCIÓN.,PRE_FASE9_PENDIENTE_NORMALIZACION,Inventario para auditoría semántica posterior; FASE 8 permanece cerrada
101102,BOE-A-2025-22543,SERVICIO COMÚN DE EJECUCIÓN.,SERVICIO COMÚN DE EJECUCIÓN.,PRE_FASE9_PENDIENTE_NORMALIZACION,Inventario para auditoría semántica posterior; FASE 8 permanece cerrada
101103,BOE-A-2025-22543,OFICINA GENERAL DEL REGISTRO CIVIL DE AYAMONTE.,OFICINA GENERAL DEL REGISTRO CIVIL DE AYAMONTE.,PRE_FASE9_PENDIENTE_NORMALIZACION,Inventario para auditoría semántica posterior; FASE 8 permanece cerrada
101104,BOE-A-2025-22543,OFICINA GENERAL DEL REGISTRO CIVIL DE AYAMONTE.,OFICINA GENERAL DEL REGISTRO CIVIL DE AYAMONTE.,PRE_FASE9_PENDIENTE_NORMALIZACION,Inventario para auditoría semántica posterior; FASE 8 permanece cerrada
101105,BOE-A-2025-22543,OFICINA DE JUSTICIA DE LEPE.,OFICINA DE JUSTICIA DE LEPE.,PRE_FASE9_PENDIENTE_NORMALIZACION,Inventario para auditoría semántica posterior; FASE 8 permanece cerrada
101106,BOE-A-2025-22543,SERVICIO COMÚN DE TRAMITACIÓN.,SERVICIO COMÚN DE TRAMITACIÓN.,PRE_FASE9_PENDIENTE_NORMALIZACION,Inventario para auditoría semántica posterior; FASE 8 permanece cerrada
101107,BOE-A-2025-22543,SERVICIO COMÚN DE TRAMITACIÓN.,SERVICIO COMÚN DE TRAMITACIÓN.,PRE_FASE9_PENDIENTE_NORMALIZACION,Inventario para auditoría semántica posterior; FASE 8 permanece cerrada
101108,BOE-A-2025-22543,SERVICIO COMÚN DE TRAMITACIÓN.,SERVICIO COMÚN DE TRAMITACIÓN.,PRE_FASE9_PENDIENTE_NORMALIZACION,Inventario para auditoría semántica posterior; FASE 8 permanece cerrada
101109,BOE-A-2025-22543,SERVICIO COMÚN DE TRAMITACIÓN.,SERVICIO COMÚN DE TRAMITACIÓN.,PRE_FASE9_PENDIENTE_NORMALIZACION,Inventario para auditoría semántica posterior; FASE 8 permanece cerrada
101110,BOE-A-2025-22543,SERVICIO COMÚN DE TRAMITACIÓN.,SERVICIO COMÚN DE TRAMITACIÓN.,PRE_FASE9_PENDIENTE_NORMALIZACION,Inventario para auditoría semántica posterior; FASE 8 permanece cerrada
101111,BOE-A-2025-22543,SERVICIO COMÚN DE TRAMITACIÓN.,SERVICIO COMÚN DE TRAMITACIÓN.,PRE_FASE9_PENDIENTE_NORMALIZACION,Inventario para auditoría semántica posterior; FASE 8 permanece cerrada
101112,BOE-A-2025-22543,SERVICIO COMÚN DE TRAMITACIÓN.,SERVICIO COMÚN DE TRAMITACIÓN.,PRE_FASE9_PENDIENTE_NORMALIZACION,Inventario para auditoría semántica posterior; FASE 8 permanece cerrada
101113,BOE-A-2025-22543,SERVICIO COMÚN DE TRAMITACIÓN.,SERVICIO COMÚN DE TRAMITACIÓN.,PRE_FASE9_PENDIENTE_NORMALIZACION,Inventario para auditoría semántica posterior; FASE 8 permanece cerrada
101114,BOE-A-2025-22543,SERVICIO COMÚN DE TRAMITACIÓN.,SERVICIO COMÚN DE TRAMITACIÓN.,PRE_FASE9_PENDIENTE_NORMALIZACION,Inventario para auditoría semántica posterior; FASE 8 permanece cerrada
101115,BOE-A-2025-22543,OFICINA GENERAL DEL REGISTRO CIVIL.,OFICINA GENERAL DEL REGISTRO CIVIL.,PRE_FASE9_PENDIENTE_NORMALIZACION,Inventario para auditoría semántica posterior; FASE 8 permanece cerrada
101116,BOE-A-2025-22543,SERVICIO COMÚN DE TRAMITACIÓN.,SERVICIO COMÚN DE TRAMITACIÓN.,PRE_FASE9_PENDIENTE_NORMALIZACION,Inventario para auditoría semántica posterior; FASE 8 permanece cerrada
101117,BOE-A-2025-22543,SERVICIO COMÚN DE TRAMITACIÓN.,SERVICIO COMÚN DE TRAMITACIÓN.,PRE_FASE9_PENDIENTE_NORMALIZACION,Inventario para auditoría semántica posterior; FASE 8 permanece cerrada
101118,BOE-A-2025-22543,SERVICIO COMÚN DE TRAMITACIÓN.,SERVICIO COMÚN DE TRAMITACIÓN.,PRE_FASE9_PENDIENTE_NORMALIZACION,Inventario para auditoría semántica posterior; FASE 8 permanece cerrada
101119,BOE-A-2025-22543,SERVICIO COMÚN DE TRAMITACIÓN.,SERVICIO COMÚN DE TRAMITACIÓN.,PRE_FASE9_PENDIENTE_NORMALIZACION,Inventario para auditoría semántica posterior; FASE 8 permanece cerrada
101120,BOE-A-2025-22543,SERVICIO COMÚN DE TRAMITACIÓN.,SERVICIO COMÚN DE TRAMITACIÓN.,PRE_FASE9_PENDIENTE_NORMALIZACION,Inventario para auditoría semántica posterior; FASE 8 permanece cerrada
101121,BOE-A-2025-22543,SERVICIO COMÚN DE TRAMITACIÓN.,SERVICIO COMÚN DE TRAMITACIÓN.,PRE_FASE9_PENDIENTE_NORMALIZACION,Inventario para auditoría semántica posterior; FASE 8 permanece cerrada
101122,BOE-A-2025-22543,SERVICIO COMÚN DE TRAMITACIÓN.,SERVICIO COMÚN DE TRAMITACIÓN.,PRE_FASE9_PENDIENTE_NORMALIZACION,Inventario para auditoría semántica posterior; FASE 8 permanece cerrada
101123,BOE-A-2025-22543,SERVICIO COMÚN DE TRAMITACIÓN.,SERVICIO COMÚN DE TRAMITACIÓN.,PRE_FASE9_PENDIENTE_NORMALIZACION,Inventario para auditoría semántica posterior; FASE 8 permanece cerrada
101124,BOE-A-2025-22543,SERVICIO COMÚN DE TRAMITACIÓN.,SERVICIO COMÚN DE TRAMITACIÓN.,PRE_FASE9_PENDIENTE_NORMALIZACION,Inventario para auditoría semántica posterior; FASE 8 permanece cerrada
101125,BOE-A-2025-22543,SERVICIO COMÚN DE TRAMITACIÓN.,SERVICIO COMÚN DE TRAMITACIÓN.,PRE_FASE9_PENDIENTE_NORMALIZACION,Inventario para auditoría semántica posterior; FASE 8 permanece cerrada
101126,BOE-A-2025-22543,OFICINA GENERAL DEL REGISTRO CIVIL DE LA PALMA DEL CONDADO.,OFICINA GENERAL DEL REGISTRO CIVIL DE LA PALMA DEL CONDADO.,PRE_FASE9_PENDIENTE_NORMALIZACION,Inventario para auditoría semántica posterior; FASE 8 permanece cerrada
101127,BOE-A-2025-22543,SERVICIO COMÚN DE TRAMITACIÓN.,SERVICIO COMÚN DE TRAMITACIÓN.,PRE_FASE9_PENDIENTE_NORMALIZACION,Inventario para auditoría semántica posterior; FASE 8 permanece cerrada
101128,BOE-A-2025-22543,OFICINA GENERAL DEL REGISTRO CIVIL DE VALVERDE DEL CAMINO.,OFICINA GENERAL DEL REGISTRO CIVIL DE VALVERDE DEL CAMINO.,PRE_FASE9_PENDIENTE_NORMALIZACION,Inventario para auditoría semántica posterior; FASE 8 permanece cerrada
101129,BOE-A-2025-22543,SERVICIO COMÚN DE TRAMITACIÓN.,SERVICIO COMÚN DE TRAMITACIÓN.,PRE_FASE9_PENDIENTE_NORMALIZACION,Inventario para auditoría semántica posterior; FASE 8 permanece cerrada
101130,BOE-A-2025-22543,SERVICIO COMÚN DE TRAMITACIÓN.,SERVICIO COMÚN DE TRAMITACIÓN.,PRE_FASE9_PENDIENTE_NORMALIZACION,Inventario para auditoría semántica posterior; FASE 8 permanece cerrada
101131,BOE-A-2025-22543,SERVICIO COMÚN DE TRAMITACIÓN.,SERVICIO COMÚN DE TRAMITACIÓN.,PRE_FASE9_PENDIENTE_NORMALIZACION,Inventario para auditoría semántica posterior; FASE 8 permanece cerrada
101132,BOE-A-2025-22543,SERVICIO COMÚN DE TRAMITACIÓN.,SERVICIO COMÚN DE TRAMITACIÓN.,PRE_FASE9_PENDIENTE_NORMALIZACION,Inventario para auditoría semántica posterior; FASE 8 permanece cerrada
101133,BOE-A-2025-22543,SERVICIO COMÚN DE TRAMITACIÓN.,SERVICIO COMÚN DE TRAMITACIÓN.,PRE_FASE9_PENDIENTE_NORMALIZACION,Inventario para auditoría semántica posterior; FASE 8 permanece cerrada
101134,BOE-A-2025-22543,SERVICIO COMÚN DE TRAMITACIÓN.,SERVICIO COMÚN DE TRAMITACIÓN.,PRE_FASE9_PENDIENTE_NORMALIZACION,Inventario para auditoría semántica posterior; FASE 8 permanece cerrada
101135,BOE-A-2025-22543,OFICINA GENERAL DEL REGISTRO CIVIL DE UBEDA.,OFICINA GENERAL DEL REGISTRO CIVIL DE UBEDA.,PRE_FASE9_PENDIENTE_NORMALIZACION,Inventario para auditoría semántica posterior; FASE 8 permanece cerrada
101136,BOE-A-2025-22543,SERVICIO COMÚN DE TRAMITACIÓN.,SERVICIO COMÚN DE TRAMITACIÓN.,PRE_FASE9_PENDIENTE_NORMALIZACION,Inventario para auditoría semántica posterior; FASE 8 permanece cerrada
101137,BOE-A-2025-22543,OFICINA GENERAL DEL REGISTRO CIVIL DE ANTEQUERA.,OFICINA GENERAL DEL REGISTRO CIVIL DE ANTEQUERA.,PRE_FASE9_PENDIENTE_NORMALIZACION,Inventario para auditoría semántica posterior; FASE 8 permanece cerrada
101138,BOE-A-2025-22543,SERVICIO COMÚN DE TRAMITACIÓN.,SERVICIO COMÚN DE TRAMITACIÓN.,PRE_FASE9_PENDIENTE_NORMALIZACION,Inventario para auditoría semántica posterior; FASE 8 permanece cerrada
101139,BOE-A-2025-22543,SERVICIO COMÚN DE TRAMITACIÓN.,SERVICIO COMÚN DE TRAMITACIÓN.,PRE_FASE9_PENDIENTE_NORMALIZACION,Inventario para auditoría semántica posterior; FASE 8 permanece cerrada
101140,BOE-A-2025-22543,SERVICIO COMÚN DE TRAMITACIÓN.,SERVICIO COMÚN DE TRAMITACIÓN.,PRE_FASE9_PENDIENTE_NORMALIZACION,Inventario para auditoría semántica posterior; FASE 8 permanece cerrada
101141,BOE-A-2025-22543,SERVICIO COMÚN DE TRAMITACIÓN.,SERVICIO COMÚN DE TRAMITACIÓN.,PRE_FASE9_PENDIENTE_NORMALIZACION,Inventario para auditoría semántica posterior; FASE 8 permanece cerrada
101142,BOE-A-2025-22543,SERVICIO COMÚN DE TRAMITACIÓN.,SERVICIO COMÚN DE TRAMITACIÓN.,PRE_FASE9_PENDIENTE_NORMALIZACION,Inventario para auditoría semántica posterior; FASE 8 permanece cerrada
101143,BOE-A-2025-22543,SERVICIO COMÚN DE TRAMITACIÓN.,SERVICIO COMÚN DE TRAMITACIÓN.,PRE_FASE9_PENDIENTE_NORMALIZACION,Inventario para auditoría semántica posterior; FASE 8 permanece cerrada
101144,BOE-A-2025-22543,OFICINA GENERAL DEL REGISTRO CIVIL DE COÍN.,OFICINA GENERAL DEL REGISTRO CIVIL DE COÍN.,PRE_FASE9_PENDIENTE_NORMALIZACION,Inventario para auditoría semántica posterior; FASE 8 permanece cerrada
101145,BOE-A-2025-22543,SERVICIO COMÚN DE TRAMITACIÓN.,SERVICIO COMÚN DE TRAMITACIÓN.,PRE_FASE9_PENDIENTE_NORMALIZACION,Inventario para auditoría semántica posterior; FASE 8 permanece cerrada
101146,BOE-A-2025-22543,SERVICIO COMÚN DE TRAMITACIÓN.,SERVICIO COMÚN DE TRAMITACIÓN.,PRE_FASE9_PENDIENTE_NORMALIZACION,Inventario para auditoría semántica posterior; FASE 8 permanece cerrada
101147,BOE-A-2025-22543,SERVICIO COMÚN DE TRAMITACIÓN.,SERVICIO COMÚN DE TRAMITACIÓN.,PRE_FASE9_PENDIENTE_NORMALIZACION,Inventario para auditoría semántica posterior; FASE 8 permanece cerrada
101148,BOE-A-2025-22543,SERVICIO COMÚN DE TRAMITACIÓN.,SERVICIO COMÚN DE TRAMITACIÓN.,PRE_FASE9_PENDIENTE_NORMALIZACION,Inventario para auditoría semántica posterior; FASE 8 permanece cerrada
101149,BOE-A-2025-22543,SERVICIO COMÚN DE EJECUCIÓN.,SERVICIO COMÚN DE EJECUCIÓN.,PRE_FASE9_PENDIENTE_NORMALIZACION,Inventario para auditoría semántica posterior; FASE 8 permanece cerrada
101150,BOE-A-2025-22543,SERVICIO COMÚN DE EJECUCIÓN.,SERVICIO COMÚN DE EJECUCIÓN.,PRE_FASE9_PENDIENTE_NORMALIZACION,Inventario para auditoría semántica posterior; FASE 8 permanece cerrada
101151,BOE-A-2025-22543,OFICINA GENERAL DEL REGISTRO CIVIL DE ESTEPONA.,OFICINA GENERAL DEL REGISTRO CIVIL DE ESTEPONA.,PRE_FASE9_PENDIENTE_NORMALIZACION,Inventario para auditoría semántica posterior; FASE 8 permanece cerrada
101152,BOE-A-2025-22543,OFICINA GENERAL DEL REGISTRO CIVIL DE ESTEPONA.,OFICINA GENERAL DEL REGISTRO CIVIL DE ESTEPONA.,PRE_FASE9_PENDIENTE_NORMALIZACION,Inventario para auditoría semántica posterior; FASE 8 permanece cerrada
101153,BOE-A-2025-22543,OFICINA GENERAL DEL REGISTRO CIVIL DE ESTEPONA.,OFICINA GENERAL DEL REGISTRO CIVIL DE ESTEPONA.,PRE_FASE9_PENDIENTE_NORMALIZACION,Inventario para auditoría semántica posterior; FASE 8 permanece cerrada
101154,BOE-A-2025-22543,SERVICIO COMÚN DE TRAMITACIÓN.,SERVICIO COMÚN DE TRAMITACIÓN.,PRE_FASE9_PENDIENTE_NORMALIZACION,Inventario para auditoría semántica posterior; FASE 8 permanece cerrada
101155,BOE-A-2025-22543,SERVICIO COMÚN DE TRAMITACIÓN.,SERVICIO COMÚN DE TRAMITACIÓN.,PRE_FASE9_PENDIENTE_NORMALIZACION,Inventario para auditoría semántica posterior; FASE 8 permanece cerrada
101156,BOE-A-2025-22543,SERVICIO COMÚN DE TRAMITACIÓN.,SERVICIO COMÚN DE TRAMITACIÓN.,PRE_FASE9_PENDIENTE_NORMALIZACION,Inventario para auditoría semántica posterior; FASE 8 permanece cerrada
101157,BOE-A-2025-22543,SERVICIO COMÚN DE TRAMITACIÓN.,SERVICIO COMÚN DE TRAMITACIÓN.,PRE_FASE9_PENDIENTE_NORMALIZACION,Inventario para auditoría semántica posterior; FASE 8 permanece cerrada
101158,BOE-A-2025-22543,SERVICIO COMÚN DE TRAMITACIÓN.,SERVICIO COMÚN DE TRAMITACIÓN.,PRE_FASE9_PENDIENTE_NORMALIZACION,Inventario para auditoría semántica posterior; FASE 8 permanece cerrada
101159,BOE-A-2025-22543,SERVICIO COMÚN DE TRAMITACIÓN.,SERVICIO COMÚN DE TRAMITACIÓN.,PRE_FASE9_PENDIENTE_NORMALIZACION,Inventario para auditoría semántica posterior; FASE 8 permanece cerrada
101160,BOE-A-2025-22543,SERVICIO COMÚN DE TRAMITACIÓN.,SERVICIO COMÚN DE TRAMITACIÓN.,PRE_FASE9_PENDIENTE_NORMALIZACION,Inventario para auditoría semántica posterior; FASE 8 permanece cerrada
101161,BOE-A-2025-22543,SERVICIO COMÚN DE TRAMITACIÓN.,SERVICIO COMÚN DE TRAMITACIÓN.,PRE_FASE9_PENDIENTE_NORMALIZACION,Inventario para auditoría semántica posterior; FASE 8 permanece cerrada
101162,BOE-A-2025-22543,SERVICIO COMÚN DE TRAMITACIÓN.,SERVICIO COMÚN DE TRAMITACIÓN.,PRE_FASE9_PENDIENTE_NORMALIZACION,Inventario para auditoría semántica posterior; FASE 8 permanece cerrada
101163,BOE-A-2025-22543,SERVICIO COMÚN DE TRAMITACIÓN.,SERVICIO COMÚN DE TRAMITACIÓN.,PRE_FASE9_PENDIENTE_NORMALIZACION,Inventario para auditoría semántica posterior; FASE 8 permanece cerrada
101164,BOE-A-2025-22543,SERVICIO COMÚN DE TRAMITACIÓN.,SERVICIO COMÚN DE TRAMITACIÓN.,PRE_FASE9_PENDIENTE_NORMALIZACION,Inventario para auditoría semántica posterior; FASE 8 permanece cerrada
101165,BOE-A-2025-22543,SERVICIO COMÚN DE TRAMITACIÓN.,SERVICIO COMÚN DE TRAMITACIÓN.,PRE_FASE9_PENDIENTE_NORMALIZACION,Inventario para auditoría semántica posterior; FASE 8 permanece cerrada
101166,BOE-A-2025-22543,SERVICIO COMÚN DE TRAMITACIÓN.,SERVICIO COMÚN DE TRAMITACIÓN.,PRE_FASE9_PENDIENTE_NORMALIZACION,Inventario para auditoría semántica posterior; FASE 8 permanece cerrada
101167,BOE-A-2025-22543,SERVICIO COMÚN DE TRAMITACIÓN.,SERVICIO COMÚN DE TRAMITACIÓN.,PRE_FASE9_PENDIENTE_NORMALIZACION,Inventario para auditoría semántica posterior; FASE 8 permanece cerrada
101168,BOE-A-2025-22543,SERVICIO COMÚN GENERAL.,SERVICIO COMÚN GENERAL.,PRE_FASE9_PENDIENTE_NORMALIZACION,Inventario para auditoría semántica posterior; FASE 8 permanece cerrada
101169,BOE-A-2025-22543,OFICINA GENERAL DEL REGISTRO CIVIL DE VÉLEZ-MÁLAGA.,OFICINA GENERAL DEL REGISTRO CIVIL DE VÉLEZ-MÁLAGA.,PRE_FASE9_PENDIENTE_NORMALIZACION,Inventario para auditoría semántica posterior; FASE 8 permanece cerrada
101170,BOE-A-2025-22543,OFICINA GENERAL DEL REGISTRO CIVIL DE VÉLEZ-MÁLAGA.,OFICINA GENERAL DEL REGISTRO CIVIL DE VÉLEZ-MÁLAGA.,PRE_FASE9_PENDIENTE_NORMALIZACION,Inventario para auditoría semántica posterior; FASE 8 permanece cerrada
101171,BOE-A-2025-22543,SERVICIO COMÚN DE TRAMITACIÓN.,SERVICIO COMÚN DE TRAMITACIÓN.,PRE_FASE9_PENDIENTE_NORMALIZACION,Inventario para auditoría semántica posterior; FASE 8 permanece cerrada
101172,BOE-A-2025-22543,OFICINA GENERAL DEL REGISTRO CIVIL DE ALCALÁ DE GUADAÍRA.,OFICINA GENERAL DEL REGISTRO CIVIL DE ALCALÁ DE GUADAÍRA.,PRE_FASE9_PENDIENTE_NORMALIZACION,Inventario para auditoría semántica posterior; FASE 8 permanece cerrada
101173,BOE-A-2025-22543,SERVICIO COMÚN DE TRAMITACIÓN.,SERVICIO COMÚN DE TRAMITACIÓN.,PRE_FASE9_PENDIENTE_NORMALIZACION,Inventario para auditoría semántica posterior; FASE 8 permanece cerrada
101174,BOE-A-2025-22543,SERVICIO COMÚN DE TRAMITACIÓN.,SERVICIO COMÚN DE TRAMITACIÓN.,PRE_FASE9_PENDIENTE_NORMALIZACION,Inventario para auditoría semántica posterior; FASE 8 permanece cerrada
101175,BOE-A-2025-22543,SERVICIO COMÚN DE TRAMITACIÓN.,SERVICIO COMÚN DE TRAMITACIÓN.,PRE_FASE9_PENDIENTE_NORMALIZACION,Inventario para auditoría semántica posterior; FASE 8 permanece cerrada
101176,BOE-A-2025-22543,SERVICIO COMÚN DE TRAMITACIÓN.,SERVICIO COMÚN DE TRAMITACIÓN.,PRE_FASE9_PENDIENTE_NORMALIZACION,Inventario para auditoría semántica posterior; FASE 8 permanece cerrada
101177,BOE-A-2025-22543,SERVICIO COMÚN DE TRAMITACIÓN.,SERVICIO COMÚN DE TRAMITACIÓN.,PRE_FASE9_PENDIENTE_NORMALIZACION,Inventario para auditoría semántica posterior; FASE 8 permanece cerrada
101178,BOE-A-2025-22543,SERVICIO COMÚN DE TRAMITACIÓN.,SERVICIO COMÚN DE TRAMITACIÓN.,PRE_FASE9_PENDIENTE_NORMALIZACION,Inventario para auditoría semántica posterior; FASE 8 permanece cerrada
101179,BOE-A-2025-22543,OFICINA GENERAL DEL REGISTRO CIVIL DE CAZALLA DE LA SIERRA.,OFICINA GENERAL DEL REGISTRO CIVIL DE CAZALLA DE LA SIERRA.,PRE_FASE9_PENDIENTE_NORMALIZACION,Inventario para auditoría semántica posterior; FASE 8 permanece cerrada
101180,BOE-A-2025-22543,SERVICIO COMÚN DE TRAMITACIÓN.,SERVICIO COMÚN DE TRAMITACIÓN.,PRE_FASE9_PENDIENTE_NORMALIZACION,Inventario para auditoría semántica posterior; FASE 8 permanece cerrada
101181,BOE-A-2025-22543,SERVICIO COMÚN DE TRAMITACIÓN.,SERVICIO COMÚN DE TRAMITACIÓN.,PRE_FASE9_PENDIENTE_NORMALIZACION,Inventario para auditoría semántica posterior; FASE 8 permanece cerrada
101182,BOE-A-2025-22543,SERVICIO COMÚN DE TRAMITACIÓN.,SERVICIO COMÚN DE TRAMITACIÓN.,PRE_FASE9_PENDIENTE_NORMALIZACION,Inventario para auditoría semántica posterior; FASE 8 permanece cerrada
101183,BOE-A-2025-22543,OFICINA GENERAL DEL REGISTRO CIVIL DE ESTEPA.,OFICINA GENERAL DEL REGISTRO CIVIL DE ESTEPA.,PRE_FASE9_PENDIENTE_NORMALIZACION,Inventario para auditoría semántica posterior; FASE 8 permanece cerrada
101184,BOE-A-2025-22543,SERVICIO COMÚN DE TRAMITACIÓN.,SERVICIO COMÚN DE TRAMITACIÓN.,PRE_FASE9_PENDIENTE_NORMALIZACION,Inventario para auditoría semántica posterior; FASE 8 permanece cerrada
101185,BOE-A-2025-22543,SERVICIO COMÚN DE TRAMITACIÓN.,SERVICIO COMÚN DE TRAMITACIÓN.,PRE_FASE9_PENDIENTE_NORMALIZACION,Inventario para auditoría semántica posterior; FASE 8 permanece cerrada
101186,BOE-A-2025-22543,SERVICIO COMÚN DE TRAMITACIÓN.,SERVICIO COMÚN DE TRAMITACIÓN.,PRE_FASE9_PENDIENTE_NORMALIZACION,Inventario para auditoría semántica posterior; FASE 8 permanece cerrada
101187,BOE-A-2025-22543,SERVICIO COMÚN DE TRAMITACIÓN.,SERVICIO COMÚN DE TRAMITACIÓN.,PRE_FASE9_PENDIENTE_NORMALIZACION,Inventario para auditoría semántica posterior; FASE 8 permanece cerrada
101188,BOE-A-2025-22543,SERVICIO COMÚN DE TRAMITACIÓN.,SERVICIO COMÚN DE TRAMITACIÓN.,PRE_FASE9_PENDIENTE_NORMALIZACION,Inventario para auditoría semántica posterior; FASE 8 permanece cerrada
101189,BOE-A-2025-22543,OFICINA GENERAL DEL REGISTRO CIVIL DE LORA DEL RÍO.,OFICINA GENERAL DEL REGISTRO CIVIL DE LORA DEL RÍO.,PRE_FASE9_PENDIENTE_NORMALIZACION,Inventario para auditoría semántica posterior; FASE 8 permanece cerrada
101190,BOE-A-2025-22543,SERVICIO COMÚN DE TRAMITACIÓN.,SERVICIO COMÚN DE TRAMITACIÓN.,PRE_FASE9_PENDIENTE_NORMALIZACION,Inventario para auditoría semántica posterior; FASE 8 permanece cerrada
101191,BOE-A-2025-22543,SERVICIO COMÚN DE TRAMITACIÓN.,SERVICIO COMÚN DE TRAMITACIÓN.,PRE_FASE9_PENDIENTE_NORMALIZACION,Inventario para auditoría semántica posterior; FASE 8 permanece cerrada
101192,BOE-A-2025-22543,SERVICIO COMÚN DE TRAMITACIÓN.,SERVICIO COMÚN DE TRAMITACIÓN.,PRE_FASE9_PENDIENTE_NORMALIZACION,Inventario para auditoría semántica posterior; FASE 8 permanece cerrada
101193,BOE-A-2025-22543,SERVICIO COMÚN DE TRAMITACIÓN.,SERVICIO COMÚN DE TRAMITACIÓN.,PRE_FASE9_PENDIENTE_NORMALIZACION,Inventario para auditoría semántica posterior; FASE 8 permanece cerrada
101194,BOE-A-2025-22543,SERVICIO COMÚN DE TRAMITACIÓN.,SERVICIO COMÚN DE TRAMITACIÓN.,PRE_FASE9_PENDIENTE_NORMALIZACION,Inventario para auditoría semántica posterior; FASE 8 permanece cerrada
101195,BOE-A-2025-22543,SERVICIO COMÚN DE TRAMITACIÓN.,SERVICIO COMÚN DE TRAMITACIÓN.,PRE_FASE9_PENDIENTE_NORMALIZACION,Inventario para auditoría semántica posterior; FASE 8 permanece cerrada
101196,BOE-A-2025-22543,SERVICIO COMÚN DE TRAMITACIÓN.,SERVICIO COMÚN DE TRAMITACIÓN.,PRE_FASE9_PENDIENTE_NORMALIZACION,Inventario para auditoría semántica posterior; FASE 8 permanece cerrada
101197,BOE-A-2025-22543,SERVICIO COMÚN DE TRAMITACIÓN.,SERVICIO COMÚN DE TRAMITACIÓN.,PRE_FASE9_PENDIENTE_NORMALIZACION,Inventario para auditoría semántica posterior; FASE 8 permanece cerrada
101198,BOE-A-2025-22543,SERVICIO COMÚN DE TRAMITACIÓN.,SERVICIO COMÚN DE TRAMITACIÓN.,PRE_FASE9_PENDIENTE_NORMALIZACION,Inventario para auditoría semántica posterior; FASE 8 permanece cerrada
101199,BOE-A-2025-22543,SERVICIO COMÚN DE TRAMITACIÓN.,SERVICIO COMÚN DE TRAMITACIÓN.,PRE_FASE9_PENDIENTE_NORMALIZACION,Inventario para auditoría semántica posterior; FASE 8 permanece cerrada
101200,BOE-A-2025-22543,SERVICIO COMÚN DE TRAMITACIÓN.,SERVICIO COMÚN DE TRAMITACIÓN.,PRE_FASE9_PENDIENTE_NORMALIZACION,Inventario para auditoría semántica posterior; FASE 8 permanece cerrada
101201,BOE-A-2025-22543,SERVICIO COMÚN DE TRAMITACIÓN.,SERVICIO COMÚN DE TRAMITACIÓN.,PRE_FASE9_PENDIENTE_NORMALIZACION,Inventario para auditoría semántica posterior; FASE 8 permanece cerrada
101202,BOE-A-2025-22543,OFICINA DE JUSTICIA DE ALBOX.,OFICINA DE JUSTICIA DE ALBOX.,PRE_FASE9_PENDIENTE_NORMALIZACION,Inventario para auditoría semántica posterior; FASE 8 permanece cerrada
101203,BOE-A-2025-22543,SERVICIO COMÚN DE TRAMITACIÓN.,SERVICIO COMÚN DE TRAMITACIÓN.,PRE_FASE9_PENDIENTE_NORMALIZACION,Inventario para auditoría semántica posterior; FASE 8 permanece cerrada
101204,BOE-A-2025-22543,SERVICIO COMÚN DE TRAMITACIÓN.,SERVICIO COMÚN DE TRAMITACIÓN.,PRE_FASE9_PENDIENTE_NORMALIZACION,Inventario para auditoría semántica posterior; FASE 8 permanece cerrada
101205,BOE-A-2025-22543,SERVICIO COMÚN DE TRAMITACIÓN.,SERVICIO COMÚN DE TRAMITACIÓN.,PRE_FASE9_PENDIENTE_NORMALIZACION,Inventario para auditoría semántica posterior; FASE 8 permanece cerrada
101206,BOE-A-2025-22543,OFICINA GENERAL DEL REGISTRO CIVIL DE BERJA.,OFICINA GENERAL DEL REGISTRO CIVIL DE BERJA.,PRE_FASE9_PENDIENTE_NORMALIZACION,Inventario para auditoría semántica posterior; FASE 8 permanece cerrada
101207,BOE-A-2025-22543,OFICINA DE JUSTICIA DE CARBONERAS.,OFICINA DE JUSTICIA DE CARBONERAS.,PRE_FASE9_PENDIENTE_NORMALIZACION,Inventario para auditoría semántica posterior; FASE 8 permanece cerrada
101208,BOE-A-2025-22543,SERVICIO COMÚN GENERAL.,SERVICIO COMÚN GENERAL.,PRE_FASE9_PENDIENTE_NORMALIZACION,Inventario para auditoría semántica posterior; FASE 8 permanece cerrada
101209,BOE-A-2025-22543,SERVICIO COMÚN GENERAL.,SERVICIO COMÚN GENERAL.,PRE_FASE9_PENDIENTE_NORMALIZACION,Inventario para auditoría semántica posterior; FASE 8 permanece cerrada
101210,BOE-A-2025-22543,OFICINA DE JUSTICIA DE GARRUCHA.,OFICINA DE JUSTICIA DE GARRUCHA.,PRE_FASE9_PENDIENTE_NORMALIZACION,Inventario para auditoría semántica posterior; FASE 8 permanece cerrada
101211,BOE-A-2025-22543,SERVICIO COMÚN DE TRAMITACIÓN.,SERVICIO COMÚN DE TRAMITACIÓN.,PRE_FASE9_PENDIENTE_NORMALIZACION,Inventario para auditoría semántica posterior; FASE 8 permanece cerrada
101212,BOE-A-2025-22543,SERVICIO COMÚN DE TRAMITACIÓN.,SERVICIO COMÚN DE TRAMITACIÓN.,PRE_FASE9_PENDIENTE_NORMALIZACION,Inventario para auditoría semántica posterior; FASE 8 permanece cerrada
101213,BOE-A-2025-22543,OFICINA DE JUSTICIA DE MOJONERA.,OFICINA DE JUSTICIA DE MOJONERA.,PRE_FASE9_PENDIENTE_NORMALIZACION,Inventario para auditoría semántica posterior; FASE 8 permanece cerrada
101214,BOE-A-2025-22543,OFICINA DE JUSTICIA DE MOJACAR.,OFICINA DE JUSTICIA DE MOJACAR.,PRE_FASE9_PENDIENTE_NORMALIZACION,Inventario para auditoría semántica posterior; FASE 8 permanece cerrada
101215,BOE-A-2025-22543,SERVICIO COMÚN DE TRAMITACIÓN.,SERVICIO COMÚN DE TRAMITACIÓN.,PRE_FASE9_PENDIENTE_NORMALIZACION,Inventario para auditoría semántica posterior; FASE 8 permanece cerrada
101216,BOE-A-2025-22543,SERVICIO COMÚN GENERAL.,SERVICIO COMÚN GENERAL.,PRE_FASE9_PENDIENTE_NORMALIZACION,Inventario para auditoría semántica posterior; FASE 8 permanece cerrada
101217,BOE-A-2025-22543,SERVICIO COMÚN GENERAL.,SERVICIO COMÚN GENERAL.,PRE_FASE9_PENDIENTE_NORMALIZACION,Inventario para auditoría semántica posterior; FASE 8 permanece cerrada
101218,BOE-A-2025-22543,SERVICIO COMÚN GENERAL.,SERVICIO COMÚN GENERAL.,PRE_FASE9_PENDIENTE_NORMALIZACION,Inventario para auditoría semántica posterior; FASE 8 permanece cerrada
101219,BOE-A-2025-22543,OFICINA GENERAL DEL REGISTRO CIVIL DE ROQUETAS DE MAR.,OFICINA GENERAL DEL REGISTRO CIVIL DE ROQUETAS DE MAR.,PRE_FASE9_PENDIENTE_NORMALIZACION,Inventario para auditoría semántica posterior; FASE 8 permanece cerrada
101220,BOE-A-2025-22543,OFICINA GENERAL DEL REGISTRO CIVIL DE ROQUETAS DE MAR.,OFICINA GENERAL DEL REGISTRO CIVIL DE ROQUETAS DE MAR.,PRE_FASE9_PENDIENTE_NORMALIZACION,Inventario para auditoría semántica posterior; FASE 8 permanece cerrada
101221,BOE-A-2025-22543,SERVICIO COMÚN DE TRAMITACIÓN.,SERVICIO COMÚN DE TRAMITACIÓN.,PRE_FASE9_PENDIENTE_NORMALIZACION,Inventario para auditoría semántica posterior; FASE 8 permanece cerrada
101222,BOE-A-2025-22543,SERVICIO COMÚN DE TRAMITACIÓN.,SERVICIO COMÚN DE TRAMITACIÓN.,PRE_FASE9_PENDIENTE_NORMALIZACION,Inventario para auditoría semántica posterior; FASE 8 permanece cerrada
101223,BOE-A-2025-22543,SERVICIO COMÚN DE TRAMITACIÓN.,SERVICIO COMÚN DE TRAMITACIÓN.,PRE_FASE9_PENDIENTE_NORMALIZACION,Inventario para auditoría semántica posterior; FASE 8 permanece cerrada
101224,BOE-A-2025-22543,OFICINA GENERAL DEL REGISTRO CIVIL DE VERA.,OFICINA GENERAL DEL REGISTRO CIVIL DE VERA.,PRE_FASE9_PENDIENTE_NORMALIZACION,Inventario para auditoría semántica posterior; FASE 8 permanece cerrada
101225,BOE-A-2025-22543,SERVICIO COMÚN DE TRAMITACIÓN.,SERVICIO COMÚN DE TRAMITACIÓN.,PRE_FASE9_PENDIENTE_NORMALIZACION,Inventario para auditoría semántica posterior; FASE 8 permanece cerrada
101226,BOE-A-2025-22543,SERVICIO COMÚN DE TRAMITACIÓN.,SERVICIO COMÚN DE TRAMITACIÓN.,PRE_FASE9_PENDIENTE_NORMALIZACION,Inventario para auditoría semántica posterior; FASE 8 permanece cerrada
101227,BOE-A-2025-22543,SERVICIO COMÚN DE TRAMITACIÓN.,SERVICIO COMÚN DE TRAMITACIÓN.,PRE_FASE9_PENDIENTE_NORMALIZACION,Inventario para auditoría semántica posterior; FASE 8 permanece cerrada
101228,BOE-A-2025-22543,SERVICIO COMÚN DE TRAMITACIÓN.,SERVICIO COMÚN DE TRAMITACIÓN.,PRE_FASE9_PENDIENTE_NORMALIZACION,Inventario para auditoría semántica posterior; FASE 8 permanece cerrada
101229,BOE-A-2025-22543,SERVICIO COMÚN DE TRAMITACIÓN.,SERVICIO COMÚN DE TRAMITACIÓN.,PRE_FASE9_PENDIENTE_NORMALIZACION,Inventario para auditoría semántica posterior; FASE 8 permanece cerrada
101230,BOE-A-2025-22543,OFICINA GENERAL DEL REGISTRO CIVIL DE BARBATE.,OFICINA GENERAL DEL REGISTRO CIVIL DE BARBATE.,PRE_FASE9_PENDIENTE_NORMALIZACION,Inventario para auditoría semántica posterior; FASE 8 permanece cerrada
101231,BOE-A-2025-22543,OFICINA DE JUSTICIA DE BENALUP-CASAS VIEJAS.,OFICINA DE JUSTICIA DE BENALUP-CASAS VIEJAS.,PRE_FASE9_PENDIENTE_NORMALIZACION,Inventario para auditoría semántica posterior; FASE 8 permanece cerrada
101232,BOE-A-2025-22543,OFICINA DE JUSTICIA DE BORNOS.,OFICINA DE JUSTICIA DE BORNOS.,PRE_FASE9_PENDIENTE_NORMALIZACION,Inventario para auditoría semántica posterior; FASE 8 permanece cerrada
101233,BOE-A-2025-22543,SERVICIO COMÚN GENERAL.,SERVICIO COMÚN GENERAL.,PRE_FASE9_PENDIENTE_NORMALIZACION,Inventario para auditoría semántica posterior; FASE 8 permanece cerrada
101234,BOE-A-2025-22543,SERVICIO COMÚN GENERAL.,SERVICIO COMÚN GENERAL.,PRE_FASE9_PENDIENTE_NORMALIZACION,Inventario para auditoría semántica posterior; FASE 8 permanece cerrada
101235,BOE-A-2025-22543,SERVICIO COMÚN GENERAL.,SERVICIO COMÚN GENERAL.,PRE_FASE9_PENDIENTE_NORMALIZACION,Inventario para auditoría semántica posterior; FASE 8 permanece cerrada
101236,BOE-A-2025-22543,OFICINA GENERAL DEL REGISTRO CIVIL DE CHICLANA DE LA FRONTERA.,OFICINA GENERAL DEL REGISTRO CIVIL DE CHICLANA DE LA FRONTERA.,PRE_FASE9_PENDIENTE_NORMALIZACION,Inventario para auditoría semántica posterior; FASE 8 permanece cerrada
101237,BOE-A-2025-22543,SERVICIO COMÚN GENERAL.,SERVICIO COMÚN GENERAL.,PRE_FASE9_PENDIENTE_NORMALIZACION,Inventario para auditoría semántica posterior; FASE 8 permanece cerrada
101238,BOE-A-2025-22543,SERVICIO COMÚN GENERAL.,SERVICIO COMÚN GENERAL.,PRE_FASE9_PENDIENTE_NORMALIZACION,Inventario para auditoría semántica posterior; FASE 8 permanece cerrada
101239,BOE-A-2025-22543,SERVICIO COMÚN GENERAL.,SERVICIO COMÚN GENERAL.,PRE_FASE9_PENDIENTE_NORMALIZACION,Inventario para auditoría semántica posterior; FASE 8 permanece cerrada
101240,BOE-A-2025-22543,SERVICIO COMÚN GENERAL.,SERVICIO COMÚN GENERAL.,PRE_FASE9_PENDIENTE_NORMALIZACION,Inventario para auditoría semántica posterior; FASE 8 permanece cerrada
101241,BOE-A-2025-22543,OFICINA GENERAL DEL REGISTRO CIVIL DE LA LINEA DE LA CONCEPCION.,OFICINA GENERAL DEL REGISTRO CIVIL DE LA LINEA DE LA CONCEPCION.,PRE_FASE9_PENDIENTE_NORMALIZACION,Inventario para auditoría semántica posterior; FASE 8 permanece cerrada
101242,BOE-A-2025-22543,OFICINA GENERAL DEL REGISTRO CIVIL DE LA LINEA DE LA CONCEPCION.,OFICINA GENERAL DEL REGISTRO CIVIL DE LA LINEA DE LA CONCEPCION.,PRE_FASE9_PENDIENTE_NORMALIZACION,Inventario para auditoría semántica posterior; FASE 8 permanece cerrada
101243,BOE-A-2025-22543,OFICINA DE JUSTICIA DE MEDINA SIDONIA.,OFICINA DE JUSTICIA DE MEDINA SIDONIA.,PRE_FASE9_PENDIENTE_NORMALIZACION,Inventario para auditoría semántica posterior; FASE 8 permanece cerrada
101244,BOE-A-2025-22543,SERVICIO COMÚN DE TRAMITACIÓN.,SERVICIO COMÚN DE TRAMITACIÓN.,PRE_FASE9_PENDIENTE_NORMALIZACION,Inventario para auditoría semántica posterior; FASE 8 permanece cerrada
101245,BOE-A-2025-22543,OFICINA GENERAL DEL REGISTRO CIVIL DE PUERTO REAL.,OFICINA GENERAL DEL REGISTRO CIVIL DE PUERTO REAL.,PRE_FASE9_PENDIENTE_NORMALIZACION,Inventario para auditoría semántica posterior; FASE 8 permanece cerrada
101246,BOE-A-2025-22543,OFICINA DE JUSTICIA DE PUERTO SERRANO.,OFICINA DE JUSTICIA DE PUERTO SERRANO.,PRE_FASE9_PENDIENTE_NORMALIZACION,Inventario para auditoría semántica posterior; FASE 8 permanece cerrada
101247,BOE-A-2025-22543,SERVICIO COMÚN DE TRAMITACIÓN.,SERVICIO COMÚN DE TRAMITACIÓN.,PRE_FASE9_PENDIENTE_NORMALIZACION,Inventario para auditoría semántica posterior; FASE 8 permanece cerrada
101248,BOE-A-2025-22543,SERVICIO COMÚN DE TRAMITACIÓN.,SERVICIO COMÚN DE TRAMITACIÓN.,PRE_FASE9_PENDIENTE_NORMALIZACION,Inventario para auditoría semántica posterior; FASE 8 permanece cerrada
101249,BOE-A-2025-22543,SERVICIO COMÚN DE TRAMITACIÓN.,SERVICIO COMÚN DE TRAMITACIÓN.,PRE_FASE9_PENDIENTE_NORMALIZACION,Inventario para auditoría semántica posterior; FASE 8 permanece cerrada
101250,BOE-A-2025-22543,SERVICIO COMÚN DE TRAMITACIÓN.,SERVICIO COMÚN DE TRAMITACIÓN.,PRE_FASE9_PENDIENTE_NORMALIZACION,Inventario para auditoría semántica posterior; FASE 8 permanece cerrada
101251,BOE-A-2025-22543,SERVICIO COMÚN DE TRAMITACIÓN.,SERVICIO COMÚN DE TRAMITACIÓN.,PRE_FASE9_PENDIENTE_NORMALIZACION,Inventario para auditoría semántica posterior; FASE 8 permanece cerrada
101252,BOE-A-2025-22543,SERVICIO COMÚN DE TRAMITACIÓN.,SERVICIO COMÚN DE TRAMITACIÓN.,PRE_FASE9_PENDIENTE_NORMALIZACION,Inventario para auditoría semántica posterior; FASE 8 permanece cerrada
101253,BOE-A-2025-22543,OFICINA GENERAL DEL REGISTRO CIVIL DE SAN ROQUE.,OFICINA GENERAL DEL REGISTRO CIVIL DE SAN ROQUE.,PRE_FASE9_PENDIENTE_NORMALIZACION,Inventario para auditoría semántica posterior; FASE 8 permanece cerrada
101254,BOE-A-2025-22543,OFICINA GENERAL DEL REGISTRO CIVIL DE UBRIQUE.,OFICINA GENERAL DEL REGISTRO CIVIL DE UBRIQUE.,PRE_FASE9_PENDIENTE_NORMALIZACION,Inventario para auditoría semántica posterior; FASE 8 permanece cerrada
101255,BOE-A-2025-22543,OFICINA DE JUSTICIA DE VILLAMARTIN.,OFICINA DE JUSTICIA DE VILLAMARTIN.,PRE_FASE9_PENDIENTE_NORMALIZACION,Inventario para auditoría semántica posterior; FASE 8 permanece cerrada
101256,BOE-A-2025-22543,SERVICIO COMÚN DE TRAMITACIÓN.,SERVICIO COMÚN DE TRAMITACIÓN.,PRE_FASE9_PENDIENTE_NORMALIZACION,Inventario para auditoría semántica posterior; FASE 8 permanece cerrada
101257,BOE-A-2025-22543,OFICINA GENERAL DEL REGISTRO CIVIL DE BAENA.,OFICINA GENERAL DEL REGISTRO CIVIL DE BAENA.,PRE_FASE9_PENDIENTE_NORMALIZACION,Inventario para auditoría semántica posterior; FASE 8 permanece cerrada
101258,BOE-A-2025-22543,SERVICIO COMÚN DE TRAMITACIÓN.,SERVICIO COMÚN DE TRAMITACIÓN.,PRE_FASE9_PENDIENTE_NORMALIZACION,Inventario para auditoría semántica posterior; FASE 8 permanece cerrada
101259,BOE-A-2025-22543,OFICINA DE JUSTICIA DE FUENTE PALMERA.,OFICINA DE JUSTICIA DE FUENTE PALMERA.,PRE_FASE9_PENDIENTE_NORMALIZACION,Inventario para auditoría semántica posterior; FASE 8 permanece cerrada
101260,BOE-A-2025-22543,SERVICIO COMÚN DE TRAMITACIÓN.,SERVICIO COMÚN DE TRAMITACIÓN.,PRE_FASE9_PENDIENTE_NORMALIZACION,Inventario para auditoría semántica posterior; FASE 8 permanece cerrada
101261,BOE-A-2025-22543,SERVICIO COMÚN DE TRAMITACIÓN.,SERVICIO COMÚN DE TRAMITACIÓN.,PRE_FASE9_PENDIENTE_NORMALIZACION,Inventario para auditoría semántica posterior; FASE 8 permanece cerrada
101262,BOE-A-2025-22543,SERVICIO COMÚN DE TRAMITACIÓN.,SERVICIO COMÚN DE TRAMITACIÓN.,PRE_FASE9_PENDIENTE_NORMALIZACION,Inventario para auditoría semántica posterior; FASE 8 permanece cerrada
101263,BOE-A-2025-22543,OFICINA GENERAL DEL REGISTRO CIVIL DE LUCENA.,OFICINA GENERAL DEL REGISTRO CIVIL DE LUCENA.,PRE_FASE9_PENDIENTE_NORMALIZACION,Inventario para auditoría semántica posterior; FASE 8 permanece cerrada
101264,BOE-A-2025-22543,SERVICIO COMÚN DE TRAMITACIÓN.,SERVICIO COMÚN DE TRAMITACIÓN.,PRE_FASE9_PENDIENTE_NORMALIZACION,Inventario para auditoría semántica posterior; FASE 8 permanece cerrada
101265,BOE-A-2025-22543,SERVICIO COMÚN DE TRAMITACIÓN.,SERVICIO COMÚN DE TRAMITACIÓN.,PRE_FASE9_PENDIENTE_NORMALIZACION,Inventario para auditoría semántica posterior; FASE 8 permanece cerrada
101266,BOE-A-2025-22543,SERVICIO COMÚN DE TRAMITACIÓN.,SERVICIO COMÚN DE TRAMITACIÓN.,PRE_FASE9_PENDIENTE_NORMALIZACION,Inventario para auditoría semántica posterior; FASE 8 permanece cerrada
101267,BOE-A-2025-22543,OFICINA GENERAL DEL REGISTRO CIVIL DE PEÑARROYA-PUEBLONUEVO.,OFICINA GENERAL DEL REGISTRO CIVIL DE PEÑARROYA-PUEBLONUEVO.,PRE_FASE9_PENDIENTE_NORMALIZACION,Inventario para auditoría semántica posterior; FASE 8 permanece cerrada
101268,BOE-A-2025-22543,SERVICIO COMÚN DE TRAMITACIÓN.,SERVICIO COMÚN DE TRAMITACIÓN.,PRE_FASE9_PENDIENTE_NORMALIZACION,Inventario para auditoría semántica posterior; FASE 8 permanece cerrada
101269,BOE-A-2025-22543,SERVICIO COMÚN DE TRAMITACIÓN.,SERVICIO COMÚN DE TRAMITACIÓN.,PRE_FASE9_PENDIENTE_NORMALIZACION,Inventario para auditoría semántica posterior; FASE 8 permanece cerrada
101270,BOE-A-2025-22543,SERVICIO COMÚN DE TRAMITACIÓN.,SERVICIO COMÚN DE TRAMITACIÓN.,PRE_FASE9_PENDIENTE_NORMALIZACION,Inventario para auditoría semántica posterior; FASE 8 permanece cerrada
101271,BOE-A-2025-22543,OFICINA GENERAL DEL REGISTRO CIVIL DE POZOBLANCO.,OFICINA GENERAL DEL REGISTRO CIVIL DE POZOBLANCO.,PRE_FASE9_PENDIENTE_NORMALIZACION,Inventario para auditoría semántica posterior; FASE 8 permanece cerrada
101272,BOE-A-2025-22543,SERVICIO COMÚN DE TRAMITACIÓN.,SERVICIO COMÚN DE TRAMITACIÓN.,PRE_FASE9_PENDIENTE_NORMALIZACION,Inventario para auditoría semántica posterior; FASE 8 permanece cerrada
101273,BOE-A-2025-22543,OFICINA DE JUSTICIA DE RUTE.,OFICINA DE JUSTICIA DE RUTE.,PRE_FASE9_PENDIENTE_NORMALIZACION,Inventario para auditoría semántica posterior; FASE 8 permanece cerrada
101274,BOE-A-2025-22543,OFICINA DE JUSTICIA DE VILLANUEVA DE CORDOBA.,OFICINA DE JUSTICIA DE VILLANUEVA DE CORDOBA.,PRE_FASE9_PENDIENTE_NORMALIZACION,Inventario para auditoría semántica posterior; FASE 8 permanece cerrada
101275,BOE-A-2025-22543,OFICINA DE JUSTICIA DE ALHAMA DE GRANADA.,OFICINA DE JUSTICIA DE ALHAMA DE GRANADA.,PRE_FASE9_PENDIENTE_NORMALIZACION,Inventario para auditoría semántica posterior; FASE 8 permanece cerrada
101276,BOE-A-2025-22543,SERVICIO COMÚN DE TRAMITACIÓN.,SERVICIO COMÚN DE TRAMITACIÓN.,PRE_FASE9_PENDIENTE_NORMALIZACION,Inventario para auditoría semántica posterior; FASE 8 permanece cerrada
101277,BOE-A-2025-22543,SERVICIO COMÚN DE TRAMITACIÓN.,SERVICIO COMÚN DE TRAMITACIÓN.,PRE_FASE9_PENDIENTE_NORMALIZACION,Inventario para auditoría semántica posterior; FASE 8 permanece cerrada
101278,BOE-A-2025-22543,OFICINA GENERAL DEL REGISTRO CIVIL DE ALMUÑECAR.,OFICINA GENERAL DEL REGISTRO CIVIL DE ALMUÑECAR.,PRE_FASE9_PENDIENTE_NORMALIZACION,Inventario para auditoría semántica posterior; FASE 8 permanece cerrada
101279,BOE-A-2025-22543,SERVICIO COMÚN DE TRAMITACIÓN.,SERVICIO COMÚN DE TRAMITACIÓN.,PRE_FASE9_PENDIENTE_NORMALIZACION,Inventario para auditoría semántica posterior; FASE 8 permanece cerrada
101280,BOE-A-2025-22543,OFICINA GENERAL DEL REGISTRO CIVIL DE GUADIX.,OFICINA GENERAL DEL REGISTRO CIVIL DE GUADIX.,PRE_FASE9_PENDIENTE_NORMALIZACION,Inventario para auditoría semántica posterior; FASE 8 permanece cerrada
101281,BOE-A-2025-22543,OFICINA DE JUSTICIA DE HUETOR TAJAR.,OFICINA DE JUSTICIA DE HUETOR TAJAR.,PRE_FASE9_PENDIENTE_NORMALIZACION,Inventario para auditoría semántica posterior; FASE 8 permanece cerrada
101282,BOE-A-2025-22543,SERVICIO COMÚN DE TRAMITACIÓN.,SERVICIO COMÚN DE TRAMITACIÓN.,PRE_FASE9_PENDIENTE_NORMALIZACION,Inventario para auditoría semántica posterior; FASE 8 permanece cerrada
101283,BOE-A-2025-22543,SERVICIO COMÚN DE TRAMITACIÓN.,SERVICIO COMÚN DE TRAMITACIÓN.,PRE_FASE9_PENDIENTE_NORMALIZACION,Inventario para auditoría semántica posterior; FASE 8 permanece cerrada
101284,BOE-A-2025-22543,OFICINA GENERAL DEL REGISTRO CIVIL DE LOJA.,OFICINA GENERAL DEL REGISTRO CIVIL DE LOJA.,PRE_FASE9_PENDIENTE_NORMALIZACION,Inventario para auditoría semántica posterior; FASE 8 permanece cerrada
101285,BOE-A-2025-22543,OFICINA DE JUSTICIA DE MONTEFRIO.,OFICINA DE JUSTICIA DE MONTEFRIO.,PRE_FASE9_PENDIENTE_NORMALIZACION,Inventario para auditoría semántica posterior; FASE 8 permanece cerrada
101286,BOE-A-2025-22543,OFICINA GENERAL DEL REGISTRO CIVIL DE SANTA FE.,OFICINA GENERAL DEL REGISTRO CIVIL DE SANTA FE.,PRE_FASE9_PENDIENTE_NORMALIZACION,Inventario para auditoría semántica posterior; FASE 8 permanece cerrada
101287,BOE-A-2025-22543,SERVICIO COMÚN DE TRAMITACIÓN.,SERVICIO COMÚN DE TRAMITACIÓN.,PRE_FASE9_PENDIENTE_NORMALIZACION,Inventario para auditoría semántica posterior; FASE 8 permanece cerrada
101288,BOE-A-2025-22543,SERVICIO COMÚN DE TRAMITACIÓN.,SERVICIO COMÚN DE TRAMITACIÓN.,PRE_FASE9_PENDIENTE_NORMALIZACION,Inventario para auditoría semántica posterior; FASE 8 permanece cerrada
101289,BOE-A-2025-22543,SERVICIO COMÚN DE TRAMITACIÓN.,SERVICIO COMÚN DE TRAMITACIÓN.,PRE_FASE9_PENDIENTE_NORMALIZACION,Inventario para auditoría semántica posterior; FASE 8 permanece cerrada
101290,BOE-A-2025-22543,SERVICIO COMÚN DE TRAMITACIÓN.,SERVICIO COMÚN DE TRAMITACIÓN.,PRE_FASE9_PENDIENTE_NORMALIZACION,Inventario para auditoría semántica posterior; FASE 8 permanece cerrada
101291,BOE-A-2025-22543,SERVICIO COMÚN GENERAL.,SERVICIO COMÚN GENERAL.,PRE_FASE9_PENDIENTE_NORMALIZACION,Inventario para auditoría semántica posterior; FASE 8 permanece cerrada
101292,BOE-A-2025-22543,SERVICIO COMÚN GENERAL.,SERVICIO COMÚN GENERAL.,PRE_FASE9_PENDIENTE_NORMALIZACION,Inventario para auditoría semántica posterior; FASE 8 permanece cerrada
101293,BOE-A-2025-22543,SERVICIO COMÚN GENERAL.,SERVICIO COMÚN GENERAL.,PRE_FASE9_PENDIENTE_NORMALIZACION,Inventario para auditoría semántica posterior; FASE 8 permanece cerrada
101294,BOE-A-2025-22543,SERVICIO COMÚN GENERAL.,SERVICIO COMÚN GENERAL.,PRE_FASE9_PENDIENTE_NORMALIZACION,Inventario para auditoría semántica posterior; FASE 8 permanece cerrada
101295,BOE-A-2025-22543,SERVICIO COMÚN GENERAL.,SERVICIO COMÚN GENERAL.,PRE_FASE9_PENDIENTE_NORMALIZACION,Inventario para auditoría semántica posterior; FASE 8 permanece cerrada
101296,BOE-A-2025-22543,SERVICIO COMÚN GENERAL.,SERVICIO COMÚN GENERAL.,PRE_FASE9_PENDIENTE_NORMALIZACION,Inventario para auditoría semántica posterior; FASE 8 permanece cerrada
101297,BOE-A-2025-22543,OFICINA GENERAL DEL REGISTRO CIVIL DE AYAMONTE.,OFICINA GENERAL DEL REGISTRO CIVIL DE AYAMONTE.,PRE_FASE9_PENDIENTE_NORMALIZACION,Inventario para auditoría semántica posterior; FASE 8 permanece cerrada
101298,BOE-A-2025-22543,OFICINA DE JUSTICIA DE BOLLULLOS PAR DEL CONDADO.,OFICINA DE JUSTICIA DE BOLLULLOS PAR DEL CONDADO.,PRE_FASE9_PENDIENTE_NORMALIZACION,Inventario para auditoría semántica posterior; FASE 8 permanece cerrada
101299,BOE-A-2025-22543,OFICINA DE JUSTICIA DE LEPE.,OFICINA DE JUSTICIA DE LEPE.,PRE_FASE9_PENDIENTE_NORMALIZACION,Inventario para auditoría semántica posterior; FASE 8 permanece cerrada
101300,BOE-A-2025-22543,OFICINA DE JUSTICIA DE MINAS DE RIO TINTO.,OFICINA DE JUSTICIA DE MINAS DE RIO TINTO.,PRE_FASE9_PENDIENTE_NORMALIZACION,Inventario para auditoría semántica posterior; FASE 8 permanece cerrada
101301,BOE-A-2025-22543,SERVICIO COMÚN DE TRAMITACIÓN.,SERVICIO COMÚN DE TRAMITACIÓN.,PRE_FASE9_PENDIENTE_NORMALIZACION,Inventario para auditoría semántica posterior; FASE 8 permanece cerrada
101302,BOE-A-2025-22543,SERVICIO COMÚN DE TRAMITACIÓN.,SERVICIO COMÚN DE TRAMITACIÓN.,PRE_FASE9_PENDIENTE_NORMALIZACION,Inventario para auditoría semántica posterior; FASE 8 permanece cerrada
101303,BOE-A-2025-22543,OFICINA GENERAL DEL REGISTRO CIVIL.,OFICINA GENERAL DEL REGISTRO CIVIL.,PRE_FASE9_PENDIENTE_NORMALIZACION,Inventario para auditoría semántica posterior; FASE 8 permanece cerrada
101304,BOE-A-2025-22543,OFICINA DE JUSTICIA DE MINAS DE NERVA.,OFICINA DE JUSTICIA DE MINAS DE NERVA.,PRE_FASE9_PENDIENTE_NORMALIZACION,Inventario para auditoría semántica posterior; FASE 8 permanece cerrada
101305,BOE-A-2025-22543,SERVICIO COMÚN DE TRAMITACIÓN.,SERVICIO COMÚN DE TRAMITACIÓN.,PRE_FASE9_PENDIENTE_NORMALIZACION,Inventario para auditoría semántica posterior; FASE 8 permanece cerrada
101306,BOE-A-2025-22543,SERVICIO COMÚN DE TRAMITACIÓN.,SERVICIO COMÚN DE TRAMITACIÓN.,PRE_FASE9_PENDIENTE_NORMALIZACION,Inventario para auditoría semántica posterior; FASE 8 permanece cerrada
101307,BOE-A-2025-22543,SERVICIO COMÚN DE TRAMITACIÓN.,SERVICIO COMÚN DE TRAMITACIÓN.,PRE_FASE9_PENDIENTE_NORMALIZACION,Inventario para auditoría semántica posterior; FASE 8 permanece cerrada
101308,BOE-A-2025-22543,OFICINA GENERAL DEL REGISTRO CIVIL DE LA PALMA DEL CONDADO.,OFICINA GENERAL DEL REGISTRO CIVIL DE LA PALMA DEL CONDADO.,PRE_FASE9_PENDIENTE_NORMALIZACION,Inventario para auditoría semántica posterior; FASE 8 permanece cerrada
101309,BOE-A-2025-22543,OFICINA DE JUSTICIA DE PALOS DE LA FRONTERA.,OFICINA DE JUSTICIA DE PALOS DE LA FRONTERA.,PRE_FASE9_PENDIENTE_NORMALIZACION,Inventario para auditoría semántica posterior; FASE 8 permanece cerrada
101310,BOE-A-2025-22543,SERVICIO COMÚN DE TRAMITACIÓN.,SERVICIO COMÚN DE TRAMITACIÓN.,PRE_FASE9_PENDIENTE_NORMALIZACION,Inventario para auditoría semántica posterior; FASE 8 permanece cerrada
101311,BOE-A-2025-22543,SERVICIO COMÚN DE TRAMITACIÓN.,SERVICIO COMÚN DE TRAMITACIÓN.,PRE_FASE9_PENDIENTE_NORMALIZACION,Inventario para auditoría semántica posterior; FASE 8 permanece cerrada
101312,BOE-A-2025-22543,SERVICIO COMÚN DE TRAMITACIÓN.,SERVICIO COMÚN DE TRAMITACIÓN.,PRE_FASE9_PENDIENTE_NORMALIZACION,Inventario para auditoría semántica posterior; FASE 8 permanece cerrada
101313,BOE-A-2025-22543,SERVICIO COMÚN DE TRAMITACIÓN.,SERVICIO COMÚN DE TRAMITACIÓN.,PRE_FASE9_PENDIENTE_NORMALIZACION,Inventario para auditoría semántica posterior; FASE 8 permanece cerrada
101314,BOE-A-2025-22543,OFICINA GENERAL DEL REGISTRO CIVIL DE VALVERDE DEL CAMINO.,OFICINA GENERAL DEL REGISTRO CIVIL DE VALVERDE DEL CAMINO.,PRE_FASE9_PENDIENTE_NORMALIZACION,Inventario para auditoría semántica posterior; FASE 8 permanece cerrada
101315,BOE-A-2025-22543,SERVICIO COMÚN DE TRAMITACIÓN.,SERVICIO COMÚN DE TRAMITACIÓN.,PRE_FASE9_PENDIENTE_NORMALIZACION,Inventario para auditoría semántica posterior; FASE 8 permanece cerrada
101316,BOE-A-2025-22543,SERVICIO COMÚN DE TRAMITACIÓN.,SERVICIO COMÚN DE TRAMITACIÓN.,PRE_FASE9_PENDIENTE_NORMALIZACION,Inventario para auditoría semántica posterior; FASE 8 permanece cerrada
101317,BOE-A-2025-22543,SERVICIO COMÚN DE TRAMITACIÓN.,SERVICIO COMÚN DE TRAMITACIÓN.,PRE_FASE9_PENDIENTE_NORMALIZACION,Inventario para auditoría semántica posterior; FASE 8 permanece cerrada
101318,BOE-A-2025-22543,SERVICIO COMÚN DE TRAMITACIÓN.,SERVICIO COMÚN DE TRAMITACIÓN.,PRE_FASE9_PENDIENTE_NORMALIZACION,Inventario para auditoría semántica posterior; FASE 8 permanece cerrada
101319,BOE-A-2025-22543,SERVICIO COMÚN DE TRAMITACIÓN.,SERVICIO COMÚN DE TRAMITACIÓN.,PRE_FASE9_PENDIENTE_NORMALIZACION,Inventario para auditoría semántica posterior; FASE 8 permanece cerrada
101320,BOE-A-2025-22543,SERVICIO COMÚN DE TRAMITACIÓN.,SERVICIO COMÚN DE TRAMITACIÓN.,PRE_FASE9_PENDIENTE_NORMALIZACION,Inventario para auditoría semántica posterior; FASE 8 permanece cerrada
101321,BOE-A-2025-22543,OFICINA DE JUSTICIA DE JODAR.,OFICINA DE JUSTICIA DE JODAR.,PRE_FASE9_PENDIENTE_NORMALIZACION,Inventario para auditoría semántica posterior; FASE 8 permanece cerrada
101322,BOE-A-2025-22543,SERVICIO COMÚN DE TRAMITACIÓN.,SERVICIO COMÚN DE TRAMITACIÓN.,PRE_FASE9_PENDIENTE_NORMALIZACION,Inventario para auditoría semántica posterior; FASE 8 permanece cerrada
101323,BOE-A-2025-22543,SERVICIO COMÚN DE TRAMITACIÓN.,SERVICIO COMÚN DE TRAMITACIÓN.,PRE_FASE9_PENDIENTE_NORMALIZACION,Inventario para auditoría semántica posterior; FASE 8 permanece cerrada
101324,BOE-A-2025-22543,OFICINA DE JUSTICIA DE TORREDONJIMENO.,OFICINA DE JUSTICIA DE TORREDONJIMENO.,PRE_FASE9_PENDIENTE_NORMALIZACION,Inventario para auditoría semántica posterior; FASE 8 permanece cerrada
101325,BOE-A-2025-22543,SERVICIO COMÚN DE TRAMITACIÓN.,SERVICIO COMÚN DE TRAMITACIÓN.,PRE_FASE9_PENDIENTE_NORMALIZACION,Inventario para auditoría semántica posterior; FASE 8 permanece cerrada
101326,BOE-A-2025-22543,SERVICIO COMÚN DE TRAMITACIÓN.,SERVICIO COMÚN DE TRAMITACIÓN.,PRE_FASE9_PENDIENTE_NORMALIZACION,Inventario para auditoría semántica posterior; FASE 8 permanece cerrada
101327,BOE-A-2025-22543,OFICINA GENERAL DEL REGISTRO CIVIL DE UBEDA.,OFICINA GENERAL DEL REGISTRO CIVIL DE UBEDA.,PRE_FASE9_PENDIENTE_NORMALIZACION,Inventario para auditoría semántica posterior; FASE 8 permanece cerrada
101328,BOE-A-2025-22543,OFICINA DE JUSTICIA DE ALHAURIN EL GRANDE.,OFICINA DE JUSTICIA DE ALHAURIN EL GRANDE.,PRE_FASE9_PENDIENTE_NORMALIZACION,Inventario para auditoría semántica posterior; FASE 8 permanece cerrada
101329,BOE-A-2025-22543,SERVICIO COMÚN DE TRAMITACIÓN.,SERVICIO COMÚN DE TRAMITACIÓN.,PRE_FASE9_PENDIENTE_NORMALIZACION,Inventario para auditoría semántica posterior; FASE 8 permanece cerrada
101330,BOE-A-2025-22543,SERVICIO COMÚN DE TRAMITACIÓN.,SERVICIO COMÚN DE TRAMITACIÓN.,PRE_FASE9_PENDIENTE_NORMALIZACION,Inventario para auditoría semántica posterior; FASE 8 permanece cerrada
101331,BOE-A-2025-22543,SERVICIO COMÚN DE TRAMITACIÓN.,SERVICIO COMÚN DE TRAMITACIÓN.,PRE_FASE9_PENDIENTE_NORMALIZACION,Inventario para auditoría semántica posterior; FASE 8 permanece cerrada
101332,BOE-A-2025-22543,OFICINA GENERAL DEL REGISTRO CIVIL DE ANTEQUERA.,OFICINA GENERAL DEL REGISTRO CIVIL DE ANTEQUERA.,PRE_FASE9_PENDIENTE_NORMALIZACION,Inventario para auditoría semántica posterior; FASE 8 permanece cerrada
101333,BOE-A-2025-22543,SERVICIO COMÚN DE TRAMITACIÓN.,SERVICIO COMÚN DE TRAMITACIÓN.,PRE_FASE9_PENDIENTE_NORMALIZACION,Inventario para auditoría semántica posterior; FASE 8 permanece cerrada
101334,BOE-A-2025-22543,SERVICIO COMÚN DE TRAMITACIÓN.,SERVICIO COMÚN DE TRAMITACIÓN.,PRE_FASE9_PENDIENTE_NORMALIZACION,Inventario para auditoría semántica posterior; FASE 8 permanece cerrada
101335,BOE-A-2025-22543,OFICINA GENERAL DEL REGISTRO CIVIL DE ARCHIDONA.,OFICINA GENERAL DEL REGISTRO CIVIL DE ARCHIDONA.,PRE_FASE9_PENDIENTE_NORMALIZACION,Inventario para auditoría semántica posterior; FASE 8 permanece cerrada
101336,BOE-A-2025-22543,OFICINA DE JUSTICIA DE CAMPILLOS.,OFICINA DE JUSTICIA DE CAMPILLOS.,PRE_FASE9_PENDIENTE_NORMALIZACION,Inventario para auditoría semántica posterior; FASE 8 permanece cerrada
101337,BOE-A-2025-22543,SERVICIO COMÚN DE TRAMITACIÓN.,SERVICIO COMÚN DE TRAMITACIÓN.,PRE_FASE9_PENDIENTE_NORMALIZACION,Inventario para auditoría semántica posterior; FASE 8 permanece cerrada
101338,BOE-A-2025-22543,SERVICIO COMÚN GENERAL.,SERVICIO COMÚN GENERAL.,PRE_FASE9_PENDIENTE_NORMALIZACION,Inventario para auditoría semántica posterior; FASE 8 permanece cerrada
101339,BOE-A-2025-22543,SERVICIO COMÚN GENERAL.,SERVICIO COMÚN GENERAL.,PRE_FASE9_PENDIENTE_NORMALIZACION,Inventario para auditoría semántica posterior; FASE 8 permanece cerrada
101340,BOE-A-2025-22543,SERVICIO COMÚN GENERAL.,SERVICIO COMÚN GENERAL.,PRE_FASE9_PENDIENTE_NORMALIZACION,Inventario para auditoría semántica posterior; FASE 8 permanece cerrada
101341,BOE-A-2025-22543,SERVICIO COMÚN GENERAL.,SERVICIO COMÚN GENERAL.,PRE_FASE9_PENDIENTE_NORMALIZACION,Inventario para auditoría semántica posterior; FASE 8 permanece cerrada
101342,BOE-A-2025-22543,SERVICIO COMÚN GENERAL.,SERVICIO COMÚN GENERAL.,PRE_FASE9_PENDIENTE_NORMALIZACION,Inventario para auditoría semántica posterior; FASE 8 permanece cerrada
101343,BOE-A-2025-22543,OFICINA GENERAL DEL REGISTRO CIVIL DE ESTEPONA.,OFICINA GENERAL DEL REGISTRO CIVIL DE ESTEPONA.,PRE_FASE9_PENDIENTE_NORMALIZACION,Inventario para auditoría semántica posterior; FASE 8 permanece cerrada
101344,BOE-A-2025-22543,OFICINA DE JUSTICIA DE MANILVA.,OFICINA DE JUSTICIA DE MANILVA.,PRE_FASE9_PENDIENTE_NORMALIZACION,Inventario para auditoría semántica posterior; FASE 8 permanece cerrada
101345,BOE-A-2025-22543,SERVICIO COMÚN DE TRAMITACIÓN.,SERVICIO COMÚN DE TRAMITACIÓN.,PRE_FASE9_PENDIENTE_NORMALIZACION,Inventario para auditoría semántica posterior; FASE 8 permanece cerrada
101346,BOE-A-2025-22543,SERVICIO COMÚN GENERAL.,SERVICIO COMÚN GENERAL.,PRE_FASE9_PENDIENTE_NORMALIZACION,Inventario para auditoría semántica posterior; FASE 8 permanece cerrada
101347,BOE-A-2025-22543,SERVICIO COMÚN GENERAL.,SERVICIO COMÚN GENERAL.,PRE_FASE9_PENDIENTE_NORMALIZACION,Inventario para auditoría semántica posterior; FASE 8 permanece cerrada
101348,BOE-A-2025-22543,SERVICIO COMÚN GENERAL.,SERVICIO COMÚN GENERAL.,PRE_FASE9_PENDIENTE_NORMALIZACION,Inventario para auditoría semántica posterior; FASE 8 permanece cerrada
101349,BOE-A-2025-22543,SERVICIO COMÚN GENERAL.,SERVICIO COMÚN GENERAL.,PRE_FASE9_PENDIENTE_NORMALIZACION,Inventario para auditoría semántica posterior; FASE 8 permanece cerrada
101350,BOE-A-2025-22543,SERVICIO COMÚN GENERAL.,SERVICIO COMÚN GENERAL.,PRE_FASE9_PENDIENTE_NORMALIZACION,Inventario para auditoría semántica posterior; FASE 8 permanece cerrada
101351,BOE-A-2025-22543,OFICINA GENERAL DEL REGISTRO CIVIL DE VÉLEZ-MÁLAGA.,OFICINA GENERAL DEL REGISTRO CIVIL DE VÉLEZ-MÁLAGA.,PRE_FASE9_PENDIENTE_NORMALIZACION,Inventario para auditoría semántica posterior; FASE 8 permanece cerrada
101352,BOE-A-2025-22543,SERVICIO COMÚN DE TRAMITACIÓN.,SERVICIO COMÚN DE TRAMITACIÓN.,PRE_FASE9_PENDIENTE_NORMALIZACION,Inventario para auditoría semántica posterior; FASE 8 permanece cerrada
101353,BOE-A-2025-22543,SERVICIO COMÚN DE TRAMITACIÓN.,SERVICIO COMÚN DE TRAMITACIÓN.,PRE_FASE9_PENDIENTE_NORMALIZACION,Inventario para auditoría semántica posterior; FASE 8 permanece cerrada
101354,BOE-A-2025-22543,OFICINA DE JUSTICIA DE LAS CABEZAS DE SAN JUAN.,OFICINA DE JUSTICIA DE LAS CABEZAS DE SAN JUAN.,PRE_FASE9_PENDIENTE_NORMALIZACION,Inventario para auditoría semántica posterior; FASE 8 permanece cerrada
101355,BOE-A-2025-22543,SERVICIO COMÚN DE TRAMITACIÓN.,SERVICIO COMÚN DE TRAMITACIÓN.,PRE_FASE9_PENDIENTE_NORMALIZACION,Inventario para auditoría semántica posterior; FASE 8 permanece cerrada
101356,BOE-A-2025-22543,SERVICIO COMÚN DE TRAMITACIÓN.,SERVICIO COMÚN DE TRAMITACIÓN.,PRE_FASE9_PENDIENTE_NORMALIZACION,Inventario para auditoría semántica posterior; FASE 8 permanece cerrada
101357,BOE-A-2025-22543,OFICINA GENERAL DEL REGISTRO CIVIL DE CARMONA.,OFICINA GENERAL DEL REGISTRO CIVIL DE CARMONA.,PRE_FASE9_PENDIENTE_NORMALIZACION,Inventario para auditoría semántica posterior; FASE 8 permanece cerrada
101358,BOE-A-2025-22543,OFICINA GENERAL DEL REGISTRO CIVIL DE CAZALLA DE LA SIERRA.,OFICINA GENERAL DEL REGISTRO CIVIL DE CAZALLA DE LA SIERRA.,PRE_FASE9_PENDIENTE_NORMALIZACION,Inventario para auditoría semántica posterior; FASE 8 permanece cerrada
101359,BOE-A-2025-22543,OFICINA DE JUSTICIA DE CONSTANTINA.,OFICINA DE JUSTICIA DE CONSTANTINA.,PRE_FASE9_PENDIENTE_NORMALIZACION,Inventario para auditoría semántica posterior; FASE 8 permanece cerrada
101360,BOE-A-2025-22543,SERVICIO COMÚN DE TRAMITACIÓN.,SERVICIO COMÚN DE TRAMITACIÓN.,PRE_FASE9_PENDIENTE_NORMALIZACION,Inventario para auditoría semántica posterior; FASE 8 permanece cerrada
101361,BOE-A-2025-22543,SERVICIO COMÚN DE TRAMITACIÓN.,SERVICIO COMÚN DE TRAMITACIÓN.,PRE_FASE9_PENDIENTE_NORMALIZACION,Inventario para auditoría semántica posterior; FASE 8 permanece cerrada
101362,BOE-A-2025-22543,OFICINA GENERAL DEL REGISTRO CIVIL DE ESTEPA.,OFICINA GENERAL DEL REGISTRO CIVIL DE ESTEPA.,PRE_FASE9_PENDIENTE_NORMALIZACION,Inventario para auditoría semántica posterior; FASE 8 permanece cerrada
101363,BOE-A-2025-22543,OFICINA DE JUSTICIA DE FUENTES DE ANDALUCIA.,OFICINA DE JUSTICIA DE FUENTES DE ANDALUCIA.,PRE_FASE9_PENDIENTE_NORMALIZACION,Inventario para auditoría semántica posterior; FASE 8 permanece cerrada
101364,BOE-A-2025-22543,SERVICIO COMÚN DE TRAMITACIÓN.,SERVICIO COMÚN DE TRAMITACIÓN.,PRE_FASE9_PENDIENTE_NORMALIZACION,Inventario para auditoría semántica posterior; FASE 8 permanece cerrada
101365,BOE-A-2025-22543,SERVICIO COMÚN DE TRAMITACIÓN.,SERVICIO COMÚN DE TRAMITACIÓN.,PRE_FASE9_PENDIENTE_NORMALIZACION,Inventario para auditoría semántica posterior; FASE 8 permanece cerrada
101366,BOE-A-2025-22543,SERVICIO COMÚN DE TRAMITACIÓN.,SERVICIO COMÚN DE TRAMITACIÓN.,PRE_FASE9_PENDIENTE_NORMALIZACION,Inventario para auditoría semántica posterior; FASE 8 permanece cerrada
101367,BOE-A-2025-22543,SERVICIO COMÚN DE TRAMITACIÓN.,SERVICIO COMÚN DE TRAMITACIÓN.,PRE_FASE9_PENDIENTE_NORMALIZACION,Inventario para auditoría semántica posterior; FASE 8 permanece cerrada
101368,BOE-A-2025-22543,SERVICIO COMÚN DE TRAMITACIÓN.,SERVICIO COMÚN DE TRAMITACIÓN.,PRE_FASE9_PENDIENTE_NORMALIZACION,Inventario para auditoría semántica posterior; FASE 8 permanece cerrada
101369,BOE-A-2025-22543,SERVICIO COMÚN DE TRAMITACIÓN.,SERVICIO COMÚN DE TRAMITACIÓN.,PRE_FASE9_PENDIENTE_NORMALIZACION,Inventario para auditoría semántica posterior; FASE 8 permanece cerrada
101370,BOE-A-2025-22543,OFICINA GENERAL DEL REGISTRO CIVIL DE LORA DEL RÍO.,OFICINA GENERAL DEL REGISTRO CIVIL DE LORA DEL RÍO.,PRE_FASE9_PENDIENTE_NORMALIZACION,Inventario para auditoría semántica posterior; FASE 8 permanece cerrada
101371,BOE-A-2025-22543,OFICINA DE JUSTICIA DE MAIRENA DEL ALCOR.,OFICINA DE JUSTICIA DE MAIRENA DEL ALCOR.,PRE_FASE9_PENDIENTE_NORMALIZACION,Inventario para auditoría semántica posterior; FASE 8 permanece cerrada
101372,BOE-A-2025-22543,SERVICIO COMÚN DE TRAMITACIÓN.,SERVICIO COMÚN DE TRAMITACIÓN.,PRE_FASE9_PENDIENTE_NORMALIZACION,Inventario para auditoría semántica posterior; FASE 8 permanece cerrada
101373,BOE-A-2025-22543,SERVICIO COMÚN DE TRAMITACIÓN.,SERVICIO COMÚN DE TRAMITACIÓN.,PRE_FASE9_PENDIENTE_NORMALIZACION,Inventario para auditoría semántica posterior; FASE 8 permanece cerrada
101374,BOE-A-2025-22543,OFICINA GENERAL DEL REGISTRO CIVIL DE MARCHENA.,OFICINA GENERAL DEL REGISTRO CIVIL DE MARCHENA.,PRE_FASE9_PENDIENTE_NORMALIZACION,Inventario para auditoría semántica posterior; FASE 8 permanece cerrada
101375,BOE-A-2025-22543,SERVICIO COMÚN DE TRAMITACIÓN.,SERVICIO COMÚN DE TRAMITACIÓN.,PRE_FASE9_PENDIENTE_NORMALIZACION,Inventario para auditoría semántica posterior; FASE 8 permanece cerrada
101376,BOE-A-2025-22543,SERVICIO COMÚN DE TRAMITACIÓN.,SERVICIO COMÚN DE TRAMITACIÓN.,PRE_FASE9_PENDIENTE_NORMALIZACION,Inventario para auditoría semántica posterior; FASE 8 permanece cerrada
101377,BOE-A-2025-22543,OFICINA GENERAL DEL REGISTRO CIVIL.,OFICINA GENERAL DEL REGISTRO CIVIL.,PRE_FASE9_PENDIENTE_NORMALIZACION,Inventario para auditoría semántica posterior; FASE 8 permanece cerrada
101378,BOE-A-2025-22543,SERVICIO COMÚN DE TRAMITACIÓN.,SERVICIO COMÚN DE TRAMITACIÓN.,PRE_FASE9_PENDIENTE_NORMALIZACION,Inventario para auditoría semántica posterior; FASE 8 permanece cerrada
101379,BOE-A-2025-22543,OFICINA GENERAL DEL REGISTRO CIVIL DE OSUNA.,OFICINA GENERAL DEL REGISTRO CIVIL DE OSUNA.,PRE_FASE9_PENDIENTE_NORMALIZACION,Inventario para auditoría semántica posterior; FASE 8 permanece cerrada
101380,BOE-A-2025-22543,OFICINA GENERAL DEL REGISTRO CIVIL DE ÉCIJA.,OFICINA GENERAL DEL REGISTRO CIVIL DE ÉCIJA.,PRE_FASE9_PENDIENTE_NORMALIZACION,Inventario para auditoría semántica posterior; FASE 8 permanece cerrada
101381,BOE-A-2025-22547,SERVICIO COMÚN DE TRAMITACIÓN.,SERVICIO COMÚN DE TRAMITACIÓN.,PRE_FASE9_PENDIENTE_NORMALIZACION,Inventario para auditoría semántica posterior; FASE 8 permanece cerrada
101382,BOE-A-2025-22547,OFICINA DE JUSTICIA DE FIRGAS.,OFICINA DE JUSTICIA DE FIRGAS.,PRE_FASE9_PENDIENTE_NORMALIZACION,Inventario para auditoría semántica posterior; FASE 8 permanece cerrada
101383,BOE-A-2025-22547,SERVICIO COMÚN DE TRAMITACIÓN.,SERVICIO COMÚN DE TRAMITACIÓN.,PRE_FASE9_PENDIENTE_NORMALIZACION,Inventario para auditoría semántica posterior; FASE 8 permanece cerrada
101384,BOE-A-2025-22547,SERVICIO COMÚN DE TRAMITACIÓN.,SERVICIO COMÚN DE TRAMITACIÓN.,PRE_FASE9_PENDIENTE_NORMALIZACION,Inventario para auditoría semántica posterior; FASE 8 permanece cerrada
101385,BOE-A-2025-22547,SERVICIO COMÚN DE TRAMITACIÓN.,SERVICIO COMÚN DE TRAMITACIÓN.,PRE_FASE9_PENDIENTE_NORMALIZACION,Inventario para auditoría semántica posterior; FASE 8 permanece cerrada
101386,BOE-A-2025-22547,SERVICIO COMÚN DE TRAMITACIÓN.,SERVICIO COMÚN DE TRAMITACIÓN.,PRE_FASE9_PENDIENTE_NORMALIZACION,Inventario para auditoría semántica posterior; FASE 8 permanece cerrada
101387,BOE-A-2025-22547,SERVICIO COMÚN DE TRAMITACIÓN.,SERVICIO COMÚN DE TRAMITACIÓN.,PRE_FASE9_PENDIENTE_NORMALIZACION,Inventario para auditoría semántica posterior; FASE 8 permanece cerrada
101388,BOE-A-2025-22547,SERVICIO COMÚN DE TRAMITACIÓN.,SERVICIO COMÚN DE TRAMITACIÓN.,PRE_FASE9_PENDIENTE_NORMALIZACION,Inventario para auditoría semántica posterior; FASE 8 permanece cerrada
101389,BOE-A-2025-22547,SERVICIO COMÚN DE TRAMITACIÓN.,SERVICIO COMÚN DE TRAMITACIÓN.,PRE_FASE9_PENDIENTE_NORMALIZACION,Inventario para auditoría semántica posterior; FASE 8 permanece cerrada
101390,BOE-A-2025-22547,SERVICIO COMÚN DE TRAMITACIÓN.,SERVICIO COMÚN DE TRAMITACIÓN.,PRE_FASE9_PENDIENTE_NORMALIZACION,Inventario para auditoría semántica posterior; FASE 8 permanece cerrada
101391,BOE-A-2025-22547,SERVICIO COMUN GENERAL.,SERVICIO COMUN GENERAL.,PRE_FASE9_PENDIENTE_NORMALIZACION,Inventario para auditoría semántica posterior; FASE 8 permanece cerrada
101392,BOE-A-2025-22547,OFICINA GENERAL DEL REGISTRO CIVIL.,OFICINA GENERAL DEL REGISTRO CIVIL.,PRE_FASE9_PENDIENTE_NORMALIZACION,Inventario para auditoría semántica posterior; FASE 8 permanece cerrada
101393,BOE-A-2025-22547,SERVICIO COMÚN DE TRAMITACIÓN.,SERVICIO COMÚN DE TRAMITACIÓN.,PRE_FASE9_PENDIENTE_NORMALIZACION,Inventario para auditoría semántica posterior; FASE 8 permanece cerrada
101394,BOE-A-2025-22547,SERVICIO COMÚN DE TRAMITACIÓN.,SERVICIO COMÚN DE TRAMITACIÓN.,PRE_FASE9_PENDIENTE_NORMALIZACION,Inventario para auditoría semántica posterior; FASE 8 permanece cerrada
101395,BOE-A-2025-22547,SERVICIO COMÚN DE TRAMITACIÓN.,SERVICIO COMÚN DE TRAMITACIÓN.,PRE_FASE9_PENDIENTE_NORMALIZACION,Inventario para auditoría semántica posterior; FASE 8 permanece cerrada
101396,BOE-A-2025-22547,OFICINA GENERAL DEL REGISTRO CIVIL DE GÜIMAR.,OFICINA GENERAL DEL REGISTRO CIVIL DE GÜIMAR.,PRE_FASE9_PENDIENTE_NORMALIZACION,Inventario para auditoría semántica posterior; FASE 8 permanece cerrada
101397,BOE-A-2025-22547,SERVICIO COMÚN DE TRAMITACIÓN.,SERVICIO COMÚN DE TRAMITACIÓN.,PRE_FASE9_PENDIENTE_NORMALIZACION,Inventario para auditoría semántica posterior; FASE 8 permanece cerrada
101398,BOE-A-2025-22547,SERVICIO COMÚN DE TRAMITACIÓN.,SERVICIO COMÚN DE TRAMITACIÓN.,PRE_FASE9_PENDIENTE_NORMALIZACION,Inventario para auditoría semántica posterior; FASE 8 permanece cerrada
101399,BOE-A-2025-22547,SERVICIO COMÚN DE TRAMITACIÓN.,SERVICIO COMÚN DE TRAMITACIÓN.,PRE_FASE9_PENDIENTE_NORMALIZACION,Inventario para auditoría semántica posterior; FASE 8 permanece cerrada
101400,BOE-A-2025-22547,SERVICIO COMÚN DE TRAMITACIÓN.,SERVICIO COMÚN DE TRAMITACIÓN.,PRE_FASE9_PENDIENTE_NORMALIZACION,Inventario para auditoría semántica posterior; FASE 8 permanece cerrada
101401,BOE-A-2025-22547,OFICINA GENERAL DEL REGISTRO CIVIL DE LLANOS DE ARIDANE (LOS).,OFICINA GENERAL DEL REGISTRO CIVIL DE LLANOS DE ARIDANE (LOS).,PRE_FASE9_PENDIENTE_NORMALIZACION,Inventario para auditoría semántica posterior; FASE 8 permanece cerrada
101402,BOE-A-2025-22547,SERVICIO COMÚN DE TRAMITACIÓN.,SERVICIO COMÚN DE TRAMITACIÓN.,PRE_FASE9_PENDIENTE_NORMALIZACION,Inventario para auditoría semántica posterior; FASE 8 permanece cerrada
101403,BOE-A-2025-22547,SERVICIO COMÚN DE TRAMITACIÓN.,SERVICIO COMÚN DE TRAMITACIÓN.,PRE_FASE9_PENDIENTE_NORMALIZACION,Inventario para auditoría semántica posterior; FASE 8 permanece cerrada
101404,BOE-A-2025-22547,OFICINA GENERAL DEL REGISTRO CIVIL DE OROTAVA (LA).,OFICINA GENERAL DEL REGISTRO CIVIL DE OROTAVA (LA).,PRE_FASE9_PENDIENTE_NORMALIZACION,Inventario para auditoría semántica posterior; FASE 8 permanece cerrada
101405,BOE-A-2025-22547,SERVICIO COMÚN DE TRAMITACIÓN.,SERVICIO COMÚN DE TRAMITACIÓN.,PRE_FASE9_PENDIENTE_NORMALIZACION,Inventario para auditoría semántica posterior; FASE 8 permanece cerrada
101406,BOE-A-2025-22547,SERVICIO COMÚN DE TRAMITACIÓN.,SERVICIO COMÚN DE TRAMITACIÓN.,PRE_FASE9_PENDIENTE_NORMALIZACION,Inventario para auditoría semántica posterior; FASE 8 permanece cerrada
101407,BOE-A-2025-22547,SERVICIO COMÚN DE TRAMITACIÓN.,SERVICIO COMÚN DE TRAMITACIÓN.,PRE_FASE9_PENDIENTE_NORMALIZACION,Inventario para auditoría semántica posterior; FASE 8 permanece cerrada
101408,BOE-A-2025-22547,OFICINA DE JUSTICIA DE LOS REALEJOS.,OFICINA DE JUSTICIA DE LOS REALEJOS.,PRE_FASE9_PENDIENTE_NORMALIZACION,Inventario para auditoría semántica posterior; FASE 8 permanece cerrada
101409,BOE-A-2025-22547,OFICINA DE JUSTICIA DE LOS REALEJOS.,OFICINA DE JUSTICIA DE LOS REALEJOS.,PRE_FASE9_PENDIENTE_NORMALIZACION,Inventario para auditoría semántica posterior; FASE 8 permanece cerrada
101410,BOE-A-2025-22547,SERVICIO COMÚN DE TRAMITACIÓN.,SERVICIO COMÚN DE TRAMITACIÓN.,PRE_FASE9_PENDIENTE_NORMALIZACION,Inventario para auditoría semántica posterior; FASE 8 permanece cerrada
101411,BOE-A-2025-22547,OFICINA GENERAL DEL REGISTRO CIVIL DE SAN SEBASTIAN DE LA GOMERA.,OFICINA GENERAL DEL REGISTRO CIVIL DE SAN SEBASTIAN DE LA GOMERA.,PRE_FASE9_PENDIENTE_NORMALIZACION,Inventario para auditoría semántica posterior; FASE 8 permanece cerrada
101412,BOE-A-2025-22547,OFICINA DE JUSTICIA DE SANTA URSULA.,OFICINA DE JUSTICIA DE SANTA URSULA.,PRE_FASE9_PENDIENTE_NORMALIZACION,Inventario para auditoría semántica posterior; FASE 8 permanece cerrada
101413,BOE-A-2025-22547,OFICINA GENERAL DEL REGISTRO CIVIL DE VALVERDE DEL HIERRO.,OFICINA GENERAL DEL REGISTRO CIVIL DE VALVERDE DEL HIERRO.,PRE_FASE9_PENDIENTE_NORMALIZACION,Inventario para auditoría semántica posterior; FASE 8 permanece cerrada
101414,BOE-A-2025-22547,SERVICIO COMÚN DE TRAMITACIÓN.,SERVICIO COMÚN DE TRAMITACIÓN.,PRE_FASE9_PENDIENTE_NORMALIZACION,Inventario para auditoría semántica posterior; FASE 8 permanece cerrada
101415,BOE-A-2025-22547,SERVICIO COMÚN DE TRAMITACIÓN.,SERVICIO COMÚN DE TRAMITACIÓN.,PRE_FASE9_PENDIENTE_NORMALIZACION,Inventario para auditoría semántica posterior; FASE 8 permanece cerrada
101416,BOE-A-2025-22547,SERVICIO COMÚN DE TRAMITACIÓN.,SERVICIO COMÚN DE TRAMITACIÓN.,PRE_FASE9_PENDIENTE_NORMALIZACION,Inventario para auditoría semántica posterior; FASE 8 permanece cerrada
101417,BOE-A-2025-22547,SERVICIO COMÚN DE TRAMITACIÓN.,SERVICIO COMÚN DE TRAMITACIÓN.,PRE_FASE9_PENDIENTE_NORMALIZACION,Inventario para auditoría semántica posterior; FASE 8 permanece cerrada
101418,BOE-A-2025-22547,SERVICIO COMÚN DE TRAMITACIÓN.,SERVICIO COMÚN DE TRAMITACIÓN.,PRE_FASE9_PENDIENTE_NORMALIZACION,Inventario para auditoría semántica posterior; FASE 8 permanece cerrada
101419,BOE-A-2025-22547,SERVICIO COMÚN DE TRAMITACIÓN.,SERVICIO COMÚN DE TRAMITACIÓN.,PRE_FASE9_PENDIENTE_NORMALIZACION,Inventario para auditoría semántica posterior; FASE 8 permanece cerrada
101420,BOE-A-2025-22547,SERVICIO COMÚN DE TRAMITACIÓN.,SERVICIO COMÚN DE TRAMITACIÓN.,PRE_FASE9_PENDIENTE_NORMALIZACION,Inventario para auditoría semántica posterior; FASE 8 permanece cerrada
101421,BOE-A-2025-22547,OFICINA GENERAL DEL REGISTRO CIVIL DE ARUCAS.,OFICINA GENERAL DEL REGISTRO CIVIL DE ARUCAS.,PRE_FASE9_PENDIENTE_NORMALIZACION,Inventario para auditoría semántica posterior; FASE 8 permanece cerrada
101422,BOE-A-2025-22547,SERVICIO COMÚN DE TRAMITACIÓN.,SERVICIO COMÚN DE TRAMITACIÓN.,PRE_FASE9_PENDIENTE_NORMALIZACION,Inventario para auditoría semántica posterior; FASE 8 permanece cerrada
101423,BOE-A-2025-22547,SERVICIO COMÚN DE TRAMITACIÓN.,SERVICIO COMÚN DE TRAMITACIÓN.,PRE_FASE9_PENDIENTE_NORMALIZACION,Inventario para auditoría semántica posterior; FASE 8 permanece cerrada
101424,BOE-A-2025-22547,SERVICIO COMÚN DE TRAMITACIÓN.,SERVICIO COMÚN DE TRAMITACIÓN.,PRE_FASE9_PENDIENTE_NORMALIZACION,Inventario para auditoría semántica posterior; FASE 8 permanece cerrada
101425,BOE-A-2025-22547,SERVICIO COMÚN DE TRAMITACIÓN.,SERVICIO COMÚN DE TRAMITACIÓN.,PRE_FASE9_PENDIENTE_NORMALIZACION,Inventario para auditoría semántica posterior; FASE 8 permanece cerrada
101426,BOE-A-2025-22547,SERVICIO COMÚN DE TRAMITACIÓN.,SERVICIO COMÚN DE TRAMITACIÓN.,PRE_FASE9_PENDIENTE_NORMALIZACION,Inventario para auditoría semántica posterior; FASE 8 permanece cerrada
101427,BOE-A-2025-22547,SERVICIO COMÚN DE TRAMITACIÓN.,SERVICIO COMÚN DE TRAMITACIÓN.,PRE_FASE9_PENDIENTE_NORMALIZACION,Inventario para auditoría semántica posterior; FASE 8 permanece cerrada
101428,BOE-A-2025-22547,SERVICIO COMÚN DE TRAMITACIÓN.,SERVICIO COMÚN DE TRAMITACIÓN.,PRE_FASE9_PENDIENTE_NORMALIZACION,Inventario para auditoría semántica posterior; FASE 8 permanece cerrada
101429,BOE-A-2025-22547,SERVICIO COMÚN DE TRAMITACIÓN.,SERVICIO COMÚN DE TRAMITACIÓN.,PRE_FASE9_PENDIENTE_NORMALIZACION,Inventario para auditoría semántica posterior; FASE 8 permanece cerrada
101430,BOE-A-2025-22547,SERVICIO COMÚN DE TRAMITACIÓN.,SERVICIO COMÚN DE TRAMITACIÓN.,PRE_FASE9_PENDIENTE_NORMALIZACION,Inventario para auditoría semántica posterior; FASE 8 permanece cerrada
101431,BOE-A-2025-22547,SERVICIO COMÚN DE TRAMITACIÓN.,SERVICIO COMÚN DE TRAMITACIÓN.,PRE_FASE9_PENDIENTE_NORMALIZACION,Inventario para auditoría semántica posterior; FASE 8 permanece cerrada
101432,BOE-A-2025-22547,SERVICIO COMÚN DE TRAMITACIÓN.,SERVICIO COMÚN DE TRAMITACIÓN.,PRE_FASE9_PENDIENTE_NORMALIZACION,Inventario para auditoría semántica posterior; FASE 8 permanece cerrada
101433,BOE-A-2025-22547,SERVICIO COMÚN DE TRAMITACIÓN.,SERVICIO COMÚN DE TRAMITACIÓN.,PRE_FASE9_PENDIENTE_NORMALIZACION,Inventario para auditoría semántica posterior; FASE 8 permanece cerrada
101434,BOE-A-2025-22547,SERVICIO COMÚN DE TRAMITACIÓN.,SERVICIO COMÚN DE TRAMITACIÓN.,PRE_FASE9_PENDIENTE_NORMALIZACION,Inventario para auditoría semántica posterior; FASE 8 permanece cerrada
101435,BOE-A-2025-22547,SERVICIO COMÚN DE TRAMITACIÓN.,SERVICIO COMÚN DE TRAMITACIÓN.,PRE_FASE9_PENDIENTE_NORMALIZACION,Inventario para auditoría semántica posterior; FASE 8 permanece cerrada
101436,BOE-A-2025-22547,SERVICIO COMÚN DE TRAMITACIÓN.,SERVICIO COMÚN DE TRAMITACIÓN.,PRE_FASE9_PENDIENTE_NORMALIZACION,Inventario para auditoría semántica posterior; FASE 8 permanece cerrada
101437,BOE-A-2025-22547,SERVICIO COMÚN DE TRAMITACIÓN.,SERVICIO COMÚN DE TRAMITACIÓN.,PRE_FASE9_PENDIENTE_NORMALIZACION,Inventario para auditoría semántica posterior; FASE 8 permanece cerrada
101438,BOE-A-2025-22547,SERVICIO COMÚN DE TRAMITACIÓN.,SERVICIO COMÚN DE TRAMITACIÓN.,PRE_FASE9_PENDIENTE_NORMALIZACION,Inventario para auditoría semántica posterior; FASE 8 permanece cerrada
101439,BOE-A-2025-22547,SERVICIO COMÚN DE TRAMITACIÓN.,SERVICIO COMÚN DE TRAMITACIÓN.,PRE_FASE9_PENDIENTE_NORMALIZACION,Inventario para auditoría semántica posterior; FASE 8 permanece cerrada
101440,BOE-A-2025-22547,SERVICIO COMÚN DE TRAMITACIÓN.,SERVICIO COMÚN DE TRAMITACIÓN.,PRE_FASE9_PENDIENTE_NORMALIZACION,Inventario para auditoría semántica posterior; FASE 8 permanece cerrada
101441,BOE-A-2025-22547,SERVICIO COMÚN DE TRAMITACIÓN.,SERVICIO COMÚN DE TRAMITACIÓN.,PRE_FASE9_PENDIENTE_NORMALIZACION,Inventario para auditoría semántica posterior; FASE 8 permanece cerrada
101442,BOE-A-2025-22547,SERVICIO COMÚN DE TRAMITACIÓN.,SERVICIO COMÚN DE TRAMITACIÓN.,PRE_FASE9_PENDIENTE_NORMALIZACION,Inventario para auditoría semántica posterior; FASE 8 permanece cerrada
101443,BOE-A-2025-22547,SERVICIO COMÚN DE TRAMITACIÓN.,SERVICIO COMÚN DE TRAMITACIÓN.,PRE_FASE9_PENDIENTE_NORMALIZACION,Inventario para auditoría semántica posterior; FASE 8 permanece cerrada
101444,BOE-A-2025-22547,SERVICIO COMÚN DE TRAMITACIÓN.,SERVICIO COMÚN DE TRAMITACIÓN.,PRE_FASE9_PENDIENTE_NORMALIZACION,Inventario para auditoría semántica posterior; FASE 8 permanece cerrada
101445,BOE-A-2025-22547,SERVICIO COMÚN DE TRAMITACIÓN.,SERVICIO COMÚN DE TRAMITACIÓN.,PRE_FASE9_PENDIENTE_NORMALIZACION,Inventario para auditoría semántica posterior; FASE 8 permanece cerrada
101446,BOE-A-2025-22547,SERVICIO COMÚN DE TRAMITACIÓN.,SERVICIO COMÚN DE TRAMITACIÓN.,PRE_FASE9_PENDIENTE_NORMALIZACION,Inventario para auditoría semántica posterior; FASE 8 permanece cerrada
101447,BOE-A-2025-22547,SERVICIO COMÚN DE TRAMITACIÓN.,SERVICIO COMÚN DE TRAMITACIÓN.,PRE_FASE9_PENDIENTE_NORMALIZACION,Inventario para auditoría semántica posterior; FASE 8 permanece cerrada
101448,BOE-A-2025-22547,SERVICIO COMUN GENERAL.,SERVICIO COMUN GENERAL.,PRE_FASE9_PENDIENTE_NORMALIZACION,Inventario para auditoría semántica posterior; FASE 8 permanece cerrada
101449,BOE-A-2025-22547,SERVICIO COMUN GENERAL.,SERVICIO COMUN GENERAL.,PRE_FASE9_PENDIENTE_NORMALIZACION,Inventario para auditoría semántica posterior; FASE 8 permanece cerrada
101450,BOE-A-2025-22547,OFICINA GENERAL DEL REGISTRO CIVIL.,OFICINA GENERAL DEL REGISTRO CIVIL.,PRE_FASE9_PENDIENTE_NORMALIZACION,Inventario para auditoría semántica posterior; FASE 8 permanece cerrada
101451,BOE-A-2025-22547,OFICINA GENERAL DEL REGISTRO CIVIL.,OFICINA GENERAL DEL REGISTRO CIVIL.,PRE_FASE9_PENDIENTE_NORMALIZACION,Inventario para auditoría semántica posterior; FASE 8 permanece cerrada
101452,BOE-A-2025-22547,SERVICIO COMÚN DE TRAMITACIÓN.,SERVICIO COMÚN DE TRAMITACIÓN.,PRE_FASE9_PENDIENTE_NORMALIZACION,Inventario para auditoría semántica posterior; FASE 8 permanece cerrada
101453,BOE-A-2025-22547,SERVICIO COMÚN DE TRAMITACIÓN.,SERVICIO COMÚN DE TRAMITACIÓN.,PRE_FASE9_PENDIENTE_NORMALIZACION,Inventario para auditoría semántica posterior; FASE 8 permanece cerrada
101454,BOE-A-2025-22547,SERVICIO COMÚN DE TRAMITACIÓN.,SERVICIO COMÚN DE TRAMITACIÓN.,PRE_FASE9_PENDIENTE_NORMALIZACION,Inventario para auditoría semántica posterior; FASE 8 permanece cerrada
101455,BOE-A-2025-22547,SERVICIO COMÚN DE TRAMITACIÓN.,SERVICIO COMÚN DE TRAMITACIÓN.,PRE_FASE9_PENDIENTE_NORMALIZACION,Inventario para auditoría semántica posterior; FASE 8 permanece cerrada
101456,BOE-A-2025-22547,SERVICIO COMÚN DE TRAMITACIÓN.,SERVICIO COMÚN DE TRAMITACIÓN.,PRE_FASE9_PENDIENTE_NORMALIZACION,Inventario para auditoría semántica posterior; FASE 8 permanece cerrada
101457,BOE-A-2025-22547,SERVICIO COMÚN DE TRAMITACIÓN.,SERVICIO COMÚN DE TRAMITACIÓN.,PRE_FASE9_PENDIENTE_NORMALIZACION,Inventario para auditoría semántica posterior; FASE 8 permanece cerrada
101458,BOE-A-2025-22547,SERVICIO COMÚN DE TRAMITACIÓN.,SERVICIO COMÚN DE TRAMITACIÓN.,PRE_FASE9_PENDIENTE_NORMALIZACION,Inventario para auditoría semántica posterior; FASE 8 permanece cerrada
101459,BOE-A-2025-22547,SERVICIO COMÚN DE TRAMITACIÓN.,SERVICIO COMÚN DE TRAMITACIÓN.,PRE_FASE9_PENDIENTE_NORMALIZACION,Inventario para auditoría semántica posterior; FASE 8 permanece cerrada
101460,BOE-A-2025-22547,SERVICIO COMÚN DE TRAMITACIÓN.,SERVICIO COMÚN DE TRAMITACIÓN.,PRE_FASE9_PENDIENTE_NORMALIZACION,Inventario para auditoría semántica posterior; FASE 8 permanece cerrada
101461,BOE-A-2025-22547,SERVICIO COMÚN DE TRAMITACIÓN.,SERVICIO COMÚN DE TRAMITACIÓN.,PRE_FASE9_PENDIENTE_NORMALIZACION,Inventario para auditoría semántica posterior; FASE 8 permanece cerrada
101462,BOE-A-2025-22547,SERVICIO COMÚN DE TRAMITACIÓN.,SERVICIO COMÚN DE TRAMITACIÓN.,PRE_FASE9_PENDIENTE_NORMALIZACION,Inventario para auditoría semántica posterior; FASE 8 permanece cerrada
101463,BOE-A-2025-22547,SERVICIO COMÚN DE TRAMITACIÓN.,SERVICIO COMÚN DE TRAMITACIÓN.,PRE_FASE9_PENDIENTE_NORMALIZACION,Inventario para auditoría semántica posterior; FASE 8 permanece cerrada
101464,BOE-A-2025-22547,SERVICIO COMÚN DE TRAMITACIÓN.,SERVICIO COMÚN DE TRAMITACIÓN.,PRE_FASE9_PENDIENTE_NORMALIZACION,Inventario para auditoría semántica posterior; FASE 8 permanece cerrada
101465,BOE-A-2025-22547,OFICINA GENERAL DEL REGISTRO CIVIL DE LLANOS DE ARIDANE (LOS).,OFICINA GENERAL DEL REGISTRO CIVIL DE LLANOS DE ARIDANE (LOS).,PRE_FASE9_PENDIENTE_NORMALIZACION,Inventario para auditoría semántica posterior; FASE 8 permanece cerrada
101466,BOE-A-2025-22547,SERVICIO COMÚN DE TRAMITACIÓN.,SERVICIO COMÚN DE TRAMITACIÓN.,PRE_FASE9_PENDIENTE_NORMALIZACION,Inventario para auditoría semántica posterior; FASE 8 permanece cerrada
101467,BOE-A-2025-22547,SERVICIO COMÚN DE TRAMITACIÓN.,SERVICIO COMÚN DE TRAMITACIÓN.,PRE_FASE9_PENDIENTE_NORMALIZACION,Inventario para auditoría semántica posterior; FASE 8 permanece cerrada
101468,BOE-A-2025-22547,SERVICIO COMÚN DE TRAMITACIÓN.,SERVICIO COMÚN DE TRAMITACIÓN.,PRE_FASE9_PENDIENTE_NORMALIZACION,Inventario para auditoría semántica posterior; FASE 8 permanece cerrada
101469,BOE-A-2025-22547,SERVICIO COMÚN DE TRAMITACIÓN.,SERVICIO COMÚN DE TRAMITACIÓN.,PRE_FASE9_PENDIENTE_NORMALIZACION,Inventario para auditoría semántica posterior; FASE 8 permanece cerrada
101470,BOE-A-2025-22547,OFICINA GENERAL DEL REGISTRO CIVIL DE SAN SEBASTIAN DE LA GOMERA.,OFICINA GENERAL DEL REGISTRO CIVIL DE SAN SEBASTIAN DE LA GOMERA.,PRE_FASE9_PENDIENTE_NORMALIZACION,Inventario para auditoría semántica posterior; FASE 8 permanece cerrada
101471,BOE-A-2025-22547,SERVICIO COMÚN DE TRAMITACIÓN.,SERVICIO COMÚN DE TRAMITACIÓN.,PRE_FASE9_PENDIENTE_NORMALIZACION,Inventario para auditoría semántica posterior; FASE 8 permanece cerrada
101472,BOE-A-2025-22547,SERVICIO COMÚN DE TRAMITACIÓN.,SERVICIO COMÚN DE TRAMITACIÓN.,PRE_FASE9_PENDIENTE_NORMALIZACION,Inventario para auditoría semántica posterior; FASE 8 permanece cerrada
101473,BOE-A-2025-22547,SERVICIO COMÚN DE TRAMITACIÓN.,SERVICIO COMÚN DE TRAMITACIÓN.,PRE_FASE9_PENDIENTE_NORMALIZACION,Inventario para auditoría semántica posterior; FASE 8 permanece cerrada
101474,BOE-A-2025-22547,SERVICIO COMÚN DE TRAMITACIÓN.,SERVICIO COMÚN DE TRAMITACIÓN.,PRE_FASE9_PENDIENTE_NORMALIZACION,Inventario para auditoría semántica posterior; FASE 8 permanece cerrada
101475,BOE-A-2025-22547,SERVICIO COMÚN DE TRAMITACIÓN.,SERVICIO COMÚN DE TRAMITACIÓN.,PRE_FASE9_PENDIENTE_NORMALIZACION,Inventario para auditoría semántica posterior; FASE 8 permanece cerrada
101476,BOE-A-2025-22547,OFICINA DE JUSTICIA DE FIRGAS.,OFICINA DE JUSTICIA DE FIRGAS.,PRE_FASE9_PENDIENTE_NORMALIZACION,Inventario para auditoría semántica posterior; FASE 8 permanece cerrada
101477,BOE-A-2025-22547,OFICINA DE JUSTICIA DETEROR.,OFICINA DE JUSTICIA DETEROR.,PRE_FASE9_PENDIENTE_NORMALIZACION,Inventario para auditoría semántica posterior; FASE 8 permanece cerrada
101478,BOE-A-2025-22547,OFICINA DE JUSTICIA DE CANDELARIA.,OFICINA DE JUSTICIA DE CANDELARIA.,PRE_FASE9_PENDIENTE_NORMALIZACION,Inventario para auditoría semántica posterior; FASE 8 permanece cerrada
101479,BOE-A-2025-22547,SERVICIO COMUN GENERAL.,SERVICIO COMUN GENERAL.,PRE_FASE9_PENDIENTE_NORMALIZACION,Inventario para auditoría semántica posterior; FASE 8 permanece cerrada
101480,BOE-A-2025-22547,SERVICIO COMUN GENERAL.,SERVICIO COMUN GENERAL.,PRE_FASE9_PENDIENTE_NORMALIZACION,Inventario para auditoría semántica posterior; FASE 8 permanece cerrada
101481,BOE-A-2025-22547,SERVICIO COMUN GENERAL.,SERVICIO COMUN GENERAL.,PRE_FASE9_PENDIENTE_NORMALIZACION,Inventario para auditoría semántica posterior; FASE 8 permanece cerrada
101482,BOE-A-2025-22547,SERVICIO COMUN GENERAL.,SERVICIO COMUN GENERAL.,PRE_FASE9_PENDIENTE_NORMALIZACION,Inventario para auditoría semántica posterior; FASE 8 permanece cerrada
101483,BOE-A-2025-22547,SERVICIO COMUN GENERAL.,SERVICIO COMUN GENERAL.,PRE_FASE9_PENDIENTE_NORMALIZACION,Inventario para auditoría semántica posterior; FASE 8 permanece cerrada
101484,BOE-A-2025-22547,SERVICIO COMUN GENERAL.,SERVICIO COMUN GENERAL.,PRE_FASE9_PENDIENTE_NORMALIZACION,Inventario para auditoría semántica posterior; FASE 8 permanece cerrada
101485,BOE-A-2025-22547,SERVICIO COMUN GENERAL.,SERVICIO COMUN GENERAL.,PRE_FASE9_PENDIENTE_NORMALIZACION,Inventario para auditoría semántica posterior; FASE 8 permanece cerrada
101486,BOE-A-2025-22547,SERVICIO COMUN GENERAL.,SERVICIO COMUN GENERAL.,PRE_FASE9_PENDIENTE_NORMALIZACION,Inventario para auditoría semántica posterior; FASE 8 permanece cerrada
101487,BOE-A-2025-22547,SERVICIO COMÚN DE TRAMITACIÓN.,SERVICIO COMÚN DE TRAMITACIÓN.,PRE_FASE9_PENDIENTE_NORMALIZACION,Inventario para auditoría semántica posterior; FASE 8 permanece cerrada
101488,BOE-A-2025-22547,SERVICIO COMÚN DE TRAMITACIÓN.,SERVICIO COMÚN DE TRAMITACIÓN.,PRE_FASE9_PENDIENTE_NORMALIZACION,Inventario para auditoría semántica posterior; FASE 8 permanece cerrada
101489,BOE-A-2025-22547,SERVICIO COMÚN DE TRAMITACIÓN.,SERVICIO COMÚN DE TRAMITACIÓN.,PRE_FASE9_PENDIENTE_NORMALIZACION,Inventario para auditoría semántica posterior; FASE 8 permanece cerrada
101490,BOE-A-2025-22547,SERVICIO COMÚN DE TRAMITACIÓN.,SERVICIO COMÚN DE TRAMITACIÓN.,PRE_FASE9_PENDIENTE_NORMALIZACION,Inventario para auditoría semántica posterior; FASE 8 permanece cerrada
101491,BOE-A-2025-22547,SERVICIO COMÚN DE TRAMITACIÓN.,SERVICIO COMÚN DE TRAMITACIÓN.,PRE_FASE9_PENDIENTE_NORMALIZACION,Inventario para auditoría semántica posterior; FASE 8 permanece cerrada
101492,BOE-A-2025-22547,SERVICIO COMÚN DE TRAMITACIÓN.,SERVICIO COMÚN DE TRAMITACIÓN.,PRE_FASE9_PENDIENTE_NORMALIZACION,Inventario para auditoría semántica posterior; FASE 8 permanece cerrada
101493,BOE-A-2025-22547,SERVICIO COMÚN GENERAL.,SERVICIO COMÚN GENERAL.,PRE_FASE9_PENDIENTE_NORMALIZACION,Inventario para auditoría semántica posterior; FASE 8 permanece cerrada
101494,BOE-A-2025-22547,SERVICIO COMÚN GENERAL.,SERVICIO COMÚN GENERAL.,PRE_FASE9_PENDIENTE_NORMALIZACION,Inventario para auditoría semántica posterior; FASE 8 permanece cerrada
101495,BOE-A-2025-22547,SERVICIO COMÚN GENERAL.,SERVICIO COMÚN GENERAL.,PRE_FASE9_PENDIENTE_NORMALIZACION,Inventario para auditoría semántica posterior; FASE 8 permanece cerrada
101496,BOE-A-2025-22547,SERVICIO COMÚN GENERAL.,SERVICIO COMÚN GENERAL.,PRE_FASE9_PENDIENTE_NORMALIZACION,Inventario para auditoría semántica posterior; FASE 8 permanece cerrada
101497,BOE-A-2025-22547,OFICINA DE JUSTICIA DE EL PASO.,OFICINA DE JUSTICIA DE EL PASO.,PRE_FASE9_PENDIENTE_NORMALIZACION,Inventario para auditoría semántica posterior; FASE 8 permanece cerrada
101498,BOE-A-2025-22547,SERVICIO COMÚN DE TRAMITACIÓN.,SERVICIO COMÚN DE TRAMITACIÓN.,PRE_FASE9_PENDIENTE_NORMALIZACION,Inventario para auditoría semántica posterior; FASE 8 permanece cerrada
101499,BOE-A-2025-22547,SERVICIO COMÚN DE TRAMITACIÓN.,SERVICIO COMÚN DE TRAMITACIÓN.,PRE_FASE9_PENDIENTE_NORMALIZACION,Inventario para auditoría semántica posterior; FASE 8 permanece cerrada
101500,BOE-A-2025-22547,OFICINA DE JUSTICIA DE LOS REALEJOS.,OFICINA DE JUSTICIA DE LOS REALEJOS.,PRE_FASE9_PENDIENTE_NORMALIZACION,Inventario para auditoría semántica posterior; FASE 8 permanece cerrada
101501,BOE-A-2025-22547,OFICINA DE JUSTICIA DE SAN MIGUEL DE ABONA.,OFICINA DE JUSTICIA DE SAN MIGUEL DE ABONA.,PRE_FASE9_PENDIENTE_NORMALIZACION,Inventario para auditoría semántica posterior; FASE 8 permanece cerrada
101502,BOE-A-2025-22547,SERVICIO COMÚN DE TRAMITACIÓN.,SERVICIO COMÚN DE TRAMITACIÓN.,PRE_FASE9_PENDIENTE_NORMALIZACION,Inventario para auditoría semántica posterior; FASE 8 permanece cerrada
101503,BOE-A-2025-22547,SERVICIO COMÚN DE TRAMITACIÓN.,SERVICIO COMÚN DE TRAMITACIÓN.,PRE_FASE9_PENDIENTE_NORMALIZACION,Inventario para auditoría semántica posterior; FASE 8 permanece cerrada
101504,BOE-A-2025-22549,Servicio común de tramitación.,Servicio común de tramitación.,PRE_FASE9_PENDIENTE_NORMALIZACION,Inventario para auditoría semántica posterior; FASE 8 permanece cerrada
101505,BOE-A-2025-22549,SERVICIO COMÚN DE TRAMITACIÓN.,SERVICIO COMÚN DE TRAMITACIÓN.,PRE_FASE9_PENDIENTE_NORMALIZACION,Inventario para auditoría semántica posterior; FASE 8 permanece cerrada
101506,BOE-A-2025-22549,SERVICIO COMÚN DE TRAMITACIÓN.,SERVICIO COMÚN DE TRAMITACIÓN.,PRE_FASE9_PENDIENTE_NORMALIZACION,Inventario para auditoría semántica posterior; FASE 8 permanece cerrada
101507,BOE-A-2025-22549,SERVICIO COMÚN DE TRAMITACIÓN.,SERVICIO COMÚN DE TRAMITACIÓN.,PRE_FASE9_PENDIENTE_NORMALIZACION,Inventario para auditoría semántica posterior; FASE 8 permanece cerrada
101508,BOE-A-2025-22549,OFICINA GENERAL DEL REGISTRO CIVIL.,OFICINA GENERAL DEL REGISTRO CIVIL.,PRE_FASE9_PENDIENTE_NORMALIZACION,Inventario para auditoría semántica posterior; FASE 8 permanece cerrada
101509,BOE-A-2025-22549,AGRUPACIÓN DE OFICINAS DE JUSTICIA DE LOS ARCOS.,AGRUPACIÓN DE OFICINAS DE JUSTICIA DE LOS ARCOS.,PRE_FASE9_PENDIENTE_NORMALIZACION,Inventario para auditoría semántica posterior; FASE 8 permanece cerrada
101510,BOE-A-2025-22549,AGRUPACIÓN DE OFICINAS DE JUSTICIA DE CARCASTILLO.,AGRUPACIÓN DE OFICINAS DE JUSTICIA DE CARCASTILLO.,PRE_FASE9_PENDIENTE_NORMALIZACION,Inventario para auditoría semántica posterior; FASE 8 permanece cerrada
101511,BOE-A-2025-22549,SERVICIO COMÚN DE TRAMITACIÓN.,SERVICIO COMÚN DE TRAMITACIÓN.,PRE_FASE9_PENDIENTE_NORMALIZACION,Inventario para auditoría semántica posterior; FASE 8 permanece cerrada
101512,BOE-A-2025-22549,SERVICIO COMÚN DE TRAMITACIÓN.,SERVICIO COMÚN DE TRAMITACIÓN.,PRE_FASE9_PENDIENTE_NORMALIZACION,Inventario para auditoría semántica posterior; FASE 8 permanece cerrada
101513,BOE-A-2025-22549,SERVICIO COMÚN DE TRAMITACIÓN.,SERVICIO COMÚN DE TRAMITACIÓN.,PRE_FASE9_PENDIENTE_NORMALIZACION,Inventario para auditoría semántica posterior; FASE 8 permanece cerrada
101514,BOE-A-2025-22549,OFICINA GENERAL DEL REGISTRO CIVIL.,OFICINA GENERAL DEL REGISTRO CIVIL.,PRE_FASE9_PENDIENTE_NORMALIZACION,Inventario para auditoría semántica posterior; FASE 8 permanece cerrada
101515,BOE-A-2025-22549,AGRUPACIÓN DE OFICINAS DE JUSTICIA DE ESTERIBAR.,AGRUPACIÓN DE OFICINAS DE JUSTICIA DE ESTERIBAR.,PRE_FASE9_PENDIENTE_NORMALIZACION,Inventario para auditoría semántica posterior; FASE 8 permanece cerrada
101516,BOE-A-2025-22549,AGRUPACIÓN DE OFICINAS DE JUSTICIA DE LERIN.,AGRUPACIÓN DE OFICINAS DE JUSTICIA DE LERIN.,PRE_FASE9_PENDIENTE_NORMALIZACION,Inventario para auditoría semántica posterior; FASE 8 permanece cerrada
101517,BOE-A-2025-22549,AGRUPACIÓN DE OFICINAS DE JUSTICIA DE VALLE DE ELORZ.,AGRUPACIÓN DE OFICINAS DE JUSTICIA DE VALLE DE ELORZ.,PRE_FASE9_PENDIENTE_NORMALIZACION,Inventario para auditoría semántica posterior; FASE 8 permanece cerrada
101518,BOE-A-2025-22549,AGRUPACIÓN DE OFICINAS DE JUSTICIA DE SAN ADRIAN.,AGRUPACIÓN DE OFICINAS DE JUSTICIA DE SAN ADRIAN.,PRE_FASE9_PENDIENTE_NORMALIZACION,Inventario para auditoría semántica posterior; FASE 8 permanece cerrada
101519,BOE-A-2025-22549,SERVICIO COMÚN DE TRAMITACIÓN.,SERVICIO COMÚN DE TRAMITACIÓN.,PRE_FASE9_PENDIENTE_NORMALIZACION,Inventario para auditoría semántica posterior; FASE 8 permanece cerrada
101520,BOE-A-2025-22549,SERVICIO COMÚN DE TRAMITACIÓN.,SERVICIO COMÚN DE TRAMITACIÓN.,PRE_FASE9_PENDIENTE_NORMALIZACION,Inventario para auditoría semántica posterior; FASE 8 permanece cerrada
101521,BOE-A-2025-22549,SERVICIO COMÚN DE TRAMITACIÓN.,SERVICIO COMÚN DE TRAMITACIÓN.,PRE_FASE9_PENDIENTE_NORMALIZACION,Inventario para auditoría semántica posterior; FASE 8 permanece cerrada
101522,BOE-A-2025-22549,SERVICIO COMÚN DE TRAMITACIÓN.,SERVICIO COMÚN DE TRAMITACIÓN.,PRE_FASE9_PENDIENTE_NORMALIZACION,Inventario para auditoría semántica posterior; FASE 8 permanece cerrada
101523,BOE-A-2025-22549,OFICINA GENERAL DEL REGISTRO CIVIL.,OFICINA GENERAL DEL REGISTRO CIVIL.,PRE_FASE9_PENDIENTE_NORMALIZACION,Inventario para auditoría semántica posterior; FASE 8 permanece cerrada
101524,BOE-A-2025-22549,SERVICIO COMÚN DE TRAMITACIÓN.,SERVICIO COMÚN DE TRAMITACIÓN.,PRE_FASE9_PENDIENTE_NORMALIZACION,Inventario para auditoría semántica posterior; FASE 8 permanece cerrada
101525,BOE-A-2025-22549,SERVICIO COMÚN DE TRAMITACIÓN.,SERVICIO COMÚN DE TRAMITACIÓN.,PRE_FASE9_PENDIENTE_NORMALIZACION,Inventario para auditoría semántica posterior; FASE 8 permanece cerrada
101526,BOE-A-2025-22549,SERVICIO COMÚN DE TRAMITACIÓN.,SERVICIO COMÚN DE TRAMITACIÓN.,PRE_FASE9_PENDIENTE_NORMALIZACION,Inventario para auditoría semántica posterior; FASE 8 permanece cerrada
101527,BOE-A-2025-22549,SERVICIO COMÚN GENERAL.,SERVICIO COMÚN GENERAL.,PRE_FASE9_PENDIENTE_NORMALIZACION,Inventario para auditoría semántica posterior; FASE 8 permanece cerrada
101528,BOE-A-2025-22549,AGRUPACIÓN DE OFICINAS DE JUSTICIA DE VALLE DE EGÜÉS.,AGRUPACIÓN DE OFICINAS DE JUSTICIA DE VALLE DE EGÜÉS.,PRE_FASE9_PENDIENTE_NORMALIZACION,Inventario para auditoría semántica posterior; FASE 8 permanece cerrada
101529,BOE-A-2025-22549,AGRUPACIÓN DE OFICINAS DE JUSTICIA DE VALLE DE EGÜÉS.,AGRUPACIÓN DE OFICINAS DE JUSTICIA DE VALLE DE EGÜÉS.,PRE_FASE9_PENDIENTE_NORMALIZACION,Inventario para auditoría semántica posterior; FASE 8 permanece cerrada
101530,BOE-A-2025-22549,SERVICIO COMÚN DE TRAMITACIÓN.,SERVICIO COMÚN DE TRAMITACIÓN.,PRE_FASE9_PENDIENTE_NORMALIZACION,Inventario para auditoría semántica posterior; FASE 8 permanece cerrada
101531,BOE-A-2025-22549,SERVICIO COMÚN DE TRAMITACIÓN.,SERVICIO COMÚN DE TRAMITACIÓN.,PRE_FASE9_PENDIENTE_NORMALIZACION,Inventario para auditoría semántica posterior; FASE 8 permanece cerrada
101532,BOE-A-2025-22549,SERVICIO COMÚN DE TRAMITACIÓN.,SERVICIO COMÚN DE TRAMITACIÓN.,PRE_FASE9_PENDIENTE_NORMALIZACION,Inventario para auditoría semántica posterior; FASE 8 permanece cerrada
101533,BOE-A-2025-22549,SERVICIO COMÚN DE TRAMITACIÓN.,SERVICIO COMÚN DE TRAMITACIÓN.,PRE_FASE9_PENDIENTE_NORMALIZACION,Inventario para auditoría semántica posterior; FASE 8 permanece cerrada
101534,BOE-A-2025-22549,SERVICIO COMÚN DE TRAMITACIÓN.,SERVICIO COMÚN DE TRAMITACIÓN.,PRE_FASE9_PENDIENTE_NORMALIZACION,Inventario para auditoría semántica posterior; FASE 8 permanece cerrada
101535,BOE-A-2025-22549,SERVICIO COMÚN DE TRAMITACIÓN.,SERVICIO COMÚN DE TRAMITACIÓN.,PRE_FASE9_PENDIENTE_NORMALIZACION,Inventario para auditoría semántica posterior; FASE 8 permanece cerrada
101536,BOE-A-2025-22549,SERVICIO COMÚN DE TRAMITACIÓN.,SERVICIO COMÚN DE TRAMITACIÓN.,PRE_FASE9_PENDIENTE_NORMALIZACION,Inventario para auditoría semántica posterior; FASE 8 permanece cerrada
101537,BOE-A-2025-22549,SERVICIO COMÚN DE TRAMITACIÓN.,SERVICIO COMÚN DE TRAMITACIÓN.,PRE_FASE9_PENDIENTE_NORMALIZACION,Inventario para auditoría semántica posterior; FASE 8 permanece cerrada
101538,BOE-A-2025-22549,SERVICIO COMÚN DE TRAMITACIÓN.,SERVICIO COMÚN DE TRAMITACIÓN.,PRE_FASE9_PENDIENTE_NORMALIZACION,Inventario para auditoría semántica posterior; FASE 8 permanece cerrada
101539,BOE-A-2025-22549,SERVICIO COMÚN DE TRAMITACIÓN.,SERVICIO COMÚN DE TRAMITACIÓN.,PRE_FASE9_PENDIENTE_NORMALIZACION,Inventario para auditoría semántica posterior; FASE 8 permanece cerrada
101540,BOE-A-2025-22549,OFICINA GENERAL DEL REGISTRO CIVIL.,OFICINA GENERAL DEL REGISTRO CIVIL.,PRE_FASE9_PENDIENTE_NORMALIZACION,Inventario para auditoría semántica posterior; FASE 8 permanece cerrada
101541,BOE-A-2025-22549,SERVICIO COMÚN DE TRAMITACIÓN.,SERVICIO COMÚN DE TRAMITACIÓN.,PRE_FASE9_PENDIENTE_NORMALIZACION,Inventario para auditoría semántica posterior; FASE 8 permanece cerrada
101542,BOE-A-2025-22549,SERVICIO COMÚN DE TRAMITACIÓN.,SERVICIO COMÚN DE TRAMITACIÓN.,PRE_FASE9_PENDIENTE_NORMALIZACION,Inventario para auditoría semántica posterior; FASE 8 permanece cerrada
101543,BOE-A-2025-22549,SERVICIO COMÚN DE TRAMITACIÓN.,SERVICIO COMÚN DE TRAMITACIÓN.,PRE_FASE9_PENDIENTE_NORMALIZACION,Inventario para auditoría semántica posterior; FASE 8 permanece cerrada
101544,BOE-A-2025-22549,SERVICIO COMÚN DE TRAMITACIÓN.,SERVICIO COMÚN DE TRAMITACIÓN.,PRE_FASE9_PENDIENTE_NORMALIZACION,Inventario para auditoría semántica posterior; FASE 8 permanece cerrada
101545,BOE-A-2025-22549,SERVICIO COMÚN DE TRAMITACIÓN.,SERVICIO COMÚN DE TRAMITACIÓN.,PRE_FASE9_PENDIENTE_NORMALIZACION,Inventario para auditoría semántica posterior; FASE 8 permanece cerrada
101546,BOE-A-2025-22549,SERVICIO COMÚN DE TRAMITACIÓN.,SERVICIO COMÚN DE TRAMITACIÓN.,PRE_FASE9_PENDIENTE_NORMALIZACION,Inventario para auditoría semántica posterior; FASE 8 permanece cerrada
101547,BOE-A-2025-22549,SERVICIO COMÚN DE TRAMITACIÓN.,SERVICIO COMÚN DE TRAMITACIÓN.,PRE_FASE9_PENDIENTE_NORMALIZACION,Inventario para auditoría semántica posterior; FASE 8 permanece cerrada
101548,BOE-A-2025-22549,SERVICIO COMÚN DE TRAMITACIÓN.,SERVICIO COMÚN DE TRAMITACIÓN.,PRE_FASE9_PENDIENTE_NORMALIZACION,Inventario para auditoría semántica posterior; FASE 8 permanece cerrada
101549,BOE-A-2025-22549,SERVICIO COMÚN DE TRAMITACIÓN.,SERVICIO COMÚN DE TRAMITACIÓN.,PRE_FASE9_PENDIENTE_NORMALIZACION,Inventario para auditoría semántica posterior; FASE 8 permanece cerrada
101550,BOE-A-2025-22549,SERVICIO COMÚN DE TRAMITACIÓN.,SERVICIO COMÚN DE TRAMITACIÓN.,PRE_FASE9_PENDIENTE_NORMALIZACION,Inventario para auditoría semántica posterior; FASE 8 permanece cerrada
101551,BOE-A-2025-22549,SERVICIO COMÚN DE TRAMITACIÓN.,SERVICIO COMÚN DE TRAMITACIÓN.,PRE_FASE9_PENDIENTE_NORMALIZACION,Inventario para auditoría semántica posterior; FASE 8 permanece cerrada
101552,BOE-A-2025-22549,SERVICIO COMÚN GENERAL.,SERVICIO COMÚN GENERAL.,PRE_FASE9_PENDIENTE_NORMALIZACION,Inventario para auditoría semántica posterior; FASE 8 permanece cerrada
101553,BOE-A-2025-22549,SERVICIO COMÚN GENERAL.,SERVICIO COMÚN GENERAL.,PRE_FASE9_PENDIENTE_NORMALIZACION,Inventario para auditoría semántica posterior; FASE 8 permanece cerrada
101554,BOE-A-2025-22549,OFICINA GENERAL DEL REGISTRO CIVIL.,OFICINA GENERAL DEL REGISTRO CIVIL.,PRE_FASE9_PENDIENTE_NORMALIZACION,Inventario para auditoría semántica posterior; FASE 8 permanece cerrada
101555,BOE-A-2025-22549,SERVICIO COMÚN DE TRAMITACIÓN.,SERVICIO COMÚN DE TRAMITACIÓN.,PRE_FASE9_PENDIENTE_NORMALIZACION,Inventario para auditoría semántica posterior; FASE 8 permanece cerrada
101556,BOE-A-2025-22549,SERVICIO COMÚN DE TRAMITACIÓN.,SERVICIO COMÚN DE TRAMITACIÓN.,PRE_FASE9_PENDIENTE_NORMALIZACION,Inventario para auditoría semántica posterior; FASE 8 permanece cerrada
101557,BOE-A-2025-22549,OFICINA GENERAL DEL REGISTRO CIVIL.,OFICINA GENERAL DEL REGISTRO CIVIL.,PRE_FASE9_PENDIENTE_NORMALIZACION,Inventario para auditoría semántica posterior; FASE 8 permanece cerrada
101558,BOE-A-2025-22549,AGRUPACIÓN DE OFICINAS DE JUSTICIA DE CARCASTILLO.,AGRUPACIÓN DE OFICINAS DE JUSTICIA DE CARCASTILLO.,PRE_FASE9_PENDIENTE_NORMALIZACION,Inventario para auditoría semántica posterior; FASE 8 permanece cerrada
101559,BOE-A-2025-22549,AGRUPACIÓN DE OFICINAS DE JUSTICIA DE CORELLA.,AGRUPACIÓN DE OFICINAS DE JUSTICIA DE CORELLA.,PRE_FASE9_PENDIENTE_NORMALIZACION,Inventario para auditoría semántica posterior; FASE 8 permanece cerrada
101560,BOE-A-2025-22549,SERVICIO COMÚN DE TRAMITACIÓN.,SERVICIO COMÚN DE TRAMITACIÓN.,PRE_FASE9_PENDIENTE_NORMALIZACION,Inventario para auditoría semántica posterior; FASE 8 permanece cerrada
101561,BOE-A-2025-22549,SERVICIO COMÚN DE TRAMITACIÓN.,SERVICIO COMÚN DE TRAMITACIÓN.,PRE_FASE9_PENDIENTE_NORMALIZACION,Inventario para auditoría semántica posterior; FASE 8 permanece cerrada
101562,BOE-A-2025-22549,OFICINA GENERAL DEL REGISTRO CIVIL.,OFICINA GENERAL DEL REGISTRO CIVIL.,PRE_FASE9_PENDIENTE_NORMALIZACION,Inventario para auditoría semántica posterior; FASE 8 permanece cerrada
101563,BOE-A-2025-22549,AGRUPACIÓN DE OFICINAS DE JUSTICIA DE ESTERIBAR.,AGRUPACIÓN DE OFICINAS DE JUSTICIA DE ESTERIBAR.,PRE_FASE9_PENDIENTE_NORMALIZACION,Inventario para auditoría semántica posterior; FASE 8 permanece cerrada
101564,BOE-A-2025-22549,AGRUPACIÓN DE OFICINAS DE JUSTICIA DE LODOSA.,AGRUPACIÓN DE OFICINAS DE JUSTICIA DE LODOSA.,PRE_FASE9_PENDIENTE_NORMALIZACION,Inventario para auditoría semántica posterior; FASE 8 permanece cerrada
101565,BOE-A-2025-22549,AGRUPACIÓN DE OFICINAS DE JUSTICIA DE VALLE DE ELORZ.,AGRUPACIÓN DE OFICINAS DE JUSTICIA DE VALLE DE ELORZ.,PRE_FASE9_PENDIENTE_NORMALIZACION,Inventario para auditoría semántica posterior; FASE 8 permanece cerrada
101566,BOE-A-2025-22549,AGRUPACIÓN DE OFICINAS DE JUSTICIA DE VALLE DE ELORZ.,AGRUPACIÓN DE OFICINAS DE JUSTICIA DE VALLE DE ELORZ.,PRE_FASE9_PENDIENTE_NORMALIZACION,Inventario para auditoría semántica posterior; FASE 8 permanece cerrada
101567,BOE-A-2025-22549,AGRUPACIÓN DE OFICINAS DE JUSTICIA DE SAN ADRIAN.,AGRUPACIÓN DE OFICINAS DE JUSTICIA DE SAN ADRIAN.,PRE_FASE9_PENDIENTE_NORMALIZACION,Inventario para auditoría semántica posterior; FASE 8 permanece cerrada
101568,BOE-A-2025-22549,AGRUPACIÓN DE OFICINAS DE JUSTICIA DE SANGÜESA.,AGRUPACIÓN DE OFICINAS DE JUSTICIA DE SANGÜESA.,PRE_FASE9_PENDIENTE_NORMALIZACION,Inventario para auditoría semántica posterior; FASE 8 permanece cerrada
101569,BOE-A-2025-22549,SERVICIO COMÚN DE TRAMITACIÓN.,SERVICIO COMÚN DE TRAMITACIÓN.,PRE_FASE9_PENDIENTE_NORMALIZACION,Inventario para auditoría semántica posterior; FASE 8 permanece cerrada
101570,BOE-A-2025-22549,SERVICIO COMÚN DE TRAMITACIÓN.,SERVICIO COMÚN DE TRAMITACIÓN.,PRE_FASE9_PENDIENTE_NORMALIZACION,Inventario para auditoría semántica posterior; FASE 8 permanece cerrada
101571,BOE-A-2025-22549,OFICINA GENERAL DEL REGISTRO CIVIL.,OFICINA GENERAL DEL REGISTRO CIVIL.,PRE_FASE9_PENDIENTE_NORMALIZACION,Inventario para auditoría semántica posterior; FASE 8 permanece cerrada
101572,BOE-A-2025-22549,SERVICIO COMÚN GENERAL.,SERVICIO COMÚN GENERAL.,PRE_FASE9_PENDIENTE_NORMALIZACION,Inventario para auditoría semántica posterior; FASE 8 permanece cerrada
101573,BOE-A-2025-22549,SERVICIO COMÚN GENERAL.,SERVICIO COMÚN GENERAL.,PRE_FASE9_PENDIENTE_NORMALIZACION,Inventario para auditoría semántica posterior; FASE 8 permanece cerrada
101574,BOE-A-2025-22549,SERVICIO COMÚN GENERAL.,SERVICIO COMÚN GENERAL.,PRE_FASE9_PENDIENTE_NORMALIZACION,Inventario para auditoría semántica posterior; FASE 8 permanece cerrada
101575,BOE-A-2025-22549,OFICINA GENERAL DEL REGISTRO CIVIL.,OFICINA GENERAL DEL REGISTRO CIVIL.,PRE_FASE9_PENDIENTE_NORMALIZACION,Inventario para auditoría semántica posterior; FASE 8 permanece cerrada
101576,BOE-A-2025-22549,AGRUPACIÓN DE OFICINAS DE JUSTICIA DE VALLE DE EGÜÉS.,AGRUPACIÓN DE OFICINAS DE JUSTICIA DE VALLE DE EGÜÉS.,PRE_FASE9_PENDIENTE_NORMALIZACION,Inventario para auditoría semántica posterior; FASE 8 permanece cerrada
101577,BOE-A-2025-22549,AGRUPACIÓN DE OFICINAS DE JUSTICIA DE VALLE DE EGÜÉS.,AGRUPACIÓN DE OFICINAS DE JUSTICIA DE VALLE DE EGÜÉS.,PRE_FASE9_PENDIENTE_NORMALIZACION,Inventario para auditoría semántica posterior; FASE 8 permanece cerrada
101578,BOE-A-2025-22549,AGRUPACIÓN DE OFICINAS DE JUSTICIA DE VALLE DE YERRI.,AGRUPACIÓN DE OFICINAS DE JUSTICIA DE VALLE DE YERRI.,PRE_FASE9_PENDIENTE_NORMALIZACION,Inventario para auditoría semántica posterior; FASE 8 permanece cerrada
103193,BOE-A-2026-1572,SUBDIRECTOR/SUBDIRECTORA DE REGIMEN UNO.,SUBDIRECTOR/SUBDIRECTORA DE REGIMEN UNO.,PRE_FASE9_PENDIENTE_NORMALIZACION,Inventario para auditoría semántica posterior; FASE 8 permanece cerrada
103195,BOE-A-2026-1572,SUBDIRECTOR/SUBDIRECTORA DE EQUIPO OBSERV.Y TRAT.,SUBDIRECTOR/SUBDIRECTORA DE EQUIPO OBSERV.Y TRAT.,PRE_FASE9_PENDIENTE_NORMALIZACION,Inventario para auditoría semántica posterior; FASE 8 permanece cerrada
103515,BOE-A-2026-2840,SUBDIRECTOR/SUBDIRECTORA DE EQUIPO OBSERV.Y TRAT.CIS.,SUBDIRECTOR/SUBDIRECTORA DE EQUIPO OBSERV.Y TRAT.CIS.,PRE_FASE9_PENDIENTE_NORMALIZACION,Inventario para auditoría semántica posterior; FASE 8 permanece cerrada
103517,BOE-A-2026-2840,ADMINISTRADOR/ADMINISTRADORA.,ADMINISTRADOR/ADMINISTRADORA.,PRE_FASE9_PENDIENTE_NORMALIZACION,Inventario para auditoría semántica posterior; FASE 8 permanece cerrada
105602,BOE-A-2026-9631,GESTOR / GESTORA DE PRODUCCION,GESTOR/GESTORA DE Producción,CUBIERTO_POR_NORMALIZADOR,Inventario para auditoría semántica posterior; FASE 8 permanece cerrada
105603,BOE-A-2026-9631,GESTOR / GESTORA DE PRODUCCION,GESTOR/GESTORA DE Producción,CUBIERTO_POR_NORMALIZADOR,Inventario para auditoría semántica posterior; FASE 8 permanece cerrada
105604,BOE-A-2026-9631,GESTOR / GESTORA DE ASUNTOS ECONOMICOS Y ADMINISTRATIVOS,GESTOR/GESTORA DE ASUNTOS ECONOMICOS Y Administrativos,CUBIERTO_POR_NORMALIZADOR,Inventario para auditoría semántica posterior; FASE 8 permanece cerrada
107314,BOE-A-2026-14682,INSPECTOR / INSPECTORA ADJUNTO JEFE DE UNIDAD,Inspector/Inspector ADJUNTO JEFE DE UNIDAD,CUBIERTO_POR_NORMALIZADOR,Inventario para auditoría semántica posterior; FASE 8 permanece cerrada
107885,BOE-A-2026-16861,INTERVENTOR/INTERVENTORA DELEGADO JEFE DE AREA.,INTERVENTOR/INTERVENTORA DELEGADO JEFE DE AREA.,PRE_FASE9_PENDIENTE_NORMALIZACION,Inventario para auditoría semántica posterior; FASE 8 permanece cerrada
