id,boe,puesto_antes,puesto_despues,plazas_antes,plazas_despues,tipo,duplicacion,clave_correspondencia
36474,BOE-A-2021-3957,1502,INSPECTOR/INSPECTORA DE TRABAJO Y S.S. N27.,1,1,,,BOE-A-2021-3957:tabla=0:fila=2:codigo/plazas=1502/1
38539,BOE-A-2021-14357,0920,ENCARGADO/ENCARGADA DE DEPARTAMENTO DE VIGIL.INTERIOR.,12,12,,,BOE-A-2021-14357:tabla=0:fila=19:codigo/plazas=0920/12
38540,BOE-A-2021-14357,0919,ENCARGADO/ENCARGADA DE DEPARTAMENTO DE VIGIL.INTERIOR.,13,13,,,BOE-A-2021-14357:tabla=0:fila=244:codigo/plazas=0919/13
38541,BOE-A-2021-14357,0909/0910,ESPECIALISTA DE OFICINAS.,1,1,,,BOE-A-2021-14357:tabla=0:fila=269:codigo/plazas=0909/0910/1
38542,BOE-A-2021-14357,0919,ENCARGADO/ENCARGADA DE DEPARTAMENTO DE VIGIL.INTERIOR.,16,16,,,BOE-A-2021-14357:tabla=0:fila=306:codigo/plazas=0919/16
38543,BOE-A-2021-14357,0919,ENCARGADO/ENCARGADA DE DEPARTAMENTO DE VIGIL.INTERIOR.,9,9,,,BOE-A-2021-14357:tabla=0:fila=315:codigo/plazas=0919/9
38544,BOE-A-2021-14357,0920,ENCARGADO/ENCARGADA DE DEPARTAMENTO DE VIGIL.INTERIOR.,18,18,,,BOE-A-2021-14357:tabla=0:fila=324:codigo/plazas=0920/18
38545,BOE-A-2021-14357,0920,SERVICIO INTERIOR DE VIGILANCIA.,8,8,,,BOE-A-2021-14357:tabla=0:fila=326:codigo/plazas=0920/8
38546,BOE-A-2021-14357,0920,ENCARGADO/ENCARGADA DE DEPARTAMENTO DE VIGIL.INTERIOR.,13,13,,,BOE-A-2021-14357:tabla=0:fila=335:codigo/plazas=0920/13
38547,BOE-A-2021-14357,0920,ENCARGADO/ENCARGADA DE DEPARTAMENTO DE VIGIL.INTERIOR.,7,7,,,BOE-A-2021-14357:tabla=0:fila=348:codigo/plazas=0920/7
38548,BOE-A-2021-14357,0920,SERVICIO INTERIOR DE VIGILANCIA.,5,5,,,BOE-A-2021-14357:tabla=0:fila=349:codigo/plazas=0920/5
38549,BOE-A-2021-14357,0919,ENCARGADO/ENCARGADA DE DEPARTAMENTO DE VIGIL.INTERIOR.,5,5,,,BOE-A-2021-14357:tabla=0:fila=357:codigo/plazas=0919/5
38550,BOE-A-2021-14357,0919/0920,OFICINA GENERICO.,6,6,,,BOE-A-2021-14357:tabla=0:fila=359:codigo/plazas=0919/0920/6
38551,BOE-A-2021-14357,0920,ENCARGADO/ENCARGADA DE DEPARTAMENTO DE VIGIL.INTERIOR.,15,15,,,BOE-A-2021-14357:tabla=0:fila=368:codigo/plazas=0920/15
38553,BOE-A-2021-14357,0919/0920,OFICINA GENERICO.,7,7,,,BOE-A-2021-14357:tabla=0:fila=504:codigo/plazas=0919/0920/7
38554,BOE-A-2021-14357,0920,SERVICIO INTERIOR DE VIGILANCIA DOS.,10,10,,,BOE-A-2021-14357:tabla=0:fila=505:codigo/plazas=0920/10
38555,BOE-A-2021-14357,0919,ENCARGADO/ENCARGADA DE DEPARTAMENTO DE VIGIL.INTERIOR.,4,4,,,BOE-A-2021-14357:tabla=0:fila=514:codigo/plazas=0919/4
38556,BOE-A-2021-14357,0919,ENCARGADO/ENCARGADA DE DEPARTAMENTO DE VIGIL.INTERIOR.,10,10,,,BOE-A-2021-14357:tabla=0:fila=522:codigo/plazas=0919/10
38557,BOE-A-2021-14357,0919,ENCARGADO/ENCARGADA DE DEPARTAMENTO DE VIGIL.INTERIOR.,3,3,,,BOE-A-2021-14357:tabla=0:fila=530:codigo/plazas=0919/3
38558,BOE-A-2021-14357,0920,SERVICIO INTERIOR DE VIGILANCIA DOS.,2,2,,,BOE-A-2021-14357:tabla=0:fila=534:codigo/plazas=0920/2
38559,BOE-A-2021-14357,0920,ENCARGADO/ENCARGADA DE DEPARTAMENTO DE VIGIL.INTERIOR.,20,20,,,BOE-A-2021-14357:tabla=0:fila=554:codigo/plazas=0920/20
38560,BOE-A-2021-14357,0919,SERVICIO INTERIOR DE VIGILANCIA.,8,8,,,BOE-A-2021-14357:tabla=0:fila=555:codigo/plazas=0919/8
38561,BOE-A-2021-14357,0920,SERVICIO INTERIOR DE VIGILANCIA DOS.,4,4,,,BOE-A-2021-14357:tabla=0:fila=556:codigo/plazas=0920/4
38563,BOE-A-2021-14357,0919,ENCARGADO/ENCARGADA DE DEPARTAMENTO DE VIGIL.INTERIOR.,20,20,,,BOE-A-2021-14357:tabla=0:fila=565:codigo/plazas=0919/20
38564,BOE-A-2021-14357,0919,SERVICIO INTERIOR DE VIGILANCIA.,11,11,,,BOE-A-2021-14357:tabla=0:fila=568:codigo/plazas=0919/11
38565,BOE-A-2021-14357,0919,SERVICIO INTERIOR DE VIGILANCIA DOS.,7,7,,,BOE-A-2021-14357:tabla=0:fila=569:codigo/plazas=0919/7
38566,BOE-A-2021-14357,0919/0920,GENERICO AREA MIXTA.,3,3,,,BOE-A-2021-14357:tabla=0:fila=570:codigo/plazas=0919/0920/3
38567,BOE-A-2021-14357,0913,ESPECIALISTA DE OFICINAS.,2,2,,,BOE-A-2021-14357:tabla=0:fila=579:codigo/plazas=0913/2
38568,BOE-A-2021-14357,0920,ENCARGADO/ENCARGADA DE DEPARTAMENTO DE VIGIL.INTERIOR.,6,6,,,BOE-A-2021-14357:tabla=0:fila=581:codigo/plazas=0920/6
38569,BOE-A-2021-14357,0920,SERVICIO INTERIOR DE VIGILANCIA.,3,3,,,BOE-A-2021-14357:tabla=0:fila=582:codigo/plazas=0920/3
38573,BOE-A-2021-14357,0913,COORDINADOR/COORDINADORA DE SERVICIOS.,1,1,,,BOE-A-2021-14357:tabla=0:fila=589:codigo/plazas=0913/1
38574,BOE-A-2021-14357,0920,SERVICIO INTERIOR DE VIGILANCIA DOS.,1,1,,,BOE-A-2021-14357:tabla=0:fila=592:codigo/plazas=0920/1
38575,BOE-A-2021-14357,0921,APOYO SERVICIO DE GEST. DE PENAS Y MEDIDAS ALTERNATIVAS.,1,1,,,BOE-A-2021-14357:tabla=0:fila=593:codigo/plazas=0921/1
38576,BOE-A-2021-14357,0919/0920,OFICINA GENERICO.,5,5,,,BOE-A-2021-14357:tabla=2:fila=2:codigo/plazas=0919/0920/5
38577,BOE-A-2021-14357,0919,SERVICIO INTERIOR DE VIGILANCIA.,15,15,,,BOE-A-2021-14357:tabla=2:fila=3:codigo/plazas=0919/15
38578,BOE-A-2021-14357,0920,SERVICIO INTERIOR DE VIGILANCIA DOS.,11,11,,,BOE-A-2021-14357:tabla=2:fila=4:codigo/plazas=0920/11
38579,BOE-A-2021-14357,0919/0920,OFICINA GENERICO.,2,2,,,BOE-A-2021-14357:tabla=2:fila=5:codigo/plazas=0919/0920/2
38580,BOE-A-2021-14357,0919/0920,OFICINA GENERICO.,4,4,,,BOE-A-2021-14357:tabla=2:fila=18:codigo/plazas=0919/0920/4
38581,BOE-A-2021-14357,0919,SERVICIO INTERIOR DE VIGILANCIA.,6,6,,,BOE-A-2021-14357:tabla=2:fila=19:codigo/plazas=0919/6
38582,BOE-A-2021-14357,0919,SERVICIO INTERIOR DE VIGILANCIA DOS.,2,2,,,BOE-A-2021-14357:tabla=2:fila=20:codigo/plazas=0919/2
38583,BOE-A-2021-14357,0919/0920,GENERICO AREA MIXTA.,1,1,,,BOE-A-2021-14357:tabla=2:fila=21:codigo/plazas=0919/0920/1
38584,BOE-A-2021-14357,0919,SERVICIO INTERIOR DE VIGILANCIA.,1,1,,,BOE-A-2021-14357:tabla=2:fila=28:codigo/plazas=0919/1
42479,BOE-A-2022-10576,12,JEFE / JEFA DE SECCIÓN.,1,1,,,BOE-A-2022-10576:tabla=0:fila=23:codigo/plazas=12/1
42561,BOE-A-2022-10890,13,SUBCAJERO / SUBCAJERA.,1,1,,,BOE-A-2022-10890:tabla=0:fila=21:codigo/plazas=13/1
42695,BOE-A-2022-11535,0902,JURISTA.,3,3,,,BOE-A-2022-11535:tabla=1:fila=28:codigo/plazas=0902/3
42696,BOE-A-2022-11535,0902,PSICOLOGO/PSICOLOGA DE MEDIO ABIERTO.,2,2,,,BOE-A-2022-11535:tabla=1:fila=34:codigo/plazas=0902/2
42697,BOE-A-2022-11535,0902,PSICOLOGO/PSICOLOGA DE CIS.,1,1,,,BOE-A-2022-11535:tabla=1:fila=36:codigo/plazas=0902/1
42726,BOE-A-2022-11655,0011 0012 0013,JEFE/JEFA DE ÁREA DE CONTROL DE CALIDAD,1,1,,,BOE-A-2022-11655:tabla=0:fila=7:codigo/plazas=0011 0012 0013/1
45399,BOE-A-2022-17860,0903,ABOGADO / ABOGADA DEL ESTADO.,1,1,,,BOE-A-2022-17860:tabla=0:fila=3:codigo/plazas=0903/1
48952,BOE-A-2022-21597,1502,JEFE/JEFA DE EQUIPO INSPECCIÓN,1,1,,,BOE-A-2022-21597:tabla=0:fila=2:codigo/plazas=1502/1
99840,BOE-A-2025-18984,0903,ABOGADO / ABOGADA DEL ESTADO,1,1,,,BOE-A-2025-18984:tabla=0:fila=0:codigo/plazas=0903/1
100776,BOE-A-2025-22543,50370641,OFICINA DE JUSTICIA DE ADRA.,1,1,,,BOE-A-2025-22543:tabla=0:fila=1:codigo/plazas=50370641/1
100777,BOE-A-2025-22543,50370636,OFICINA DE JUSTICIA DE ALBOX.,1,1,,,BOE-A-2025-22543:tabla=0:fila=2:codigo/plazas=50370636/1
100778,BOE-A-2025-22543,50370871,OFICINA GENERAL DEL REGISTRO CIVIL DE BERJA.,1,1,,,BOE-A-2025-22543:tabla=0:fila=3:codigo/plazas=50370871/1
100779,BOE-A-2025-22543,50370646,OFICINA DE JUSTICIA DE CUEVAS DE ALMANZORA.,1,1,,,BOE-A-2025-22543:tabla=0:fila=4:codigo/plazas=50370646/1
100780,BOE-A-2025-22543,50370875,SERVICIO COMÚN DE TRAMITACIÓN.,1,1,,,BOE-A-2025-22543:tabla=0:fila=5:codigo/plazas=50370875/1
100781,BOE-A-2025-22543,50370876,SERVICIO COMÚN DE TRAMITACIÓN.,1,1,,,BOE-A-2025-22543:tabla=0:fila=6:codigo/plazas=50370876/1
100782,BOE-A-2025-22543,50370877,SERVICIO COMÚN DE TRAMITACIÓN.,1,1,,,BOE-A-2025-22543:tabla=0:fila=7:codigo/plazas=50370877/1
100783,BOE-A-2025-22543,50370878,SERVICIO COMÚN DE TRAMITACIÓN.,1,1,,,BOE-A-2025-22543:tabla=0:fila=8:codigo/plazas=50370878/1
100784,BOE-A-2025-22543,50370903,SERVICIO COMÚN GENERAL.,1,1,,,BOE-A-2025-22543:tabla=0:fila=9:codigo/plazas=50370903/1
100785,BOE-A-2025-22543,50370917,SERVICIO COMÚN DE EJECUCIÓN.,1,1,,,BOE-A-2025-22543:tabla=0:fila=10:codigo/plazas=50370917/1
100786,BOE-A-2025-22543,50370918,SERVICIO COMÚN DE EJECUCIÓN.,1,1,,,BOE-A-2025-22543:tabla=0:fila=11:codigo/plazas=50370918/1
100787,BOE-A-2025-22543,50370928,OFICINA GENERAL DEL REGISTRO CIVIL DE EL EJIDO.,1,1,,,BOE-A-2025-22543:tabla=0:fila=12:codigo/plazas=50370928/1
100788,BOE-A-2025-22543,50370649,OFICINA DE JUSTICIA DE GARRUCHA.,1,1,,,BOE-A-2025-22543:tabla=0:fila=13:codigo/plazas=50370649/1
100789,BOE-A-2025-22543,50370934,SERVICIO COMÚN DE TRAMITACIÓN.,1,1,,,BOE-A-2025-22543:tabla=0:fila=14:codigo/plazas=50370934/1
100790,BOE-A-2025-22543,50370935,SERVICIO COMÚN DE TRAMITACIÓN.,1,1,,,BOE-A-2025-22543:tabla=0:fila=15:codigo/plazas=50370935/1
100791,BOE-A-2025-22543,50370936,SERVICIO COMÚN DE TRAMITACIÓN.,1,1,,,BOE-A-2025-22543:tabla=0:fila=16:codigo/plazas=50370936/1
100792,BOE-A-2025-22543,50370638,OFICINA DE JUSTICIA DE PULPI.,1,1,,,BOE-A-2025-22543:tabla=0:fila=17:codigo/plazas=50370638/1
100793,BOE-A-2025-22543,50370954,SERVICIO COMÚN DE TRAMITACIÓN.,1,1,,,BOE-A-2025-22543:tabla=0:fila=18:codigo/plazas=50370954/1
100794,BOE-A-2025-22543,50370960,OFICINA GENERAL DEL REGISTRO CIVIL DE PURCHENA.,1,1,,,BOE-A-2025-22543:tabla=0:fila=19:codigo/plazas=50370960/1
100795,BOE-A-2025-22543,50370964,SERVICIO COMÚN DE TRAMITACIÓN.,1,1,,,BOE-A-2025-22543:tabla=0:fila=20:codigo/plazas=50370964/1
100796,BOE-A-2025-22543,50370992,SERVICIO COMÚN GENERAL.,1,1,,,BOE-A-2025-22543:tabla=0:fila=21:codigo/plazas=50370992/1
100797,BOE-A-2025-22543,50371018,OFICINA GENERAL DEL REGISTRO CIVIL DE ROQUETAS DE MAR.,1,1,,,BOE-A-2025-22543:tabla=0:fila=22:codigo/plazas=50371018/1
100798,BOE-A-2025-22543,50371029,SERVICIO COMÚN DE TRAMITACIÓN.,1,1,,,BOE-A-2025-22543:tabla=0:fila=23:codigo/plazas=50371029/1
100799,BOE-A-2025-22543,50371030,SERVICIO COMÚN DE TRAMITACIÓN.,1,1,,,BOE-A-2025-22543:tabla=0:fila=24:codigo/plazas=50371030/1
100800,BOE-A-2025-22543,50371031,SERVICIO COMÚN DE TRAMITACIÓN.,1,1,,,BOE-A-2025-22543:tabla=0:fila=25:codigo/plazas=50371031/1
100801,BOE-A-2025-22543,50371032,SERVICIO COMÚN DE TRAMITACIÓN.,1,1,,,BOE-A-2025-22543:tabla=0:fila=26:codigo/plazas=50371032/1
100802,BOE-A-2025-22543,50371033,SERVICIO COMÚN DE TRAMITACIÓN.,1,1,,,BOE-A-2025-22543:tabla=0:fila=27:codigo/plazas=50371033/1
100803,BOE-A-2025-22543,50371034,SERVICIO COMÚN DE TRAMITACIÓN.,1,1,,,BOE-A-2025-22543:tabla=0:fila=28:codigo/plazas=50371034/1
100804,BOE-A-2025-22543,50371064,OFICINA GENERAL DEL REGISTRO CIVIL DE VERA.,1,1,,,BOE-A-2025-22543:tabla=0:fila=29:codigo/plazas=50371064/1
100805,BOE-A-2025-22543,50371025,OFICINA GENERAL DEL REGISTRO CIVIL DE VELEZ-RUBIO.,1,1,,,BOE-A-2025-22543:tabla=0:fila=30:codigo/plazas=50371025/1
100806,BOE-A-2025-22543,50371074,SERVICIO COMÚN DE TRAMITACIÓN.,1,1,,,BOE-A-2025-22543:tabla=0:fila=31:codigo/plazas=50371074/1
100807,BOE-A-2025-22543,50371099,OFICINA GENERAL DEL REGISTRO CIVIL DE ARCOS DE LA FRONTERA.,1,1,,,BOE-A-2025-22543:tabla=0:fila=32:codigo/plazas=50371099/1
100808,BOE-A-2025-22543,50371102,SERVICIO COMÚN DE TRAMITACIÓN.,1,1,,,BOE-A-2025-22543:tabla=0:fila=33:codigo/plazas=50371102/1
100809,BOE-A-2025-22543,50371119,OFICINA GENERAL DEL REGISTRO CIVIL DE BARBATE.,1,1,,,BOE-A-2025-22543:tabla=0:fila=34:codigo/plazas=50371119/1
100810,BOE-A-2025-22543,50370673,OFICINA DE JUSTICIA DE BENALUP-CASAS VIEJAS.,1,1,,,BOE-A-2025-22543:tabla=0:fila=35:codigo/plazas=50370673/1
100811,BOE-A-2025-22543,50370654,OFICINA DE JUSTICIA DE BORNOS.,1,1,,,BOE-A-2025-22543:tabla=0:fila=36:codigo/plazas=50370654/1
100812,BOE-A-2025-22543,50371153,SERVICIO COMÚN GENERAL.,1,1,,,BOE-A-2025-22543:tabla=0:fila=37:codigo/plazas=50371153/1
100813,BOE-A-2025-22543,50370676,OFICINA DE JUSTICIA DE CONIL.,1,1,,,BOE-A-2025-22543:tabla=0:fila=38:codigo/plazas=50370676/1
100814,BOE-A-2025-22543,50370663,OFICINA DE JUSTICIA DE JIMENEA DE LA FRONTERA.,1,1,,,BOE-A-2025-22543:tabla=0:fila=39:codigo/plazas=50370663/1
100815,BOE-A-2025-22543,50371185,SERVICIO COMÚN DE TRAMITACIÓN.,1,1,,,BOE-A-2025-22543:tabla=0:fila=40:codigo/plazas=50371185/1
100816,BOE-A-2025-22543,50371186,SERVICIO COMÚN DE TRAMITACIÓN.,1,1,,,BOE-A-2025-22543:tabla=0:fila=41:codigo/plazas=50371186/1
100817,BOE-A-2025-22543,50371187,SERVICIO COMÚN DE TRAMITACIÓN.,1,1,,,BOE-A-2025-22543:tabla=0:fila=42:codigo/plazas=50371187/1
100818,BOE-A-2025-22543,50371188,SERVICIO COMÚN DE TRAMITACIÓN.,1,1,,,BOE-A-2025-22543:tabla=0:fila=43:codigo/plazas=50371188/1
100819,BOE-A-2025-22543,50371189,SERVICIO COMÚN DE TRAMITACIÓN.,1,1,,,BOE-A-2025-22543:tabla=0:fila=44:codigo/plazas=50371189/1
100820,BOE-A-2025-22543,50371190,SERVICIO COMÚN DE TRAMITACIÓN.,1,1,,,BOE-A-2025-22543:tabla=0:fila=45:codigo/plazas=50371190/1
100821,BOE-A-2025-22543,50371224,OFICINA GENERAL DEL REGISTRO CIVIL DE LA LINEA DE LA CONCEPCION.,1,1,,,BOE-A-2025-22543:tabla=0:fila=46:codigo/plazas=50371224/1
100822,BOE-A-2025-22543,50371225,OFICINA GENERAL DEL REGISTRO CIVIL DE LA LINEA DE LA CONCEPCION.,1,1,,,BOE-A-2025-22543:tabla=0:fila=47:codigo/plazas=50371225/1
100823,BOE-A-2025-22543,50370656,OFICINA DE JUSTICIA DE OLVERA.,1,1,,,BOE-A-2025-22543:tabla=0:fila=48:codigo/plazas=50370656/1
100824,BOE-A-2025-22543,50371246,SERVICIO COMÚN DE TRAMITACIÓN.,1,1,,,BOE-A-2025-22543:tabla=0:fila=49:codigo/plazas=50371246/1
100825,BOE-A-2025-22543,50371233,SERVICIO COMÚN DE TRAMITACIÓN.,1,1,,,BOE-A-2025-22543:tabla=0:fila=50:codigo/plazas=50371233/1
100826,BOE-A-2025-22543,50371231,SERVICIO COMÚN DE TRAMITACIÓN.,1,1,,,BOE-A-2025-22543:tabla=0:fila=51:codigo/plazas=50371231/1
100827,BOE-A-2025-22543,50371266,SERVICIO COMÚN DE TRAMITACIÓN.,1,1,,,BOE-A-2025-22543:tabla=0:fila=52:codigo/plazas=50371266/1
100828,BOE-A-2025-22543,50371267,SERVICIO COMÚN DE TRAMITACIÓN.,1,1,,,BOE-A-2025-22543:tabla=0:fila=53:codigo/plazas=50371267/1
100829,BOE-A-2025-22543,50371301,OFICINA GENERAL DEL REGISTRO CIVIL DE SAN FERNANDO.,1,1,,,BOE-A-2025-22543:tabla=0:fila=54:codigo/plazas=50371301/1
100830,BOE-A-2025-22543,50371305,SERVICIO COMÚN DE TRAMITACIÓN.,1,1,,,BOE-A-2025-22543:tabla=0:fila=55:codigo/plazas=50371305/1
100831,BOE-A-2025-22543,50371306,SERVICIO COMÚN DE TRAMITACIÓN.,1,1,,,BOE-A-2025-22543:tabla=0:fila=56:codigo/plazas=50371306/1
100832,BOE-A-2025-22543,50371330,OFICINA GENERAL DEL REGISTRO CIVIL DE SAN ROQUE.,1,1,,,BOE-A-2025-22543:tabla=0:fila=57:codigo/plazas=50371330/1
100833,BOE-A-2025-22543,50371334,SERVICIO COMÚN DE TRAMITACIÓN.,1,1,,,BOE-A-2025-22543:tabla=0:fila=58:codigo/plazas=50371334/1
100834,BOE-A-2025-22543,50371335,SERVICIO COMÚN DE TRAMITACIÓN.,1,1,,,BOE-A-2025-22543:tabla=0:fila=59:codigo/plazas=50371335/1
100835,BOE-A-2025-22543,50371336,SERVICIO COMÚN DE TRAMITACIÓN.,1,1,,,BOE-A-2025-22543:tabla=0:fila=60:codigo/plazas=50371336/1
100836,BOE-A-2025-22543,50371342,SERVICIO COMÚN DE TRAMITACIÓN.,1,1,,,BOE-A-2025-22543:tabla=0:fila=61:codigo/plazas=50371342/1
100837,BOE-A-2025-22543,50371373,OFICINA GENERAL DEL REGISTRO CIVIL.,1,1,,,BOE-A-2025-22543:tabla=0:fila=62:codigo/plazas=50371373/1
100838,BOE-A-2025-22543,50370666,OFICINA DE JUSTICIA DE VEJER DE LA FRONTERA.,1,1,,,BOE-A-2025-22543:tabla=0:fila=63:codigo/plazas=50370666/1
100839,BOE-A-2025-22543,50370695,OFICINA DE JUSTICIA DE ALMODOVAR DEL RIO.,1,1,,,BOE-A-2025-22543:tabla=0:fila=64:codigo/plazas=50370695/1
100840,BOE-A-2025-22543,50371394,OFICINA GENERAL DEL REGISTRO CIVIL DE BAENA.,1,1,,,BOE-A-2025-22543:tabla=0:fila=65:codigo/plazas=50371394/1
100841,BOE-A-2025-22543,50370687,OFICINA DE JUSTICIA DE BUJALANCE.,1,1,,,BOE-A-2025-22543:tabla=0:fila=66:codigo/plazas=50370687/1
100842,BOE-A-2025-22543,50371398,SERVICIO COMÚN DE TRAMITACIÓN.,1,1,,,BOE-A-2025-22543:tabla=0:fila=67:codigo/plazas=50371398/1
100843,BOE-A-2025-22543,50371408,SERVICIO COMÚN DE TRAMITACIÓN.,1,1,,,BOE-A-2025-22543:tabla=0:fila=68:codigo/plazas=50371408/1
100844,BOE-A-2025-22543,50371416,SERVICIO COMÚN DE TRAMITACIÓN.,1,1,,,BOE-A-2025-22543:tabla=0:fila=69:codigo/plazas=50371416/1
100845,BOE-A-2025-22543,50371412,SERVICIO COMÚN DE TRAMITACIÓN.,1,1,,,BOE-A-2025-22543:tabla=0:fila=70:codigo/plazas=50371412/1
100846,BOE-A-2025-22543,50371413,SERVICIO COMÚN DE TRAMITACIÓN.,1,1,,,BOE-A-2025-22543:tabla=0:fila=71:codigo/plazas=50371413/1
100847,BOE-A-2025-22543,50371414,SERVICIO COMÚN DE TRAMITACIÓN.,1,1,,,BOE-A-2025-22543:tabla=0:fila=72:codigo/plazas=50371414/1
100848,BOE-A-2025-22543,50371436,SERVICIO COMÚN DE TRAMITACIÓN.,1,1,,,BOE-A-2025-22543:tabla=0:fila=73:codigo/plazas=50371436/1
100849,BOE-A-2025-22543,50371448,OFICINA GENERAL DEL REGISTRO CIVIL DE MONTILLA.,1,1,,,BOE-A-2025-22543:tabla=0:fila=74:codigo/plazas=50371448/1
100850,BOE-A-2025-22543,50371453,SERVICIO COMÚN DE TRAMITACIÓN.,1,1,,,BOE-A-2025-22543:tabla=0:fila=75:codigo/plazas=50371453/1
100851,BOE-A-2025-22543,50371460,OFICINA GENERAL DEL REGISTRO CIVIL DE MONTORO.,1,1,,,BOE-A-2025-22543:tabla=0:fila=76:codigo/plazas=50371460/1
100852,BOE-A-2025-22543,50370701,OFICINA DE JUSTICIA DE PALMA DEL RIO.,1,1,,,BOE-A-2025-22543:tabla=0:fila=77:codigo/plazas=50370701/1
100853,BOE-A-2025-22543,50371463,SERVICIO COMÚN DE TRAMITACIÓN.,1,1,,,BOE-A-2025-22543:tabla=0:fila=78:codigo/plazas=50371463/1
100854,BOE-A-2025-22543,50371473,OFICINA GENERAL DEL REGISTRO CIVIL DE PEÑARROYA-PUEBLONUEVO.,1,1,,,BOE-A-2025-22543:tabla=0:fila=79:codigo/plazas=50371473/1
100855,BOE-A-2025-22543,50371476,SERVICIO COMÚN DE TRAMITACIÓN.,1,1,,,BOE-A-2025-22543:tabla=0:fila=80:codigo/plazas=50371476/1
100856,BOE-A-2025-22543,50371524,SERVICIO COMÚN DE TRAMITACIÓN.,1,1,,,BOE-A-2025-22543:tabla=0:fila=81:codigo/plazas=50371524/1
100857,BOE-A-2025-22543,50371522,SERVICIO COMÚN DE TRAMITACIÓN.,1,1,,,BOE-A-2025-22543:tabla=0:fila=82:codigo/plazas=50371522/1
100858,BOE-A-2025-22543,50370705,OFICINA DE JUSTICIA DE VILLANUEVA DE CORDOBA.,1,1,,,BOE-A-2025-22543:tabla=0:fila=83:codigo/plazas=50370705/1
100859,BOE-A-2025-22543,50371560,SERVICIO COMÚN DE TRAMITACIÓN.,1,1,,,BOE-A-2025-22543:tabla=0:fila=84:codigo/plazas=50371560/1
100860,BOE-A-2025-22543,50371576,SERVICIO COMÚN DE TRAMITACIÓN.,1,1,,,BOE-A-2025-22543:tabla=0:fila=85:codigo/plazas=50371576/1
100861,BOE-A-2025-22543,50371578,SERVICIO COMÚN DE TRAMITACIÓN.,1,1,,,BOE-A-2025-22543:tabla=0:fila=86:codigo/plazas=50371578/1
100862,BOE-A-2025-22543,50371590,OFICINA GENERAL DEL REGISTRO CIVIL DE GUADIX.,1,1,,,BOE-A-2025-22543:tabla=0:fila=87:codigo/plazas=50371590/1
100863,BOE-A-2025-22543,50371595,OFICINA GENERAL DEL REGISTRO CIVIL DE HUESCAR.,1,1,,,BOE-A-2025-22543:tabla=0:fila=88:codigo/plazas=50371595/1
100864,BOE-A-2025-22543,50371598,SERVICIO COMÚN DE TRAMITACIÓN.,1,1,,,BOE-A-2025-22543:tabla=0:fila=89:codigo/plazas=50371598/1
100865,BOE-A-2025-22543,50371616,OFICINA GENERAL DEL REGISTRO CIVIL DE LOJA.,1,1,,,BOE-A-2025-22543:tabla=0:fila=90:codigo/plazas=50371616/1
100866,BOE-A-2025-22543,50371632,SERVICIO COMÚN DE TRAMITACIÓN.,1,1,,,BOE-A-2025-22543:tabla=0:fila=91:codigo/plazas=50371632/1
100867,BOE-A-2025-22543,50371633,SERVICIO COMÚN DE TRAMITACIÓN.,1,1,,,BOE-A-2025-22543:tabla=0:fila=92:codigo/plazas=50371633/1
100868,BOE-A-2025-22543,50371634,SERVICIO COMÚN DE TRAMITACIÓN.,1,1,,,BOE-A-2025-22543:tabla=0:fila=93:codigo/plazas=50371634/1
100869,BOE-A-2025-22543,50371640,SERVICIO COMÚN DE TRAMITACIÓN.,1,1,,,BOE-A-2025-22543:tabla=0:fila=94:codigo/plazas=50371640/1
100870,BOE-A-2025-22543,50371670,OFICINA GENERAL DEL REGISTRO CIVIL DE SANTA FE.,1,1,,,BOE-A-2025-22543:tabla=0:fila=95:codigo/plazas=50371670/1
100871,BOE-A-2025-22543,50370710,OFICINA DE JUSTICIA DE ILLORA.,1,1,,,BOE-A-2025-22543:tabla=0:fila=96:codigo/plazas=50370710/1
100872,BOE-A-2025-22543,50370711,OFICINA DE JUSTICIA DE ILLORA.,1,1,,,BOE-A-2025-22543:tabla=0:fila=97:codigo/plazas=50370711/1
100873,BOE-A-2025-22543,50371620,SERVICIO COMÚN DE TRAMITACIÓN.,1,1,,,BOE-A-2025-22543:tabla=0:fila=98:codigo/plazas=50371620/1
100874,BOE-A-2025-22543,50371619,SERVICIO COMÚN DE TRAMITACIÓN.,1,1,,,BOE-A-2025-22543:tabla=0:fila=99:codigo/plazas=50371619/1
100875,BOE-A-2025-22543,50371628,OFICINA GENERAL DEL REGISTRO CIVIL DE ORGIVA.,1,1,,,BOE-A-2025-22543:tabla=0:fila=100:codigo/plazas=50371628/1
100876,BOE-A-2025-22543,50370743,OFICINA DE JUSTICIA DE ALMONTE.,1,1,,,BOE-A-2025-22543:tabla=0:fila=101:codigo/plazas=50370743/1
100877,BOE-A-2025-22543,50371674,SERVICIO COMÚN DE TRAMITACIÓN.,1,1,,,BOE-A-2025-22543:tabla=0:fila=102:codigo/plazas=50371674/1
100878,BOE-A-2025-22543,50371677,SERVICIO COMÚN DE TRAMITACIÓN.,1,1,,,BOE-A-2025-22543:tabla=0:fila=103:codigo/plazas=50371677/1
100879,BOE-A-2025-22543,50371685,OFICINA GENERAL DEL REGISTRO CIVIL DE ARACENA.,1,1,,,BOE-A-2025-22543:tabla=0:fila=104:codigo/plazas=50371685/1
100880,BOE-A-2025-22543,50371689,SERVICIO COMÚN DE TRAMITACIÓN.,1,1,,,BOE-A-2025-22543:tabla=0:fila=105:codigo/plazas=50371689/1
100881,BOE-A-2025-22543,50371690,SERVICIO COMÚN DE TRAMITACIÓN.,1,1,,,BOE-A-2025-22543:tabla=0:fila=106:codigo/plazas=50371690/1
100882,BOE-A-2025-22543,50371691,SERVICIO COMÚN DE TRAMITACIÓN.,1,1,,,BOE-A-2025-22543:tabla=0:fila=107:codigo/plazas=50371691/1
100883,BOE-A-2025-22543,50371692,SERVICIO COMÚN DE TRAMITACIÓN.,1,1,,,BOE-A-2025-22543:tabla=0:fila=108:codigo/plazas=50371692/1
100884,BOE-A-2025-22543,50371693,SERVICIO COMÚN DE TRAMITACIÓN.,1,1,,,BOE-A-2025-22543:tabla=0:fila=109:codigo/plazas=50371693/1
100885,BOE-A-2025-22543,50371694,SERVICIO COMÚN DE TRAMITACIÓN.,1,1,,,BOE-A-2025-22543:tabla=0:fila=110:codigo/plazas=50371694/1
100886,BOE-A-2025-22543,50371695,SERVICIO COMÚN DE TRAMITACIÓN.,1,1,,,BOE-A-2025-22543:tabla=0:fila=111:codigo/plazas=50371695/1
100887,BOE-A-2025-22543,50371719,SERVICIO COMÚN GENERAL.,1,1,,,BOE-A-2025-22543:tabla=0:fila=112:codigo/plazas=50371719/1
100888,BOE-A-2025-22543,50371732,SERVICIO COMÚN DE EJECUCIÓN.,1,1,,,BOE-A-2025-22543:tabla=0:fila=113:codigo/plazas=50371732/1
100889,BOE-A-2025-22543,50371741,OFICINA GENERAL DEL REGISTRO CIVIL DE AYAMONTE.,1,1,,,BOE-A-2025-22543:tabla=0:fila=114:codigo/plazas=50371741/1
100890,BOE-A-2025-22543,50370746,OFICINA DE JUSTICIA DE BOLLULLOS PAR DEL CONDADO.,1,1,,,BOE-A-2025-22543:tabla=0:fila=115:codigo/plazas=50370746/1
100891,BOE-A-2025-22543,50370729,OFICINA DE JUSTICIA DE CARTAYA.,1,1,,,BOE-A-2025-22543:tabla=0:fila=116:codigo/plazas=50370729/1
100892,BOE-A-2025-22543,50370730,OFICINA DE JUSTICIA DE CARTAYA.,1,1,,,BOE-A-2025-22543:tabla=0:fila=117:codigo/plazas=50370730/1
100893,BOE-A-2025-22543,50370733,OFICINA DE JUSTICIA DE ISLA CRISTINA.,1,1,,,BOE-A-2025-22543:tabla=0:fila=118:codigo/plazas=50370733/1
100894,BOE-A-2025-22543,50370736,OFICINA DE JUSTICIA DE LEPE.,1,1,,,BOE-A-2025-22543:tabla=0:fila=119:codigo/plazas=50370736/1
100895,BOE-A-2025-22543,50370853,OFICINA DE JUSTICIA DE MINAS DE RIO TINTO.,1,1,,,BOE-A-2025-22543:tabla=0:fila=120:codigo/plazas=50370853/1
100896,BOE-A-2025-22543,50371783,SERVICIO COMÚN DE TRAMITACIÓN.,1,1,,,BOE-A-2025-22543:tabla=0:fila=121:codigo/plazas=50371783/1
100897,BOE-A-2025-22543,50371786,SERVICIO COMÚN DE TRAMITACIÓN.,1,1,,,BOE-A-2025-22543:tabla=0:fila=122:codigo/plazas=50371786/1
100898,BOE-A-2025-22543,50371784,SERVICIO COMÚN DE TRAMITACIÓN.,1,1,,,BOE-A-2025-22543:tabla=0:fila=123:codigo/plazas=50371784/1
100899,BOE-A-2025-22543,50371785,SERVICIO COMÚN DE TRAMITACIÓN.,1,1,,,BOE-A-2025-22543:tabla=0:fila=124:codigo/plazas=50371785/1
100900,BOE-A-2025-22543,50371801,OFICINA GENERAL DEL REGISTRO CIVIL.,1,1,,,BOE-A-2025-22543:tabla=0:fila=125:codigo/plazas=50371801/1
100901,BOE-A-2025-22543,50370851,OFICINA DE JUSTICIA DE MINAS DE NERVA.,1,1,,,BOE-A-2025-22543:tabla=0:fila=126:codigo/plazas=50370851/1
100902,BOE-A-2025-22543,50371746,SERVICIO COMÚN DE TRAMITACIÓN.,1,1,,,BOE-A-2025-22543:tabla=0:fila=127:codigo/plazas=50371746/1
100903,BOE-A-2025-22543,50371747,SERVICIO COMÚN DE TRAMITACIÓN.,1,1,,,BOE-A-2025-22543:tabla=0:fila=128:codigo/plazas=50371747/1
100904,BOE-A-2025-22543,50371748,SERVICIO COMÚN DE TRAMITACIÓN.,1,1,,,BOE-A-2025-22543:tabla=0:fila=129:codigo/plazas=50371748/1
100905,BOE-A-2025-22543,50371752,SERVICIO COMÚN DE TRAMITACIÓN.,1,1,,,BOE-A-2025-22543:tabla=0:fila=130:codigo/plazas=50371752/1
100906,BOE-A-2025-22543,50371780,OFICINA GENERAL DEL REGISTRO CIVIL DE LA PALMA DEL CONDADO.,1,1,,,BOE-A-2025-22543:tabla=0:fila=131:codigo/plazas=50371780/1
100907,BOE-A-2025-22543,50371804,SERVICIO COMÚN DE TRAMITACIÓN.,1,1,,,BOE-A-2025-22543:tabla=0:fila=132:codigo/plazas=50371804/1
100908,BOE-A-2025-22543,50371807,SERVICIO COMÚN DE TRAMITACIÓN.,1,1,,,BOE-A-2025-22543:tabla=0:fila=133:codigo/plazas=50371807/1
100909,BOE-A-2025-22543,50371805,SERVICIO COMÚN DE TRAMITACIÓN.,1,1,,,BOE-A-2025-22543:tabla=0:fila=134:codigo/plazas=50371805/1
100910,BOE-A-2025-22543,50371817,OFICINA GENERAL DEL REGISTRO CIVIL DE VALVERDE DEL CAMINO.,1,1,,,BOE-A-2025-22543:tabla=0:fila=135:codigo/plazas=50371817/1
100911,BOE-A-2025-22543,50371823,SERVICIO COMÚN DE TRAMITACIÓN.,1,1,,,BOE-A-2025-22543:tabla=0:fila=136:codigo/plazas=50371823/1
100912,BOE-A-2025-22543,50371822,SERVICIO COMÚN DE TRAMITACIÓN.,1,1,,,BOE-A-2025-22543:tabla=0:fila=137:codigo/plazas=50371822/1
100913,BOE-A-2025-22543,50371830,OFICINA GENERAL DEL REGISTRO CIVIL DE ALCALA LA REAL.,1,1,,,BOE-A-2025-22543:tabla=0:fila=138:codigo/plazas=50371830/1
100914,BOE-A-2025-22543,50370755,OFICINA DE JUSTICIA DE ALCAUDETE.,1,1,,,BOE-A-2025-22543:tabla=0:fila=139:codigo/plazas=50370755/1
100915,BOE-A-2025-22543,50371882,SERVICIO COMÚN DE TRAMITACIÓN.,1,1,,,BOE-A-2025-22543:tabla=0:fila=140:codigo/plazas=50371882/1
100916,BOE-A-2025-22543,50371871,SERVICIO COMÚN DE TRAMITACIÓN.,1,1,,,BOE-A-2025-22543:tabla=0:fila=141:codigo/plazas=50371871/1
100917,BOE-A-2025-22543,50370766,OFICINA DE JUSTICIA DE JODAR.,1,1,,,BOE-A-2025-22543:tabla=0:fila=142:codigo/plazas=50370766/1
100918,BOE-A-2025-22543,50371934,SERVICIO COMÚN GENERAL.,1,1,,,BOE-A-2025-22543:tabla=0:fila=143:codigo/plazas=50371934/1
100919,BOE-A-2025-22543,50371935,SERVICIO COMÚN GENERAL.,1,1,,,BOE-A-2025-22543:tabla=0:fila=144:codigo/plazas=50371935/1
100920,BOE-A-2025-22543,50371947,SERVICIO COMÚN DE TRAMITACIÓN.,1,1,,,BOE-A-2025-22543:tabla=0:fila=145:codigo/plazas=50371947/1
100921,BOE-A-2025-22543,50371951,SERVICIO COMÚN DE TRAMITACIÓN.,1,1,,,BOE-A-2025-22543:tabla=0:fila=146:codigo/plazas=50371951/1
100922,BOE-A-2025-22543,50370760,OFICINA DE JUSTICIA DE PORCUNA.,1,1,,,BOE-A-2025-22543:tabla=0:fila=147:codigo/plazas=50370760/1
100923,BOE-A-2025-22543,50370774,OFICINA DE JUSTICIA DE CASTILLO DE POZO ALCON.,1,1,,,BOE-A-2025-22543:tabla=0:fila=148:codigo/plazas=50370774/1
100924,BOE-A-2025-22543,50371996,SERVICIO COMÚN DE TRAMITACIÓN.,1,1,,,BOE-A-2025-22543:tabla=0:fila=149:codigo/plazas=50371996/1
100925,BOE-A-2025-22543,50371993,SERVICIO COMÚN DE TRAMITACIÓN.,1,1,,,BOE-A-2025-22543:tabla=0:fila=150:codigo/plazas=50371993/1
100926,BOE-A-2025-22543,50371995,SERVICIO COMÚN DE TRAMITACIÓN.,1,1,,,BOE-A-2025-22543:tabla=0:fila=151:codigo/plazas=50371995/1
100927,BOE-A-2025-22543,50371964,SERVICIO COMÚN DE TRAMITACIÓN.,1,1,,,BOE-A-2025-22543:tabla=0:fila=152:codigo/plazas=50371964/1
100928,BOE-A-2025-22543,50371969,SERVICIO COMÚN DE TRAMITACIÓN.,1,1,,,BOE-A-2025-22543:tabla=0:fila=153:codigo/plazas=50371969/1
100929,BOE-A-2025-22543,50371989,OFICINA GENERAL DEL REGISTRO CIVIL DE UBEDA.,1,1,,,BOE-A-2025-22543:tabla=0:fila=154:codigo/plazas=50371989/1
100930,BOE-A-2025-22543,50370779,OFICINA DE JUSTICIA DE ALHAURIN EL GRANDE.,1,1,,,BOE-A-2025-22543:tabla=0:fila=155:codigo/plazas=50370779/1
100931,BOE-A-2025-22543,50372008,SERVICIO COMÚN DE TRAMITACIÓN.,1,1,,,BOE-A-2025-22543:tabla=0:fila=156:codigo/plazas=50372008/1
100932,BOE-A-2025-22543,50372045,OFICINA GENERAL DEL REGISTRO CIVIL DE ARCHIDONA.,1,1,,,BOE-A-2025-22543:tabla=0:fila=157:codigo/plazas=50372045/1
100933,BOE-A-2025-22543,50372048,SERVICIO COMÚN DE TRAMITACIÓN.,1,1,,,BOE-A-2025-22543:tabla=0:fila=158:codigo/plazas=50372048/1
100934,BOE-A-2025-22543,50372049,SERVICIO COMÚN DE TRAMITACIÓN.,1,1,,,BOE-A-2025-22543:tabla=0:fila=159:codigo/plazas=50372049/1
100935,BOE-A-2025-22543,50372075,SERVICIO COMÚN DE TRAMITACIÓN.,1,1,,,BOE-A-2025-22543:tabla=0:fila=160:codigo/plazas=50372075/1
100936,BOE-A-2025-22543,50372076,SERVICIO COMÚN DE TRAMITACIÓN.,1,1,,,BOE-A-2025-22543:tabla=0:fila=161:codigo/plazas=50372076/1
100937,BOE-A-2025-22543,50372621,OFICINA DE JUSTICIA DE MANILVA.,1,1,,,BOE-A-2025-22543:tabla=0:fila=162:codigo/plazas=50372621/1
100938,BOE-A-2025-22543,50372135,SERVICIO COMÚN DE TRAMITACIÓN.,1,1,,,BOE-A-2025-22543:tabla=0:fila=163:codigo/plazas=50372135/1
100939,BOE-A-2025-22543,50372136,SERVICIO COMÚN DE TRAMITACIÓN.,1,1,,,BOE-A-2025-22543:tabla=0:fila=164:codigo/plazas=50372136/1
100940,BOE-A-2025-22543,50372222,SERVICIO COMÚN DE TRAMITACIÓN.,1,1,,,BOE-A-2025-22543:tabla=0:fila=165:codigo/plazas=50372222/1
100941,BOE-A-2025-22543,50372167,SERVICIO COMÚN DE TRAMITACIÓN.,1,1,,,BOE-A-2025-22543:tabla=0:fila=166:codigo/plazas=50372167/1
100942,BOE-A-2025-22543,50372175,SERVICIO COMÚN DE TRAMITACIÓN.,1,1,,,BOE-A-2025-22543:tabla=0:fila=167:codigo/plazas=50372175/1
100943,BOE-A-2025-22543,50372243,SERVICIO COMÚN DE TRAMITACIÓN.,1,1,,,BOE-A-2025-22543:tabla=0:fila=168:codigo/plazas=50372243/1
100944,BOE-A-2025-22543,50370827,OFICINA DE JUSTICIA DE ARAHAL.,1,1,,,BOE-A-2025-22543:tabla=0:fila=169:codigo/plazas=50370827/1
100945,BOE-A-2025-22543,50372276,SERVICIO COMÚN DE TRAMITACIÓN.,1,1,,,BOE-A-2025-22543:tabla=0:fila=170:codigo/plazas=50372276/1
100946,BOE-A-2025-22543,50372279,SERVICIO COMÚN DE TRAMITACIÓN.,1,1,,,BOE-A-2025-22543:tabla=0:fila=171:codigo/plazas=50372279/1
100947,BOE-A-2025-22543,50372304,SERVICIO COMÚN DE TRAMITACIÓN.,1,1,,,BOE-A-2025-22543:tabla=0:fila=172:codigo/plazas=50372304/1
100948,BOE-A-2025-22543,50372309,OFICINA GENERAL DEL REGISTRO CIVIL DE CAZALLA DE LA SIERRA.,1,1,,,BOE-A-2025-22543:tabla=0:fila=173:codigo/plazas=50372309/1
100949,BOE-A-2025-22543,50370849,OFICINA DE JUSTICIA DE CONSTANTINA.,1,1,,,BOE-A-2025-22543:tabla=0:fila=174:codigo/plazas=50370849/1
100950,BOE-A-2025-22543,50372312,SERVICIO COMÚN DE TRAMITACIÓN.,1,1,,,BOE-A-2025-22543:tabla=0:fila=175:codigo/plazas=50372312/1
100951,BOE-A-2025-22543,50372349,SERVICIO COMÚN DE TRAMITACIÓN.,1,1,,,BOE-A-2025-22543:tabla=0:fila=176:codigo/plazas=50372349/1
100952,BOE-A-2025-22543,50372350,SERVICIO COMÚN DE TRAMITACIÓN.,1,1,,,BOE-A-2025-22543:tabla=0:fila=177:codigo/plazas=50372350/1
100953,BOE-A-2025-22543,50372430,SERVICIO COMÚN DE TRAMITACIÓN.,1,1,,,BOE-A-2025-22543:tabla=0:fila=178:codigo/plazas=50372430/1
100954,BOE-A-2025-22543,50372439,OFICINA GENERAL DEL REGISTRO CIVIL DE ESTEPA.,1,1,,,BOE-A-2025-22543:tabla=0:fila=179:codigo/plazas=50372439/1
100955,BOE-A-2025-22543,50372442,SERVICIO COMÚN DE TRAMITACIÓN.,1,1,,,BOE-A-2025-22543:tabla=0:fila=180:codigo/plazas=50372442/1
100956,BOE-A-2025-22543,50372458,OFICINA GENERAL DEL REGISTRO CIVIL DE LEBRIJA.,1,1,,,BOE-A-2025-22543:tabla=0:fila=181:codigo/plazas=50372458/1
100957,BOE-A-2025-22543,50372467,SERVICIO COMÚN DE TRAMITACIÓN.,1,1,,,BOE-A-2025-22543:tabla=0:fila=182:codigo/plazas=50372467/1
100958,BOE-A-2025-22543,50372464,SERVICIO COMÚN DE TRAMITACIÓN.,1,1,,,BOE-A-2025-22543:tabla=0:fila=183:codigo/plazas=50372464/1
100959,BOE-A-2025-22543,50372487,OFICINA GENERAL DEL REGISTRO CIVIL DE LORA DEL RÍO.,1,1,,,BOE-A-2025-22543:tabla=0:fila=184:codigo/plazas=50372487/1
100960,BOE-A-2025-22543,50372507,SERVICIO COMÚN DE TRAMITACIÓN.,1,1,,,BOE-A-2025-22543:tabla=0:fila=185:codigo/plazas=50372507/1
100961,BOE-A-2025-22543,50372522,SERVICIO COMÚN DE TRAMITACIÓN.,1,1,,,BOE-A-2025-22543:tabla=0:fila=186:codigo/plazas=50372522/1
100962,BOE-A-2025-22543,50370797,OFICINA DE JUSTICIA DE PILAS.,1,1,,,BOE-A-2025-22543:tabla=0:fila=187:codigo/plazas=50370797/1
100963,BOE-A-2025-22543,50370846,OFICINA DE JUSTICIA DE PUEBLA DE LA CAZALLA.,1,1,,,BOE-A-2025-22543:tabla=0:fila=188:codigo/plazas=50370846/1
100964,BOE-A-2025-22543,50370837,OFICINA DE JUSTICIA DE TOCINA.,1,1,,,BOE-A-2025-22543:tabla=0:fila=189:codigo/plazas=50370837/1
100965,BOE-A-2025-22543,50372581,SERVICIO COMÚN DE TRAMITACIÓN.,1,1,,,BOE-A-2025-22543:tabla=0:fila=190:codigo/plazas=50372581/1
100966,BOE-A-2025-22543,50372582,SERVICIO COMÚN DE TRAMITACIÓN.,1,1,,,BOE-A-2025-22543:tabla=0:fila=191:codigo/plazas=50372582/1
100967,BOE-A-2025-22543,50372589,SERVICIO COMÚN DE TRAMITACIÓN.,1,1,,,BOE-A-2025-22543:tabla=0:fila=192:codigo/plazas=50372589/1
100968,BOE-A-2025-22543,50370859,SERVICIO COMÚN DE TRAMITACIÓN.,1,1,,,BOE-A-2025-22543:tabla=1:fila=1:codigo/plazas=50370859/1
100969,BOE-A-2025-22543,50370860,SERVICIO COMÚN DE TRAMITACIÓN.,1,1,,,BOE-A-2025-22543:tabla=1:fila=2:codigo/plazas=50370860/1
100970,BOE-A-2025-22543,50370861,SERVICIO COMÚN DE TRAMITACIÓN.,1,1,,,BOE-A-2025-22543:tabla=1:fila=3:codigo/plazas=50370861/1
100971,BOE-A-2025-22543,50370865,SERVICIO COMÚN DE TRAMITACIÓN.,1,1,,,BOE-A-2025-22543:tabla=1:fila=4:codigo/plazas=50370865/1
100972,BOE-A-2025-22543,50370885,SERVICIO COMÚN DE TRAMITACIÓN.,1,1,,,BOE-A-2025-22543:tabla=1:fila=5:codigo/plazas=50370885/1
100973,BOE-A-2025-22543,50370886,SERVICIO COMÚN DE TRAMITACIÓN.,1,1,,,BOE-A-2025-22543:tabla=1:fila=6:codigo/plazas=50370886/1
100974,BOE-A-2025-22543,50370924,SERVICIO COMÚN DE EJECUCIÓN.,1,1,,,BOE-A-2025-22543:tabla=1:fila=7:codigo/plazas=50370924/1
100975,BOE-A-2025-22543,50370925,SERVICIO COMÚN DE EJECUCIÓN.,1,1,,,BOE-A-2025-22543:tabla=1:fila=8:codigo/plazas=50370925/1
100976,BOE-A-2025-22543,50370926,SERVICIO COMÚN DE EJECUCIÓN.,1,1,,,BOE-A-2025-22543:tabla=1:fila=9:codigo/plazas=50370926/1
100977,BOE-A-2025-22543,50370930,OFICINA GENERAL DEL REGISTRO CIVIL DE EL EJIDO.,1,1,,,BOE-A-2025-22543:tabla=1:fila=10:codigo/plazas=50370930/1
100978,BOE-A-2025-22543,50370940,SERVICIO COMÚN DE TRAMITACIÓN.,1,1,,,BOE-A-2025-22543:tabla=1:fila=11:codigo/plazas=50370940/1
100979,BOE-A-2025-22543,50370941,SERVICIO COMÚN DE TRAMITACIÓN.,1,1,,,BOE-A-2025-22543:tabla=1:fila=12:codigo/plazas=50370941/1
100980,BOE-A-2025-22543,50370956,SERVICIO COMÚN DE TRAMITACIÓN.,1,1,,,BOE-A-2025-22543:tabla=1:fila=13:codigo/plazas=50370956/1
100981,BOE-A-2025-22543,50370973,SERVICIO COMÚN DE TRAMITACIÓN.,1,1,,,BOE-A-2025-22543:tabla=1:fila=14:codigo/plazas=50370973/1
100982,BOE-A-2025-22543,50370974,SERVICIO COMÚN DE TRAMITACIÓN.,1,1,,,BOE-A-2025-22543:tabla=1:fila=15:codigo/plazas=50370974/1
100983,BOE-A-2025-22543,50370975,SERVICIO COMÚN DE TRAMITACIÓN.,1,1,,,BOE-A-2025-22543:tabla=1:fila=16:codigo/plazas=50370975/1
100984,BOE-A-2025-22543,50370976,SERVICIO COMÚN DE TRAMITACIÓN.,1,1,,,BOE-A-2025-22543:tabla=1:fila=17:codigo/plazas=50370976/1
100985,BOE-A-2025-22543,50370994,SERVICIO COMÚN GENERAL.,1,1,,,BOE-A-2025-22543:tabla=1:fila=18:codigo/plazas=50370994/1
100986,BOE-A-2025-22543,50371042,SERVICIO COMÚN DE TRAMITACIÓN.,1,1,,,BOE-A-2025-22543:tabla=1:fila=19:codigo/plazas=50371042/1
100987,BOE-A-2025-22543,50371043,SERVICIO COMÚN DE TRAMITACIÓN.,1,1,,,BOE-A-2025-22543:tabla=1:fila=20:codigo/plazas=50371043/1
100988,BOE-A-2025-22543,50371044,SERVICIO COMÚN DE TRAMITACIÓN.,1,1,,,BOE-A-2025-22543:tabla=1:fila=21:codigo/plazas=50371044/1
100989,BOE-A-2025-22543,50371045,SERVICIO COMÚN DE TRAMITACIÓN.,1,1,,,BOE-A-2025-22543:tabla=1:fila=22:codigo/plazas=50371045/1
100990,BOE-A-2025-22543,50371046,SERVICIO COMÚN DE TRAMITACIÓN.,1,1,,,BOE-A-2025-22543:tabla=1:fila=23:codigo/plazas=50371046/1
100991,BOE-A-2025-22543,50371047,SERVICIO COMÚN DE TRAMITACIÓN.,1,1,,,BOE-A-2025-22543:tabla=1:fila=24:codigo/plazas=50371047/1
100992,BOE-A-2025-22543,50371024,SERVICIO COMÚN DE TRAMITACIÓN.,1,1,,,BOE-A-2025-22543:tabla=1:fila=25:codigo/plazas=50371024/1
100993,BOE-A-2025-22543,50371079,SERVICIO COMÚN DE TRAMITACIÓN.,1,1,,,BOE-A-2025-22543:tabla=1:fila=26:codigo/plazas=50371079/1
100994,BOE-A-2025-22543,50371080,SERVICIO COMÚN DE TRAMITACIÓN.,1,1,,,BOE-A-2025-22543:tabla=1:fila=27:codigo/plazas=50371080/1
100995,BOE-A-2025-22543,50371081,SERVICIO COMÚN DE TRAMITACIÓN.,1,1,,,BOE-A-2025-22543:tabla=1:fila=28:codigo/plazas=50371081/1
100996,BOE-A-2025-22543,50371089,SERVICIO COMÚN DE TRAMITACIÓN.,1,1,,,BOE-A-2025-22543:tabla=1:fila=29:codigo/plazas=50371089/1
100997,BOE-A-2025-22543,50371106,SERVICIO COMÚN DE TRAMITACIÓN.,1,1,,,BOE-A-2025-22543:tabla=1:fila=30:codigo/plazas=50371106/1
100998,BOE-A-2025-22543,50371107,SERVICIO COMÚN DE TRAMITACIÓN.,1,1,,,BOE-A-2025-22543:tabla=1:fila=31:codigo/plazas=50371107/1
100999,BOE-A-2025-22543,50371108,SERVICIO COMÚN DE TRAMITACIÓN.,1,1,,,BOE-A-2025-22543:tabla=1:fila=32:codigo/plazas=50371108/1
101000,BOE-A-2025-22543,50371112,SERVICIO COMÚN DE TRAMITACIÓN.,1,1,,,BOE-A-2025-22543:tabla=1:fila=33:codigo/plazas=50371112/1
101001,BOE-A-2025-22543,50371113,SERVICIO COMÚN DE TRAMITACIÓN.,1,1,,,BOE-A-2025-22543:tabla=1:fila=34:codigo/plazas=50371113/1
101002,BOE-A-2025-22543,50371120,OFICINA GENERAL DEL REGISTRO CIVIL DE BARBATE.,1,1,,,BOE-A-2025-22543:tabla=1:fila=35:codigo/plazas=50371120/1
101003,BOE-A-2025-22543,50371146,SERVICIO COMÚN DE TRAMITACIÓN.,1,1,,,BOE-A-2025-22543:tabla=1:fila=36:codigo/plazas=50371146/1
101004,BOE-A-2025-22543,50371155,SERVICIO COMÚN GENERAL.,1,1,,,BOE-A-2025-22543:tabla=1:fila=37:codigo/plazas=50371155/1
101005,BOE-A-2025-22543,50371169,SERVICIO COMÚN DE EJECUCIÓN.,1,1,,,BOE-A-2025-22543:tabla=1:fila=38:codigo/plazas=50371169/1
101006,BOE-A-2025-22543,50371170,SERVICIO COMÚN DE EJECUCIÓN.,1,1,,,BOE-A-2025-22543:tabla=1:fila=39:codigo/plazas=50371170/1
101007,BOE-A-2025-22543,50371178,OFICINA GENERAL DEL REGISTRO CIVIL DE CHICLANA DE LA FRONTERA.,1,1,,,BOE-A-2025-22543:tabla=1:fila=40:codigo/plazas=50371178/1
101008,BOE-A-2025-22543,50371192,SERVICIO COMÚN DE TRAMITACIÓN.,1,1,,,BOE-A-2025-22543:tabla=1:fila=41:codigo/plazas=50371192/1
101009,BOE-A-2025-22543,50371193,SERVICIO COMÚN DE TRAMITACIÓN.,1,1,,,BOE-A-2025-22543:tabla=1:fila=42:codigo/plazas=50371193/1
101010,BOE-A-2025-22543,50371194,SERVICIO COMÚN DE TRAMITACIÓN.,1,1,,,BOE-A-2025-22543:tabla=1:fila=43:codigo/plazas=50371194/1
101011,BOE-A-2025-22543,50371195,SERVICIO COMÚN DE TRAMITACIÓN.,1,1,,,BOE-A-2025-22543:tabla=1:fila=44:codigo/plazas=50371195/1
101012,BOE-A-2025-22543,50371196,SERVICIO COMÚN DE TRAMITACIÓN.,1,1,,,BOE-A-2025-22543:tabla=1:fila=45:codigo/plazas=50371196/1
101013,BOE-A-2025-22543,50371197,SERVICIO COMÚN DE TRAMITACIÓN.,1,1,,,BOE-A-2025-22543:tabla=1:fila=46:codigo/plazas=50371197/1
101014,BOE-A-2025-22543,50371198,SERVICIO COMÚN DE TRAMITACIÓN.,1,1,,,BOE-A-2025-22543:tabla=1:fila=47:codigo/plazas=50371198/1
101015,BOE-A-2025-22543,50371215,SERVICIO COMÚN GENERAL.,1,1,,,BOE-A-2025-22543:tabla=1:fila=48:codigo/plazas=50371215/1
101016,BOE-A-2025-22543,50371216,SERVICIO COMÚN GENERAL.,1,1,,,BOE-A-2025-22543:tabla=1:fila=49:codigo/plazas=50371216/1
101017,BOE-A-2025-22543,50371226,OFICINA GENERAL DEL REGISTRO CIVIL DE LA LINEA DE LA CONCEPCION.,1,1,,,BOE-A-2025-22543:tabla=1:fila=50:codigo/plazas=50371226/1
101018,BOE-A-2025-22543,50371227,OFICINA GENERAL DEL REGISTRO CIVIL DE LA LINEA DE LA CONCEPCION.,1,1,,,BOE-A-2025-22543:tabla=1:fila=51:codigo/plazas=50371227/1
101019,BOE-A-2025-22543,50371250,SERVICIO COMÚN DE TRAMITACIÓN.,1,1,,,BOE-A-2025-22543:tabla=1:fila=52:codigo/plazas=50371250/1
101020,BOE-A-2025-22543,50371251,SERVICIO COMÚN DE TRAMITACIÓN.,1,1,,,BOE-A-2025-22543:tabla=1:fila=53:codigo/plazas=50371251/1
101021,BOE-A-2025-22543,50371252,SERVICIO COMÚN DE TRAMITACIÓN.,1,1,,,BOE-A-2025-22543:tabla=1:fila=54:codigo/plazas=50371252/1
101022,BOE-A-2025-22543,50371277,SERVICIO COMÚN DE TRAMITACIÓN.,1,1,,,BOE-A-2025-22543:tabla=1:fila=55:codigo/plazas=50371277/1
101023,BOE-A-2025-22543,50371278,SERVICIO COMÚN DE TRAMITACIÓN.,1,1,,,BOE-A-2025-22543:tabla=1:fila=56:codigo/plazas=50371278/1
101024,BOE-A-2025-22543,50371279,SERVICIO COMÚN DE TRAMITACIÓN.,1,1,,,BOE-A-2025-22543:tabla=1:fila=57:codigo/plazas=50371279/1
101025,BOE-A-2025-22543,50371302,OFICINA GENERAL DEL REGISTRO CIVIL DE SAN FERNANDO.,1,1,,,BOE-A-2025-22543:tabla=1:fila=58:codigo/plazas=50371302/1
101026,BOE-A-2025-22543,50371312,SERVICIO COMÚN DE TRAMITACIÓN.,1,1,,,BOE-A-2025-22543:tabla=1:fila=59:codigo/plazas=50371312/1
101027,BOE-A-2025-22543,50371313,SERVICIO COMÚN DE TRAMITACIÓN.,1,1,,,BOE-A-2025-22543:tabla=1:fila=60:codigo/plazas=50371313/1
101028,BOE-A-2025-22543,50371314,SERVICIO COMÚN DE TRAMITACIÓN.,1,1,,,BOE-A-2025-22543:tabla=1:fila=61:codigo/plazas=50371314/1
101029,BOE-A-2025-22543,50371315,SERVICIO COMÚN DE TRAMITACIÓN.,1,1,,,BOE-A-2025-22543:tabla=1:fila=62:codigo/plazas=50371315/1
101030,BOE-A-2025-22543,50371316,SERVICIO COMÚN DE TRAMITACIÓN.,1,1,,,BOE-A-2025-22543:tabla=1:fila=63:codigo/plazas=50371316/1
101031,BOE-A-2025-22543,50371317,SERVICIO COMÚN DE TRAMITACIÓN.,1,1,,,BOE-A-2025-22543:tabla=1:fila=64:codigo/plazas=50371317/1
101032,BOE-A-2025-22543,50371318,SERVICIO COMÚN DE TRAMITACIÓN.,1,1,,,BOE-A-2025-22543:tabla=1:fila=65:codigo/plazas=50371318/1
101033,BOE-A-2025-22543,50371347,SERVICIO COMÚN DE TRAMITACIÓN.,1,1,,,BOE-A-2025-22543:tabla=1:fila=66:codigo/plazas=50371347/1
101034,BOE-A-2025-22543,50371348,SERVICIO COMÚN DE TRAMITACIÓN.,1,1,,,BOE-A-2025-22543:tabla=1:fila=67:codigo/plazas=50371348/1
101035,BOE-A-2025-22543,50371349,SERVICIO COMÚN DE TRAMITACIÓN.,1,1,,,BOE-A-2025-22543:tabla=1:fila=68:codigo/plazas=50371349/1
101036,BOE-A-2025-22543,50371383,OFICINA GENERAL DEL REGISTRO CIVIL DE UBRIQUE.,1,1,,,BOE-A-2025-22543:tabla=1:fila=69:codigo/plazas=50371383/1
101037,BOE-A-2025-22543,50371399,SERVICIO COMÚN DE TRAMITACIÓN.,1,1,,,BOE-A-2025-22543:tabla=1:fila=70:codigo/plazas=50371399/1
101038,BOE-A-2025-22543,50371417,SERVICIO COMÚN DE TRAMITACIÓN.,1,1,,,BOE-A-2025-22543:tabla=1:fila=71:codigo/plazas=50371417/1
101039,BOE-A-2025-22543,50371425,SERVICIO COMÚN DE TRAMITACIÓN.,1,1,,,BOE-A-2025-22543:tabla=1:fila=72:codigo/plazas=50371425/1
101040,BOE-A-2025-22543,50371426,SERVICIO COMÚN DE TRAMITACIÓN.,1,1,,,BOE-A-2025-22543:tabla=1:fila=73:codigo/plazas=50371426/1
101041,BOE-A-2025-22543,50371439,SERVICIO COMÚN DE TRAMITACIÓN.,1,1,,,BOE-A-2025-22543:tabla=1:fila=74:codigo/plazas=50371439/1
101042,BOE-A-2025-22543,50371442,SERVICIO COMÚN DE TRAMITACIÓN.,1,1,,,BOE-A-2025-22543:tabla=1:fila=75:codigo/plazas=50371442/1
101043,BOE-A-2025-22543,50371454,SERVICIO COMÚN DE TRAMITACIÓN.,1,1,,,BOE-A-2025-22543:tabla=1:fila=76:codigo/plazas=50371454/1
101044,BOE-A-2025-22543,50370703,OFICINA DE JUSTICIA DE PALMA DEL RIO.,1,1,,,BOE-A-2025-22543:tabla=1:fila=77:codigo/plazas=50370703/1
101045,BOE-A-2025-22543,50371483,SERVICIO COMÚN DE TRAMITACIÓN.,1,1,,,BOE-A-2025-22543:tabla=1:fila=78:codigo/plazas=50371483/1
101046,BOE-A-2025-22543,50371484,SERVICIO COMÚN DE TRAMITACIÓN.,1,1,,,BOE-A-2025-22543:tabla=1:fila=79:codigo/plazas=50371484/1
101047,BOE-A-2025-22543,50371490,SERVICIO COMÚN DE TRAMITACIÓN.,1,1,,,BOE-A-2025-22543:tabla=1:fila=80:codigo/plazas=50371490/1
101048,BOE-A-2025-22543,50371491,SERVICIO COMÚN DE TRAMITACIÓN.,1,1,,,BOE-A-2025-22543:tabla=1:fila=81:codigo/plazas=50371491/1
101049,BOE-A-2025-22543,50371492,SERVICIO COMÚN DE TRAMITACIÓN.,1,1,,,BOE-A-2025-22543:tabla=1:fila=82:codigo/plazas=50371492/1
101050,BOE-A-2025-22543,50371506,SERVICIO COMÚN DE TRAMITACIÓN.,1,1,,,BOE-A-2025-22543:tabla=1:fila=83:codigo/plazas=50371506/1
101051,BOE-A-2025-22543,50371519,OFICINA GENERAL DEL REGISTRO CIVIL DE PRIEGO DE CORDOBA.,1,1,,,BOE-A-2025-22543:tabla=1:fila=84:codigo/plazas=50371519/1
101052,BOE-A-2025-22543,50371527,SERVICIO COMÚN DE TRAMITACIÓN.,1,1,,,BOE-A-2025-22543:tabla=1:fila=85:codigo/plazas=50371527/1
101053,BOE-A-2025-22543,50371542,SERVICIO COMÚN DE TRAMITACIÓN.,1,1,,,BOE-A-2025-22543:tabla=1:fila=86:codigo/plazas=50371542/1
101054,BOE-A-2025-22543,50371543,SERVICIO COMÚN DE TRAMITACIÓN.,1,1,,,BOE-A-2025-22543:tabla=1:fila=87:codigo/plazas=50371543/1
101055,BOE-A-2025-22543,50371563,SERVICIO COMÚN DE TRAMITACIÓN.,1,1,,,BOE-A-2025-22543:tabla=1:fila=88:codigo/plazas=50371563/1
101056,BOE-A-2025-22543,50371564,SERVICIO COMÚN DE TRAMITACIÓN.,1,1,,,BOE-A-2025-22543:tabla=1:fila=89:codigo/plazas=50371564/1
101057,BOE-A-2025-22543,50371565,SERVICIO COMÚN DE TRAMITACIÓN.,1,1,,,BOE-A-2025-22543:tabla=1:fila=90:codigo/plazas=50371565/1
101058,BOE-A-2025-22543,50371567,SERVICIO COMÚN DE TRAMITACIÓN.,1,1,,,BOE-A-2025-22543:tabla=1:fila=91:codigo/plazas=50371567/1
101059,BOE-A-2025-22543,50371568,SERVICIO COMÚN DE TRAMITACIÓN.,1,1,,,BOE-A-2025-22543:tabla=1:fila=92:codigo/plazas=50371568/1
101060,BOE-A-2025-22543,50371574,OFICINA GENERAL DEL REGISTRO CIVIL DE BAZA.,1,1,,,BOE-A-2025-22543:tabla=1:fila=93:codigo/plazas=50371574/1
101061,BOE-A-2025-22543,50371580,SERVICIO COMÚN DE TRAMITACIÓN.,1,1,,,BOE-A-2025-22543:tabla=1:fila=94:codigo/plazas=50371580/1
101062,BOE-A-2025-22543,50371584,SERVICIO COMÚN DE TRAMITACIÓN.,1,1,,,BOE-A-2025-22543:tabla=1:fila=95:codigo/plazas=50371584/1
101063,BOE-A-2025-22543,50371593,SERVICIO COMÚN DE TRAMITACIÓN.,1,1,,,BOE-A-2025-22543:tabla=1:fila=96:codigo/plazas=50371593/1
101064,BOE-A-2025-22543,50371603,SERVICIO COMÚN DE TRAMITACIÓN.,1,1,,,BOE-A-2025-22543:tabla=1:fila=97:codigo/plazas=50371603/1
101065,BOE-A-2025-22543,50371604,SERVICIO COMÚN DE TRAMITACIÓN.,1,1,,,BOE-A-2025-22543:tabla=1:fila=98:codigo/plazas=50371604/1
101066,BOE-A-2025-22543,50371605,SERVICIO COMÚN DE TRAMITACIÓN.,1,1,,,BOE-A-2025-22543:tabla=1:fila=99:codigo/plazas=50371605/1
101067,BOE-A-2025-22543,50371609,SERVICIO COMÚN DE TRAMITACIÓN.,1,1,,,BOE-A-2025-22543:tabla=1:fila=100:codigo/plazas=50371609/1
101068,BOE-A-2025-22543,50371610,SERVICIO COMÚN DE TRAMITACIÓN.,1,1,,,BOE-A-2025-22543:tabla=1:fila=101:codigo/plazas=50371610/1
101069,BOE-A-2025-22543,50371617,OFICINA GENERAL DEL REGISTRO CIVIL DE LOJA.,1,1,,,BOE-A-2025-22543:tabla=1:fila=102:codigo/plazas=50371617/1
101070,BOE-A-2025-22543,50371643,SERVICIO COMÚN DE TRAMITACIÓN.,1,1,,,BOE-A-2025-22543:tabla=1:fila=103:codigo/plazas=50371643/1
101071,BOE-A-2025-22543,50371644,SERVICIO COMÚN DE TRAMITACIÓN.,1,1,,,BOE-A-2025-22543:tabla=1:fila=104:codigo/plazas=50371644/1
101072,BOE-A-2025-22543,50371645,SERVICIO COMÚN DE TRAMITACIÓN.,1,1,,,BOE-A-2025-22543:tabla=1:fila=105:codigo/plazas=50371645/1
101073,BOE-A-2025-22543,50371646,SERVICIO COMÚN DE TRAMITACIÓN.,1,1,,,BOE-A-2025-22543:tabla=1:fila=106:codigo/plazas=50371646/1
101074,BOE-A-2025-22543,50371647,SERVICIO COMÚN DE TRAMITACIÓN.,1,1,,,BOE-A-2025-22543:tabla=1:fila=107:codigo/plazas=50371647/1
101075,BOE-A-2025-22543,50371648,SERVICIO COMÚN DE TRAMITACIÓN.,1,1,,,BOE-A-2025-22543:tabla=1:fila=108:codigo/plazas=50371648/1
101076,BOE-A-2025-22543,50371649,SERVICIO COMÚN DE TRAMITACIÓN.,1,1,,,BOE-A-2025-22543:tabla=1:fila=109:codigo/plazas=50371649/1
101077,BOE-A-2025-22543,50371660,SERVICIO COMÚN DE TRAMITACIÓN.,1,1,,,BOE-A-2025-22543:tabla=1:fila=110:codigo/plazas=50371660/1
101078,BOE-A-2025-22543,50371671,OFICINA GENERAL DEL REGISTRO CIVIL DE SANTA FE.,1,1,,,BOE-A-2025-22543:tabla=1:fila=111:codigo/plazas=50371671/1
101079,BOE-A-2025-22543,50371672,OFICINA GENERAL DEL REGISTRO CIVIL DE SANTA FE.,1,1,,,BOE-A-2025-22543:tabla=1:fila=112:codigo/plazas=50371672/1
101080,BOE-A-2025-22543,50371624,SERVICIO COMÚN DE TRAMITACIÓN.,1,1,,,BOE-A-2025-22543:tabla=1:fila=113:codigo/plazas=50371624/1
101081,BOE-A-2025-22543,50371678,SERVICIO COMÚN DE TRAMITACIÓN.,1,1,,,BOE-A-2025-22543:tabla=1:fila=114:codigo/plazas=50371678/1
101082,BOE-A-2025-22543,50371700,SERVICIO COMÚN DE TRAMITACIÓN.,1,1,,,BOE-A-2025-22543:tabla=1:fila=115:codigo/plazas=50371700/1
101083,BOE-A-2025-22543,50371701,SERVICIO COMÚN DE TRAMITACIÓN.,1,1,,,BOE-A-2025-22543:tabla=1:fila=116:codigo/plazas=50371701/1
101084,BOE-A-2025-22543,50371702,SERVICIO COMÚN DE TRAMITACIÓN.,1,1,,,BOE-A-2025-22543:tabla=1:fila=117:codigo/plazas=50371702/1
101085,BOE-A-2025-22543,50371703,SERVICIO COMÚN DE TRAMITACIÓN.,1,1,,,BOE-A-2025-22543:tabla=1:fila=118:codigo/plazas=50371703/1
101086,BOE-A-2025-22543,50371704,SERVICIO COMÚN DE TRAMITACIÓN.,1,1,,,BOE-A-2025-22543:tabla=1:fila=119:codigo/plazas=50371704/1
101087,BOE-A-2025-22543,50371705,SERVICIO COMÚN DE TRAMITACIÓN.,1,1,,,BOE-A-2025-22543:tabla=1:fila=120:codigo/plazas=50371705/1
101088,BOE-A-2025-22543,50371706,SERVICIO COMÚN DE TRAMITACIÓN.,1,1,,,BOE-A-2025-22543:tabla=1:fila=121:codigo/plazas=50371706/1
101089,BOE-A-2025-22543,50371707,SERVICIO COMÚN DE TRAMITACIÓN.,1,1,,,BOE-A-2025-22543:tabla=1:fila=122:codigo/plazas=50371707/1
101090,BOE-A-2025-22543,50371708,SERVICIO COMÚN DE TRAMITACIÓN.,1,1,,,BOE-A-2025-22543:tabla=1:fila=123:codigo/plazas=50371708/1
101091,BOE-A-2025-22543,50371712,SERVICIO COMÚN DE TRAMITACIÓN.,1,1,,,BOE-A-2025-22543:tabla=1:fila=124:codigo/plazas=50371712/1
101092,BOE-A-2025-22543,50371713,SERVICIO COMÚN DE TRAMITACIÓN.,1,1,,,BOE-A-2025-22543:tabla=1:fila=125:codigo/plazas=50371713/1
101093,BOE-A-2025-22543,50371714,SERVICIO COMÚN DE TRAMITACIÓN.,1,1,,,BOE-A-2025-22543:tabla=1:fila=126:codigo/plazas=50371714/1
101094,BOE-A-2025-22543,50371721,SERVICIO COMÚN GENERAL.,1,1,,,BOE-A-2025-22543:tabla=1:fila=127:codigo/plazas=50371721/1
101095,BOE-A-2025-22543,50371722,SERVICIO COMÚN GENERAL.,1,1,,,BOE-A-2025-22543:tabla=1:fila=128:codigo/plazas=50371722/1
101096,BOE-A-2025-22543,50371733,SERVICIO COMÚN DE EJECUCIÓN.,1,1,,,BOE-A-2025-22543:tabla=1:fila=129:codigo/plazas=50371733/1
101097,BOE-A-2025-22543,50371734,SERVICIO COMÚN DE EJECUCIÓN.,1,1,,,BOE-A-2025-22543:tabla=1:fila=130:codigo/plazas=50371734/1
101098,BOE-A-2025-22543,50371735,SERVICIO COMÚN DE EJECUCIÓN.,1,1,,,BOE-A-2025-22543:tabla=1:fila=131:codigo/plazas=50371735/1
101099,BOE-A-2025-22543,50371736,SERVICIO COMÚN DE EJECUCIÓN.,1,1,,,BOE-A-2025-22543:tabla=1:fila=132:codigo/plazas=50371736/1
101100,BOE-A-2025-22543,50371737,SERVICIO COMÚN DE EJECUCIÓN.,1,1,,,BOE-A-2025-22543:tabla=1:fila=133:codigo/plazas=50371737/1
101101,BOE-A-2025-22543,50371738,SERVICIO COMÚN DE EJECUCIÓN.,1,1,,,BOE-A-2025-22543:tabla=1:fila=134:codigo/plazas=50371738/1
101102,BOE-A-2025-22543,50371739,SERVICIO COMÚN DE EJECUCIÓN.,1,1,,,BOE-A-2025-22543:tabla=1:fila=135:codigo/plazas=50371739/1
101103,BOE-A-2025-22543,50371742,OFICINA GENERAL DEL REGISTRO CIVIL DE AYAMONTE.,1,1,,,BOE-A-2025-22543:tabla=1:fila=136:codigo/plazas=50371742/1
101104,BOE-A-2025-22543,50371743,OFICINA GENERAL DEL REGISTRO CIVIL DE AYAMONTE.,1,1,,,BOE-A-2025-22543:tabla=1:fila=137:codigo/plazas=50371743/1
101105,BOE-A-2025-22543,50370738,OFICINA DE JUSTICIA DE LEPE.,1,1,,,BOE-A-2025-22543:tabla=1:fila=138:codigo/plazas=50370738/1
101106,BOE-A-2025-22543,50371787,SERVICIO COMÚN DE TRAMITACIÓN.,1,1,,,BOE-A-2025-22543:tabla=1:fila=139:codigo/plazas=50371787/1
101107,BOE-A-2025-22543,50371788,SERVICIO COMÚN DE TRAMITACIÓN.,1,1,,,BOE-A-2025-22543:tabla=1:fila=140:codigo/plazas=50371788/1
101108,BOE-A-2025-22543,50371789,SERVICIO COMÚN DE TRAMITACIÓN.,1,1,,,BOE-A-2025-22543:tabla=1:fila=141:codigo/plazas=50371789/1
101109,BOE-A-2025-22543,50371790,SERVICIO COMÚN DE TRAMITACIÓN.,1,1,,,BOE-A-2025-22543:tabla=1:fila=142:codigo/plazas=50371790/1
101110,BOE-A-2025-22543,50371791,SERVICIO COMÚN DE TRAMITACIÓN.,1,1,,,BOE-A-2025-22543:tabla=1:fila=143:codigo/plazas=50371791/1
101111,BOE-A-2025-22543,50371792,SERVICIO COMÚN DE TRAMITACIÓN.,1,1,,,BOE-A-2025-22543:tabla=1:fila=144:codigo/plazas=50371792/1
101112,BOE-A-2025-22543,50371794,SERVICIO COMÚN DE TRAMITACIÓN.,1,1,,,BOE-A-2025-22543:tabla=1:fila=145:codigo/plazas=50371794/1
101113,BOE-A-2025-22543,50371795,SERVICIO COMÚN DE TRAMITACIÓN.,1,1,,,BOE-A-2025-22543:tabla=1:fila=146:codigo/plazas=50371795/1
101114,BOE-A-2025-22543,50371796,SERVICIO COMÚN DE TRAMITACIÓN.,1,1,,,BOE-A-2025-22543:tabla=1:fila=147:codigo/plazas=50371796/1
101115,BOE-A-2025-22543,50371802,OFICINA GENERAL DEL REGISTRO CIVIL.,1,1,,,BOE-A-2025-22543:tabla=1:fila=148:codigo/plazas=50371802/1
101116,BOE-A-2025-22543,50371756,SERVICIO COMÚN DE TRAMITACIÓN.,1,1,,,BOE-A-2025-22543:tabla=1:fila=149:codigo/plazas=50371756/1
101117,BOE-A-2025-22543,50371757,SERVICIO COMÚN DE TRAMITACIÓN.,1,1,,,BOE-A-2025-22543:tabla=1:fila=150:codigo/plazas=50371757/1
101118,BOE-A-2025-22543,50371758,SERVICIO COMÚN DE TRAMITACIÓN.,1,1,,,BOE-A-2025-22543:tabla=1:fila=151:codigo/plazas=50371758/1
101119,BOE-A-2025-22543,50371759,SERVICIO COMÚN DE TRAMITACIÓN.,1,1,,,BOE-A-2025-22543:tabla=1:fila=152:codigo/plazas=50371759/1
101120,BOE-A-2025-22543,50371760,SERVICIO COMÚN DE TRAMITACIÓN.,1,1,,,BOE-A-2025-22543:tabla=1:fila=153:codigo/plazas=50371760/1
101121,BOE-A-2025-22543,50371761,SERVICIO COMÚN DE TRAMITACIÓN.,1,1,,,BOE-A-2025-22543:tabla=1:fila=154:codigo/plazas=50371761/1
101122,BOE-A-2025-22543,50371762,SERVICIO COMÚN DE TRAMITACIÓN.,1,1,,,BOE-A-2025-22543:tabla=1:fila=155:codigo/plazas=50371762/1
101123,BOE-A-2025-22543,50371763,SERVICIO COMÚN DE TRAMITACIÓN.,1,1,,,BOE-A-2025-22543:tabla=1:fila=156:codigo/plazas=50371763/1
101124,BOE-A-2025-22543,50371768,SERVICIO COMÚN DE TRAMITACIÓN.,1,1,,,BOE-A-2025-22543:tabla=1:fila=157:codigo/plazas=50371768/1
101125,BOE-A-2025-22543,50371772,SERVICIO COMÚN DE TRAMITACIÓN.,1,1,,,BOE-A-2025-22543:tabla=1:fila=158:codigo/plazas=50371772/1
101126,BOE-A-2025-22543,50371781,OFICINA GENERAL DEL REGISTRO CIVIL DE LA PALMA DEL CONDADO.,1,1,,,BOE-A-2025-22543:tabla=1:fila=159:codigo/plazas=50371781/1
101127,BOE-A-2025-22543,50371811,SERVICIO COMÚN DE TRAMITACIÓN.,1,1,,,BOE-A-2025-22543:tabla=1:fila=160:codigo/plazas=50371811/1
101128,BOE-A-2025-22543,50371818,OFICINA GENERAL DEL REGISTRO CIVIL DE VALVERDE DEL CAMINO.,1,1,,,BOE-A-2025-22543:tabla=1:fila=161:codigo/plazas=50371818/1
101129,BOE-A-2025-22543,50371850,SERVICIO COMÚN DE TRAMITACIÓN.,1,1,,,BOE-A-2025-22543:tabla=1:fila=162:codigo/plazas=50371850/1
101130,BOE-A-2025-22543,50371885,SERVICIO COMÚN DE TRAMITACIÓN.,1,1,,,BOE-A-2025-22543:tabla=1:fila=163:codigo/plazas=50371885/1
101131,BOE-A-2025-22543,50371874,SERVICIO COMÚN DE TRAMITACIÓN.,1,1,,,BOE-A-2025-22543:tabla=1:fila=164:codigo/plazas=50371874/1
101132,BOE-A-2025-22543,50371911,SERVICIO COMÚN DE TRAMITACIÓN.,1,1,,,BOE-A-2025-22543:tabla=1:fila=165:codigo/plazas=50371911/1
101133,BOE-A-2025-22543,50371912,SERVICIO COMÚN DE TRAMITACIÓN.,1,1,,,BOE-A-2025-22543:tabla=1:fila=166:codigo/plazas=50371912/1
101134,BOE-A-2025-22543,50371971,SERVICIO COMÚN DE TRAMITACIÓN.,1,1,,,BOE-A-2025-22543:tabla=1:fila=167:codigo/plazas=50371971/1
101135,BOE-A-2025-22543,50371990,OFICINA GENERAL DEL REGISTRO CIVIL DE UBEDA.,1,1,,,BOE-A-2025-22543:tabla=1:fila=168:codigo/plazas=50371990/1
101136,BOE-A-2025-22543,50372027,SERVICIO COMÚN DE TRAMITACIÓN.,1,1,,,BOE-A-2025-22543:tabla=1:fila=169:codigo/plazas=50372027/1
101137,BOE-A-2025-22543,50372038,OFICINA GENERAL DEL REGISTRO CIVIL DE ANTEQUERA.,1,1,,,BOE-A-2025-22543:tabla=1:fila=170:codigo/plazas=50372038/1
101138,BOE-A-2025-22543,50372041,SERVICIO COMÚN DE TRAMITACIÓN.,1,1,,,BOE-A-2025-22543:tabla=1:fila=171:codigo/plazas=50372041/1
101139,BOE-A-2025-22543,50372055,SERVICIO COMÚN DE TRAMITACIÓN.,1,1,,,BOE-A-2025-22543:tabla=1:fila=172:codigo/plazas=50372055/1
101140,BOE-A-2025-22543,50372056,SERVICIO COMÚN DE TRAMITACIÓN.,1,1,,,BOE-A-2025-22543:tabla=1:fila=173:codigo/plazas=50372056/1
101141,BOE-A-2025-22543,50372057,SERVICIO COMÚN DE TRAMITACIÓN.,1,1,,,BOE-A-2025-22543:tabla=1:fila=174:codigo/plazas=50372057/1
101142,BOE-A-2025-22543,50372058,SERVICIO COMÚN DE TRAMITACIÓN.,1,1,,,BOE-A-2025-22543:tabla=1:fila=175:codigo/plazas=50372058/1
101143,BOE-A-2025-22543,50372059,SERVICIO COMÚN DE TRAMITACIÓN.,1,1,,,BOE-A-2025-22543:tabla=1:fila=176:codigo/plazas=50372059/1
101144,BOE-A-2025-22543,50372072,OFICINA GENERAL DEL REGISTRO CIVIL DE COÍN.,1,1,,,BOE-A-2025-22543:tabla=1:fila=177:codigo/plazas=50372072/1
101145,BOE-A-2025-22543,50372083,SERVICIO COMÚN DE TRAMITACIÓN.,1,1,,,BOE-A-2025-22543:tabla=1:fila=178:codigo/plazas=50372083/1
101146,BOE-A-2025-22543,50372084,SERVICIO COMÚN DE TRAMITACIÓN.,1,1,,,BOE-A-2025-22543:tabla=1:fila=179:codigo/plazas=50372084/1
101147,BOE-A-2025-22543,50372085,SERVICIO COMÚN DE TRAMITACIÓN.,1,1,,,BOE-A-2025-22543:tabla=1:fila=180:codigo/plazas=50372085/1
101148,BOE-A-2025-22543,50372086,SERVICIO COMÚN DE TRAMITACIÓN.,1,1,,,BOE-A-2025-22543:tabla=1:fila=181:codigo/plazas=50372086/1
101149,BOE-A-2025-22543,50372119,SERVICIO COMÚN DE EJECUCIÓN.,1,1,,,BOE-A-2025-22543:tabla=1:fila=182:codigo/plazas=50372119/1
101150,BOE-A-2025-22543,50372120,SERVICIO COMÚN DE EJECUCIÓN.,1,1,,,BOE-A-2025-22543:tabla=1:fila=183:codigo/plazas=50372120/1
101151,BOE-A-2025-22543,50372131,OFICINA GENERAL DEL REGISTRO CIVIL DE ESTEPONA.,1,1,,,BOE-A-2025-22543:tabla=1:fila=184:codigo/plazas=50372131/1
101152,BOE-A-2025-22543,50372132,OFICINA GENERAL DEL REGISTRO CIVIL DE ESTEPONA.,1,1,,,BOE-A-2025-22543:tabla=1:fila=185:codigo/plazas=50372132/1
101153,BOE-A-2025-22543,50372133,OFICINA GENERAL DEL REGISTRO CIVIL DE ESTEPONA.,1,1,,,BOE-A-2025-22543:tabla=1:fila=186:codigo/plazas=50372133/1
101154,BOE-A-2025-22543,50372142,SERVICIO COMÚN DE TRAMITACIÓN.,1,1,,,BOE-A-2025-22543:tabla=1:fila=187:codigo/plazas=50372142/1
101155,BOE-A-2025-22543,50372143,SERVICIO COMÚN DE TRAMITACIÓN.,1,1,,,BOE-A-2025-22543:tabla=1:fila=188:codigo/plazas=50372143/1
101156,BOE-A-2025-22543,50372144,SERVICIO COMÚN DE TRAMITACIÓN.,1,1,,,BOE-A-2025-22543:tabla=1:fila=189:codigo/plazas=50372144/1
101157,BOE-A-2025-22543,50372145,SERVICIO COMÚN DE TRAMITACIÓN.,1,1,,,BOE-A-2025-22543:tabla=1:fila=190:codigo/plazas=50372145/1
101158,BOE-A-2025-22543,50372223,SERVICIO COMÚN DE TRAMITACIÓN.,1,1,,,BOE-A-2025-22543:tabla=1:fila=191:codigo/plazas=50372223/1
101159,BOE-A-2025-22543,50372226,SERVICIO COMÚN DE TRAMITACIÓN.,1,1,,,BOE-A-2025-22543:tabla=1:fila=192:codigo/plazas=50372226/1
101160,BOE-A-2025-22543,50372227,SERVICIO COMÚN DE TRAMITACIÓN.,1,1,,,BOE-A-2025-22543:tabla=1:fila=193:codigo/plazas=50372227/1
101161,BOE-A-2025-22543,50372178,SERVICIO COMÚN DE TRAMITACIÓN.,1,1,,,BOE-A-2025-22543:tabla=1:fila=194:codigo/plazas=50372178/1
101162,BOE-A-2025-22543,50372179,SERVICIO COMÚN DE TRAMITACIÓN.,1,1,,,BOE-A-2025-22543:tabla=1:fila=195:codigo/plazas=50372179/1
101163,BOE-A-2025-22543,50372180,SERVICIO COMÚN DE TRAMITACIÓN.,1,1,,,BOE-A-2025-22543:tabla=1:fila=196:codigo/plazas=50372180/1
101164,BOE-A-2025-22543,50372181,SERVICIO COMÚN DE TRAMITACIÓN.,1,1,,,BOE-A-2025-22543:tabla=1:fila=197:codigo/plazas=50372181/1
101165,BOE-A-2025-22543,50372182,SERVICIO COMÚN DE TRAMITACIÓN.,1,1,,,BOE-A-2025-22543:tabla=1:fila=198:codigo/plazas=50372182/1
101166,BOE-A-2025-22543,50372196,SERVICIO COMÚN DE TRAMITACIÓN.,1,1,,,BOE-A-2025-22543:tabla=1:fila=199:codigo/plazas=50372196/1
101167,BOE-A-2025-22543,50372197,SERVICIO COMÚN DE TRAMITACIÓN.,1,1,,,BOE-A-2025-22543:tabla=1:fila=200:codigo/plazas=50372197/1
101168,BOE-A-2025-22543,50372204,SERVICIO COMÚN GENERAL.,1,1,,,BOE-A-2025-22543:tabla=1:fila=201:codigo/plazas=50372204/1
101169,BOE-A-2025-22543,50372215,OFICINA GENERAL DEL REGISTRO CIVIL DE VÉLEZ-MÁLAGA.,1,1,,,BOE-A-2025-22543:tabla=1:fila=202:codigo/plazas=50372215/1
101170,BOE-A-2025-22543,50372216,OFICINA GENERAL DEL REGISTRO CIVIL DE VÉLEZ-MÁLAGA.,1,1,,,BOE-A-2025-22543:tabla=1:fila=203:codigo/plazas=50372216/1
101171,BOE-A-2025-22543,50372260,SERVICIO COMÚN DE TRAMITACIÓN.,1,1,,,BOE-A-2025-22543:tabla=1:fila=204:codigo/plazas=50372260/1
101172,BOE-A-2025-22543,50372274,OFICINA GENERAL DEL REGISTRO CIVIL DE ALCALÁ DE GUADAÍRA.,1,1,,,BOE-A-2025-22543:tabla=1:fila=205:codigo/plazas=50372274/1
101173,BOE-A-2025-22543,50372284,SERVICIO COMÚN DE TRAMITACIÓN.,1,1,,,BOE-A-2025-22543:tabla=1:fila=206:codigo/plazas=50372284/1
101174,BOE-A-2025-22543,50372285,SERVICIO COMÚN DE TRAMITACIÓN.,1,1,,,BOE-A-2025-22543:tabla=1:fila=207:codigo/plazas=50372285/1
101175,BOE-A-2025-22543,50372286,SERVICIO COMÚN DE TRAMITACIÓN.,1,1,,,BOE-A-2025-22543:tabla=1:fila=208:codigo/plazas=50372286/1
101176,BOE-A-2025-22543,50372287,SERVICIO COMÚN DE TRAMITACIÓN.,1,1,,,BOE-A-2025-22543:tabla=1:fila=209:codigo/plazas=50372287/1
101177,BOE-A-2025-22543,50372288,SERVICIO COMÚN DE TRAMITACIÓN.,1,1,,,BOE-A-2025-22543:tabla=1:fila=210:codigo/plazas=50372288/1
101178,BOE-A-2025-22543,50372306,SERVICIO COMÚN DE TRAMITACIÓN.,1,1,,,BOE-A-2025-22543:tabla=1:fila=211:codigo/plazas=50372306/1
101179,BOE-A-2025-22543,50372310,OFICINA GENERAL DEL REGISTRO CIVIL DE CAZALLA DE LA SIERRA.,1,1,,,BOE-A-2025-22543:tabla=1:fila=212:codigo/plazas=50372310/1
101180,BOE-A-2025-22543,50372319,SERVICIO COMÚN DE TRAMITACIÓN.,1,1,,,BOE-A-2025-22543:tabla=1:fila=213:codigo/plazas=50372319/1
101181,BOE-A-2025-22543,50372320,SERVICIO COMÚN DE TRAMITACIÓN.,1,1,,,BOE-A-2025-22543:tabla=1:fila=214:codigo/plazas=50372320/1
101182,BOE-A-2025-22543,50372352,SERVICIO COMÚN DE TRAMITACIÓN.,1,1,,,BOE-A-2025-22543:tabla=1:fila=215:codigo/plazas=50372352/1
101183,BOE-A-2025-22543,50372440,OFICINA GENERAL DEL REGISTRO CIVIL DE ESTEPA.,1,1,,,BOE-A-2025-22543:tabla=1:fila=216:codigo/plazas=50372440/1
101184,BOE-A-2025-22543,50372468,SERVICIO COMÚN DE TRAMITACIÓN.,1,1,,,BOE-A-2025-22543:tabla=1:fila=217:codigo/plazas=50372468/1
101185,BOE-A-2025-22543,50372469,SERVICIO COMÚN DE TRAMITACIÓN.,1,1,,,BOE-A-2025-22543:tabla=1:fila=218:codigo/plazas=50372469/1
101186,BOE-A-2025-22543,50372470,SERVICIO COMÚN DE TRAMITACIÓN.,1,1,,,BOE-A-2025-22543:tabla=1:fila=219:codigo/plazas=50372470/1
101187,BOE-A-2025-22543,50372481,SERVICIO COMÚN DE TRAMITACIÓN.,1,1,,,BOE-A-2025-22543:tabla=1:fila=220:codigo/plazas=50372481/1
101188,BOE-A-2025-22543,50372482,SERVICIO COMÚN DE TRAMITACIÓN.,1,1,,,BOE-A-2025-22543:tabla=1:fila=221:codigo/plazas=50372482/1
101189,BOE-A-2025-22543,50372488,OFICINA GENERAL DEL REGISTRO CIVIL DE LORA DEL RÍO.,1,1,,,BOE-A-2025-22543:tabla=1:fila=222:codigo/plazas=50372488/1
101190,BOE-A-2025-22543,50372508,SERVICIO COMÚN DE TRAMITACIÓN.,1,1,,,BOE-A-2025-22543:tabla=1:fila=223:codigo/plazas=50372508/1
101191,BOE-A-2025-22543,50372509,SERVICIO COMÚN DE TRAMITACIÓN.,1,1,,,BOE-A-2025-22543:tabla=1:fila=224:codigo/plazas=50372509/1
101192,BOE-A-2025-22543,50372526,SERVICIO COMÚN DE TRAMITACIÓN.,1,1,,,BOE-A-2025-22543:tabla=1:fila=225:codigo/plazas=50372526/1
101193,BOE-A-2025-22543,50372543,SERVICIO COMÚN DE TRAMITACIÓN.,1,1,,,BOE-A-2025-22543:tabla=1:fila=226:codigo/plazas=50372543/1
101194,BOE-A-2025-22543,50372544,SERVICIO COMÚN DE TRAMITACIÓN.,1,1,,,BOE-A-2025-22543:tabla=1:fila=227:codigo/plazas=50372544/1
101195,BOE-A-2025-22543,50372545,SERVICIO COMÚN DE TRAMITACIÓN.,1,1,,,BOE-A-2025-22543:tabla=1:fila=228:codigo/plazas=50372545/1
101196,BOE-A-2025-22543,50372546,SERVICIO COMÚN DE TRAMITACIÓN.,1,1,,,BOE-A-2025-22543:tabla=1:fila=229:codigo/plazas=50372546/1
101197,BOE-A-2025-22543,50372592,SERVICIO COMÚN DE TRAMITACIÓN.,1,1,,,BOE-A-2025-22543:tabla=1:fila=230:codigo/plazas=50372592/1
101198,BOE-A-2025-22543,50372593,SERVICIO COMÚN DE TRAMITACIÓN.,1,1,,,BOE-A-2025-22543:tabla=1:fila=231:codigo/plazas=50372593/1
101199,BOE-A-2025-22543,50372594,SERVICIO COMÚN DE TRAMITACIÓN.,1,1,,,BOE-A-2025-22543:tabla=1:fila=232:codigo/plazas=50372594/1
101200,BOE-A-2025-22543,50372595,SERVICIO COMÚN DE TRAMITACIÓN.,1,1,,,BOE-A-2025-22543:tabla=1:fila=233:codigo/plazas=50372595/1
101201,BOE-A-2025-22543,50372415,SERVICIO COMÚN DE TRAMITACIÓN.,1,1,,,BOE-A-2025-22543:tabla=1:fila=234:codigo/plazas=50372415/1
101202,BOE-A-2025-22543,50370637,OFICINA DE JUSTICIA DE ALBOX.,1,1,,,BOE-A-2025-22543:tabla=2:fila=1:codigo/plazas=50370637/1
101203,BOE-A-2025-22543,50370869,SERVICIO COMÚN DE TRAMITACIÓN.,1,1,,,BOE-A-2025-22543:tabla=2:fila=2:codigo/plazas=50370869/1
101204,BOE-A-2025-22543,50370870,SERVICIO COMÚN DE TRAMITACIÓN.,1,1,,,BOE-A-2025-22543:tabla=2:fila=3:codigo/plazas=50370870/1
101205,BOE-A-2025-22543,50370868,SERVICIO COMÚN DE TRAMITACIÓN.,1,1,,,BOE-A-2025-22543:tabla=2:fila=4:codigo/plazas=50370868/1
101206,BOE-A-2025-22543,50370873,OFICINA GENERAL DEL REGISTRO CIVIL DE BERJA.,1,1,,,BOE-A-2025-22543:tabla=2:fila=5:codigo/plazas=50370873/1
101207,BOE-A-2025-22543,50370645,OFICINA DE JUSTICIA DE CARBONERAS.,1,1,,,BOE-A-2025-22543:tabla=2:fila=6:codigo/plazas=50370645/1
101208,BOE-A-2025-22543,50370908,SERVICIO COMÚN GENERAL.,1,1,,,BOE-A-2025-22543:tabla=2:fila=7:codigo/plazas=50370908/1
101209,BOE-A-2025-22543,50370909,SERVICIO COMÚN GENERAL.,1,1,,,BOE-A-2025-22543:tabla=2:fila=8:codigo/plazas=50370909/1
101210,BOE-A-2025-22543,50370650,OFICINA DE JUSTICIA DE GARRUCHA.,1,1,,,BOE-A-2025-22543:tabla=2:fila=9:codigo/plazas=50370650/1
101211,BOE-A-2025-22543,50370949,SERVICIO COMÚN DE TRAMITACIÓN.,1,1,,,BOE-A-2025-22543:tabla=2:fila=10:codigo/plazas=50370949/1
101212,BOE-A-2025-22543,50370948,SERVICIO COMÚN DE TRAMITACIÓN.,1,1,,,BOE-A-2025-22543:tabla=2:fila=11:codigo/plazas=50370948/1
101213,BOE-A-2025-22543,50370778,OFICINA DE JUSTICIA DE MOJONERA.,1,1,,,BOE-A-2025-22543:tabla=2:fila=12:codigo/plazas=50370778/1
101214,BOE-A-2025-22543,50370652,OFICINA DE JUSTICIA DE MOJACAR.,1,1,,,BOE-A-2025-22543:tabla=2:fila=13:codigo/plazas=50370652/1
101215,BOE-A-2025-22543,50370959,SERVICIO COMÚN DE TRAMITACIÓN.,1,1,,,BOE-A-2025-22543:tabla=2:fila=14:codigo/plazas=50370959/1
101216,BOE-A-2025-22543,50371000,SERVICIO COMÚN GENERAL.,1,1,,,BOE-A-2025-22543:tabla=2:fila=15:codigo/plazas=50371000/1
101217,BOE-A-2025-22543,50371001,SERVICIO COMÚN GENERAL.,1,1,,,BOE-A-2025-22543:tabla=2:fila=16:codigo/plazas=50371001/1
101218,BOE-A-2025-22543,50371002,SERVICIO COMÚN GENERAL.,1,1,,,BOE-A-2025-22543:tabla=2:fila=17:codigo/plazas=50371002/1
101219,BOE-A-2025-22543,50371022,OFICINA GENERAL DEL REGISTRO CIVIL DE ROQUETAS DE MAR.,1,1,,,BOE-A-2025-22543:tabla=2:fila=18:codigo/plazas=50371022/1
101220,BOE-A-2025-22543,50371023,OFICINA GENERAL DEL REGISTRO CIVIL DE ROQUETAS DE MAR.,1,1,,,BOE-A-2025-22543:tabla=2:fila=19:codigo/plazas=50371023/1
101221,BOE-A-2025-22543,50371059,SERVICIO COMÚN DE TRAMITACIÓN.,1,1,,,BOE-A-2025-22543:tabla=2:fila=20:codigo/plazas=50371059/1
101222,BOE-A-2025-22543,50371061,SERVICIO COMÚN DE TRAMITACIÓN.,1,1,,,BOE-A-2025-22543:tabla=2:fila=21:codigo/plazas=50371061/1
101223,BOE-A-2025-22543,50371062,SERVICIO COMÚN DE TRAMITACIÓN.,1,1,,,BOE-A-2025-22543:tabla=2:fila=22:codigo/plazas=50371062/1
101224,BOE-A-2025-22543,50371067,OFICINA GENERAL DEL REGISTRO CIVIL DE VERA.,1,1,,,BOE-A-2025-22543:tabla=2:fila=23:codigo/plazas=50371067/1
101225,BOE-A-2025-22543,50371096,SERVICIO COMÚN DE TRAMITACIÓN.,1,1,,,BOE-A-2025-22543:tabla=2:fila=24:codigo/plazas=50371096/1
101226,BOE-A-2025-22543,50371097,SERVICIO COMÚN DE TRAMITACIÓN.,1,1,,,BOE-A-2025-22543:tabla=2:fila=25:codigo/plazas=50371097/1
101227,BOE-A-2025-22543,50371095,SERVICIO COMÚN DE TRAMITACIÓN.,1,1,,,BOE-A-2025-22543:tabla=2:fila=26:codigo/plazas=50371095/1
101228,BOE-A-2025-22543,50371117,SERVICIO COMÚN DE TRAMITACIÓN.,1,1,,,BOE-A-2025-22543:tabla=2:fila=27:codigo/plazas=50371117/1
101229,BOE-A-2025-22543,50371115,SERVICIO COMÚN DE TRAMITACIÓN.,1,1,,,BOE-A-2025-22543:tabla=2:fila=28:codigo/plazas=50371115/1
101230,BOE-A-2025-22543,50371121,OFICINA GENERAL DEL REGISTRO CIVIL DE BARBATE.,1,1,,,BOE-A-2025-22543:tabla=2:fila=29:codigo/plazas=50371121/1
101231,BOE-A-2025-22543,50370674,OFICINA DE JUSTICIA DE BENALUP-CASAS VIEJAS.,1,1,,,BOE-A-2025-22543:tabla=2:fila=30:codigo/plazas=50370674/1
101232,BOE-A-2025-22543,50370655,OFICINA DE JUSTICIA DE BORNOS.,1,1,,,BOE-A-2025-22543:tabla=2:fila=31:codigo/plazas=50370655/1
101233,BOE-A-2025-22543,50371161,SERVICIO COMÚN GENERAL.,1,1,,,BOE-A-2025-22543:tabla=2:fila=32:codigo/plazas=50371161/1
101234,BOE-A-2025-22543,50371157,SERVICIO COMÚN GENERAL.,1,1,,,BOE-A-2025-22543:tabla=2:fila=33:codigo/plazas=50371157/1
101235,BOE-A-2025-22543,50371158,SERVICIO COMÚN GENERAL.,1,1,,,BOE-A-2025-22543:tabla=2:fila=34:codigo/plazas=50371158/1
101236,BOE-A-2025-22543,50371181,OFICINA GENERAL DEL REGISTRO CIVIL DE CHICLANA DE LA FRONTERA.,1,1,,,BOE-A-2025-22543:tabla=2:fila=35:codigo/plazas=50371181/1
101237,BOE-A-2025-22543,50371217,SERVICIO COMÚN GENERAL.,1,1,,,BOE-A-2025-22543:tabla=2:fila=36:codigo/plazas=50371217/1
101238,BOE-A-2025-22543,50371218,SERVICIO COMÚN GENERAL.,1,1,,,BOE-A-2025-22543:tabla=2:fila=37:codigo/plazas=50371218/1
101239,BOE-A-2025-22543,50371219,SERVICIO COMÚN GENERAL.,1,1,,,BOE-A-2025-22543:tabla=2:fila=38:codigo/plazas=50371219/1
101240,BOE-A-2025-22543,50371220,SERVICIO COMÚN GENERAL.,1,1,,,BOE-A-2025-22543:tabla=2:fila=39:codigo/plazas=50371220/1
101241,BOE-A-2025-22543,50371228,OFICINA GENERAL DEL REGISTRO CIVIL DE LA LINEA DE LA CONCEPCION.,1,1,,,BOE-A-2025-22543:tabla=2:fila=40:codigo/plazas=50371228/1
101242,BOE-A-2025-22543,50371229,OFICINA GENERAL DEL REGISTRO CIVIL DE LA LINEA DE LA CONCEPCION.,1,1,,,BOE-A-2025-22543:tabla=2:fila=41:codigo/plazas=50371229/1
101243,BOE-A-2025-22543,50370680,OFICINA DE JUSTICIA DE MEDINA SIDONIA.,1,1,,,BOE-A-2025-22543:tabla=2:fila=42:codigo/plazas=50370680/1
101244,BOE-A-2025-22543,50371260,SERVICIO COMÚN DE TRAMITACIÓN.,1,1,,,BOE-A-2025-22543:tabla=2:fila=43:codigo/plazas=50371260/1
101245,BOE-A-2025-22543,50371264,OFICINA GENERAL DEL REGISTRO CIVIL DE PUERTO REAL.,1,1,,,BOE-A-2025-22543:tabla=2:fila=44:codigo/plazas=50371264/1
101246,BOE-A-2025-22543,50370662,OFICINA DE JUSTICIA DE PUERTO SERRANO.,1,1,,,BOE-A-2025-22543:tabla=2:fila=45:codigo/plazas=50370662/1
101247,BOE-A-2025-22543,50371242,SERVICIO COMÚN DE TRAMITACIÓN.,1,1,,,BOE-A-2025-22543:tabla=2:fila=46:codigo/plazas=50371242/1
101248,BOE-A-2025-22543,50371240,SERVICIO COMÚN DE TRAMITACIÓN.,1,1,,,BOE-A-2025-22543:tabla=2:fila=47:codigo/plazas=50371240/1
101249,BOE-A-2025-22543,50371296,SERVICIO COMÚN DE TRAMITACIÓN.,1,1,,,BOE-A-2025-22543:tabla=2:fila=48:codigo/plazas=50371296/1
101250,BOE-A-2025-22543,50371327,SERVICIO COMÚN DE TRAMITACIÓN.,1,1,,,BOE-A-2025-22543:tabla=2:fila=49:codigo/plazas=50371327/1
101251,BOE-A-2025-22543,50371328,SERVICIO COMÚN DE TRAMITACIÓN.,1,1,,,BOE-A-2025-22543:tabla=2:fila=50:codigo/plazas=50371328/1
101252,BOE-A-2025-22543,50371329,SERVICIO COMÚN DE TRAMITACIÓN.,1,1,,,BOE-A-2025-22543:tabla=2:fila=51:codigo/plazas=50371329/1
101253,BOE-A-2025-22543,50371332,OFICINA GENERAL DEL REGISTRO CIVIL DE SAN ROQUE.,1,1,,,BOE-A-2025-22543:tabla=2:fila=52:codigo/plazas=50371332/1
101254,BOE-A-2025-22543,50371384,OFICINA GENERAL DEL REGISTRO CIVIL DE UBRIQUE.,1,1,,,BOE-A-2025-22543:tabla=2:fila=53:codigo/plazas=50371384/1
101255,BOE-A-2025-22543,50370660,OFICINA DE JUSTICIA DE VILLAMARTIN.,1,1,,,BOE-A-2025-22543:tabla=2:fila=54:codigo/plazas=50370660/1
101256,BOE-A-2025-22543,50371393,SERVICIO COMÚN DE TRAMITACIÓN.,1,1,,,BOE-A-2025-22543:tabla=2:fila=55:codigo/plazas=50371393/1
101257,BOE-A-2025-22543,50371396,OFICINA GENERAL DEL REGISTRO CIVIL DE BAENA.,1,1,,,BOE-A-2025-22543:tabla=2:fila=56:codigo/plazas=50371396/1
101258,BOE-A-2025-22543,50371404,SERVICIO COMÚN DE TRAMITACIÓN.,1,1,,,BOE-A-2025-22543:tabla=2:fila=57:codigo/plazas=50371404/1
101259,BOE-A-2025-22543,50370700,OFICINA DE JUSTICIA DE FUENTE PALMERA.,1,1,,,BOE-A-2025-22543:tabla=2:fila=58:codigo/plazas=50370700/1
101260,BOE-A-2025-22543,50371428,SERVICIO COMÚN DE TRAMITACIÓN.,1,1,,,BOE-A-2025-22543:tabla=2:fila=59:codigo/plazas=50371428/1
101261,BOE-A-2025-22543,50371429,SERVICIO COMÚN DE TRAMITACIÓN.,1,1,,,BOE-A-2025-22543:tabla=2:fila=60:codigo/plazas=50371429/1
101262,BOE-A-2025-22543,50371430,SERVICIO COMÚN DE TRAMITACIÓN.,1,1,,,BOE-A-2025-22543:tabla=2:fila=61:codigo/plazas=50371430/1
101263,BOE-A-2025-22543,50371435,OFICINA GENERAL DEL REGISTRO CIVIL DE LUCENA.,1,1,,,BOE-A-2025-22543:tabla=2:fila=62:codigo/plazas=50371435/1
101264,BOE-A-2025-22543,50371446,SERVICIO COMÚN DE TRAMITACIÓN.,1,1,,,BOE-A-2025-22543:tabla=2:fila=63:codigo/plazas=50371446/1
101265,BOE-A-2025-22543,50371459,SERVICIO COMÚN DE TRAMITACIÓN.,1,1,,,BOE-A-2025-22543:tabla=2:fila=64:codigo/plazas=50371459/1
101266,BOE-A-2025-22543,50371470,SERVICIO COMÚN DE TRAMITACIÓN.,1,1,,,BOE-A-2025-22543:tabla=2:fila=65:codigo/plazas=50371470/1
101267,BOE-A-2025-22543,50371475,OFICINA GENERAL DEL REGISTRO CIVIL DE PEÑARROYA-PUEBLONUEVO.,1,1,,,BOE-A-2025-22543:tabla=2:fila=66:codigo/plazas=50371475/1
101268,BOE-A-2025-22543,50371493,SERVICIO COMÚN DE TRAMITACIÓN.,1,1,,,BOE-A-2025-22543:tabla=2:fila=67:codigo/plazas=50371493/1
101269,BOE-A-2025-22543,50371509,SERVICIO COMÚN DE TRAMITACIÓN.,1,1,,,BOE-A-2025-22543:tabla=2:fila=68:codigo/plazas=50371509/1
101270,BOE-A-2025-22543,50371508,SERVICIO COMÚN DE TRAMITACIÓN.,1,1,,,BOE-A-2025-22543:tabla=2:fila=69:codigo/plazas=50371508/1
101271,BOE-A-2025-22543,50371513,OFICINA GENERAL DEL REGISTRO CIVIL DE POZOBLANCO.,1,1,,,BOE-A-2025-22543:tabla=2:fila=70:codigo/plazas=50371513/1
101272,BOE-A-2025-22543,50371533,SERVICIO COMÚN DE TRAMITACIÓN.,1,1,,,BOE-A-2025-22543:tabla=2:fila=71:codigo/plazas=50371533/1
101273,BOE-A-2025-22543,50370682,OFICINA DE JUSTICIA DE RUTE.,1,1,,,BOE-A-2025-22543:tabla=2:fila=72:codigo/plazas=50370682/1
101274,BOE-A-2025-22543,50370706,OFICINA DE JUSTICIA DE VILLANUEVA DE CORDOBA.,1,1,,,BOE-A-2025-22543:tabla=2:fila=73:codigo/plazas=50370706/1
101275,BOE-A-2025-22543,50370714,OFICINA DE JUSTICIA DE ALHAMA DE GRANADA.,1,1,,,BOE-A-2025-22543:tabla=2:fila=74:codigo/plazas=50370714/1
101276,BOE-A-2025-22543,50371555,SERVICIO COMÚN DE TRAMITACIÓN.,1,1,,,BOE-A-2025-22543:tabla=2:fila=75:codigo/plazas=50371555/1
101277,BOE-A-2025-22543,50371556,SERVICIO COMÚN DE TRAMITACIÓN.,1,1,,,BOE-A-2025-22543:tabla=2:fila=76:codigo/plazas=50371556/1
101278,BOE-A-2025-22543,50371559,OFICINA GENERAL DEL REGISTRO CIVIL DE ALMUÑECAR.,1,1,,,BOE-A-2025-22543:tabla=2:fila=77:codigo/plazas=50371559/1
101279,BOE-A-2025-22543,50371571,SERVICIO COMÚN DE TRAMITACIÓN.,1,1,,,BOE-A-2025-22543:tabla=2:fila=78:codigo/plazas=50371571/1
101280,BOE-A-2025-22543,50371592,OFICINA GENERAL DEL REGISTRO CIVIL DE GUADIX.,1,1,,,BOE-A-2025-22543:tabla=2:fila=79:codigo/plazas=50371592/1
101281,BOE-A-2025-22543,50370709,OFICINA DE JUSTICIA DE HUETOR TAJAR.,1,1,,,BOE-A-2025-22543:tabla=2:fila=80:codigo/plazas=50370709/1
101282,BOE-A-2025-22543,50371614,SERVICIO COMÚN DE TRAMITACIÓN.,1,1,,,BOE-A-2025-22543:tabla=2:fila=81:codigo/plazas=50371614/1
101283,BOE-A-2025-22543,50371615,SERVICIO COMÚN DE TRAMITACIÓN.,1,1,,,BOE-A-2025-22543:tabla=2:fila=82:codigo/plazas=50371615/1
101284,BOE-A-2025-22543,50371618,OFICINA GENERAL DEL REGISTRO CIVIL DE LOJA.,1,1,,,BOE-A-2025-22543:tabla=2:fila=83:codigo/plazas=50371618/1
101285,BOE-A-2025-22543,50370716,OFICINA DE JUSTICIA DE MONTEFRIO.,1,1,,,BOE-A-2025-22543:tabla=2:fila=84:codigo/plazas=50370716/1
101286,BOE-A-2025-22543,50371673,OFICINA GENERAL DEL REGISTRO CIVIL DE SANTA FE.,1,1,,,BOE-A-2025-22543:tabla=2:fila=85:codigo/plazas=50371673/1
101287,BOE-A-2025-22543,50371626,SERVICIO COMÚN DE TRAMITACIÓN.,1,1,,,BOE-A-2025-22543:tabla=2:fila=86:codigo/plazas=50371626/1
101288,BOE-A-2025-22543,50371627,SERVICIO COMÚN DE TRAMITACIÓN.,1,1,,,BOE-A-2025-22543:tabla=2:fila=87:codigo/plazas=50371627/1
101289,BOE-A-2025-22543,50371683,SERVICIO COMÚN DE TRAMITACIÓN.,1,1,,,BOE-A-2025-22543:tabla=2:fila=88:codigo/plazas=50371683/1
101290,BOE-A-2025-22543,50371684,SERVICIO COMÚN DE TRAMITACIÓN.,1,1,,,BOE-A-2025-22543:tabla=2:fila=89:codigo/plazas=50371684/1
101291,BOE-A-2025-22543,50371727,SERVICIO COMÚN GENERAL.,1,1,,,BOE-A-2025-22543:tabla=2:fila=90:codigo/plazas=50371727/1
101292,BOE-A-2025-22543,50371728,SERVICIO COMÚN GENERAL.,1,1,,,BOE-A-2025-22543:tabla=2:fila=91:codigo/plazas=50371728/1
101293,BOE-A-2025-22543,50371729,SERVICIO COMÚN GENERAL.,1,1,,,BOE-A-2025-22543:tabla=2:fila=92:codigo/plazas=50371729/1
101294,BOE-A-2025-22543,50371723,SERVICIO COMÚN GENERAL.,1,1,,,BOE-A-2025-22543:tabla=2:fila=93:codigo/plazas=50371723/1
101295,BOE-A-2025-22543,50371724,SERVICIO COMÚN GENERAL.,1,1,,,BOE-A-2025-22543:tabla=2:fila=94:codigo/plazas=50371724/1
101296,BOE-A-2025-22543,50371725,SERVICIO COMÚN GENERAL.,1,1,,,BOE-A-2025-22543:tabla=2:fila=95:codigo/plazas=50371725/1
101297,BOE-A-2025-22543,50371744,OFICINA GENERAL DEL REGISTRO CIVIL DE AYAMONTE.,1,1,,,BOE-A-2025-22543:tabla=2:fila=96:codigo/plazas=50371744/1
101298,BOE-A-2025-22543,50370747,OFICINA DE JUSTICIA DE BOLLULLOS PAR DEL CONDADO.,1,1,,,BOE-A-2025-22543:tabla=2:fila=97:codigo/plazas=50370747/1
101299,BOE-A-2025-22543,50370739,OFICINA DE JUSTICIA DE LEPE.,1,1,,,BOE-A-2025-22543:tabla=2:fila=98:codigo/plazas=50370739/1
101300,BOE-A-2025-22543,50370854,OFICINA DE JUSTICIA DE MINAS DE RIO TINTO.,1,1,,,BOE-A-2025-22543:tabla=2:fila=99:codigo/plazas=50370854/1
101301,BOE-A-2025-22543,50371799,SERVICIO COMÚN DE TRAMITACIÓN.,1,1,,,BOE-A-2025-22543:tabla=2:fila=100:codigo/plazas=50371799/1
101302,BOE-A-2025-22543,50371800,SERVICIO COMÚN DE TRAMITACIÓN.,1,1,,,BOE-A-2025-22543:tabla=2:fila=101:codigo/plazas=50371800/1
101303,BOE-A-2025-22543,50371803,OFICINA GENERAL DEL REGISTRO CIVIL.,1,1,,,BOE-A-2025-22543:tabla=2:fila=102:codigo/plazas=50371803/1
101304,BOE-A-2025-22543,50370852,OFICINA DE JUSTICIA DE MINAS DE NERVA.,1,1,,,BOE-A-2025-22543:tabla=2:fila=103:codigo/plazas=50370852/1
101305,BOE-A-2025-22543,50371777,SERVICIO COMÚN DE TRAMITACIÓN.,1,1,,,BOE-A-2025-22543:tabla=2:fila=104:codigo/plazas=50371777/1
101306,BOE-A-2025-22543,50371778,SERVICIO COMÚN DE TRAMITACIÓN.,1,1,,,BOE-A-2025-22543:tabla=2:fila=105:codigo/plazas=50371778/1
101307,BOE-A-2025-22543,50371779,SERVICIO COMÚN DE TRAMITACIÓN.,1,1,,,BOE-A-2025-22543:tabla=2:fila=106:codigo/plazas=50371779/1
101308,BOE-A-2025-22543,50371782,OFICINA GENERAL DEL REGISTRO CIVIL DE LA PALMA DEL CONDADO.,1,1,,,BOE-A-2025-22543:tabla=2:fila=107:codigo/plazas=50371782/1
101309,BOE-A-2025-22543,50370741,OFICINA DE JUSTICIA DE PALOS DE LA FRONTERA.,1,1,,,BOE-A-2025-22543:tabla=2:fila=108:codigo/plazas=50370741/1
101310,BOE-A-2025-22543,50371815,SERVICIO COMÚN DE TRAMITACIÓN.,1,1,,,BOE-A-2025-22543:tabla=2:fila=109:codigo/plazas=50371815/1
101311,BOE-A-2025-22543,50371816,SERVICIO COMÚN DE TRAMITACIÓN.,1,1,,,BOE-A-2025-22543:tabla=2:fila=110:codigo/plazas=50371816/1
101312,BOE-A-2025-22543,50371813,SERVICIO COMÚN DE TRAMITACIÓN.,1,1,,,BOE-A-2025-22543:tabla=2:fila=111:codigo/plazas=50371813/1
101313,BOE-A-2025-22543,50371814,SERVICIO COMÚN DE TRAMITACIÓN.,1,1,,,BOE-A-2025-22543:tabla=2:fila=112:codigo/plazas=50371814/1
101314,BOE-A-2025-22543,50371819,OFICINA GENERAL DEL REGISTRO CIVIL DE VALVERDE DEL CAMINO.,1,1,,,BOE-A-2025-22543:tabla=2:fila=113:codigo/plazas=50371819/1
101315,BOE-A-2025-22543,50371828,SERVICIO COMÚN DE TRAMITACIÓN.,1,1,,,BOE-A-2025-22543:tabla=2:fila=114:codigo/plazas=50371828/1
101316,BOE-A-2025-22543,50371829,SERVICIO COMÚN DE TRAMITACIÓN.,1,1,,,BOE-A-2025-22543:tabla=2:fila=115:codigo/plazas=50371829/1
101317,BOE-A-2025-22543,50371895,SERVICIO COMÚN DE TRAMITACIÓN.,1,1,,,BOE-A-2025-22543:tabla=2:fila=116:codigo/plazas=50371895/1
101318,BOE-A-2025-22543,50371894,SERVICIO COMÚN DE TRAMITACIÓN.,1,1,,,BOE-A-2025-22543:tabla=2:fila=117:codigo/plazas=50371894/1
101319,BOE-A-2025-22543,50371876,SERVICIO COMÚN DE TRAMITACIÓN.,1,1,,,BOE-A-2025-22543:tabla=2:fila=118:codigo/plazas=50371876/1
101320,BOE-A-2025-22543,50371877,SERVICIO COMÚN DE TRAMITACIÓN.,1,1,,,BOE-A-2025-22543:tabla=2:fila=119:codigo/plazas=50371877/1
101321,BOE-A-2025-22543,50370767,OFICINA DE JUSTICIA DE JODAR.,1,1,,,BOE-A-2025-22543:tabla=2:fila=120:codigo/plazas=50370767/1
101322,BOE-A-2025-22543,50371959,SERVICIO COMÚN DE TRAMITACIÓN.,1,1,,,BOE-A-2025-22543:tabla=2:fila=121:codigo/plazas=50371959/1
101323,BOE-A-2025-22543,50371960,SERVICIO COMÚN DE TRAMITACIÓN.,1,1,,,BOE-A-2025-22543:tabla=2:fila=122:codigo/plazas=50371960/1
101324,BOE-A-2025-22543,50370764,OFICINA DE JUSTICIA DE TORREDONJIMENO.,1,1,,,BOE-A-2025-22543:tabla=2:fila=123:codigo/plazas=50370764/1
101325,BOE-A-2025-22543,50372003,SERVICIO COMÚN DE TRAMITACIÓN.,1,1,,,BOE-A-2025-22543:tabla=2:fila=124:codigo/plazas=50372003/1
101326,BOE-A-2025-22543,50371988,SERVICIO COMÚN DE TRAMITACIÓN.,1,1,,,BOE-A-2025-22543:tabla=2:fila=125:codigo/plazas=50371988/1
101327,BOE-A-2025-22543,50371991,OFICINA GENERAL DEL REGISTRO CIVIL DE UBEDA.,1,1,,,BOE-A-2025-22543:tabla=2:fila=126:codigo/plazas=50371991/1
101328,BOE-A-2025-22543,50370781,OFICINA DE JUSTICIA DE ALHAURIN EL GRANDE.,1,1,,,BOE-A-2025-22543:tabla=2:fila=127:codigo/plazas=50370781/1
101329,BOE-A-2025-22543,50372032,SERVICIO COMÚN DE TRAMITACIÓN.,1,1,,,BOE-A-2025-22543:tabla=2:fila=128:codigo/plazas=50372032/1
101330,BOE-A-2025-22543,50372033,SERVICIO COMÚN DE TRAMITACIÓN.,1,1,,,BOE-A-2025-22543:tabla=2:fila=129:codigo/plazas=50372033/1
101331,BOE-A-2025-22543,50372035,SERVICIO COMÚN DE TRAMITACIÓN.,1,1,,,BOE-A-2025-22543:tabla=2:fila=130:codigo/plazas=50372035/1
101332,BOE-A-2025-22543,50372039,OFICINA GENERAL DEL REGISTRO CIVIL DE ANTEQUERA.,1,1,,,BOE-A-2025-22543:tabla=2:fila=131:codigo/plazas=50372039/1
101333,BOE-A-2025-22543,50372043,SERVICIO COMÚN DE TRAMITACIÓN.,1,1,,,BOE-A-2025-22543:tabla=2:fila=132:codigo/plazas=50372043/1
101334,BOE-A-2025-22543,50372044,SERVICIO COMÚN DE TRAMITACIÓN.,1,1,,,BOE-A-2025-22543:tabla=2:fila=133:codigo/plazas=50372044/1
101335,BOE-A-2025-22543,50372047,OFICINA GENERAL DEL REGISTRO CIVIL DE ARCHIDONA.,1,1,,,BOE-A-2025-22543:tabla=2:fila=134:codigo/plazas=50372047/1
101336,BOE-A-2025-22543,50370784,OFICINA DE JUSTICIA DE CAMPILLOS.,1,1,,,BOE-A-2025-22543:tabla=2:fila=135:codigo/plazas=50370784/1
101337,BOE-A-2025-22543,50372066,SERVICIO COMÚN DE TRAMITACIÓN.,1,1,,,BOE-A-2025-22543:tabla=2:fila=136:codigo/plazas=50372066/1
101338,BOE-A-2025-22543,50372111,SERVICIO COMÚN GENERAL.,1,1,,,BOE-A-2025-22543:tabla=2:fila=137:codigo/plazas=50372111/1
101339,BOE-A-2025-22543,50372112,SERVICIO COMÚN GENERAL.,1,1,,,BOE-A-2025-22543:tabla=2:fila=138:codigo/plazas=50372112/1
101340,BOE-A-2025-22543,50372113,SERVICIO COMÚN GENERAL.,1,1,,,BOE-A-2025-22543:tabla=2:fila=139:codigo/plazas=50372113/1
101341,BOE-A-2025-22543,50372108,SERVICIO COMÚN GENERAL.,1,1,,,BOE-A-2025-22543:tabla=2:fila=140:codigo/plazas=50372108/1
101342,BOE-A-2025-22543,50372109,SERVICIO COMÚN GENERAL.,1,1,,,BOE-A-2025-22543:tabla=2:fila=141:codigo/plazas=50372109/1
101343,BOE-A-2025-22543,50372134,OFICINA GENERAL DEL REGISTRO CIVIL DE ESTEPONA.,1,1,,,BOE-A-2025-22543:tabla=2:fila=142:codigo/plazas=50372134/1
101344,BOE-A-2025-22543,50372622,OFICINA DE JUSTICIA DE MANILVA.,1,1,,,BOE-A-2025-22543:tabla=2:fila=143:codigo/plazas=50372622/1
101345,BOE-A-2025-22543,50372232,SERVICIO COMÚN DE TRAMITACIÓN.,1,1,,,BOE-A-2025-22543:tabla=2:fila=144:codigo/plazas=50372232/1
101346,BOE-A-2025-22543,50372208,SERVICIO COMÚN GENERAL.,1,1,,,BOE-A-2025-22543:tabla=2:fila=145:codigo/plazas=50372208/1
101347,BOE-A-2025-22543,50372209,SERVICIO COMÚN GENERAL.,1,1,,,BOE-A-2025-22543:tabla=2:fila=146:codigo/plazas=50372209/1
101348,BOE-A-2025-22543,50372205,SERVICIO COMÚN GENERAL.,1,1,,,BOE-A-2025-22543:tabla=2:fila=147:codigo/plazas=50372205/1
101349,BOE-A-2025-22543,50372206,SERVICIO COMÚN GENERAL.,1,1,,,BOE-A-2025-22543:tabla=2:fila=148:codigo/plazas=50372206/1
101350,BOE-A-2025-22543,50372207,SERVICIO COMÚN GENERAL.,1,1,,,BOE-A-2025-22543:tabla=2:fila=149:codigo/plazas=50372207/1
101351,BOE-A-2025-22543,50372218,OFICINA GENERAL DEL REGISTRO CIVIL DE VÉLEZ-MÁLAGA.,1,1,,,BOE-A-2025-22543:tabla=2:fila=150:codigo/plazas=50372218/1
101352,BOE-A-2025-22543,50372268,SERVICIO COMÚN DE TRAMITACIÓN.,1,1,,,BOE-A-2025-22543:tabla=2:fila=151:codigo/plazas=50372268/1
101353,BOE-A-2025-22543,50372270,SERVICIO COMÚN DE TRAMITACIÓN.,1,1,,,BOE-A-2025-22543:tabla=2:fila=152:codigo/plazas=50372270/1
101354,BOE-A-2025-22543,50370825,OFICINA DE JUSTICIA DE LAS CABEZAS DE SAN JUAN.,1,1,,,BOE-A-2025-22543:tabla=2:fila=153:codigo/plazas=50370825/1
101355,BOE-A-2025-22543,50372297,SERVICIO COMÚN DE TRAMITACIÓN.,1,1,,,BOE-A-2025-22543:tabla=2:fila=154:codigo/plazas=50372297/1
101356,BOE-A-2025-22543,50372299,SERVICIO COMÚN DE TRAMITACIÓN.,1,1,,,BOE-A-2025-22543:tabla=2:fila=155:codigo/plazas=50372299/1
101357,BOE-A-2025-22543,50372303,OFICINA GENERAL DEL REGISTRO CIVIL DE CARMONA.,1,1,,,BOE-A-2025-22543:tabla=2:fila=156:codigo/plazas=50372303/1
101358,BOE-A-2025-22543,50372311,OFICINA GENERAL DEL REGISTRO CIVIL DE CAZALLA DE LA SIERRA.,1,1,,,BOE-A-2025-22543:tabla=2:fila=157:codigo/plazas=50372311/1
101359,BOE-A-2025-22543,50370850,OFICINA DE JUSTICIA DE CONSTANTINA.,1,1,,,BOE-A-2025-22543:tabla=2:fila=158:codigo/plazas=50370850/1
101360,BOE-A-2025-22543,50372438,SERVICIO COMÚN DE TRAMITACIÓN.,1,1,,,BOE-A-2025-22543:tabla=2:fila=159:codigo/plazas=50372438/1
101361,BOE-A-2025-22543,50372436,SERVICIO COMÚN DE TRAMITACIÓN.,1,1,,,BOE-A-2025-22543:tabla=2:fila=160:codigo/plazas=50372436/1
101362,BOE-A-2025-22543,50372441,OFICINA GENERAL DEL REGISTRO CIVIL DE ESTEPA.,1,1,,,BOE-A-2025-22543:tabla=2:fila=161:codigo/plazas=50372441/1
101363,BOE-A-2025-22543,50370821,OFICINA DE JUSTICIA DE FUENTES DE ANDALUCIA.,1,1,,,BOE-A-2025-22543:tabla=2:fila=162:codigo/plazas=50370821/1
101364,BOE-A-2025-22543,50372456,SERVICIO COMÚN DE TRAMITACIÓN.,1,1,,,BOE-A-2025-22543:tabla=2:fila=163:codigo/plazas=50372456/1
101365,BOE-A-2025-22543,50372454,SERVICIO COMÚN DE TRAMITACIÓN.,1,1,,,BOE-A-2025-22543:tabla=2:fila=164:codigo/plazas=50372454/1
101366,BOE-A-2025-22543,50372483,SERVICIO COMÚN DE TRAMITACIÓN.,1,1,,,BOE-A-2025-22543:tabla=2:fila=165:codigo/plazas=50372483/1
101367,BOE-A-2025-22543,50372485,SERVICIO COMÚN DE TRAMITACIÓN.,1,1,,,BOE-A-2025-22543:tabla=2:fila=166:codigo/plazas=50372485/1
101368,BOE-A-2025-22543,50372486,SERVICIO COMÚN DE TRAMITACIÓN.,1,1,,,BOE-A-2025-22543:tabla=2:fila=167:codigo/plazas=50372486/1
101369,BOE-A-2025-22543,50372484,SERVICIO COMÚN DE TRAMITACIÓN.,1,1,,,BOE-A-2025-22543:tabla=2:fila=168:codigo/plazas=50372484/1
101370,BOE-A-2025-22543,50372489,OFICINA GENERAL DEL REGISTRO CIVIL DE LORA DEL RÍO.,1,1,,,BOE-A-2025-22543:tabla=2:fila=169:codigo/plazas=50372489/1
101371,BOE-A-2025-22543,50370809,OFICINA DE JUSTICIA DE MAIRENA DEL ALCOR.,1,1,,,BOE-A-2025-22543:tabla=2:fila=170:codigo/plazas=50370809/1
101372,BOE-A-2025-22543,50372499,SERVICIO COMÚN DE TRAMITACIÓN.,1,1,,,BOE-A-2025-22543:tabla=2:fila=171:codigo/plazas=50372499/1
101373,BOE-A-2025-22543,50372497,SERVICIO COMÚN DE TRAMITACIÓN.,1,1,,,BOE-A-2025-22543:tabla=2:fila=172:codigo/plazas=50372497/1
101374,BOE-A-2025-22543,50372502,OFICINA GENERAL DEL REGISTRO CIVIL DE MARCHENA.,1,1,,,BOE-A-2025-22543:tabla=2:fila=173:codigo/plazas=50372502/1
101375,BOE-A-2025-22543,50372518,SERVICIO COMÚN DE TRAMITACIÓN.,1,1,,,BOE-A-2025-22543:tabla=2:fila=174:codigo/plazas=50372518/1
101376,BOE-A-2025-22543,50372516,SERVICIO COMÚN DE TRAMITACIÓN.,1,1,,,BOE-A-2025-22543:tabla=2:fila=175:codigo/plazas=50372516/1
101377,BOE-A-2025-22543,50372521,OFICINA GENERAL DEL REGISTRO CIVIL.,1,1,,,BOE-A-2025-22543:tabla=2:fila=176:codigo/plazas=50372521/1
101378,BOE-A-2025-22543,50372528,SERVICIO COMÚN DE TRAMITACIÓN.,1,1,,,BOE-A-2025-22543:tabla=2:fila=177:codigo/plazas=50372528/1
101379,BOE-A-2025-22543,50372533,OFICINA GENERAL DEL REGISTRO CIVIL DE OSUNA.,1,1,,,BOE-A-2025-22543:tabla=2:fila=178:codigo/plazas=50372533/1
101380,BOE-A-2025-22543,50372426,OFICINA GENERAL DEL REGISTRO CIVIL DE ÉCIJA.,1,1,,,BOE-A-2025-22543:tabla=2:fila=179:codigo/plazas=50372426/1
101381,BOE-A-2025-22547,50373058,SERVICIO COMÚN DE TRAMITACIÓN.,1,1,,,BOE-A-2025-22547:tabla=0:fila=1:codigo/plazas=50373058/1
101382,BOE-A-2025-22547,50373242,OFICINA DE JUSTICIA DE FIRGAS.,1,1,,,BOE-A-2025-22547:tabla=0:fila=2:codigo/plazas=50373242/1
101383,BOE-A-2025-22547,50373117,SERVICIO COMÚN DE TRAMITACIÓN.,1,1,,,BOE-A-2025-22547:tabla=0:fila=3:codigo/plazas=50373117/1
101384,BOE-A-2025-22547,50373118,SERVICIO COMÚN DE TRAMITACIÓN.,1,1,,,BOE-A-2025-22547:tabla=0:fila=4:codigo/plazas=50373118/1
101385,BOE-A-2025-22547,50373119,SERVICIO COMÚN DE TRAMITACIÓN.,1,1,,,BOE-A-2025-22547:tabla=0:fila=5:codigo/plazas=50373119/1
101386,BOE-A-2025-22547,50373120,SERVICIO COMÚN DE TRAMITACIÓN.,1,1,,,BOE-A-2025-22547:tabla=0:fila=6:codigo/plazas=50373120/1
101387,BOE-A-2025-22547,50373121,SERVICIO COMÚN DE TRAMITACIÓN.,1,1,,,BOE-A-2025-22547:tabla=0:fila=7:codigo/plazas=50373121/1
101388,BOE-A-2025-22547,50373122,SERVICIO COMÚN DE TRAMITACIÓN.,1,1,,,BOE-A-2025-22547:tabla=0:fila=8:codigo/plazas=50373122/1
101389,BOE-A-2025-22547,50373123,SERVICIO COMÚN DE TRAMITACIÓN.,1,1,,,BOE-A-2025-22547:tabla=0:fila=9:codigo/plazas=50373123/1
101390,BOE-A-2025-22547,50373124,SERVICIO COMÚN DE TRAMITACIÓN.,1,1,,,BOE-A-2025-22547:tabla=0:fila=10:codigo/plazas=50373124/1
101391,BOE-A-2025-22547,50373153,SERVICIO COMUN GENERAL.,1,1,,,BOE-A-2025-22547:tabla=0:fila=11:codigo/plazas=50373153/1
101392,BOE-A-2025-22547,50373233,OFICINA GENERAL DEL REGISTRO CIVIL.,1,1,,,BOE-A-2025-22547:tabla=0:fila=12:codigo/plazas=50373233/1
101393,BOE-A-2025-22547,50373031,SERVICIO COMÚN DE TRAMITACIÓN.,1,1,,,BOE-A-2025-22547:tabla=0:fila=13:codigo/plazas=50373031/1
101394,BOE-A-2025-22547,50373032,SERVICIO COMÚN DE TRAMITACIÓN.,1,1,,,BOE-A-2025-22547:tabla=0:fila=14:codigo/plazas=50373032/1
101395,BOE-A-2025-22547,50373033,SERVICIO COMÚN DE TRAMITACIÓN.,1,1,,,BOE-A-2025-22547:tabla=0:fila=15:codigo/plazas=50373033/1
101396,BOE-A-2025-22547,50373227,OFICINA GENERAL DEL REGISTRO CIVIL DE GÜIMAR.,1,1,,,BOE-A-2025-22547:tabla=0:fila=16:codigo/plazas=50373227/1
101397,BOE-A-2025-22547,50373015,SERVICIO COMÚN DE TRAMITACIÓN.,1,1,,,BOE-A-2025-22547:tabla=0:fila=17:codigo/plazas=50373015/1
101398,BOE-A-2025-22547,50373016,SERVICIO COMÚN DE TRAMITACIÓN.,1,1,,,BOE-A-2025-22547:tabla=0:fila=18:codigo/plazas=50373016/1
101399,BOE-A-2025-22547,50373017,SERVICIO COMÚN DE TRAMITACIÓN.,1,1,,,BOE-A-2025-22547:tabla=0:fila=19:codigo/plazas=50373017/1
101400,BOE-A-2025-22547,50372999,SERVICIO COMÚN DE TRAMITACIÓN.,1,1,,,BOE-A-2025-22547:tabla=0:fila=20:codigo/plazas=50372999/1
101401,BOE-A-2025-22547,50373223,OFICINA GENERAL DEL REGISTRO CIVIL DE LLANOS DE ARIDANE (LOS).,1,1,,,BOE-A-2025-22547:tabla=0:fila=21:codigo/plazas=50373223/1
101402,BOE-A-2025-22547,50373167,SERVICIO COMÚN DE TRAMITACIÓN.,1,1,,,BOE-A-2025-22547:tabla=0:fila=22:codigo/plazas=50373167/1
101403,BOE-A-2025-22547,50373168,SERVICIO COMÚN DE TRAMITACIÓN.,1,1,,,BOE-A-2025-22547:tabla=0:fila=23:codigo/plazas=50373168/1
101404,BOE-A-2025-22547,50373236,OFICINA GENERAL DEL REGISTRO CIVIL DE OROTAVA (LA).,1,1,,,BOE-A-2025-22547:tabla=0:fila=24:codigo/plazas=50373236/1
101405,BOE-A-2025-22547,50373087,SERVICIO COMÚN DE TRAMITACIÓN.,1,1,,,BOE-A-2025-22547:tabla=0:fila=25:codigo/plazas=50373087/1
101406,BOE-A-2025-22547,50373088,SERVICIO COMÚN DE TRAMITACIÓN.,1,1,,,BOE-A-2025-22547:tabla=0:fila=26:codigo/plazas=50373088/1
101407,BOE-A-2025-22547,50373089,SERVICIO COMÚN DE TRAMITACIÓN.,1,1,,,BOE-A-2025-22547:tabla=0:fila=27:codigo/plazas=50373089/1
101408,BOE-A-2025-22547,50373257,OFICINA DE JUSTICIA DE LOS REALEJOS.,1,1,,,BOE-A-2025-22547:tabla=0:fila=28:codigo/plazas=50373257/1
101409,BOE-A-2025-22547,50373258,OFICINA DE JUSTICIA DE LOS REALEJOS.,1,1,,,BOE-A-2025-22547:tabla=0:fila=29:codigo/plazas=50373258/1
101410,BOE-A-2025-22547,50372993,SERVICIO COMÚN DE TRAMITACIÓN.,1,1,,,BOE-A-2025-22547:tabla=0:fila=30:codigo/plazas=50372993/1
101411,BOE-A-2025-22547,50373221,OFICINA GENERAL DEL REGISTRO CIVIL DE SAN SEBASTIAN DE LA GOMERA.,1,1,,,BOE-A-2025-22547:tabla=0:fila=31:codigo/plazas=50373221/1
101412,BOE-A-2025-22547,50373255,OFICINA DE JUSTICIA DE SANTA URSULA.,1,1,,,BOE-A-2025-22547:tabla=0:fila=32:codigo/plazas=50373255/1
101413,BOE-A-2025-22547,50373219,OFICINA GENERAL DEL REGISTRO CIVIL DE VALVERDE DEL HIERRO.,1,1,,,BOE-A-2025-22547:tabla=0:fila=33:codigo/plazas=50373219/1
101414,BOE-A-2025-22547,50373064,SERVICIO COMÚN DE TRAMITACIÓN.,1,1,,,BOE-A-2025-22547:tabla=1:fila=1:codigo/plazas=50373064/1
101415,BOE-A-2025-22547,50373065,SERVICIO COMÚN DE TRAMITACIÓN.,1,1,,,BOE-A-2025-22547:tabla=1:fila=2:codigo/plazas=50373065/1
101416,BOE-A-2025-22547,50373066,SERVICIO COMÚN DE TRAMITACIÓN.,1,1,,,BOE-A-2025-22547:tabla=1:fila=3:codigo/plazas=50373066/1
101417,BOE-A-2025-22547,50373067,SERVICIO COMÚN DE TRAMITACIÓN.,1,1,,,BOE-A-2025-22547:tabla=1:fila=4:codigo/plazas=50373067/1
101418,BOE-A-2025-22547,50373068,SERVICIO COMÚN DE TRAMITACIÓN.,1,1,,,BOE-A-2025-22547:tabla=1:fila=5:codigo/plazas=50373068/1
101419,BOE-A-2025-22547,50373069,SERVICIO COMÚN DE TRAMITACIÓN.,1,1,,,BOE-A-2025-22547:tabla=1:fila=6:codigo/plazas=50373069/1
101420,BOE-A-2025-22547,50373070,SERVICIO COMÚN DE TRAMITACIÓN.,1,1,,,BOE-A-2025-22547:tabla=1:fila=7:codigo/plazas=50373070/1
101421,BOE-A-2025-22547,50373230,OFICINA GENERAL DEL REGISTRO CIVIL DE ARUCAS.,1,1,,,BOE-A-2025-22547:tabla=1:fila=8:codigo/plazas=50373230/1
101422,BOE-A-2025-22547,50373125,SERVICIO COMÚN DE TRAMITACIÓN.,1,1,,,BOE-A-2025-22547:tabla=1:fila=9:codigo/plazas=50373125/1
101423,BOE-A-2025-22547,50373126,SERVICIO COMÚN DE TRAMITACIÓN.,1,1,,,BOE-A-2025-22547:tabla=1:fila=10:codigo/plazas=50373126/1
101424,BOE-A-2025-22547,50373127,SERVICIO COMÚN DE TRAMITACIÓN.,1,1,,,BOE-A-2025-22547:tabla=1:fila=11:codigo/plazas=50373127/1
101425,BOE-A-2025-22547,50373128,SERVICIO COMÚN DE TRAMITACIÓN.,1,1,,,BOE-A-2025-22547:tabla=1:fila=12:codigo/plazas=50373128/1
101426,BOE-A-2025-22547,50373129,SERVICIO COMÚN DE TRAMITACIÓN.,1,1,,,BOE-A-2025-22547:tabla=1:fila=13:codigo/plazas=50373129/1
101427,BOE-A-2025-22547,50373130,SERVICIO COMÚN DE TRAMITACIÓN.,1,1,,,BOE-A-2025-22547:tabla=1:fila=14:codigo/plazas=50373130/1
101428,BOE-A-2025-22547,50373131,SERVICIO COMÚN DE TRAMITACIÓN.,1,1,,,BOE-A-2025-22547:tabla=1:fila=15:codigo/plazas=50373131/1
101429,BOE-A-2025-22547,50373132,SERVICIO COMÚN DE TRAMITACIÓN.,1,1,,,BOE-A-2025-22547:tabla=1:fila=16:codigo/plazas=50373132/1
101430,BOE-A-2025-22547,50373133,SERVICIO COMÚN DE TRAMITACIÓN.,1,1,,,BOE-A-2025-22547:tabla=1:fila=17:codigo/plazas=50373133/1
101431,BOE-A-2025-22547,50373134,SERVICIO COMÚN DE TRAMITACIÓN.,1,1,,,BOE-A-2025-22547:tabla=1:fila=18:codigo/plazas=50373134/1
101432,BOE-A-2025-22547,50373135,SERVICIO COMÚN DE TRAMITACIÓN.,1,1,,,BOE-A-2025-22547:tabla=1:fila=19:codigo/plazas=50373135/1
101433,BOE-A-2025-22547,50373136,SERVICIO COMÚN DE TRAMITACIÓN.,1,1,,,BOE-A-2025-22547:tabla=1:fila=20:codigo/plazas=50373136/1
101434,BOE-A-2025-22547,50373137,SERVICIO COMÚN DE TRAMITACIÓN.,1,1,,,BOE-A-2025-22547:tabla=1:fila=21:codigo/plazas=50373137/1
101435,BOE-A-2025-22547,50373138,SERVICIO COMÚN DE TRAMITACIÓN.,1,1,,,BOE-A-2025-22547:tabla=1:fila=22:codigo/plazas=50373138/1
101436,BOE-A-2025-22547,50373139,SERVICIO COMÚN DE TRAMITACIÓN.,1,1,,,BOE-A-2025-22547:tabla=1:fila=23:codigo/plazas=50373139/1
101437,BOE-A-2025-22547,50373140,SERVICIO COMÚN DE TRAMITACIÓN.,1,1,,,BOE-A-2025-22547:tabla=1:fila=24:codigo/plazas=50373140/1
101438,BOE-A-2025-22547,50373141,SERVICIO COMÚN DE TRAMITACIÓN.,1,1,,,BOE-A-2025-22547:tabla=1:fila=25:codigo/plazas=50373141/1
101439,BOE-A-2025-22547,50373142,SERVICIO COMÚN DE TRAMITACIÓN.,1,1,,,BOE-A-2025-22547:tabla=1:fila=26:codigo/plazas=50373142/1
101440,BOE-A-2025-22547,50373143,SERVICIO COMÚN DE TRAMITACIÓN.,1,1,,,BOE-A-2025-22547:tabla=1:fila=27:codigo/plazas=50373143/1
101441,BOE-A-2025-22547,50373144,SERVICIO COMÚN DE TRAMITACIÓN.,1,1,,,BOE-A-2025-22547:tabla=1:fila=28:codigo/plazas=50373144/1
101442,BOE-A-2025-22547,50373145,SERVICIO COMÚN DE TRAMITACIÓN.,1,1,,,BOE-A-2025-22547:tabla=1:fila=29:codigo/plazas=50373145/1
101443,BOE-A-2025-22547,50373146,SERVICIO COMÚN DE TRAMITACIÓN.,1,1,,,BOE-A-2025-22547:tabla=1:fila=30:codigo/plazas=50373146/1
101444,BOE-A-2025-22547,50373147,SERVICIO COMÚN DE TRAMITACIÓN.,1,1,,,BOE-A-2025-22547:tabla=1:fila=31:codigo/plazas=50373147/1
101445,BOE-A-2025-22547,50373148,SERVICIO COMÚN DE TRAMITACIÓN.,1,1,,,BOE-A-2025-22547:tabla=1:fila=32:codigo/plazas=50373148/1
101446,BOE-A-2025-22547,50373149,SERVICIO COMÚN DE TRAMITACIÓN.,1,1,,,BOE-A-2025-22547:tabla=1:fila=33:codigo/plazas=50373149/1
101447,BOE-A-2025-22547,50373150,SERVICIO COMÚN DE TRAMITACIÓN.,1,1,,,BOE-A-2025-22547:tabla=1:fila=34:codigo/plazas=50373150/1
101448,BOE-A-2025-22547,50373154,SERVICIO COMUN GENERAL.,1,1,,,BOE-A-2025-22547:tabla=1:fila=35:codigo/plazas=50373154/1
101449,BOE-A-2025-22547,50373155,SERVICIO COMUN GENERAL.,1,1,,,BOE-A-2025-22547:tabla=1:fila=36:codigo/plazas=50373155/1
101450,BOE-A-2025-22547,50373234,OFICINA GENERAL DEL REGISTRO CIVIL.,1,1,,,BOE-A-2025-22547:tabla=1:fila=37:codigo/plazas=50373234/1
101451,BOE-A-2025-22547,50373235,OFICINA GENERAL DEL REGISTRO CIVIL.,1,1,,,BOE-A-2025-22547:tabla=1:fila=38:codigo/plazas=50373235/1
101452,BOE-A-2025-22547,50373038,SERVICIO COMÚN DE TRAMITACIÓN.,1,1,,,BOE-A-2025-22547:tabla=1:fila=39:codigo/plazas=50373038/1
101453,BOE-A-2025-22547,50373039,SERVICIO COMÚN DE TRAMITACIÓN.,1,1,,,BOE-A-2025-22547:tabla=1:fila=40:codigo/plazas=50373039/1
101454,BOE-A-2025-22547,50373040,SERVICIO COMÚN DE TRAMITACIÓN.,1,1,,,BOE-A-2025-22547:tabla=1:fila=41:codigo/plazas=50373040/1
101455,BOE-A-2025-22547,50373041,SERVICIO COMÚN DE TRAMITACIÓN.,1,1,,,BOE-A-2025-22547:tabla=1:fila=42:codigo/plazas=50373041/1
101456,BOE-A-2025-22547,50373042,SERVICIO COMÚN DE TRAMITACIÓN.,1,1,,,BOE-A-2025-22547:tabla=1:fila=43:codigo/plazas=50373042/1
101457,BOE-A-2025-22547,50373043,SERVICIO COMÚN DE TRAMITACIÓN.,1,1,,,BOE-A-2025-22547:tabla=1:fila=44:codigo/plazas=50373043/1
101458,BOE-A-2025-22547,50373044,SERVICIO COMÚN DE TRAMITACIÓN.,1,1,,,BOE-A-2025-22547:tabla=1:fila=45:codigo/plazas=50373044/1
101459,BOE-A-2025-22547,50373045,SERVICIO COMÚN DE TRAMITACIÓN.,1,1,,,BOE-A-2025-22547:tabla=1:fila=46:codigo/plazas=50373045/1
101460,BOE-A-2025-22547,50373020,SERVICIO COMÚN DE TRAMITACIÓN.,1,1,,,BOE-A-2025-22547:tabla=1:fila=47:codigo/plazas=50373020/1
101461,BOE-A-2025-22547,50373003,SERVICIO COMÚN DE TRAMITACIÓN.,1,1,,,BOE-A-2025-22547:tabla=1:fila=48:codigo/plazas=50373003/1
101462,BOE-A-2025-22547,50373004,SERVICIO COMÚN DE TRAMITACIÓN.,1,1,,,BOE-A-2025-22547:tabla=1:fila=49:codigo/plazas=50373004/1
101463,BOE-A-2025-22547,50373005,SERVICIO COMÚN DE TRAMITACIÓN.,1,1,,,BOE-A-2025-22547:tabla=1:fila=50:codigo/plazas=50373005/1
101464,BOE-A-2025-22547,50373006,SERVICIO COMÚN DE TRAMITACIÓN.,1,1,,,BOE-A-2025-22547:tabla=1:fila=51:codigo/plazas=50373006/1
101465,BOE-A-2025-22547,50373224,OFICINA GENERAL DEL REGISTRO CIVIL DE LLANOS DE ARIDANE (LOS).,1,1,,,BOE-A-2025-22547:tabla=1:fila=52:codigo/plazas=50373224/1
101466,BOE-A-2025-22547,50373180,SERVICIO COMÚN DE TRAMITACIÓN.,1,1,,,BOE-A-2025-22547:tabla=1:fila=53:codigo/plazas=50373180/1
101467,BOE-A-2025-22547,50373181,SERVICIO COMÚN DE TRAMITACIÓN.,1,1,,,BOE-A-2025-22547:tabla=1:fila=54:codigo/plazas=50373181/1
101468,BOE-A-2025-22547,50372994,SERVICIO COMÚN DE TRAMITACIÓN.,1,1,,,BOE-A-2025-22547:tabla=1:fila=55:codigo/plazas=50372994/1
101469,BOE-A-2025-22547,50372995,SERVICIO COMÚN DE TRAMITACIÓN.,1,1,,,BOE-A-2025-22547:tabla=1:fila=56:codigo/plazas=50372995/1
101470,BOE-A-2025-22547,50373222,OFICINA GENERAL DEL REGISTRO CIVIL DE SAN SEBASTIAN DE LA GOMERA.,1,1,,,BOE-A-2025-22547:tabla=1:fila=57:codigo/plazas=50373222/1
101471,BOE-A-2025-22547,50372991,SERVICIO COMÚN DE TRAMITACIÓN.,1,1,,,BOE-A-2025-22547:tabla=1:fila=58:codigo/plazas=50372991/1
101472,BOE-A-2025-22547,50373081,SERVICIO COMÚN DE TRAMITACIÓN.,1,1,,,BOE-A-2025-22547:tabla=2:fila=1:codigo/plazas=50373081/1
101473,BOE-A-2025-22547,50373082,SERVICIO COMÚN DE TRAMITACIÓN.,1,1,,,BOE-A-2025-22547:tabla=2:fila=2:codigo/plazas=50373082/1
101474,BOE-A-2025-22547,50373083,SERVICIO COMÚN DE TRAMITACIÓN.,1,1,,,BOE-A-2025-22547:tabla=2:fila=3:codigo/plazas=50373083/1
101475,BOE-A-2025-22547,50373084,SERVICIO COMÚN DE TRAMITACIÓN.,1,1,,,BOE-A-2025-22547:tabla=2:fila=4:codigo/plazas=50373084/1
101476,BOE-A-2025-22547,50373243,OFICINA DE JUSTICIA DE FIRGAS.,1,1,,,BOE-A-2025-22547:tabla=2:fila=5:codigo/plazas=50373243/1
101477,BOE-A-2025-22547,50373246,OFICINA DE JUSTICIA DETEROR.,1,1,,,BOE-A-2025-22547:tabla=2:fila=6:codigo/plazas=50373246/1
101478,BOE-A-2025-22547,50373265,OFICINA DE JUSTICIA DE CANDELARIA.,1,1,,,BOE-A-2025-22547:tabla=2:fila=7:codigo/plazas=50373265/1
101479,BOE-A-2025-22547,50373157,SERVICIO COMUN GENERAL.,1,1,,,BOE-A-2025-22547:tabla=2:fila=8:codigo/plazas=50373157/1
101480,BOE-A-2025-22547,50373158,SERVICIO COMUN GENERAL.,1,1,,,BOE-A-2025-22547:tabla=2:fila=9:codigo/plazas=50373158/1
101481,BOE-A-2025-22547,50373159,SERVICIO COMUN GENERAL.,1,1,,,BOE-A-2025-22547:tabla=2:fila=10:codigo/plazas=50373159/1
101482,BOE-A-2025-22547,50373160,SERVICIO COMUN GENERAL.,1,1,,,BOE-A-2025-22547:tabla=2:fila=11:codigo/plazas=50373160/1
101483,BOE-A-2025-22547,50373161,SERVICIO COMUN GENERAL.,1,1,,,BOE-A-2025-22547:tabla=2:fila=12:codigo/plazas=50373161/1
101484,BOE-A-2025-22547,50373162,SERVICIO COMUN GENERAL.,1,1,,,BOE-A-2025-22547:tabla=2:fila=13:codigo/plazas=50373162/1
101485,BOE-A-2025-22547,50373163,SERVICIO COMUN GENERAL.,1,1,,,BOE-A-2025-22547:tabla=2:fila=14:codigo/plazas=50373163/1
101486,BOE-A-2025-22547,50373164,SERVICIO COMUN GENERAL.,1,1,,,BOE-A-2025-22547:tabla=2:fila=15:codigo/plazas=50373164/1
101487,BOE-A-2025-22547,50373052,SERVICIO COMÚN DE TRAMITACIÓN.,1,1,,,BOE-A-2025-22547:tabla=2:fila=16:codigo/plazas=50373052/1
101488,BOE-A-2025-22547,50373053,SERVICIO COMÚN DE TRAMITACIÓN.,1,1,,,BOE-A-2025-22547:tabla=2:fila=17:codigo/plazas=50373053/1
101489,BOE-A-2025-22547,50373054,SERVICIO COMÚN DE TRAMITACIÓN.,1,1,,,BOE-A-2025-22547:tabla=2:fila=18:codigo/plazas=50373054/1
101490,BOE-A-2025-22547,50373027,SERVICIO COMÚN DE TRAMITACIÓN.,1,1,,,BOE-A-2025-22547:tabla=2:fila=19:codigo/plazas=50373027/1
101491,BOE-A-2025-22547,50373010,SERVICIO COMÚN DE TRAMITACIÓN.,1,1,,,BOE-A-2025-22547:tabla=2:fila=20:codigo/plazas=50373010/1
101492,BOE-A-2025-22547,50373011,SERVICIO COMÚN DE TRAMITACIÓN.,1,1,,,BOE-A-2025-22547:tabla=2:fila=21:codigo/plazas=50373011/1
101493,BOE-A-2025-22547,50373209,SERVICIO COMÚN GENERAL.,1,1,,,BOE-A-2025-22547:tabla=2:fila=22:codigo/plazas=50373209/1
101494,BOE-A-2025-22547,50373210,SERVICIO COMÚN GENERAL.,1,1,,,BOE-A-2025-22547:tabla=2:fila=23:codigo/plazas=50373210/1
101495,BOE-A-2025-22547,50373211,SERVICIO COMÚN GENERAL.,1,1,,,BOE-A-2025-22547:tabla=2:fila=24:codigo/plazas=50373211/1
101496,BOE-A-2025-22547,50373212,SERVICIO COMÚN GENERAL.,1,1,,,BOE-A-2025-22547:tabla=2:fila=25:codigo/plazas=50373212/1
101497,BOE-A-2025-22547,50373241,OFICINA DE JUSTICIA DE EL PASO.,1,1,,,BOE-A-2025-22547:tabla=2:fila=26:codigo/plazas=50373241/1
101498,BOE-A-2025-22547,50373110,SERVICIO COMÚN DE TRAMITACIÓN.,1,1,,,BOE-A-2025-22547:tabla=2:fila=27:codigo/plazas=50373110/1
101499,BOE-A-2025-22547,50373111,SERVICIO COMÚN DE TRAMITACIÓN.,1,1,,,BOE-A-2025-22547:tabla=2:fila=28:codigo/plazas=50373111/1
101500,BOE-A-2025-22547,50373261,OFICINA DE JUSTICIA DE LOS REALEJOS.,1,1,,,BOE-A-2025-22547:tabla=2:fila=29:codigo/plazas=50373261/1
101501,BOE-A-2025-22547,50373250,OFICINA DE JUSTICIA DE SAN MIGUEL DE ABONA.,1,1,,,BOE-A-2025-22547:tabla=2:fila=30:codigo/plazas=50373250/1
101502,BOE-A-2025-22547,50372997,SERVICIO COMÚN DE TRAMITACIÓN.,1,1,,,BOE-A-2025-22547:tabla=2:fila=31:codigo/plazas=50372997/1
101503,BOE-A-2025-22547,50372992,SERVICIO COMÚN DE TRAMITACIÓN.,1,1,,,BOE-A-2025-22547:tabla=2:fila=32:codigo/plazas=50372992/1
101504,BOE-A-2025-22549,50374820,Servicio común de tramitación.,1,1,,,BOE-A-2025-22549:tabla=0:fila=0:codigo/plazas=50374820/1
101505,BOE-A-2025-22549,50374821,SERVICIO COMÚN DE TRAMITACIÓN.,1,1,,,BOE-A-2025-22549:tabla=0:fila=1:codigo/plazas=50374821/1
101506,BOE-A-2025-22549,50374822,SERVICIO COMÚN DE TRAMITACIÓN.,1,1,,,BOE-A-2025-22549:tabla=0:fila=2:codigo/plazas=50374822/1
101507,BOE-A-2025-22549,50374823,SERVICIO COMÚN DE TRAMITACIÓN.,1,1,,,BOE-A-2025-22549:tabla=0:fila=3:codigo/plazas=50374823/1
101508,BOE-A-2025-22549,50374837,OFICINA GENERAL DEL REGISTRO CIVIL.,1,1,,,BOE-A-2025-22549:tabla=0:fila=4:codigo/plazas=50374837/1
101509,BOE-A-2025-22549,50374871,AGRUPACIÓN DE OFICINAS DE JUSTICIA DE LOS ARCOS.,1,1,,,BOE-A-2025-22549:tabla=0:fila=5:codigo/plazas=50374871/1
101510,BOE-A-2025-22549,50374942,AGRUPACIÓN DE OFICINAS DE JUSTICIA DE CARCASTILLO.,1,1,,,BOE-A-2025-22549:tabla=0:fila=6:codigo/plazas=50374942/1
101511,BOE-A-2025-22549,50374853,SERVICIO COMÚN DE TRAMITACIÓN.,1,1,,,BOE-A-2025-22549:tabla=0:fila=7:codigo/plazas=50374853/1
101512,BOE-A-2025-22549,50374854,SERVICIO COMÚN DE TRAMITACIÓN.,1,1,,,BOE-A-2025-22549:tabla=0:fila=8:codigo/plazas=50374854/1
101513,BOE-A-2025-22549,50374855,SERVICIO COMÚN DE TRAMITACIÓN.,1,1,,,BOE-A-2025-22549:tabla=0:fila=9:codigo/plazas=50374855/1
101514,BOE-A-2025-22549,50374868,OFICINA GENERAL DEL REGISTRO CIVIL.,1,1,,,BOE-A-2025-22549:tabla=0:fila=10:codigo/plazas=50374868/1
101515,BOE-A-2025-22549,50374848,AGRUPACIÓN DE OFICINAS DE JUSTICIA DE ESTERIBAR.,1,1,,,BOE-A-2025-22549:tabla=0:fila=11:codigo/plazas=50374848/1
101516,BOE-A-2025-22549,50374873,AGRUPACIÓN DE OFICINAS DE JUSTICIA DE LERIN.,1,1,,,BOE-A-2025-22549:tabla=0:fila=12:codigo/plazas=50374873/1
101517,BOE-A-2025-22549,50374844,AGRUPACIÓN DE OFICINAS DE JUSTICIA DE VALLE DE ELORZ.,1,1,,,BOE-A-2025-22549:tabla=0:fila=13:codigo/plazas=50374844/1
101518,BOE-A-2025-22549,50374877,AGRUPACIÓN DE OFICINAS DE JUSTICIA DE SAN ADRIAN.,1,1,,,BOE-A-2025-22549:tabla=0:fila=14:codigo/plazas=50374877/1
101519,BOE-A-2025-22549,50374884,SERVICIO COMÚN DE TRAMITACIÓN.,1,1,,,BOE-A-2025-22549:tabla=0:fila=15:codigo/plazas=50374884/1
101520,BOE-A-2025-22549,50374885,SERVICIO COMÚN DE TRAMITACIÓN.,1,1,,,BOE-A-2025-22549:tabla=0:fila=16:codigo/plazas=50374885/1
101521,BOE-A-2025-22549,50374886,SERVICIO COMÚN DE TRAMITACIÓN.,1,1,,,BOE-A-2025-22549:tabla=0:fila=17:codigo/plazas=50374886/1
101522,BOE-A-2025-22549,50374887,SERVICIO COMÚN DE TRAMITACIÓN.,1,1,,,BOE-A-2025-22549:tabla=0:fila=18:codigo/plazas=50374887/1
101523,BOE-A-2025-22549,50374894,OFICINA GENERAL DEL REGISTRO CIVIL.,1,1,,,BOE-A-2025-22549:tabla=0:fila=19:codigo/plazas=50374894/1
101524,BOE-A-2025-22549,50374905,SERVICIO COMÚN DE TRAMITACIÓN.,1,1,,,BOE-A-2025-22549:tabla=0:fila=20:codigo/plazas=50374905/1
101525,BOE-A-2025-22549,50374906,SERVICIO COMÚN DE TRAMITACIÓN.,1,1,,,BOE-A-2025-22549:tabla=0:fila=21:codigo/plazas=50374906/1
101526,BOE-A-2025-22549,50374911,SERVICIO COMÚN DE TRAMITACIÓN.,1,1,,,BOE-A-2025-22549:tabla=0:fila=22:codigo/plazas=50374911/1
101527,BOE-A-2025-22549,50374928,SERVICIO COMÚN GENERAL.,1,1,,,BOE-A-2025-22549:tabla=0:fila=23:codigo/plazas=50374928/1
101528,BOE-A-2025-22549,50374840,AGRUPACIÓN DE OFICINAS DE JUSTICIA DE VALLE DE EGÜÉS.,1,1,,,BOE-A-2025-22549:tabla=0:fila=24:codigo/plazas=50374840/1
101529,BOE-A-2025-22549,50374841,AGRUPACIÓN DE OFICINAS DE JUSTICIA DE VALLE DE EGÜÉS.,1,1,,,BOE-A-2025-22549:tabla=0:fila=25:codigo/plazas=50374841/1
101530,BOE-A-2025-22549,50374825,SERVICIO COMÚN DE TRAMITACIÓN.,1,1,,,BOE-A-2025-22549:tabla=1:fila=0:codigo/plazas=50374825/1
101531,BOE-A-2025-22549,50374826,SERVICIO COMÚN DE TRAMITACIÓN.,1,1,,,BOE-A-2025-22549:tabla=1:fila=1:codigo/plazas=50374826/1
101532,BOE-A-2025-22549,50374827,SERVICIO COMÚN DE TRAMITACIÓN.,1,1,,,BOE-A-2025-22549:tabla=1:fila=2:codigo/plazas=50374827/1
101533,BOE-A-2025-22549,50374828,SERVICIO COMÚN DE TRAMITACIÓN.,1,1,,,BOE-A-2025-22549:tabla=1:fila=3:codigo/plazas=50374828/1
101534,BOE-A-2025-22549,50374829,SERVICIO COMÚN DE TRAMITACIÓN.,1,1,,,BOE-A-2025-22549:tabla=1:fila=4:codigo/plazas=50374829/1
101535,BOE-A-2025-22549,50374830,SERVICIO COMÚN DE TRAMITACIÓN.,1,1,,,BOE-A-2025-22549:tabla=1:fila=5:codigo/plazas=50374830/1
101536,BOE-A-2025-22549,50374831,SERVICIO COMÚN DE TRAMITACIÓN.,1,1,,,BOE-A-2025-22549:tabla=1:fila=6:codigo/plazas=50374831/1
101537,BOE-A-2025-22549,50374832,SERVICIO COMÚN DE TRAMITACIÓN.,1,1,,,BOE-A-2025-22549:tabla=1:fila=7:codigo/plazas=50374832/1
101538,BOE-A-2025-22549,50374833,SERVICIO COMÚN DE TRAMITACIÓN.,1,1,,,BOE-A-2025-22549:tabla=1:fila=8:codigo/plazas=50374833/1
101539,BOE-A-2025-22549,50374834,SERVICIO COMÚN DE TRAMITACIÓN.,1,1,,,BOE-A-2025-22549:tabla=1:fila=9:codigo/plazas=50374834/1
101540,BOE-A-2025-22549,50374838,OFICINA GENERAL DEL REGISTRO CIVIL.,1,1,,,BOE-A-2025-22549:tabla=1:fila=10:codigo/plazas=50374838/1
101541,BOE-A-2025-22549,50374858,SERVICIO COMÚN DE TRAMITACIÓN.,1,1,,,BOE-A-2025-22549:tabla=1:fila=11:codigo/plazas=50374858/1
101542,BOE-A-2025-22549,50374862,SERVICIO COMÚN DE TRAMITACIÓN.,1,1,,,BOE-A-2025-22549:tabla=1:fila=12:codigo/plazas=50374862/1
101543,BOE-A-2025-22549,50374865,SERVICIO COMÚN DE TRAMITACIÓN.,1,1,,,BOE-A-2025-22549:tabla=1:fila=13:codigo/plazas=50374865/1
101544,BOE-A-2025-22549,50374889,SERVICIO COMÚN DE TRAMITACIÓN.,1,1,,,BOE-A-2025-22549:tabla=1:fila=14:codigo/plazas=50374889/1
101545,BOE-A-2025-22549,50374890,SERVICIO COMÚN DE TRAMITACIÓN.,1,1,,,BOE-A-2025-22549:tabla=1:fila=15:codigo/plazas=50374890/1
101546,BOE-A-2025-22549,50374891,SERVICIO COMÚN DE TRAMITACIÓN.,1,1,,,BOE-A-2025-22549:tabla=1:fila=16:codigo/plazas=50374891/1
101547,BOE-A-2025-22549,50374917,SERVICIO COMÚN DE TRAMITACIÓN.,1,1,,,BOE-A-2025-22549:tabla=1:fila=17:codigo/plazas=50374917/1
101548,BOE-A-2025-22549,50374919,SERVICIO COMÚN DE TRAMITACIÓN.,1,1,,,BOE-A-2025-22549:tabla=1:fila=18:codigo/plazas=50374919/1
101549,BOE-A-2025-22549,50374923,SERVICIO COMÚN DE TRAMITACIÓN.,1,1,,,BOE-A-2025-22549:tabla=1:fila=19:codigo/plazas=50374923/1
101550,BOE-A-2025-22549,50374924,SERVICIO COMÚN DE TRAMITACIÓN.,1,1,,,BOE-A-2025-22549:tabla=1:fila=20:codigo/plazas=50374924/1
101551,BOE-A-2025-22549,50374927,SERVICIO COMÚN DE TRAMITACIÓN.,1,1,,,BOE-A-2025-22549:tabla=1:fila=21:codigo/plazas=50374927/1
101552,BOE-A-2025-22549,50374929,SERVICIO COMÚN GENERAL.,1,1,,,BOE-A-2025-22549:tabla=1:fila=22:codigo/plazas=50374929/1
101553,BOE-A-2025-22549,50374930,SERVICIO COMÚN GENERAL.,1,1,,,BOE-A-2025-22549:tabla=1:fila=23:codigo/plazas=50374930/1
101554,BOE-A-2025-22549,50374940,OFICINA GENERAL DEL REGISTRO CIVIL.,1,1,,,BOE-A-2025-22549:tabla=1:fila=24:codigo/plazas=50374940/1
101555,BOE-A-2025-22549,50374835,SERVICIO COMÚN DE TRAMITACIÓN.,1,1,,,BOE-A-2025-22549:tabla=2:fila=0:codigo/plazas=50374835/1
101556,BOE-A-2025-22549,50374836,SERVICIO COMÚN DE TRAMITACIÓN.,1,1,,,BOE-A-2025-22549:tabla=2:fila=1:codigo/plazas=50374836/1
101557,BOE-A-2025-22549,50374839,OFICINA GENERAL DEL REGISTRO CIVIL.,1,1,,,BOE-A-2025-22549:tabla=2:fila=2:codigo/plazas=50374839/1
101558,BOE-A-2025-22549,50374943,AGRUPACIÓN DE OFICINAS DE JUSTICIA DE CARCASTILLO.,1,1,,,BOE-A-2025-22549:tabla=2:fila=3:codigo/plazas=50374943/1
101559,BOE-A-2025-22549,50374949,AGRUPACIÓN DE OFICINAS DE JUSTICIA DE CORELLA.,1,1,,,BOE-A-2025-22549:tabla=2:fila=4:codigo/plazas=50374949/1
101560,BOE-A-2025-22549,50374866,SERVICIO COMÚN DE TRAMITACIÓN.,1,1,,,BOE-A-2025-22549:tabla=2:fila=5:codigo/plazas=50374866/1
101561,BOE-A-2025-22549,50374867,SERVICIO COMÚN DE TRAMITACIÓN.,1,1,,,BOE-A-2025-22549:tabla=2:fila=6:codigo/plazas=50374867/1
101562,BOE-A-2025-22549,50374870,OFICINA GENERAL DEL REGISTRO CIVIL.,1,1,,,BOE-A-2025-22549:tabla=2:fila=7:codigo/plazas=50374870/1
101563,BOE-A-2025-22549,50374849,AGRUPACIÓN DE OFICINAS DE JUSTICIA DE ESTERIBAR.,1,1,,,BOE-A-2025-22549:tabla=2:fila=8:codigo/plazas=50374849/1
101564,BOE-A-2025-22549,50374876,AGRUPACIÓN DE OFICINAS DE JUSTICIA DE LODOSA.,1,1,,,BOE-A-2025-22549:tabla=2:fila=9:codigo/plazas=50374876/1
101565,BOE-A-2025-22549,50374846,AGRUPACIÓN DE OFICINAS DE JUSTICIA DE VALLE DE ELORZ.,1,1,,,BOE-A-2025-22549:tabla=2:fila=10:codigo/plazas=50374846/1
101566,BOE-A-2025-22549,50374847,AGRUPACIÓN DE OFICINAS DE JUSTICIA DE VALLE DE ELORZ.,1,1,,,BOE-A-2025-22549:tabla=2:fila=11:codigo/plazas=50374847/1
101567,BOE-A-2025-22549,50374878,AGRUPACIÓN DE OFICINAS DE JUSTICIA DE SAN ADRIAN.,1,1,,,BOE-A-2025-22549:tabla=2:fila=12:codigo/plazas=50374878/1
101568,BOE-A-2025-22549,50374851,AGRUPACIÓN DE OFICINAS DE JUSTICIA DE SANGÜESA.,1,1,,,BOE-A-2025-22549:tabla=2:fila=13:codigo/plazas=50374851/1
101569,BOE-A-2025-22549,50374892,SERVICIO COMÚN DE TRAMITACIÓN.,1,1,,,BOE-A-2025-22549:tabla=2:fila=14:codigo/plazas=50374892/1
101570,BOE-A-2025-22549,50374893,SERVICIO COMÚN DE TRAMITACIÓN.,1,1,,,BOE-A-2025-22549:tabla=2:fila=15:codigo/plazas=50374893/1
101571,BOE-A-2025-22549,50374896,OFICINA GENERAL DEL REGISTRO CIVIL.,1,1,,,BOE-A-2025-22549:tabla=2:fila=16:codigo/plazas=50374896/1
101572,BOE-A-2025-22549,50374932,SERVICIO COMÚN GENERAL.,1,1,,,BOE-A-2025-22549:tabla=2:fila=17:codigo/plazas=50374932/1
101573,BOE-A-2025-22549,50374934,SERVICIO COMÚN GENERAL.,1,1,,,BOE-A-2025-22549:tabla=2:fila=18:codigo/plazas=50374934/1
101574,BOE-A-2025-22549,50374936,SERVICIO COMÚN GENERAL.,1,1,,,BOE-A-2025-22549:tabla=2:fila=19:codigo/plazas=50374936/1
101575,BOE-A-2025-22549,50374941,OFICINA GENERAL DEL REGISTRO CIVIL.,1,1,,,BOE-A-2025-22549:tabla=2:fila=20:codigo/plazas=50374941/1
101576,BOE-A-2025-22549,50374842,AGRUPACIÓN DE OFICINAS DE JUSTICIA DE VALLE DE EGÜÉS.,1,1,,,BOE-A-2025-22549:tabla=2:fila=21:codigo/plazas=50374842/1
101577,BOE-A-2025-22549,50374843,AGRUPACIÓN DE OFICINAS DE JUSTICIA DE VALLE DE EGÜÉS.,1,1,,,BOE-A-2025-22549:tabla=2:fila=22:codigo/plazas=50374843/1
101578,BOE-A-2025-22549,50374882,AGRUPACIÓN DE OFICINAS DE JUSTICIA DE VALLE DE YERRI.,1,1,,,BOE-A-2025-22549:tabla=2:fila=23:codigo/plazas=50374882/1
103193,BOE-A-2026-1572,0902/0913,SUBDIRECTOR/SUBDIRECTORA DE REGIMEN UNO.,1,1,,,BOE-A-2026-1572:tabla=1:fila=3:codigo/plazas=0902/0913/1
103195,BOE-A-2026-1572,0902,SUBDIRECTOR/SUBDIRECTORA DE EQUIPO OBSERV.Y TRAT.,1,1,,,BOE-A-2026-1572:tabla=1:fila=14:codigo/plazas=0902/1
103515,BOE-A-2026-2840,0902,SUBDIRECTOR/SUBDIRECTORA DE EQUIPO OBSERV.Y TRAT.CIS.,1,1,,,BOE-A-2026-2840:tabla=0:fila=5:codigo/plazas=0902/1
103517,BOE-A-2026-2840,0902/0913,ADMINISTRADOR/ADMINISTRADORA.,1,1,,,BOE-A-2026-2840:tabla=0:fila=7:codigo/plazas=0902/0913/1
105602,BOE-A-2026-9631,0921,GESTOR / GESTORA DE PRODUCCION,1,1,,,BOE-A-2026-9631:tabla=9:fila=1:codigo/plazas=0921/1
105603,BOE-A-2026-9631,0913 0921,GESTOR / GESTORA DE PRODUCCION,1,1,,,BOE-A-2026-9631:tabla=11:fila=0:codigo/plazas=0913 0921/1
105604,BOE-A-2026-9631,0913,GESTOR / GESTORA DE ASUNTOS ECONOMICOS Y ADMINISTRATIVOS,1,1,,,BOE-A-2026-9631:tabla=12:fila=0:codigo/plazas=0913/1
107314,BOE-A-2026-14682,0013,INSPECTOR / INSPECTORA ADJUNTO JEFE DE UNIDAD,1,1,,,BOE-A-2026-14682:tabla=5:fila=0:codigo/plazas=0013/1
107885,BOE-A-2026-16861,1603,INTERVENTOR/INTERVENTORA DELEGADO JEFE DE AREA.,1,1,,,BOE-A-2026-16861:tabla=2:fila=0:codigo/plazas=1603/1
44634,BOE-A-2022-16054,,,,,TOTAL_ROWS,SI,
44643,BOE-A-2022-16054,,,,,TOTAL_ROWS,SI,
44664,BOE-A-2022-16054,,,,,TOTAL_ROWS,SI,
44673,BOE-A-2022-16054,,,,,TOTAL_ROWS,SI,
44690,BOE-A-2022-16054,,,,,TOTAL_ROWS,SI,
47715,BOE-A-2022-20930,,,,,TOTAL_ROWS,SI,
51012,BOE-A-2022-22774,,,,,TOTAL_ROWS,SI,
51017,BOE-A-2022-22774,,,,,TOTAL_ROWS,SI,
51025,BOE-A-2022-22774,,,,,TOTAL_ROWS,SI,
51055,BOE-A-2022-22774,,,,,TOTAL_ROWS,SI,
51060,BOE-A-2022-22774,,,,,TOTAL_ROWS,SI,
51067,BOE-A-2022-22774,,,,,TOTAL_ROWS,SI,
95102,BOE-A-2025-4444,,,,,TOTAL_ROWS,SI,
4150,BOE-A-2004-21227,,,,,NARRATIVE_ROW,NO,
31809,BOE-A-2019-7651,,,,,NARRATIVE_ROW,NO,
34855,BOE-A-2020-10185,,,,,NARRATIVE_ROW,NO,
