Codigo_INE;Municipio;Municipio_normalizado;Provincia;Provincia_normalizada;Comunidad;Población;Latitud;Longitud;Altitud;Habitantes
01001;Alegría-Dulantzi;alegria dulantzi;Araba/Álava;araba/alava;País Vasco/Euskadi;Alegría-Dulantzi;42.84045247;-2.512507724;568;2961
01002;Amurrio;amurrio;Araba/Álava;araba/alava;País Vasco/Euskadi;Amurrio;43.05265767;-3.001015194;217;10346
01003;Aramaio;aramaio;Araba/Álava;araba/alava;País Vasco/Euskadi;Aramaio;43.05257873;-2.564829379;325;1353
01004;Artziniega;artziniega;Araba/Álava;araba/alava;País Vasco/Euskadi;Artziniega;43.1217919;-3.13052099;199;1868
01006;Armiñón;arminon;Araba/Álava;araba/alava;País Vasco/Euskadi;Armiñón;42.72340924;-2.872270813;466;233
01008;Arratzua-Ubarrundia;arratzua ubarrundia;Araba/Álava;araba/alava;País Vasco/Euskadi;Arratzua-Ubarrundia;42.88990689;-2.640208161;514;1058
01009;Asparrena;asparrena;Araba/Álava;araba/alava;País Vasco/Euskadi;Asparrena;42.88962423;-2.317425972;603;1611
01010;Ayala/Aiara;ayala/aiara;Araba/Álava;araba/alava;País Vasco/Euskadi;Ayala/Aiara;43.07792083;-3.042683621;311;2917
01011;Baños de Ebro/Mañueta;banos de ebro/manueta;Araba/Álava;araba/alava;País Vasco/Euskadi;Baños de Ebro/Mañueta;42.53023483;-2.679560658;428;292
01013;Barrundia;barrundia;Araba/Álava;araba/alava;País Vasco/Euskadi;Barrundia;42.91759943;-2.496599499;562;882
01014;Berantevilla;berantevilla;Araba/Álava;araba/alava;País Vasco/Euskadi;Berantevilla;42.68269243;-2.859369462;470;475
01016;Bernedo;bernedo;Araba/Álava;araba/alava;País Vasco/Euskadi;Bernedo;42.62644187;-2.498883519;714;541
01017;Campezo/Kanpezu;campezo/kanpezu;Araba/Álava;araba/alava;País Vasco/Euskadi;Campezo/Kanpezu;42.6700208;-2.351267973;567;1071
01018;Zigoitia;zigoitia;Araba/Álava;araba/alava;País Vasco/Euskadi;Zigoitia;42.95770957;-2.729743759;582;1841
01019;Kripan;kripan;Araba/Álava;araba/alava;País Vasco/Euskadi;Kripan;42.59166499;-2.515660773;694;175
01020;Kuartango;kuartango;Araba/Álava;araba/alava;País Vasco/Euskadi;Kuartango;42.86990022;-2.887492118;553;402
01021;Elburgo/Burgelu;elburgo/burgelu;Araba/Álava;araba/alava;País Vasco/Euskadi;Elburgo/Burgelu;42.850282;-2.545933;540;641
01022;Elciego;elciego;Araba/Álava;araba/alava;País Vasco/Euskadi;Elciego;42.51517189;-2.618158173;458;970
01023;Elvillar/Bilar;elvillar/bilar;Araba/Álava;araba/alava;País Vasco/Euskadi;Elvillar/Bilar;42.5693108;-2.54478966;585;315
01027;Iruraiz-Gauna;iruraiz gauna;Araba/Álava;araba/alava;País Vasco/Euskadi;Iruraiz-Gauna;42.83131017;-2.475996232;627;556
01028;Labastida/Bastida;labastida/bastida;Araba/Álava;araba/alava;País Vasco/Euskadi;Labastida/Bastida;42.590217;-2.793199;555;1573
01030;Lagrán;lagran;Araba/Álava;araba/alava;País Vasco/Euskadi;Lagrán;42.62612082;-2.584350717;753;177
01031;Laguardia;laguardia;Araba/Álava;araba/alava;País Vasco/Euskadi;Laguardia;42.5533855;-2.585006293;634;1468
01032;Lanciego/Lantziego;lanciego/lantziego;Araba/Álava;araba/alava;País Vasco/Euskadi;Lanciego/Lantziego;42.56218527;-2.512791745;536;706
01033;Lapuebla de Labarca;lapuebla de labarca;Araba/Álava;araba/alava;País Vasco/Euskadi;Lapuebla de Labarca;42.49365329;-2.572925135;430;895
01034;Leza;leza;Araba/Álava;araba/alava;País Vasco/Euskadi;Leza;42.56512037;-2.634860283;571;204
01036;Laudio/Llodio;laudio/llodio;Araba/Álava;araba/alava;País Vasco/Euskadi;Laudio/Llodio;43.14320105;-2.962806782;125;18063
01037;Arraia-Maeztu;arraia maeztu;Araba/Álava;araba/alava;País Vasco/Euskadi;Arraia-Maeztu;42.738527;-2.444299;649;818
01039;Moreda de Álava/Moreda Araba;moreda de alava/moreda araba;Araba/Álava;araba/alava;País Vasco/Euskadi;Moreda de Álava/Moreda Araba;42.5237608;-2.408129211;445;218
01041;Navaridas;navaridas;Araba/Álava;araba/alava;País Vasco/Euskadi;Navaridas;42.54373653;-2.62454944;514;200
01042;Okondo;okondo;Araba/Álava;araba/alava;País Vasco/Euskadi;Okondo;43.1615513;-3.019026823;135;1180
01043;Oyón-Oion;oyon oion;Araba/Álava;araba/alava;País Vasco/Euskadi;Oyón-Oion;42.506067;-2.436788;435;3541
01044;Peñacerrada-Urizaharra;penacerrada urizaharra;Araba/Álava;araba/alava;País Vasco/Euskadi;Peñacerrada-Urizaharra;42.64434353;-2.713556409;748;332
01046;Erriberagoitia/Ribera Alta;erriberagoitia/ribera alta;Araba/Álava;araba/alava;País Vasco/Euskadi;Erriberagoitia/Ribera Alta;42.80554817;-2.907362586;516;842
01047;Ribera Baja/Erriberabeitia;ribera baja/erriberabeitia;Araba/Álava;araba/alava;País Vasco/Euskadi;Ribera Baja/Erriberabeitia;42.71228518;-2.918688966;481;1493
01049;Añana;anana;Araba/Álava;araba/alava;País Vasco/Euskadi;Añana;42.80237115;-2.9865226;584;141
01051;Agurain/Salvatierra;agurain/salvatierra;Araba/Álava;araba/alava;País Vasco/Euskadi;Agurain/Salvatierra;42.850452;-2.389753;608;5173
01052;Samaniego;samaniego;Araba/Álava;araba/alava;País Vasco/Euskadi;Samaniego;42.56810945;-2.679225962;571;292
01053;San Millán/Donemiliaga;san millan/donemiliaga;Araba/Álava;araba/alava;País Vasco/Euskadi;San Millán/Donemiliaga;42.87257138;-2.37748303;587;704
01054;Urkabustaiz;urkabustaiz;Araba/Álava;araba/alava;País Vasco/Euskadi;Urkabustaiz;42.95239599;-2.900347764;612;1460
01055;Valdegovía/Gaubea;valdegovia/gaubea;Araba/Álava;araba/alava;País Vasco/Euskadi;Valdegovía/Gaubea;42.84824666;-3.098138822;553;1063
01056;Harana/Valle de Arana;harana/valle de arana;Araba/Álava;araba/alava;País Vasco/Euskadi;Harana/Valle de Arana;42.75439749;-2.331923488;818;213
01057;Villabuena de Álava/Eskuernaga;villabuena de alava/eskuernaga;Araba/Álava;araba/alava;País Vasco/Euskadi;Villabuena de Álava/Eskuernaga;42.54890494;-2.665446963;480;280
01058;Legutio;legutio;Araba/Álava;araba/alava;País Vasco/Euskadi;Legutio;42.97783599;-2.642728453;567;2094
01059;Vitoria-Gasteiz;vitoria gasteiz;Araba/Álava;araba/alava;País Vasco/Euskadi;Vitoria-Gasteiz;42.84682395;-2.672340318;526;260402
01060;Yécora/Iekora;yecora/iekora;Araba/Álava;araba/alava;País Vasco/Euskadi;Yécora/Iekora;42.56924393;-2.47025534;692;276
01061;Zalduondo;zalduondo;Araba/Álava;araba/alava;País Vasco/Euskadi;Zalduondo;42.88548624;-2.347933788;606;196
01062;Zambrana;zambrana;Araba/Álava;araba/alava;País Vasco/Euskadi;Zambrana;42.66100415;-2.877876362;460;452
01063;Zuia;zuia;Araba/Álava;araba/alava;País Vasco/Euskadi;Zuia;42.95630575;-2.81995968;616;2365
01901;Iruña Oka/Iruña de Oca;iruna oka/iruna de oca;Araba/Álava;araba/alava;País Vasco/Euskadi;Iruña Oka/Iruña de Oca;42.81803444;-2.808334382;487;3697
01902;Lantarón;lantaron;Araba/Álava;araba/alava;País Vasco/Euskadi;Lantarón;42.71657557;-2.96649719;482;935
02001;Abengibre;abengibre;Albacete;albacete;Castilla-La Mancha;Abengibre;39.20975159;-1.54079588;646;747
02002;Alatoz;alatoz;Albacete;albacete;Castilla-La Mancha;Alatoz;39.09444837;-1.36100986;850;506
02003;Albacete;albacete;Albacete;albacete;Castilla-La Mancha;Albacete;38.99613428;-1.855677516;681;175068
02004;Albatana;albatana;Albacete;albacete;Castilla-La Mancha;Albatana;38.57110118;-1.522799778;583;653
02005;Alborea;alborea;Albacete;albacete;Castilla-La Mancha;Alborea;39.27968339;-1.395984585;696;688
02006;Alcadozo;alcadozo;Albacete;albacete;Castilla-La Mancha;Alcadozo;38.64886541;-1.980882925;925;638
02007;Alcalá del Júcar;alcala del jucar;Albacete;albacete;Castilla-La Mancha;Alcalá del Júcar;39.19168065;-1.429208744;539;1156
02008;Alcaraz;alcaraz;Albacete;albacete;Castilla-La Mancha;Alcaraz;38.665085;-2.491228503;958;1281
02009;Almansa;almansa;Albacete;albacete;Castilla-La Mancha;Almansa;38.87007032;-1.093666988;685;24603
02010;Alpera;alpera;Albacete;albacete;Castilla-La Mancha;Alpera;38.95950447;-1.230195813;850;2320
02011;Ayna;ayna;Albacete;albacete;Castilla-La Mancha;Ayna;38.5516053;-2.068874912;656;575
02012;Balazote;balazote;Albacete;albacete;Castilla-La Mancha;Balazote;38.88371081;-2.149583869;764;2368
02013;Balsa de Ves;balsa de ves;Albacete;albacete;Castilla-La Mancha;Balsa de Ves;39.26440287;-1.195733025;749;124
02014;Ballestero, El;ballestero, el;Albacete;albacete;Castilla-La Mancha;Ballestero, El;38.84174162;-2.455110396;1022;411
02015;Barrax;barrax;Albacete;albacete;Castilla-La Mancha;Barrax;39.04629241;-2.200771729;732;1872
02016;Bienservida;bienservida;Albacete;albacete;Castilla-La Mancha;Bienservida;38.51576879;-2.611428683;896;549
02017;Bogarra;bogarra;Albacete;albacete;Castilla-La Mancha;Bogarra;38.58170355;-2.212994902;854;730
02018;Bonete;bonete;Albacete;albacete;Castilla-La Mancha;Bonete;38.87143732;-1.347425971;890;948
02019;Bonillo, El;bonillo, el;Albacete;albacete;Castilla-La Mancha;Bonillo, El;38.95065772;-2.540370224;1065;2646
02020;Carcelén;carcelen;Albacete;albacete;Castilla-La Mancha;Carcelén;39.10212071;-1.308754234;908;490
02021;Casas de Juan Núñez;casas de juan nunez;Albacete;albacete;Castilla-La Mancha;Casas de Juan Núñez;39.10184136;-1.557443989;705;1421
02022;Casas de Lázaro;casas de lazaro;Albacete;albacete;Castilla-La Mancha;Casas de Lázaro;38.7710003;-2.239471505;939;297
02023;Casas de Ves;casas de ves;Albacete;albacete;Castilla-La Mancha;Casas de Ves;39.25913103;-1.333949346;704;530
02024;Casas-Ibáñez;casas ibanez;Albacete;albacete;Castilla-La Mancha;Casas-Ibáñez;39.28776299;-1.470085531;704;4614
02025;Caudete;caudete;Albacete;albacete;Castilla-La Mancha;Caudete;38.70384746;-0.989022494;554;10481
02026;Cenizate;cenizate;Albacete;albacete;Castilla-La Mancha;Cenizate;39.30411742;-1.661369435;704;1167
02027;Corral-Rubio;corral rubio;Albacete;albacete;Castilla-La Mancha;Corral-Rubio;38.83482009;-1.460420446;872;302
02028;Cotillas;cotillas;Albacete;albacete;Castilla-La Mancha;Cotillas;38.43115109;-2.506203588;936;123
02029;Chinchilla de Monte-Aragón;chinchilla de monte aragon;Albacete;albacete;Castilla-La Mancha;Chinchilla de Monte-Aragón;38.92110241;-1.724648889;880;4659
02030;Elche de la Sierra;elche de la sierra;Albacete;albacete;Castilla-La Mancha;Elche de la Sierra;38.4482521;-2.047856656;629;3606
02031;Férez;ferez;Albacete;albacete;Castilla-La Mancha;Férez;38.35598559;-2.009178451;681;604
02032;Fuensanta;fuensanta;Albacete;albacete;Castilla-La Mancha;Fuensanta;39.2449841;-2.068453029;693;294
02033;Fuente-Álamo;fuente alamo;Albacete;albacete;Castilla-La Mancha;Fuente-Álamo;38.69291562;-1.431501442;822;2426
02034;Fuentealbilla;fuentealbilla;Albacete;albacete;Castilla-La Mancha;Fuentealbilla;39.26655637;-1.548521576;657;1798
02035;Gineta, La;gineta, la;Albacete;albacete;Castilla-La Mancha;Gineta, La;39.11443927;-1.996040561;686;2652
02036;Golosalvo;golosalvo;Albacete;albacete;Castilla-La Mancha;Golosalvo;39.23864379;-1.635625343;737;79
02037;Hellín;hellin;Albacete;albacete;Castilla-La Mancha;Hellín;38.51224545;-1.702431559;561;30911
02038;Herrera, La;herrera, la;Albacete;albacete;Castilla-La Mancha;Herrera, La;38.96165563;-2.126325657;713;316
02039;Higueruela;higueruela;Albacete;albacete;Castilla-La Mancha;Higueruela;38.96179796;-1.443104612;1008;1142
02040;Hoya-Gonzalo;hoya gonzalo;Albacete;albacete;Castilla-La Mancha;Hoya-Gonzalo;38.95695937;-1.556158148;927;582
02041;Jorquera;jorquera;Albacete;albacete;Castilla-La Mancha;Jorquera;39.17508729;-1.520189377;625;358
02042;Letur;letur;Albacete;albacete;Castilla-La Mancha;Letur;38.36646658;-2.101096519;736;908
02043;Lezuza;lezuza;Albacete;albacete;Castilla-La Mancha;Lezuza;38.948979;-2.354437704;913;1293
02044;Liétor;lietor;Albacete;albacete;Castilla-La Mancha;Liétor;38.54076278;-1.95448632;638;1050
02045;Madrigueras;madrigueras;Albacete;albacete;Castilla-La Mancha;Madrigueras;39.23728354;-1.799925126;686;4670
02046;Mahora;mahora;Albacete;albacete;Castilla-La Mancha;Mahora;39.2127674;-1.725972012;663;1478
02047;Masegoso;masegoso;Albacete;albacete;Castilla-La Mancha;Masegoso;38.71731899;-2.317252163;1109;117
02048;Minaya;minaya;Albacete;albacete;Castilla-La Mancha;Minaya;39.27187952;-2.321118022;725;1410
02049;Molinicos;molinicos;Albacete;albacete;Castilla-La Mancha;Molinicos;38.46620474;-2.240022111;828;756
02050;Montalvos;montalvos;Albacete;albacete;Castilla-La Mancha;Montalvos;39.16611447;-2.027371944;708;74
02051;Montealegre del Castillo;montealegre del castillo;Albacete;albacete;Castilla-La Mancha;Montealegre del Castillo;38.78693044;-1.324689759;812;2049
02052;Motilleja;motilleja;Albacete;albacete;Castilla-La Mancha;Motilleja;39.18017055;-1.790616649;677;680
02053;Munera;munera;Albacete;albacete;Castilla-La Mancha;Munera;39.03997438;-2.482705993;929;3358
02054;Navas de Jorquera;navas de jorquera;Albacete;albacete;Castilla-La Mancha;Navas de Jorquera;39.27953998;-1.721421493;704;514
02055;Nerpio;nerpio;Albacete;albacete;Castilla-La Mancha;Nerpio;38.1480833;-2.302116794;1080;1139
02056;Ontur;ontur;Albacete;albacete;Castilla-La Mancha;Ontur;38.61431455;-1.498159602;649;1892
02057;Ossa de Montiel;ossa de montiel;Albacete;albacete;Castilla-La Mancha;Ossa de Montiel;38.96263379;-2.74468282;903;2236
02058;Paterna del Madera;paterna del madera;Albacete;albacete;Castilla-La Mancha;Paterna del Madera;38.5974636;-2.345821131;1131;329
02059;Peñascosa;penascosa;Albacete;albacete;Castilla-La Mancha;Peñascosa;38.6716296;-2.409353604;1168;330
02060;Peñas de San Pedro;penas de san pedro;Albacete;albacete;Castilla-La Mancha;Peñas de San Pedro;38.72660538;-2.002194089;1008;1493
02061;Pétrola;petrola;Albacete;albacete;Castilla-La Mancha;Pétrola;38.82571043;-1.55661056;872;659
02062;Povedilla;povedilla;Albacete;albacete;Castilla-La Mancha;Povedilla;38.70119671;-2.603154384;863;379
02063;Pozohondo;pozohondo;Albacete;albacete;Castilla-La Mancha;Pozohondo;38.721017;-1.910308386;868;1541
02064;Pozo-Lorente;pozo lorente;Albacete;albacete;Castilla-La Mancha;Pozo-Lorente;39.07676242;-1.506003568;767;394
02065;Pozuelo;pozuelo;Albacete;albacete;Castilla-La Mancha;Pozuelo;38.80919665;-2.101401833;848;455
02066;Recueja, La;recueja, la;Albacete;albacete;Castilla-La Mancha;Recueja, La;39.17530731;-1.490977205;538;215
02067;Riópar;riopar;Albacete;albacete;Castilla-La Mancha;Riópar;38.4989788;-2.416793854;968;1341
02068;Robledo;robledo;Albacete;albacete;Castilla-La Mancha;Robledo;38.75811044;-2.450469454;1030;390
02069;Roda, La;roda, la;Albacete;albacete;Castilla-La Mancha;Roda, La;39.20769102;-2.157391588;706;15792
02070;Salobre;salobre;Albacete;albacete;Castilla-La Mancha;Salobre;38.59284674;-2.549511582;914;444
02071;San Pedro;san pedro;Albacete;albacete;Castilla-La Mancha;San Pedro;38.82564488;-2.187878809;847;1158
02072;Socovos;socovos;Albacete;albacete;Castilla-La Mancha;Socovos;38.33249411;-1.984932625;738;1654
02073;Tarazona de la Mancha;tarazona de la mancha;Albacete;albacete;Castilla-La Mancha;Tarazona de la Mancha;39.26533717;-1.912846935;708;6136
02074;Tobarra;tobarra;Albacete;albacete;Castilla-La Mancha;Tobarra;38.58855057;-1.692343591;628;8002
02075;Valdeganga;valdeganga;Albacete;albacete;Castilla-La Mancha;Valdeganga;39.13615464;-1.676545178;666;1985
02076;Vianos;vianos;Albacete;albacete;Castilla-La Mancha;Vianos;38.63304195;-2.499809493;1116;318
02077;Villa de Ves;villa de ves;Albacete;albacete;Castilla-La Mancha;Villa de Ves;39.22277759;-1.260678668;743;50
02078;Villalgordo del Júcar;villalgordo del jucar;Albacete;albacete;Castilla-La Mancha;Villalgordo del Júcar;39.29584098;-2.063038189;683;1177
02079;Villamalea;villamalea;Albacete;albacete;Castilla-La Mancha;Villamalea;39.36163041;-1.598507435;739;4072
02080;Villapalacios;villapalacios;Albacete;albacete;Castilla-La Mancha;Villapalacios;38.57484002;-2.63465416;837;543
02081;Villarrobledo;villarrobledo;Albacete;albacete;Castilla-La Mancha;Villarrobledo;39.26441873;-2.60438292;724;25418
02082;Villatoya;villatoya;Albacete;albacete;Castilla-La Mancha;Villatoya;39.333698;-1.33840296;407;114
02083;Villavaliente;villavaliente;Albacete;albacete;Castilla-La Mancha;Villavaliente;39.12526307;-1.458065191;726;191
02084;Villaverde de Guadalimar;villaverde de guadalimar;Albacete;albacete;Castilla-La Mancha;Villaverde de Guadalimar;38.456169;-2.518480636;799;326
02085;Viveros;viveros;Albacete;albacete;Castilla-La Mancha;Viveros;38.77374417;-2.575466064;1008;294
02086;Yeste;yeste;Albacete;albacete;Castilla-La Mancha;Yeste;38.3668;-2.31896;878;2482
02901;Pozo Cañada;pozo canada;Albacete;albacete;Castilla-La Mancha;Pozo Cañada;38.80375242;-1.733102562;802;2710
03001;Atzúbia, l';atzubia, l';Alicante/Alacant;alicante/alacant;Comunitat Valenciana;Atzúbia, l';38.84749036;-0.150968198;97;601
03002;Agost;agost;Alicante/Alacant;alicante/alacant;Comunitat Valenciana;Agost;38.43926835;-0.638549507;325;5224
03003;Agres;agres;Alicante/Alacant;alicante/alacant;Comunitat Valenciana;Agres;38.77999725;-0.515475195;720;625
03004;Aigües;aigues;Alicante/Alacant;alicante/alacant;Comunitat Valenciana;Aigües;38.50044242;-0.363906901;330;1187
03005;Albatera;albatera;Alicante/Alacant;alicante/alacant;Comunitat Valenciana;Albatera;38.1782536;-0.869139957;14;13476
03006;Alcalalí;alcalali;Alicante/Alacant;alicante/alacant;Comunitat Valenciana;Alcalalí;38.74956142;-0.041028409;226;1405
03007;Alcosser;alcosser;Alicante/Alacant;alicante/alacant;Comunitat Valenciana;Alcosser;38.79500232;-0.402548268;352;263
03008;Alcoleja;alcoleja;Alicante/Alacant;alicante/alacant;Comunitat Valenciana;Alcoleja;38.67482449;-0.330977622;739;186
03009;Alcoi/Alcoy;alcoi/alcoy;Alicante/Alacant;alicante/alacant;Comunitat Valenciana;Alcoi/Alcoy;38.69764173;-0.473163128;564;61613
03010;Alfafara;alfafara;Alicante/Alacant;alicante/alacant;Comunitat Valenciana;Alfafara;38.77300983;-0.555594302;580;417
03011;Alfàs del Pi, l';alfas del pi, l';Alicante/Alacant;alicante/alacant;Comunitat Valenciana;Alfàs del Pi, l';38.57965958;-0.101819775;86;21046
03012;Algorfa;algorfa;Alicante/Alacant;alicante/alacant;Comunitat Valenciana;Algorfa;38.08674432;-0.796325109;24;3749
03013;Algueña;alguena;Alicante/Alacant;alicante/alacant;Comunitat Valenciana;Algueña;38.33881696;-1.003219376;531;1327
03014;Alacant/Alicante;alacant/alicante;Alicante/Alacant;alicante/alacant;Comunitat Valenciana;Alacant/Alicante;38.34530726;-0.481365702;4;365586
03015;Almoradí;almoradi;Alicante/Alacant;alicante/alacant;Comunitat Valenciana;Almoradí;38.10978717;-0.791907814;10;22874
03016;Almudaina;almudaina;Alicante/Alacant;alicante/alacant;Comunitat Valenciana;Almudaina;38.76093056;-0.35362175;578;127
03017;Alqueria d'Asnar, l';alqueria d'asnar, l';Alicante/Alacant;alicante/alacant;Comunitat Valenciana;Alqueria d'Asnar, l';38.77237881;-0.424795621;356;519
03018;Altea;altea;Alicante/Alacant;alicante/alacant;Comunitat Valenciana;Altea;38.60218697;-0.047463939;8;24731
03019;Aspe;aspe;Alicante/Alacant;alicante/alacant;Comunitat Valenciana;Aspe;38.34608788;-0.768979866;234;22354
03020;Balones;balones;Alicante/Alacant;alicante/alacant;Comunitat Valenciana;Balones;38.73617429;-0.34338314;658;133
03021;Banyeres de Mariola;banyeres de mariola;Alicante/Alacant;alicante/alacant;Comunitat Valenciana;Banyeres de Mariola;38.71636768;-0.65698564;812;7336
03022;Benasau;benasau;Alicante/Alacant;alicante/alacant;Comunitat Valenciana;Benasau;38.69040571;-0.343391915;695;174
03023;Beneixama;beneixama;Alicante/Alacant;alicante/alacant;Comunitat Valenciana;Beneixama;38.69972662;-0.766001783;589;1704
03024;Benejúzar;benejuzar;Alicante/Alacant;alicante/alacant;Comunitat Valenciana;Benejúzar;38.07769886;-0.837706789;25;5829
03025;Benferri;benferri;Alicante/Alacant;alicante/alacant;Comunitat Valenciana;Benferri;38.14219964;-0.961426771;53;2098
03026;Beniarbeig;beniarbeig;Alicante/Alacant;alicante/alacant;Comunitat Valenciana;Beniarbeig;38.8224137;-0.00196645;41;2540
03027;Beniardà;beniarda;Alicante/Alacant;alicante/alacant;Comunitat Valenciana;Beniardà;38.68349937;-0.216490894;467;233
03028;Beniarrés;beniarres;Alicante/Alacant;alicante/alacant;Comunitat Valenciana;Beniarrés;38.81989967;-0.379373765;383;1116
03029;Benigembla;benigembla;Alicante/Alacant;alicante/alacant;Comunitat Valenciana;Benigembla;38.75588056;-0.11030968;313;581
03030;Benidoleig;benidoleig;Alicante/Alacant;alicante/alacant;Comunitat Valenciana;Benidoleig;38.79115632;-0.03067455;133;1274
03031;Benidorm;benidorm;Alicante/Alacant;alicante/alacant;Comunitat Valenciana;Benidorm;38.53943511;-0.128632118;12;77211
03032;Benifallim;benifallim;Alicante/Alacant;alicante/alacant;Comunitat Valenciana;Benifallim;38.66275941;-0.39953706;738;130
03033;Benifato;benifato;Alicante/Alacant;alicante/alacant;Comunitat Valenciana;Benifato;38.67362891;-0.229182222;661;160
03034;Benijófar;benijofar;Alicante/Alacant;alicante/alacant;Comunitat Valenciana;Benijófar;38.07777919;-0.736710396;37;3696
03035;Benilloba;benilloba;Alicante/Alacant;alicante/alacant;Comunitat Valenciana;Benilloba;38.69955403;-0.390721569;529;746
03036;Benillup;benillup;Alicante/Alacant;alicante/alacant;Comunitat Valenciana;Benillup;38.75341106;-0.379040174;559;111
03037;Benimantell;benimantell;Alicante/Alacant;alicante/alacant;Comunitat Valenciana;Benimantell;38.67665462;-0.209682939;547;544
03038;Benimarfull;benimarfull;Alicante/Alacant;alicante/alacant;Comunitat Valenciana;Benimarfull;38.77574108;-0.391311356;416;465
03039;Benimassot;benimassot;Alicante/Alacant;alicante/alacant;Comunitat Valenciana;Benimassot;38.74901244;-0.292240041;724;85
03040;Benimeli;benimeli;Alicante/Alacant;alicante/alacant;Comunitat Valenciana;Benimeli;38.82286511;-0.042101105;90;474
03041;Benissa;benissa;Alicante/Alacant;alicante/alacant;Comunitat Valenciana;Benissa;38.7163729;0.053191992;252;12524
03042;Poble Nou de Benitatxell, el/Benitachell;poble nou de benitatxell, el/benitachell;Alicante/Alacant;alicante/alacant;Comunitat Valenciana;Poble Nou de Benitatxell, el/Benitachell;38.73241632;0.144742727;159;5026
03043;Biar;biar;Alicante/Alacant;alicante/alacant;Comunitat Valenciana;Biar;38.63023465;-0.765694481;699;3677
03044;Bigastro;bigastro;Alicante/Alacant;alicante/alacant;Comunitat Valenciana;Bigastro;38.06331677;-0.895158344;24;7545
03045;Bolulla;bolulla;Alicante/Alacant;alicante/alacant;Comunitat Valenciana;Bolulla;38.67656841;-0.111584903;214;487
03046;Busot;busot;Alicante/Alacant;alicante/alacant;Comunitat Valenciana;Busot;38.48501694;-0.417268083;322;3756
03047;Calp;calp;Alicante/Alacant;alicante/alacant;Comunitat Valenciana;Calp;38.64480469;0.045418981;44;27440
03048;Callosa d'en Sarrià;callosa d'en sarria;Alicante/Alacant;alicante/alacant;Comunitat Valenciana;Callosa d'en Sarrià;38.65156812;-0.122702464;249;8301
03049;Callosa de Segura;callosa de segura;Alicante/Alacant;alicante/alacant;Comunitat Valenciana;Callosa de Segura;38.12240667;-0.879365974;18;19895
03050;Campello, el;campello, el;Alicante/Alacant;alicante/alacant;Comunitat Valenciana;Campello, el;38.4260074;-0.398383493;23;31567
03051;Camp de Mirra, el/Campo de Mirra;camp de mirra, el/campo de mirra;Alicante/Alacant;alicante/alacant;Comunitat Valenciana;Camp de Mirra, el/Campo de Mirra;38.68728729;-0.778961778;585;447
03052;Cañada;canada;Alicante/Alacant;alicante/alacant;Comunitat Valenciana;Cañada;38.67527721;-0.809496263;557;1219
03053;Castalla;castalla;Alicante/Alacant;alicante/alacant;Comunitat Valenciana;Castalla;38.59521041;-0.672236774;678;11900
03054;Castell de Castells;castell de castells;Alicante/Alacant;alicante/alacant;Comunitat Valenciana;Castell de Castells;38.72475201;-0.193051139;551;442
03055;Catral;catral;Alicante/Alacant;alicante/alacant;Comunitat Valenciana;Catral;38.15968709;-0.80399012;8;9649
03056;Cocentaina;cocentaina;Alicante/Alacant;alicante/alacant;Comunitat Valenciana;Cocentaina;38.74408152;-0.440067802;437;11486
03057;Confrides;confrides;Alicante/Alacant;alicante/alacant;Comunitat Valenciana;Confrides;38.68338078;-0.268412409;784;293
03058;Cox;cox;Alicante/Alacant;alicante/alacant;Comunitat Valenciana;Cox;38.1416714;-0.887372573;17;7714
03059;Crevillent;crevillent;Alicante/Alacant;alicante/alacant;Comunitat Valenciana;Crevillent;38.24922101;-0.809854678;132;30880
03060;Quatretondeta;quatretondeta;Alicante/Alacant;alicante/alacant;Comunitat Valenciana;Quatretondeta;38.72382833;-0.316616113;620;129
03061;Daya Nueva;daya nueva;Alicante/Alacant;alicante/alacant;Comunitat Valenciana;Daya Nueva;38.11457497;-0.763099632;8;1882
03062;Daya Vieja;daya vieja;Alicante/Alacant;alicante/alacant;Comunitat Valenciana;Daya Vieja;38.10515344;-0.738040447;5;714
03063;Dénia;denia;Alicante/Alacant;alicante/alacant;Comunitat Valenciana;Dénia;38.84131618;0.105883001;15;47568
03064;Dolores;dolores;Alicante/Alacant;alicante/alacant;Comunitat Valenciana;Dolores;38.13882199;-0.770134243;3;8335
03065;Elx/Elche;elx/elche;Alicante/Alacant;alicante/alacant;Comunitat Valenciana;Elx/Elche;38.26536234;-0.698854923;81;245575
03066;Elda;elda;Alicante/Alacant;alicante/alacant;Comunitat Valenciana;Elda;38.47966315;-0.797210354;393;55554
03067;Fageca;fageca;Alicante/Alacant;alicante/alacant;Comunitat Valenciana;Fageca;38.73491991;-0.267776721;770;100
03068;Famorca;famorca;Alicante/Alacant;alicante/alacant;Comunitat Valenciana;Famorca;38.73151455;-0.246539642;697;44
03069;Finestrat;finestrat;Alicante/Alacant;alicante/alacant;Comunitat Valenciana;Finestrat;38.56721107;-0.212206122;256;9980
03070;Formentera del Segura;formentera del segura;Alicante/Alacant;alicante/alacant;Comunitat Valenciana;Formentera del Segura;38.08429365;-0.746285335;9;4865
03071;Gata de Gorgos;gata de gorgos;Alicante/Alacant;alicante/alacant;Comunitat Valenciana;Gata de Gorgos;38.77332725;0.083570731;75;6804
03072;Gaianes;gaianes;Alicante/Alacant;alicante/alacant;Comunitat Valenciana;Gaianes;38.8130008;-0.407858008;419;586
03073;Gorga;gorga;Alicante/Alacant;alicante/alacant;Comunitat Valenciana;Gorga;38.71856528;-0.356451546;546;288
03074;Granja de Rocamora;granja de rocamora;Alicante/Alacant;alicante/alacant;Comunitat Valenciana;Granja de Rocamora;38.15296485;-0.889077497;16;2717
03075;Castell de Guadalest, el;castell de guadalest, el;Alicante/Alacant;alicante/alacant;Comunitat Valenciana;Castell de Guadalest, el;38.67744385;-0.198639238;570;280
03076;Guardamar del Segura;guardamar del segura;Alicante/Alacant;alicante/alacant;Comunitat Valenciana;Guardamar del Segura;38.09012729;-0.65388166;25;18541
03077;Fondó de les Neus, el/Hondón de las Nieves;fondo de les neus, el/hondon de las nieves;Alicante/Alacant;alicante/alacant;Comunitat Valenciana;Fondó de les Neus, el/Hondón de las Nieves;38.308635;-0.852474823;367;2775
03078;Hondón de los Frailes;hondon de los frailes;Alicante/Alacant;alicante/alacant;Comunitat Valenciana;Hondón de los Frailes;38.27316868;-0.927483932;414;1323
03079;Ibi;ibi;Alicante/Alacant;alicante/alacant;Comunitat Valenciana;Ibi;38.62653685;-0.572757015;753;24662
03080;Jacarilla;jacarilla;Alicante/Alacant;alicante/alacant;Comunitat Valenciana;Jacarilla;38.0627334;-0.868470969;22;2180
03081;Xaló;xalo;Alicante/Alacant;alicante/alacant;Comunitat Valenciana;Xaló;38.73920516;-0.012091088;192;3122
03082;Xàbia/Jávea;xabia/javea;Alicante/Alacant;alicante/alacant;Comunitat Valenciana;Xàbia/Jávea;38.78906246;0.163523555;46;30817
03083;Xixona/Jijona;xixona/jijona;Alicante/Alacant;alicante/alacant;Comunitat Valenciana;Xixona/Jijona;38.53941113;-0.507189631;448;7667
03084;Orxa, l'/Lorcha;orxa, l'/lorcha;Alicante/Alacant;alicante/alacant;Comunitat Valenciana;Orxa, l'/Lorcha;38.84540041;-0.311838984;261;591
03085;Llíber;lliber;Alicante/Alacant;alicante/alacant;Comunitat Valenciana;Llíber;38.74296644;0.005968513;180;952
03086;Millena;millena;Alicante/Alacant;alicante/alacant;Comunitat Valenciana;Millena;38.7307334;-0.363833544;634;266
03088;Monforte del Cid;monforte del cid;Alicante/Alacant;alicante/alacant;Comunitat Valenciana;Monforte del Cid;38.3795509;-0.729300443;219;9372
03089;Monòver/Monóvar;monover/monovar;Alicante/Alacant;alicante/alacant;Comunitat Valenciana;Monòver/Monóvar;38.43694476;-0.839000344;389;13098
03090;Mutxamel;mutxamel;Alicante/Alacant;alicante/alacant;Comunitat Valenciana;Mutxamel;38.41456384;-0.444307023;64;28689
03091;Murla;murla;Alicante/Alacant;alicante/alacant;Comunitat Valenciana;Murla;38.75993553;-0.082724882;285;574
03092;Muro de Alcoy;muro de alcoy;Alicante/Alacant;alicante/alacant;Comunitat Valenciana;Muro de Alcoy;38.78025146;-0.43700593;400;9361
03093;Novelda;novelda;Alicante/Alacant;alicante/alacant;Comunitat Valenciana;Novelda;38.38622103;-0.764900966;241;26612
03094;Nucia, la;nucia, la;Alicante/Alacant;alicante/alacant;Comunitat Valenciana;Nucia, la;38.61760909;-0.122688781;218;19329
03095;Ondara;ondara;Alicante/Alacant;alicante/alacant;Comunitat Valenciana;Ondara;38.82805507;0.016886129;30;7729
03096;Onil;onil;Alicante/Alacant;alicante/alacant;Comunitat Valenciana;Onil;38.63075687;-0.673348473;714;8145
03097;Orba;orba;Alicante/Alacant;alicante/alacant;Comunitat Valenciana;Orba;38.77965237;-0.064935724;153;2402
03098;Orxeta;orxeta;Alicante/Alacant;alicante/alacant;Comunitat Valenciana;Orxeta;38.56382733;-0.261156664;179;934
03099;Orihuela;orihuela;Alicante/Alacant;alicante/alacant;Comunitat Valenciana;Orihuela;38.08550855;-0.95015943;24;84279
03100;Parcent;parcent;Alicante/Alacant;alicante/alacant;Comunitat Valenciana;Parcent;38.7454292;-0.06386412;290;1049
03101;Pedreguer;pedreguer;Alicante/Alacant;alicante/alacant;Comunitat Valenciana;Pedreguer;38.79261553;0.03409402;93;8843
03102;Pego;pego;Alicante/Alacant;alicante/alacant;Comunitat Valenciana;Pego;38.84198523;-0.117219119;79;10852
03103;Penàguila;penaguila;Alicante/Alacant;alicante/alacant;Comunitat Valenciana;Penàguila;38.67937221;-0.359186571;684;305
03104;Petrer;petrer;Alicante/Alacant;alicante/alacant;Comunitat Valenciana;Petrer;38.48499414;-0.770624767;460;34035
03105;Pinós, el/Pinoso;pinos, el/pinoso;Alicante/Alacant;alicante/alacant;Comunitat Valenciana;Pinós, el/Pinoso;38.40357264;-1.041368493;572;8556
03106;Planes;planes;Alicante/Alacant;alicante/alacant;Comunitat Valenciana;Planes;38.78519718;-0.343235397;441;705
03107;Polop;polop;Alicante/Alacant;alicante/alacant;Comunitat Valenciana;Polop;38.62269363;-0.131400315;215;5894
03109;Rafal;rafal;Alicante/Alacant;alicante/alacant;Comunitat Valenciana;Rafal;38.10337338;-0.849410251;13;4823
03110;Ràfol d'Almúnia, el;rafol d'almunia, el;Alicante/Alacant;alicante/alacant;Comunitat Valenciana;Ràfol d'Almúnia, el;38.82043895;-0.052445596;86;742
03111;Redován;redovan;Alicante/Alacant;alicante/alacant;Comunitat Valenciana;Redován;38.11395405;-0.905388965;25;8310
03112;Relleu;relleu;Alicante/Alacant;alicante/alacant;Comunitat Valenciana;Relleu;38.58695068;-0.310922698;439;1373
03113;Rojales;rojales;Alicante/Alacant;alicante/alacant;Comunitat Valenciana;Rojales;38.08758972;-0.724788901;10;17488
03114;Romana, la;romana, la;Alicante/Alacant;alicante/alacant;Comunitat Valenciana;Romana, la;38.36668648;-0.89647799;421;2766
03115;Sagra;sagra;Alicante/Alacant;alicante/alacant;Comunitat Valenciana;Sagra;38.81147996;-0.064797183;103;443
03116;Salinas;salinas;Alicante/Alacant;alicante/alacant;Comunitat Valenciana;Salinas;38.51993965;-0.913336855;496;1822
03117;Sanet y Negrals;sanet y negrals;Alicante/Alacant;alicante/alacant;Comunitat Valenciana;Sanet y Negrals;38.8197219;-0.035287395;82;721
03118;San Fulgencio;san fulgencio;Alicante/Alacant;alicante/alacant;Comunitat Valenciana;San Fulgencio;38.11200673;-0.718882252;3;9906
03119;Sant Joan d'Alacant;sant joan d'alacant;Alicante/Alacant;alicante/alacant;Comunitat Valenciana;Sant Joan d'Alacant;38.40129672;-0.435807496;40;26772
03120;San Miguel de Salinas;san miguel de salinas;Alicante/Alacant;alicante/alacant;Comunitat Valenciana;San Miguel de Salinas;37.97925469;-0.788615426;75;7364
03121;Santa Pola;santa pola;Alicante/Alacant;alicante/alacant;Comunitat Valenciana;Santa Pola;38.19000844;-0.555594953;1;39622
03122;Sant Vicent del Raspeig/San Vicente del Raspeig;sant vicent del raspeig/san vicente del raspeig;Alicante/Alacant;alicante/alacant;Comunitat Valenciana;Sant Vicent del Raspeig/San Vicente del Raspeig;38.3957547;-0.522465664;105;60428
03123;Sax;sax;Alicante/Alacant;alicante/alacant;Comunitat Valenciana;Sax;38.53864647;-0.817429663;475;10360
03124;Sella;sella;Alicante/Alacant;alicante/alacant;Comunitat Valenciana;Sella;38.60845324;-0.271664275;414;622
03125;Senija;senija;Alicante/Alacant;alicante/alacant;Comunitat Valenciana;Senija;38.72826933;0.041612761;233;692
03127;Tàrbena;tarbena;Alicante/Alacant;alicante/alacant;Comunitat Valenciana;Tàrbena;38.69386924;-0.10215499;558;667
03128;Teulada;teulada;Alicante/Alacant;alicante/alacant;Comunitat Valenciana;Teulada;38.72832869;0.10441735;176;12932
03129;Tibi;tibi;Alicante/Alacant;alicante/alacant;Comunitat Valenciana;Tibi;38.53094032;-0.577486813;533;1831
03130;Tollos;tollos;Alicante/Alacant;alicante/alacant;Comunitat Valenciana;Tollos;38.7566054;-0.275237792;762;34
03131;Tormos;tormos;Alicante/Alacant;alicante/alacant;Comunitat Valenciana;Tormos;38.80217323;-0.072098415;127;329
03132;Torre de les Maçanes, la/Torremanzanas;torre de les macanes, la/torremanzanas;Alicante/Alacant;alicante/alacant;Comunitat Valenciana;Torre de les Maçanes, la/Torremanzanas;38.60749575;-0.419974923;782;757
03133;Torrevieja;torrevieja;Alicante/Alacant;alicante/alacant;Comunitat Valenciana;Torrevieja;37.97767803;-0.683382913;8;100470
03134;Vall d'Alcalà, la;vall d'alcala, la;Alicante/Alacant;alicante/alacant;Comunitat Valenciana;Vall d'Alcalà, la;38.79457267;-0.252420876;643;159
03135;Vall d'Ebo, la;vall d'ebo, la;Alicante/Alacant;alicante/alacant;Comunitat Valenciana;Vall d'Ebo, la;38.80557079;-0.1599292;393;231
03136;Vall de Gallinera, la;vall de gallinera, la;Alicante/Alacant;alicante/alacant;Comunitat Valenciana;Vall de Gallinera, la;38.82121696;-0.221193249;293;589
03137;Vall de Laguar, la;vall de laguar, la;Alicante/Alacant;alicante/alacant;Comunitat Valenciana;Vall de Laguar, la;38.77743427;-0.10944662;439;914
03138;Verger, el;verger, el;Alicante/Alacant;alicante/alacant;Comunitat Valenciana;Verger, el;38.8472443;0.010425143;18;5560
03139;Vila Joiosa, la/Villajoyosa;vila joiosa, la/villajoyosa;Alicante/Alacant;alicante/alacant;Comunitat Valenciana;Vila Joiosa, la/Villajoyosa;38.50511374;-0.232622623;26;37578
03140;Villena;villena;Alicante/Alacant;alicante/alacant;Comunitat Valenciana;Villena;38.63140488;-0.863115784;507;34729
03901;Poblets, els;poblets, els;Alicante/Alacant;alicante/alacant;Comunitat Valenciana;Poblets, els;38.84912798;0.016036801;15;2769
03902;Pilar de la Horadada;pilar de la horadada;Alicante/Alacant;alicante/alacant;Comunitat Valenciana;Pilar de la Horadada;37.86424495;-0.792686543;33;24359
03903;Montesinos, Los;montesinos, los;Alicante/Alacant;alicante/alacant;Comunitat Valenciana;Montesinos, Los;38.02647795;-0.743814388;17;5759
03904;San Isidro;san isidro;Alicante/Alacant;alicante/alacant;Comunitat Valenciana;San Isidro;38.17079855;-0.83861772;9;2367
04001;Abla;abla;Almería;almeria;Andalucía;Abla;37.14148402;-2.779619244;859;1267
04002;Abrucena;abrucena;Almería;almeria;Andalucía;Abrucena;37.13338311;-2.796592028;973;1235
04003;Adra;adra;Almería;almeria;Andalucía;Adra;36.74929792;-3.014553566;7;25579
04004;Albanchez;albanchez;Almería;almeria;Andalucía;Albanchez;37.28714845;-2.181107186;485;684
04005;Alboloduy;alboloduy;Almería;almeria;Andalucía;Alboloduy;37.0328555;-2.62173941;378;578
04006;Albox;albox;Almería;almeria;Andalucía;Albox;37.38967753;-2.146835459;422;12872
04007;Alcolea;alcolea;Almería;almeria;Andalucía;Alcolea;36.97448405;-2.961056272;740;831
04008;Alcóntar;alcontar;Almería;almeria;Andalucía;Alcóntar;37.33579535;-2.597154915;953;551
04009;Alcudia de Monteagud;alcudia de monteagud;Almería;almeria;Andalucía;Alcudia de Monteagud;37.23604586;-2.266260918;1026;117
04010;Alhabia;alhabia;Almería;almeria;Andalucía;Alhabia;36.98955001;-2.587449659;287;750
04011;Alhama de Almería;alhama de almeria;Almería;almeria;Andalucía;Alhama de Almería;36.95724497;-2.570251729;521;4016
04012;Alicún;alicun;Almería;almeria;Andalucía;Alicún;36.96627206;-2.602110644;418;203
04013;Almería;almeria;Almería;almeria;Andalucía;Almería;36.84011268;-2.467672485;23;204772
04014;Almócita;almocita;Almería;almeria;Andalucía;Almócita;37.00276845;-2.790361131;835;215
04015;Alsodux;alsodux;Almería;almeria;Andalucía;Alsodux;37.00163755;-2.594334824;315;125
04016;Antas;antas;Almería;almeria;Andalucía;Antas;37.24529971;-1.91739023;105;3505
04017;Arboleas;arboleas;Almería;almeria;Andalucía;Arboleas;37.3503749;-2.074676812;287;4182
04018;Armuña de Almanzora;armuna de almanzora;Almería;almeria;Andalucía;Armuña de Almanzora;37.3498386;-2.411330801;631;373
04019;Bacares;bacares;Almería;almeria;Andalucía;Bacares;37.26078271;-2.453399732;1207;226
04020;Bayárcal;bayarcal;Almería;almeria;Andalucía;Bayárcal;37.02982545;-2.995079367;1257;294
04021;Bayarque;bayarque;Almería;almeria;Andalucía;Bayarque;37.3300009;-2.436111339;808;214
04022;Bédar;bedar;Almería;almeria;Andalucía;Bédar;37.18976748;-1.981829516;389;973
04023;Beires;beires;Almería;almeria;Andalucía;Beires;37.01253091;-2.791169656;922;140
04024;Benahadux;benahadux;Almería;almeria;Andalucía;Benahadux;36.925792;-2.455766;115;4909
04026;Benitagla;benitagla;Almería;almeria;Andalucía;Benitagla;37.23170781;-2.238008232;946;64
04027;Benizalón;benizalon;Almería;almeria;Andalucía;Benizalón;37.2118904;-2.24165602;934;242
04028;Bentarique;bentarique;Almería;almeria;Andalucía;Bentarique;36.98653178;-2.619423387;321;226
04029;Berja;berja;Almería;almeria;Andalucía;Berja;36.84642954;-2.949451002;334;12997
04030;Canjáyar;canjayar;Almería;almeria;Andalucía;Canjáyar;37.00967503;-2.739620614;607;1143
04031;Cantoria;cantoria;Almería;almeria;Andalucía;Cantoria;37.35257189;-2.193462608;383;3611
04032;Carboneras;carboneras;Almería;almeria;Andalucía;Carboneras;36.99678677;-1.895097785;9;8456
04033;Castro de Filabres;castro de filabres;Almería;almeria;Andalucía;Castro de Filabres;37.18442307;-2.439963273;941;105
04034;Cóbdar;cobdar;Almería;almeria;Andalucía;Cóbdar;37.26175483;-2.21022763;608;171
04035;Cuevas del Almanzora;cuevas del almanzora;Almería;almeria;Andalucía;Cuevas del Almanzora;37.29705622;-1.881344085;90;15435
04036;Chercos;chercos;Almería;almeria;Andalucía;Chercos;37.26640518;-2.257882866;788;305
04037;Chirivel;chirivel;Almería;almeria;Andalucía;Chirivel;37.59545744;-2.265496131;1037;1635
04038;Dalías;dalias;Almería;almeria;Andalucía;Dalías;36.82111941;-2.87057698;412;4184
04041;Enix;enix;Almería;almeria;Andalucía;Enix;36.87705498;-2.601817435;722;624
04043;Felix;felix;Almería;almeria;Andalucía;Felix;36.86897838;-2.657526523;816;772
04044;Fines;fines;Almería;almeria;Andalucía;Fines;37.3587942;-2.263101772;479;2390
04045;Fiñana;finana;Almería;almeria;Andalucía;Fiñana;37.17114925;-2.840913282;956;1991
04046;Fondón;fondon;Almería;almeria;Andalucía;Fondón;36.98012729;-2.859266302;845;1151
04047;Gádor;gador;Almería;almeria;Andalucía;Gádor;36.95395721;-2.49323097;163;3147
04048;Gallardos, Los;gallardos, los;Almería;almeria;Andalucía;Gallardos, Los;37.16949533;-1.940223418;117;3109
04049;Garrucha;garrucha;Almería;almeria;Andalucía;Garrucha;37.17939094;-1.82188241;5;10823
04050;Gérgal;gergal;Almería;almeria;Andalucía;Gérgal;37.1206132;-2.537981157;737;1244
04051;Huécija;huecija;Almería;almeria;Andalucía;Huécija;36.96793645;-2.610951533;408;527
04052;Huércal de Almería;huercal de almeria;Almería;almeria;Andalucía;Huércal de Almería;36.87874536;-2.441637878;76;18763
04053;Huércal-Overa;huercal overa;Almería;almeria;Andalucía;Huércal-Overa;37.39055009;-1.94352848;280;20801
04054;Íllar;illar;Almería;almeria;Andalucía;Íllar;36.98522256;-2.63910025;421;484
04055;Instinción;instincion;Almería;almeria;Andalucía;Instinción;36.99311638;-2.660012774;430;507
04056;Laroya;laroya;Almería;almeria;Andalucía;Laroya;37.29602408;-2.33228532;862;198
04057;Laujar de Andarax;laujar de andarax;Almería;almeria;Andalucía;Laujar de Andarax;36.993961;-2.889666;911;1670
04058;Líjar;lijar;Almería;almeria;Andalucía;Líjar;37.29520869;-2.220074413;611;381
04059;Lubrín;lubrin;Almería;almeria;Andalucía;Lubrín;37.21589749;-2.066982458;507;1456
04060;Lucainena de las Torres;lucainena de las torres;Almería;almeria;Andalucía;Lucainena de las Torres;37.0402861;-2.200957137;551;725
04061;Lúcar;lucar;Almería;almeria;Andalucía;Lúcar;37.40099365;-2.424257608;894;826
04062;Macael;macael;Almería;almeria;Andalucía;Macael;37.33295047;-2.305387261;523;5470
04063;María;maria;Almería;almeria;Andalucía;María;37.71139926;-2.165591284;1195;1202
04064;Mojácar;mojacar;Almería;almeria;Andalucía;Mojácar;37.13994803;-1.85122949;158;7642
04065;Nacimiento;nacimiento;Almería;almeria;Andalucía;Nacimiento;37.10505504;-2.647782102;602;485
04066;Níjar;nijar;Almería;almeria;Andalucía;Níjar;36.96577831;-2.206606998;355;32772
04067;Ohanes;ohanes;Almería;almeria;Andalucía;Ohanes;37.03730118;-2.745141948;957;553
04068;Olula de Castro;olula de castro;Almería;almeria;Andalucía;Olula de Castro;37.17490268;-2.47416196;999;175
04069;Olula del Río;olula del rio;Almería;almeria;Andalucía;Olula del Río;37.35213746;-2.298036055;486;6499
04070;Oria;oria;Almería;almeria;Andalucía;Oria;37.48512219;-2.29518678;1038;2199
04071;Padules;padules;Almería;almeria;Andalucía;Padules;36.99824436;-2.774224594;755;435
04072;Partaloa;partaloa;Almería;almeria;Andalucía;Partaloa;37.40607304;-2.22648548;544;827
04073;Paterna del Río;paterna del rio;Almería;almeria;Andalucía;Paterna del Río;37.02163318;-2.952789448;1199;399
04074;Pechina;pechina;Almería;almeria;Andalucía;Pechina;36.91672079;-2.440749778;105;4608
04075;Pulpí;pulpi;Almería;almeria;Andalucía;Pulpí;37.41206235;-1.745138622;195;12462
04076;Purchena;purchena;Almería;almeria;Andalucía;Purchena;37.34854852;-2.361641447;538;1568
04077;Rágol;ragol;Almería;almeria;Andalucía;Rágol;36.99546793;-2.681101442;403;294
04078;Rioja;rioja;Almería;almeria;Andalucía;Rioja;36.94379376;-2.462708833;131;1632
04079;Roquetas de Mar;roquetas de mar;Almería;almeria;Andalucía;Roquetas de Mar;36.76430668;-2.614968311;6;110054
04080;Santa Cruz de Marchena;santa cruz de marchena;Almería;almeria;Andalucía;Santa Cruz de Marchena;37.01705826;-2.603605765;325;236
04081;Santa Fe de Mondújar;santa fe de mondujar;Almería;almeria;Andalucía;Santa Fe de Mondújar;36.97498436;-2.530562807;213;523
04082;Senés;senes;Almería;almeria;Andalucía;Senés;37.20427482;-2.347232437;1008;278
04083;Serón;seron;Almería;almeria;Andalucía;Serón;37.3436452;-2.508650197;808;2149
04084;Sierro;sierro;Almería;almeria;Andalucía;Sierro;37.32039215;-2.398938773;729;364
04085;Somontín;somontin;Almería;almeria;Andalucía;Somontín;37.39255201;-2.388230484;831;503
04086;Sorbas;sorbas;Almería;almeria;Andalucía;Sorbas;37.09808032;-2.124237048;408;2544
04087;Suflí;sufli;Almería;almeria;Andalucía;Suflí;37.33831697;-2.390055405;635;223
04088;Tabernas;tabernas;Almería;almeria;Andalucía;Tabernas;37.05394191;-2.390471676;416;4024
04089;Taberno;taberno;Almería;almeria;Andalucía;Taberno;37.4682815;-2.078569238;703;953
04090;Tahal;tahal;Almería;almeria;Andalucía;Tahal;37.22780321;-2.284869907;1009;357
04091;Terque;terque;Almería;almeria;Andalucía;Terque;36.98339492;-2.597013853;274;389
04092;Tíjola;tijola;Almería;almeria;Andalucía;Tíjola;37.34543653;-2.43948433;683;3560
04093;Turre;turre;Almería;almeria;Andalucía;Turre;37.15219777;-1.89478231;45;4482
04094;Turrillas;turrillas;Almería;almeria;Andalucía;Turrillas;37.03027202;-2.26434486;834;258
04095;Uleila del Campo;uleila del campo;Almería;almeria;Andalucía;Uleila del Campo;37.1855448;-2.203789671;628;816
04096;Urrácal;urracal;Almería;almeria;Andalucía;Urrácal;37.39746976;-2.365241904;744;348
04097;Velefique;velefique;Almería;almeria;Andalucía;Velefique;37.19342285;-2.402731115;910;230
04098;Vélez-Blanco;velez blanco;Almería;almeria;Andalucía;Vélez-Blanco;37.69101067;-2.095535684;1067;1950
04099;Vélez-Rubio;velez rubio;Almería;almeria;Andalucía;Vélez-Rubio;37.64785001;-2.074276333;838;6670
04100;Vera;vera;Almería;almeria;Andalucía;Vera;37.246954;-1.868307;99;20193
04101;Viator;viator;Almería;almeria;Andalucía;Viator;36.88963854;-2.426531551;71;6422
04102;Vícar;vicar;Almería;almeria;Andalucía;Vícar;36.83102231;-2.643187459;274;29104
04103;Zurgena;zurgena;Almería;almeria;Andalucía;Zurgena;37.34270687;-2.038933072;244;3030
04901;Tres Villas, Las;tres villas, las;Almería;almeria;Andalucía;Tres Villas, Las;37.1343607;-2.71202419;687;551
04902;Ejido, El;ejido, el;Almería;almeria;Andalucía;Ejido, El;36.77484375;-2.812740429;73;90617
04903;Mojonera, La;mojonera, la;Almería;almeria;Andalucía;Mojonera, La;36.75268355;-2.688319632;40;8690
04904;Balanegra;balanegra;Almería;almeria;Andalucía;Balanegra;36.74841799;-2.906287305;23;3040
05001;Adanero;adanero;Ávila;avila;Castilla y León;Adanero;40.94378789;-4.604007136;908;214
05002;Adrada, La;adrada, la;Ávila;avila;Castilla y León;Adrada, La;40.29965176;-4.636422076;623;2861
05005;Albornos;albornos;Ávila;avila;Castilla y León;Albornos;40.83853283;-4.881464451;907;170
05007;Aldeanueva de Santa Cruz;aldeanueva de santa cruz;Ávila;avila;Castilla y León;Aldeanueva de Santa Cruz;40.38162604;-5.420586579;1161;102
05008;Aldeaseca;aldeaseca;Ávila;avila;Castilla y León;Aldeaseca;41.04856067;-4.817718557;859;211
05010;Aldehuela, La;aldehuela, la;Ávila;avila;Castilla y León;Aldehuela, La;40.410172;-5.408369;1070;142
05012;Amavida;amavida;Ávila;avila;Castilla y León;Amavida;40.57211354;-5.062239786;1166;131
05013;Arenal, El;arenal, el;Ávila;avila;Castilla y León;Arenal, El;40.26616636;-5.08591019;889;977
05014;Arenas de San Pedro;arenas de san pedro;Ávila;avila;Castilla y León;Arenas de San Pedro;40.20904359;-5.090527225;511;6480
05015;Arevalillo;arevalillo;Ávila;avila;Castilla y León;Arevalillo;40.58693136;-5.371064683;1132;59
05016;Arévalo;arevalo;Ávila;avila;Castilla y León;Arévalo;41.06485913;-4.720155153;825;7875
05017;Aveinte;aveinte;Ávila;avila;Castilla y León;Aveinte;40.78310723;-4.837248666;999;67
05018;Avellaneda;avellaneda;Ávila;avila;Castilla y León;Avellaneda;40.38829468;-5.388418706;1348;23
05019;Ávila;avila;Ávila;avila;Castilla y León;Ávila;40.65680955;-4.700065193;1125;59480
05021;Barco de Ávila, El;barco de avila, el;Ávila;avila;Castilla y León;Barco de Ávila, El;40.35604489;-5.525398865;1007;2317
05022;Barraco, El;barraco, el;Ávila;avila;Castilla y León;Barraco, El;40.4771933;-4.643479848;1016;2084
05023;Barromán;barroman;Ávila;avila;Castilla y León;Barromán;41.06483135;-4.931410021;792;174
05024;Becedas;becedas;Ávila;avila;Castilla y León;Becedas;40.40398944;-5.636506989;1103;150
05025;Becedillas;becedillas;Ávila;avila;Castilla y León;Becedillas;40.53720821;-5.325073072;1050;70
05026;Bercial de Zapardiel;bercial de zapardiel;Ávila;avila;Castilla y León;Bercial de Zapardiel;41.04652994;-4.969615139;808;166
05027;Berlanas, Las;berlanas, las;Ávila;avila;Castilla y León;Berlanas, Las;40.79956915;-4.762849844;949;322
05029;Bernuy-Zapardiel;bernuy zapardiel;Ávila;avila;Castilla y León;Bernuy-Zapardiel;40.97539449;-4.944259949;865;81
05030;Berrocalejo de Aragona;berrocalejo de aragona;Ávila;avila;Castilla y León;Berrocalejo de Aragona;40.69507918;-4.594424776;1096;55
05033;Blascomillán;blascomillan;Ávila;avila;Castilla y León;Blascomillán;40.80045544;-5.087332537;952;169
05034;Blasconuño de Matacabras;blasconuno de matacabras;Ávila;avila;Castilla y León;Blasconuño de Matacabras;41.12357573;-4.990075607;786;14
05035;Blascosancho;blascosancho;Ávila;avila;Castilla y León;Blascosancho;40.87791408;-4.637930351;904;86
05036;Bohodón, El;bohodon, el;Ávila;avila;Castilla y León;Bohodón, El;40.9146718;-4.731621176;875;104
05037;Bohoyo;bohoyo;Ávila;avila;Castilla y León;Bohoyo;40.316869;-5.442723939;1141;204
05038;Bonilla de la Sierra;bonilla de la sierra;Ávila;avila;Castilla y León;Bonilla de la Sierra;40.53081894;-5.265351626;1079;139
05039;Brabos;brabos;Ávila;avila;Castilla y León;Brabos;40.77891198;-4.940895009;983;38
05040;Bularros;bularros;Ávila;avila;Castilla y León;Bularros;40.7233563;-4.864097395;1171;55
05041;Burgohondo;burgohondo;Ávila;avila;Castilla y León;Burgohondo;40.41407438;-4.785277068;839;1273
05042;Cabezas de Alambre;cabezas de alambre;Ávila;avila;Castilla y León;Cabezas de Alambre;40.94263483;-4.840598312;899;153
05043;Cabezas del Pozo;cabezas del pozo;Ávila;avila;Castilla y León;Cabezas del Pozo;41.00146106;-4.955116478;842;81
05044;Cabezas del Villar;cabezas del villar;Ávila;avila;Castilla y León;Cabezas del Villar;40.71356932;-5.207842554;1042;227
05045;Cabizuela;cabizuela;Ávila;avila;Castilla y León;Cabizuela;40.90157216;-4.801265967;884;90
05046;Canales;canales;Ávila;avila;Castilla y León;Canales;41.00325392;-4.902027207;855;42
05047;Candeleda;candeleda;Ávila;avila;Castilla y León;Candeleda;40.153888;-5.240707749;421;4999
05048;Cantiveros;cantiveros;Ávila;avila;Castilla y León;Cantiveros;40.95130721;-4.955462531;876;102
05049;Cardeñosa;cardenosa;Ávila;avila;Castilla y León;Cardeñosa;40.74189771;-4.743262317;1101;431
05051;Carrera, La;carrera, la;Ávila;avila;Castilla y León;Carrera, La;40.34813036;-5.554902766;1056;155
05052;Casas del Puerto;casas del puerto;Ávila;avila;Castilla y León;Casas del Puerto;40.52855414;-5.198203531;1178;79
05053;Casasola;casasola;Ávila;avila;Castilla y León;Casasola;40.66897972;-4.826656385;1315;69
05054;Casavieja;casavieja;Ávila;avila;Castilla y León;Casavieja;40.28123208;-4.766278355;552;1371
05055;Casillas;casillas;Ávila;avila;Castilla y León;Casillas;40.32398446;-4.572923485;1018;672
05056;Castellanos de Zapardiel;castellanos de zapardiel;Ávila;avila;Castilla y León;Castellanos de Zapardiel;41.08419097;-4.909794796;784;107
05057;Cebreros;cebreros;Ávila;avila;Castilla y León;Cebreros;40.45531618;-4.465339081;758;3337
05058;Cepeda la Mora;cepeda la mora;Ávila;avila;Castilla y León;Cepeda la Mora;40.457649;-5.049093593;1498;64
05059;Cillán;cillan;Ávila;avila;Castilla y León;Cillán;40.70488573;-4.978754876;1209;83
05060;Cisla;cisla;Ávila;avila;Castilla y León;Cisla;40.96582038;-5.013363815;851;107
05061;Colilla, La;colilla, la;Ávila;avila;Castilla y León;Colilla, La;40.64668188;-4.765824995;1124;376
05062;Collado de Contreras;collado de contreras;Ávila;avila;Castilla y León;Collado de Contreras;40.88740042;-4.93040289;917;149
05063;Collado del Mirón;collado del miron;Ávila;avila;Castilla y León;Collado del Mirón;40.55306787;-5.354084077;1163;19
05064;Constanzana;constanzana;Ávila;avila;Castilla y León;Constanzana;40.938474;-4.873533555;889;104
05065;Crespos;crespos;Ávila;avila;Castilla y León;Crespos;40.87258518;-4.971088566;924;469
05066;Cuevas del Valle;cuevas del valle;Ávila;avila;Castilla y León;Cuevas del Valle;40.29417945;-5.008776099;852;511
05067;Chamartín;chamartin;Ávila;avila;Castilla y León;Chamartín;40.70215428;-4.957549854;1200;63
05069;Donjimeno;donjimeno;Ávila;avila;Castilla y León;Donjimeno;40.96032001;-4.846877341;883;70
05070;Donvidas;donvidas;Ávila;avila;Castilla y León;Donvidas;41.08842162;-4.806449547;865;31
05072;Espinosa de los Caballeros;espinosa de los caballeros;Ávila;avila;Castilla y León;Espinosa de los Caballeros;41.00900762;-4.654662358;855;106
05073;Flores de Ávila;flores de avila;Ávila;avila;Castilla y León;Flores de Ávila;40.93414699;-5.079582824;899;262
05074;Fontiveros;fontiveros;Ávila;avila;Castilla y León;Fontiveros;40.93075121;-4.965330394;887;717
05075;Fresnedilla;fresnedilla;Ávila;avila;Castilla y León;Fresnedilla;40.2319559;-4.62111813;622;94
05076;Fresno, El;fresno, el;Ávila;avila;Castilla y León;Fresno, El;40.6142669;-4.75647131;1075;583
05077;Fuente el Saúz;fuente el sauz;Ávila;avila;Castilla y León;Fuente el Saúz;40.97737309;-4.909993515;875;146
05078;Fuentes de Año;fuentes de ano;Ávila;avila;Castilla y León;Fuentes de Año;41.01769594;-4.898753244;823;91
05079;Gallegos de Altamiros;gallegos de altamiros;Ávila;avila;Castilla y León;Gallegos de Altamiros;40.71004323;-4.897614147;1255;61
05080;Gallegos de Sobrinos;gallegos de sobrinos;Ávila;avila;Castilla y León;Gallegos de Sobrinos;40.71657382;-5.111227692;1175;41
05081;Garganta del Villar;garganta del villar;Ávila;avila;Castilla y León;Garganta del Villar;40.4500955;-5.104913785;1468;37
05082;Gavilanes;gavilanes;Ávila;avila;Castilla y León;Gavilanes;40.2774519;-4.852788121;672;524
05083;Gemuño;gemuno;Ávila;avila;Castilla y León;Gemuño;40.59126759;-4.782111639;1104;147
05084;Gilbuena;gilbuena;Ávila;avila;Castilla y León;Gilbuena;40.4142884;-5.60883757;1062;44
05085;Gil García;gil garcia;Ávila;avila;Castilla y León;Gil García;40.29713976;-5.596719293;1145;45
05086;Gimialcón;gimialcon;Ávila;avila;Castilla y León;Gimialcón;40.87664598;-5.12311021;942;73
05087;Gotarrendura;gotarrendura;Ávila;avila;Castilla y León;Gotarrendura;40.82656982;-4.740883814;930;173
05088;Grandes y San Martín;grandes y san martin;Ávila;avila;Castilla y León;Grandes y San Martín;40.75531081;-4.958380869;1007;33
05089;Guisando;guisando;Ávila;avila;Castilla y León;Guisando;40.22256154;-5.140521351;775;463
05090;Gutierre-Muñoz;gutierre munoz;Ávila;avila;Castilla y León;Gutierre-Muñoz;40.98321786;-4.637922657;883;63
05092;Hernansancho;hernansancho;Ávila;avila;Castilla y León;Hernansancho;40.8583698;-4.729784082;900;140
05093;Herradón de Pinares;herradon de pinares;Ávila;avila;Castilla y León;Herradón de Pinares;40.56531144;-4.56022994;924;554
05094;Herreros de Suso;herreros de suso;Ávila;avila;Castilla y León;Herreros de Suso;40.80354853;-5.039121598;1007;139
05095;Higuera de las Dueñas;higuera de las duenas;Ávila;avila;Castilla y León;Higuera de las Dueñas;40.2391304;-4.60292765;634;248
05096;Hija de Dios, La;hija de dios, la;Ávila;avila;Castilla y León;Hija de Dios, La;40.53090366;-4.966729014;1186;79
05097;Horcajada, La;horcajada, la;Ávila;avila;Castilla y León;Horcajada, La;40.43640092;-5.467508606;1011;436
05099;Horcajo de las Torres;horcajo de las torres;Ávila;avila;Castilla y León;Horcajo de las Torres;41.06548631;-5.091008517;819;425
05100;Hornillo, El;hornillo, el;Ávila;avila;Castilla y León;Hornillo, El;40.2501806;-5.103794721;748;262
05101;Hoyocasero;hoyocasero;Ávila;avila;Castilla y León;Hoyocasero;40.39915478;-4.975198375;1348;295
05102;Hoyo de Pinares, El;hoyo de pinares, el;Ávila;avila;Castilla y León;Hoyo de Pinares, El;40.5023725;-4.422693413;852;2185
05103;Hoyorredondo;hoyorredondo;Ávila;avila;Castilla y León;Hoyorredondo;40.46230645;-5.410342111;1037;57
05104;Hoyos del Collado;hoyos del collado;Ávila;avila;Castilla y León;Hoyos del Collado;40.35947225;-5.200380229;1490;28
05105;Hoyos del Espino;hoyos del espino;Ávila;avila;Castilla y León;Hoyos del Espino;40.35671185;-5.175256218;1452;366
05106;Hoyos de Miguel Muñoz;hoyos de miguel munoz;Ávila;avila;Castilla y León;Hoyos de Miguel Muñoz;40.39319256;-5.066793956;1534;24
05107;Hurtumpascual;hurtumpascual;Ávila;avila;Castilla y León;Hurtumpascual;40.69171416;-5.114270036;1175;44
05108;Junciana;junciana;Ávila;avila;Castilla y León;Junciana;40.41056563;-5.555880304;998;40
05109;Langa;langa;Ávila;avila;Castilla y León;Langa;41.00606952;-4.858773319;867;444
05110;Lanzahíta;lanzahita;Ávila;avila;Castilla y León;Lanzahíta;40.2033058;-4.936441125;444;815
05112;Losar del Barco, El;losar del barco, el;Ávila;avila;Castilla y León;Losar del Barco, El;40.39330926;-5.539144326;1010;100
05113;Llanos de Tormes, Los;llanos de tormes, los;Ávila;avila;Castilla y León;Llanos de Tormes, Los;40.3273389;-5.500749021;1048;56
05114;Madrigal de las Altas Torres;madrigal de las altas torres;Ávila;avila;Castilla y León;Madrigal de las Altas Torres;41.08929771;-4.998665851;811;1285
05115;Maello;maello;Ávila;avila;Castilla y León;Maello;40.80909925;-4.509869749;1028;723
05116;Malpartida de Corneja;malpartida de corneja;Ávila;avila;Castilla y León;Malpartida de Corneja;40.52103236;-5.349014272;1024;90
05117;Mamblas;mamblas;Ávila;avila;Castilla y León;Mamblas;41.01860193;-5.013009194;819;190
05118;Mancera de Arriba;mancera de arriba;Ávila;avila;Castilla y León;Mancera de Arriba;40.79068266;-5.147795318;936;67
05119;Manjabálago y Ortigosa de Rioalmar;manjabalago y ortigosa de rioalmar;Ávila;avila;Castilla y León;Manjabálago y Ortigosa de Rioalmar;40.66432574;-5.076681869;1286;22
05120;Marlín;marlin;Ávila;avila;Castilla y León;Marlín;40.71236793;-4.829249126;1207;30
05121;Martiherrero;martiherrero;Ávila;avila;Castilla y León;Martiherrero;40.67384724;-4.77863404;1216;371
05122;Martínez;martinez;Ávila;avila;Castilla y León;Martínez;40.62957711;-5.347483606;1105;111
05123;Mediana de Voltoya;mediana de voltoya;Ávila;avila;Castilla y León;Mediana de Voltoya;40.70061468;-4.563636854;1111;116
05124;Medinilla;medinilla;Ávila;avila;Castilla y León;Medinilla;40.43975929;-5.6186637;1067;79
05125;Mengamuñoz;mengamunoz;Ávila;avila;Castilla y León;Mengamuñoz;40.49846824;-5.000808884;1330;61
05126;Mesegar de Corneja;mesegar de corneja;Ávila;avila;Castilla y León;Mesegar de Corneja;40.50198666;-5.301691086;1020;63
05127;Mijares;mijares;Ávila;avila;Castilla y León;Mijares;40.29692792;-4.837862008;834;716
05128;Mingorría;mingorria;Ávila;avila;Castilla y León;Mingorría;40.75219937;-4.665057802;1032;423
05129;Mirón, El;miron, el;Ávila;avila;Castilla y León;Mirón, El;40.53210486;-5.405320421;1252;93
05130;Mironcillo;mironcillo;Ávila;avila;Castilla y León;Mironcillo;40.55410868;-4.823498023;1127;112
05131;Mirueña de los Infanzones;miruena de los infanzones;Ávila;avila;Castilla y León;Mirueña de los Infanzones;40.73709295;-5.091042322;1129;87
05132;Mombeltrán;mombeltran;Ávila;avila;Castilla y León;Mombeltrán;40.26046224;-5.016723318;628;922
05133;Monsalupe;monsalupe;Ávila;avila;Castilla y León;Monsalupe;40.76957598;-4.781277751;1002;64
05134;Moraleja de Matacabras;moraleja de matacabras;Ávila;avila;Castilla y León;Moraleja de Matacabras;41.10722472;-4.957431743;784;56
05135;Muñana;munana;Ávila;avila;Castilla y León;Muñana;40.59056021;-5.014005991;1169;498
05136;Muñico;munico;Ávila;avila;Castilla y León;Muñico;40.70679679;-5.027412652;1087;79
05138;Muñogalindo;munogalindo;Ávila;avila;Castilla y León;Muñogalindo;40.60290032;-4.899750021;1124;299
05139;Muñogrande;munogrande;Ávila;avila;Castilla y León;Muñogrande;40.82114157;-4.9224405;946;80
05140;Muñomer del Peco;munomer del peco;Ávila;avila;Castilla y León;Muñomer del Peco;40.85934765;-4.879788528;896;113
05141;Muñopepe;munopepe;Ávila;avila;Castilla y León;Muñopepe;40.63452324;-4.818393976;1123;97
05142;Muñosancho;munosancho;Ávila;avila;Castilla y León;Muñosancho;40.92137727;-5.034709277;905;87
05143;Muñotello;munotello;Ávila;avila;Castilla y León;Muñotello;40.54218701;-5.040401904;1152;50
05144;Narrillos del Álamo;narrillos del alamo;Ávila;avila;Castilla y León;Narrillos del Álamo;40.56619817;-5.465888469;1127;56
05145;Narrillos del Rebollar;narrillos del rebollar;Ávila;avila;Castilla y León;Narrillos del Rebollar;40.66502539;-4.965571012;1379;33
05147;Narros del Castillo;narros del castillo;Ávila;avila;Castilla y León;Narros del Castillo;40.85864026;-5.059964635;953;150
05148;Narros del Puerto;narros del puerto;Ávila;avila;Castilla y León;Narros del Puerto;40.54131818;-4.993537047;1155;25
05149;Narros de Saldueña;narros de salduena;Ávila;avila;Castilla y León;Narros de Saldueña;40.87271197;-4.86817775;896;102
05151;Navacepedilla de Corneja;navacepedilla de corneja;Ávila;avila;Castilla y León;Navacepedilla de Corneja;40.4853006;-5.184182836;1246;101
05152;Nava de Arévalo;nava de arevalo;Ávila;avila;Castilla y León;Nava de Arévalo;40.97826462;-4.776644212;865;648
05153;Nava del Barco;nava del barco;Ávila;avila;Castilla y León;Nava del Barco;40.29312883;-5.53867251;1139;81
05154;Navadijos;navadijos;Ávila;avila;Castilla y León;Navadijos;40.42500284;-5.082402356;1509;28
05155;Navaescurial;navaescurial;Ávila;avila;Castilla y León;Navaescurial;40.47173707;-5.277427015;1208;59
05156;Navahondilla;navahondilla;Ávila;avila;Castilla y León;Navahondilla;40.32563362;-4.493030437;741;356
05157;Navalacruz;navalacruz;Ávila;avila;Castilla y León;Navalacruz;40.4396342;-4.931545331;1235;194
05158;Navalmoral;navalmoral;Ávila;avila;Castilla y León;Navalmoral;40.46044681;-4.766332935;1048;451
05159;Navalonguilla;navalonguilla;Ávila;avila;Castilla y León;Navalonguilla;40.2791878;-5.501289131;1171;182
05160;Navalosa;navalosa;Ávila;avila;Castilla y León;Navalosa;40.40188081;-4.930578561;1304;317
05161;Navalperal de Pinares;navalperal de pinares;Ávila;avila;Castilla y León;Navalperal de Pinares;40.59445977;-4.410755748;1271;844
05162;Navalperal de Tormes;navalperal de tormes;Ávila;avila;Castilla y León;Navalperal de Tormes;40.3532575;-5.300481096;1302;73
05163;Navaluenga;navaluenga;Ávila;avila;Castilla y León;Navaluenga;40.40998534;-4.707932652;756;2140
05164;Navaquesera;navaquesera;Ávila;avila;Castilla y León;Navaquesera;40.42517934;-4.910264783;1512;38
05165;Navarredonda de Gredos;navarredonda de gredos;Ávila;avila;Castilla y León;Navarredonda de Gredos;40.36227348;-5.134769012;1529;459
05166;Navarredondilla;navarredondilla;Ávila;avila;Castilla y León;Navarredondilla;40.45397332;-4.821216111;1136;149
05167;Navarrevisca;navarrevisca;Ávila;avila;Castilla y León;Navarrevisca;40.36416496;-4.89523998;1129;285
05168;Navas del Marqués, Las;navas del marques, las;Ávila;avila;Castilla y León;Navas del Marqués, Las;40.60375282;-4.327406485;1295;5680
05169;Navatalgordo;navatalgordo;Ávila;avila;Castilla y León;Navatalgordo;40.41582248;-4.871248445;1269;230
05170;Navatejares;navatejares;Ávila;avila;Castilla y León;Navatejares;40.33554269;-5.530197459;1046;48
05171;Neila de San Miguel;neila de san miguel;Ávila;avila;Castilla y León;Neila de San Miguel;40.42317326;-5.650897058;1157;66
05172;Niharra;niharra;Ávila;avila;Castilla y León;Niharra;40.58926944;-4.838967455;1088;192
05173;Ojos-Albos;ojos albos;Ávila;avila;Castilla y León;Ojos-Albos;40.70661945;-4.517722962;1226;91
05174;Orbita;orbita;Ávila;avila;Castilla y León;Orbita;40.99800149;-4.647699427;864;72
05175;Oso, El;oso, el;Ávila;avila;Castilla y León;Oso, El;40.84041063;-4.768653808;899;125
05176;Padiernos;padiernos;Ávila;avila;Castilla y León;Padiernos;40.62171462;-4.845591217;1104;278
05177;Pajares de Adaja;pajares de adaja;Ávila;avila;Castilla y León;Pajares de Adaja;40.92329484;-4.640305736;878;130
05178;Palacios de Goda;palacios de goda;Ávila;avila;Castilla y León;Palacios de Goda;41.1181778;-4.784344288;818;400
05179;Papatrigo;papatrigo;Ávila;avila;Castilla y León;Papatrigo;40.86832295;-4.834993169;888;221
05180;Parral, El;parral, el;Ávila;avila;Castilla y León;Parral, El;40.79783387;-4.990458088;1048;65
05181;Pascualcobo;pascualcobo;Ávila;avila;Castilla y León;Pascualcobo;40.65570871;-5.277211877;1068;38
05182;Pedro Bernardo;pedro bernardo;Ávila;avila;Castilla y León;Pedro Bernardo;40.24351947;-4.911249301;781;772
05183;Pedro-Rodríguez;pedro rodriguez;Ávila;avila;Castilla y León;Pedro-Rodríguez;40.93543049;-4.784868926;878;130
05184;Peguerinos;peguerinos;Ávila;avila;Castilla y León;Peguerinos;40.62688769;-4.233562301;1352;284
05185;Peñalba de Ávila;penalba de avila;Ávila;avila;Castilla y León;Peñalba de Ávila;40.7724293;-4.745581301;1062;104
05186;Piedrahíta;piedrahita;Ávila;avila;Castilla y León;Piedrahíta;40.46363354;-5.327327226;1062;1655
05187;Piedralaves;piedralaves;Ávila;avila;Castilla y León;Piedralaves;40.31830661;-4.6985665;721;2204
05188;Poveda;poveda;Ávila;avila;Castilla y León;Poveda;40.56790264;-5.080080082;1200;30
05189;Poyales del Hoyo;poyales del hoyo;Ávila;avila;Castilla y León;Poyales del Hoyo;40.17236989;-5.165550703;547;499
05190;Pozanco;pozanco;Ávila;avila;Castilla y León;Pozanco;40.80037397;-4.669465906;915;57
05191;Pradosegar;pradosegar;Ávila;avila;Castilla y León;Pradosegar;40.54971324;-5.0708281;1171;107
05192;Puerto Castilla;puerto castilla;Ávila;avila;Castilla y León;Puerto Castilla;40.28883097;-5.627040615;1169;99
05193;Rasueros;rasueros;Ávila;avila;Castilla y León;Rasueros;41.02301175;-5.073454655;833;151
05194;Riocabado;riocabado;Ávila;avila;Castilla y León;Riocabado;40.83073646;-4.804539609;908;130
05195;Riofrío;riofrio;Ávila;avila;Castilla y León;Riofrío;40.54788124;-4.777924607;1182;191
05196;Rivilla de Barajas;rivilla de barajas;Ávila;avila;Castilla y León;Rivilla de Barajas;40.90202053;-4.987759868;899;59
05197;Salobral;salobral;Ávila;avila;Castilla y León;Salobral;40.6115106;-4.809926649;1084;111
05198;Salvadiós;salvadios;Ávila;avila;Castilla y León;Salvadiós;40.87819385;-5.096206228;948;65
05199;San Bartolomé de Béjar;san bartolome de bejar;Ávila;avila;Castilla y León;San Bartolomé de Béjar;40.40836027;-5.662891843;1116;44
05200;San Bartolomé de Corneja;san bartolome de corneja;Ávila;avila;Castilla y León;San Bartolomé de Corneja;40.49298841;-5.384671319;991;32
05201;San Bartolomé de Pinares;san bartolome de pinares;Ávila;avila;Castilla y León;San Bartolomé de Pinares;40.54363271;-4.538969289;1045;481
05204;Sanchidrián;sanchidrian;Ávila;avila;Castilla y León;Sanchidrián;40.8930575;-4.581194403;922;722
05205;Sanchorreja;sanchorreja;Ávila;avila;Castilla y León;Sanchorreja;40.66485873;-4.915227428;1310;79
05206;San Esteban de los Patos;san esteban de los patos;Ávila;avila;Castilla y León;San Esteban de los Patos;40.74624349;-4.625229394;1118;23
05207;San Esteban del Valle;san esteban del valle;Ávila;avila;Castilla y León;San Esteban del Valle;40.27439709;-4.98106678;776;736
05208;San Esteban de Zapardiel;san esteban de zapardiel;Ávila;avila;Castilla y León;San Esteban de Zapardiel;41.09230313;-4.900271466;781;40
05209;San García de Ingelmos;san garcia de ingelmos;Ávila;avila;Castilla y León;San García de Ingelmos;40.76954942;-5.114492941;1068;64
05210;San Juan de la Encinilla;san juan de la encinilla;Ávila;avila;Castilla y León;San Juan de la Encinilla;40.82975399;-4.838351965;913;69
05211;San Juan de la Nava;san juan de la nava;Ávila;avila;Castilla y León;San Juan de la Nava;40.47867698;-4.68253823;1117;423
05212;San Juan del Molinillo;san juan del molinillo;Ávila;avila;Castilla y León;San Juan del Molinillo;40.4585693;-4.81818368;1136;239
05213;San Juan del Olmo;san juan del olmo;Ávila;avila;Castilla y León;San Juan del Olmo;40.65307626;-5.050474757;1285;76
05214;San Lorenzo de Tormes;san lorenzo de tormes;Ávila;avila;Castilla y León;San Lorenzo de Tormes;40.37032485;-5.48780577;1029;31
05215;San Martín de la Vega del Alberche;san martin de la vega del alberche;Ávila;avila;Castilla y León;San Martín de la Vega del Alberche;40.43007226;-5.156994974;1510;164
05216;San Martín del Pimpollar;san martin del pimpollar;Ávila;avila;Castilla y León;San Martín del Pimpollar;40.36885296;-5.055473135;1336;221
05217;San Miguel de Corneja;san miguel de corneja;Ávila;avila;Castilla y León;San Miguel de Corneja;40.4868909;-5.28683765;1062;68
05218;San Miguel de Serrezuela;san miguel de serrezuela;Ávila;avila;Castilla y León;San Miguel de Serrezuela;40.67046415;-5.288221946;1098;105
05219;San Pascual;san pascual;Ávila;avila;Castilla y León;San Pascual;40.88181351;-4.755444796;882;44
05220;San Pedro del Arroyo;san pedro del arroyo;Ávila;avila;Castilla y León;San Pedro del Arroyo;40.80204064;-4.869529949;935;514
05221;Santa Cruz del Valle;santa cruz del valle;Ávila;avila;Castilla y León;Santa Cruz del Valle;40.25153733;-5.002945545;722;295
05222;Santa Cruz de Pinares;santa cruz de pinares;Ávila;avila;Castilla y León;Santa Cruz de Pinares;40.54200593;-4.581020484;1002;170
05224;Santa María del Arroyo;santa maria del arroyo;Ávila;avila;Castilla y León;Santa María del Arroyo;40.6010966;-4.924124944;1130;103
05225;Santa María del Berrocal;santa maria del berrocal;Ávila;avila;Castilla y León;Santa María del Berrocal;40.50773155;-5.404823944;1041;372
05226;Santa María de los Caballeros;santa maria de los caballeros;Ávila;avila;Castilla y León;Santa María de los Caballeros;40.38926739;-5.450605135;1039;54
05227;Santa María del Tiétar;santa maria del tietar;Ávila;avila;Castilla y León;Santa María del Tiétar;40.30418623;-4.554568787;698;579
05228;Santiago del Collado;santiago del collado;Ávila;avila;Castilla y León;Santiago del Collado;40.43392159;-5.356220767;1217;164
05229;Santo Domingo de las Posadas;santo domingo de las posadas;Ávila;avila;Castilla y León;Santo Domingo de las Posadas;40.81158523;-4.634248716;923;71
05230;Santo Tomé de Zabarcos;santo tome de zabarcos;Ávila;avila;Castilla y León;Santo Tomé de Zabarcos;40.78631758;-4.909360378;954;75
05231;San Vicente de Arévalo;san vicente de arevalo;Ávila;avila;Castilla y León;San Vicente de Arévalo;40.96773475;-4.801124388;876;171
05232;Serrada, La;serrada, la;Ávila;avila;Castilla y León;Serrada, La;40.63106536;-4.79210112;1105;133
05233;Serranillos;serranillos;Ávila;avila;Castilla y León;Serranillos;40.3361627;-4.911603302;1215;237
05234;Sigeres;sigeres;Ávila;avila;Castilla y León;Sigeres;40.79889004;-4.933491899;966;43
05235;Sinlabajos;sinlabajos;Ávila;avila;Castilla y León;Sinlabajos;41.07686232;-4.832111559;831;134
05236;Solana de Ávila;solana de avila;Ávila;avila;Castilla y León;Solana de Ávila;40.31476339;-5.613810676;1144;97
05237;Solana de Rioalmar;solana de rioalmar;Ávila;avila;Castilla y León;Solana de Rioalmar;40.73802659;-5.010651869;1123;142
05238;Solosancho;solosancho;Ávila;avila;Castilla y León;Solosancho;40.55323327;-4.90583392;1122;751
05239;Sotalbo;sotalbo;Ávila;avila;Castilla y León;Sotalbo;40.54172267;-4.848674179;1154;239
05240;Sotillo de la Adrada;sotillo de la adrada;Ávila;avila;Castilla y León;Sotillo de la Adrada;40.2934745;-4.583460935;634;5046
05241;Tiemblo, El;tiemblo, el;Ávila;avila;Castilla y León;Tiemblo, El;40.41508767;-4.50159048;687;4608
05242;Tiñosillos;tinosillos;Ávila;avila;Castilla y León;Tiñosillos;40.93403585;-4.728199232;869;733
05243;Tolbaños;tolbanos;Ávila;avila;Castilla y León;Tolbaños;40.75128477;-4.581693424;1113;88
05244;Tormellas;tormellas;Ávila;avila;Castilla y León;Tormellas;40.30478619;-5.509505124;1065;35
05245;Tornadizos de Ávila;tornadizos de avila;Ávila;avila;Castilla y León;Tornadizos de Ávila;40.62662735;-4.614157556;1189;466
05246;Tórtoles;tortoles;Ávila;avila;Castilla y León;Tórtoles;40.56060318;-5.261256884;1232;38
05247;Torre, La;torre, la;Ávila;avila;Castilla y León;Torre, La;40.58790525;-4.964769479;1128;213
05249;Umbrías;umbrias;Ávila;avila;Castilla y León;Umbrías;40.31370783;-5.579167553;1095;103
05251;Vadillo de la Sierra;vadillo de la sierra;Ávila;avila;Castilla y León;Vadillo de la Sierra;40.60639678;-5.124682117;1347;50
05252;Valdecasa;valdecasa;Ávila;avila;Castilla y León;Valdecasa;40.65981657;-5.012796731;1366;54
05253;Vega de Santa María;vega de santa maria;Ávila;avila;Castilla y León;Vega de Santa María;40.83596065;-4.642888114;941;86
05254;Velayos;velayos;Ávila;avila;Castilla y León;Velayos;40.84059455;-4.622923173;932;204
05256;Villaflor;villaflor;Ávila;avila;Castilla y León;Villaflor;40.75868708;-4.873656919;977;101
05257;Villafranca de la Sierra;villafranca de la sierra;Ávila;avila;Castilla y León;Villafranca de la Sierra;40.49718253;-5.230961874;1107;130
05258;Villanueva de Gómez;villanueva de gomez;Ávila;avila;Castilla y León;Villanueva de Gómez;40.88218541;-4.71590531;884;119
05259;Villanueva del Aceral;villanueva del aceral;Ávila;avila;Castilla y León;Villanueva del Aceral;41.04179953;-4.854523118;843;86
05260;Villanueva del Campillo;villanueva del campillo;Ávila;avila;Castilla y León;Villanueva del Campillo;40.57711382;-5.179807046;1435;107
05261;Villar de Corneja;villar de corneja;Ávila;avila;Castilla y León;Villar de Corneja;40.47473598;-5.433541494;1003;31
05262;Villarejo del Valle;villarejo del valle;Ávila;avila;Castilla y León;Villarejo del Valle;40.28668165;-4.995899205;829;304
05263;Villatoro;villatoro;Ávila;avila;Castilla y León;Villatoro;40.55501836;-5.111120157;1179;153
05264;Viñegra de Moraña;vinegra de morana;Ávila;avila;Castilla y León;Viñegra de Moraña;40.85135287;-4.920590652;906;53
05265;Vita;vita;Ávila;avila;Castilla y León;Vita;40.81126577;-5.005079632;991;78
05266;Zapardiel de la Cañada;zapardiel de la canada;Ávila;avila;Castilla y León;Zapardiel de la Cañada;40.60570339;-5.336585547;1155;83
05267;Zapardiel de la Ribera;zapardiel de la ribera;Ávila;avila;Castilla y León;Zapardiel de la Ribera;40.3556812;-5.327951258;1355;90
05901;San Juan de Gredos;san juan de gredos;Ávila;avila;Castilla y León;San Juan de Gredos;40.36092342;-5.250994619;1351;219
05902;Santa María del Cubillo;santa maria del cubillo;Ávila;avila;Castilla y León;Santa María del Cubillo;40.74204311;-4.473466535;1207;309
05903;Diego del Carpio;diego del carpio;Ávila;avila;Castilla y León;Diego del Carpio;40.66348219;-5.322008848;1062;107
05904;Santiago del Tormes;santiago del tormes;Ávila;avila;Castilla y León;Santiago del Tormes;40.33061223;-5.398939257;1127;104
05905;Villanueva de Ávila;villanueva de avila;Ávila;avila;Castilla y León;Villanueva de Ávila;40.37873626;-4.822770231;1057;202
06001;Acedera;acedera;Badajoz;badajoz;Extremadura;Acedera;39.07468382;-5.572301091;314;816
06002;Aceuchal;aceuchal;Badajoz;badajoz;Extremadura;Aceuchal;38.64775527;-6.487251425;303;5312
06003;Ahillones;ahillones;Badajoz;badajoz;Extremadura;Ahillones;38.26038798;-5.864939434;575;792
06004;Alange;alange;Badajoz;badajoz;Extremadura;Alange;38.78534886;-6.248759126;323;1803
06005;Albuera, La;albuera, la;Badajoz;badajoz;Extremadura;Albuera, La;38.71796383;-6.826380609;259;2011
06006;Alburquerque;alburquerque;Badajoz;badajoz;Extremadura;Alburquerque;39.21860403;-6.999547591;432;4930
06007;Alconchel;alconchel;Badajoz;badajoz;Extremadura;Alconchel;38.5166247;-7.070703812;281;1594
06008;Alconera;alconera;Badajoz;badajoz;Extremadura;Alconera;38.39856729;-6.476433214;514;749
06009;Aljucén;aljucen;Badajoz;badajoz;Extremadura;Aljucén;39.04395992;-6.331093266;268;252
06010;Almendral;almendral;Badajoz;badajoz;Extremadura;Almendral;38.61418506;-6.822850173;324;1205
06011;Almendralejo;almendralejo;Badajoz;badajoz;Extremadura;Almendralejo;38.68473972;-6.406840492;336;34544
06012;Arroyo de San Serván;arroyo de san servan;Badajoz;badajoz;Extremadura;Arroyo de San Serván;38.85689126;-6.454471689;234;4000
06013;Atalaya;atalaya;Badajoz;badajoz;Extremadura;Atalaya;38.33345634;-6.4754224;499;258
06014;Azuaga;azuaga;Badajoz;badajoz;Extremadura;Azuaga;38.25838339;-5.674422836;598;7594
06015;Badajoz;badajoz;Badajoz;badajoz;Extremadura;Badajoz;38.87890178;-6.969698521;188;150870
06016;Barcarrota;barcarrota;Badajoz;badajoz;Extremadura;Barcarrota;38.51397194;-6.849489141;482;3464
06017;Baterno;baterno;Badajoz;badajoz;Extremadura;Baterno;38.95587001;-4.911156013;556;231
06018;Benquerencia de la Serena;benquerencia de la serena;Badajoz;badajoz;Extremadura;Benquerencia de la Serena;38.69956237;-5.494741295;675;771
06019;Berlanga;berlanga;Badajoz;badajoz;Extremadura;Berlanga;38.28294229;-5.832008875;568;2175
06020;Bienvenida;bienvenida;Badajoz;badajoz;Extremadura;Bienvenida;38.29812339;-6.209765176;609;2000
06021;Bodonal de la Sierra;bodonal de la sierra;Badajoz;badajoz;Extremadura;Bodonal de la Sierra;38.14715068;-6.560496661;610;983
06022;Burguillos del Cerro;burguillos del cerro;Badajoz;badajoz;Extremadura;Burguillos del Cerro;38.3826025;-6.592131762;411;2939
06023;Cabeza del Buey;cabeza del buey;Badajoz;badajoz;Extremadura;Cabeza del Buey;38.72333115;-5.215753397;548;4484
06024;Cabeza la Vaca;cabeza la vaca;Badajoz;badajoz;Extremadura;Cabeza la Vaca;38.08645081;-6.420934185;754;1257
06025;Calamonte;calamonte;Badajoz;badajoz;Extremadura;Calamonte;38.88891487;-6.386765724;230;6134
06026;Calera de León;calera de leon;Badajoz;badajoz;Extremadura;Calera de León;38.10712656;-6.336678245;693;914
06027;Calzadilla de los Barros;calzadilla de los barros;Badajoz;badajoz;Extremadura;Calzadilla de los Barros;38.30043137;-6.317765508;559;680
06028;Campanario;campanario;Badajoz;badajoz;Extremadura;Campanario;38.86349679;-5.616728935;397;4700
06029;Campillo de Llerena;campillo de llerena;Badajoz;badajoz;Extremadura;Campillo de Llerena;38.5032997;-5.829977838;477;1326
06030;Capilla;capilla;Badajoz;badajoz;Extremadura;Capilla;38.82064933;-5.084431892;489;142
06031;Carmonita;carmonita;Badajoz;badajoz;Extremadura;Carmonita;39.1541008;-6.338418091;381;514
06032;Carrascalejo, El;carrascalejo, el;Badajoz;badajoz;Extremadura;Carrascalejo, El;39.02282942;-6.337587357;303;80
06033;Casas de Don Pedro;casas de don pedro;Badajoz;badajoz;Extremadura;Casas de Don Pedro;39.10363411;-5.329735764;366;1376
06034;Casas de Reina;casas de reina;Badajoz;badajoz;Extremadura;Casas de Reina;38.20204707;-5.971418017;632;200
06035;Castilblanco;castilblanco;Badajoz;badajoz;Extremadura;Castilblanco;39.28185841;-5.091785115;502;824
06036;Castuera;castuera;Badajoz;badajoz;Extremadura;Castuera;38.7205468;-5.546676236;508;5453
06037;Codosera, La;codosera, la;Badajoz;badajoz;Extremadura;Codosera, La;39.208167;-7.172767784;325;1978
06038;Cordobilla de Lácara;cordobilla de lacara;Badajoz;badajoz;Extremadura;Cordobilla de Lácara;39.14847564;-6.43551153;301;816
06039;Coronada, La;coronada, la;Badajoz;badajoz;Extremadura;Coronada, La;38.91935432;-5.671222604;357;2136
06040;Corte de Peleas;corte de peleas;Badajoz;badajoz;Extremadura;Corte de Peleas;38.725487;-6.669889638;247;1175
06041;Cristina;cristina;Badajoz;badajoz;Extremadura;Cristina;38.83655338;-6.099473584;290;548
06042;Cheles;cheles;Badajoz;badajoz;Extremadura;Cheles;38.51228154;-7.28030436;191;1175
06043;Don Álvaro;don alvaro;Badajoz;badajoz;Extremadura;Don Álvaro;38.84824958;-6.274708521;262;843
06044;Don Benito;don benito;Badajoz;badajoz;Extremadura;Don Benito;38.95432152;-5.862350617;277;38009
06045;Entrín Bajo;entrin bajo;Badajoz;badajoz;Extremadura;Entrín Bajo;38.71724663;-6.713505942;245;570
06046;Esparragalejo;esparragalejo;Badajoz;badajoz;Extremadura;Esparragalejo;38.94289673;-6.435841255;233;1506
06047;Esparragosa de la Serena;esparragosa de la serena;Badajoz;badajoz;Extremadura;Esparragosa de la Serena;38.64958638;-5.606577584;448;912
06048;Esparragosa de Lares;esparragosa de lares;Badajoz;badajoz;Extremadura;Esparragosa de Lares;38.97486656;-5.268423049;473;839
06049;Feria;feria;Badajoz;badajoz;Extremadura;Feria;38.5132196;-6.564300429;574;1054
06050;Fregenal de la Sierra;fregenal de la sierra;Badajoz;badajoz;Extremadura;Fregenal de la Sierra;38.17004154;-6.653065726;571;4712
06051;Fuenlabrada de los Montes;fuenlabrada de los montes;Badajoz;badajoz;Extremadura;Fuenlabrada de los Montes;39.13126166;-4.934273866;542;1694
06052;Fuente de Cantos;fuente de cantos;Badajoz;badajoz;Extremadura;Fuente de Cantos;38.24652346;-6.308644708;580;4584
06053;Fuente del Arco;fuente del arco;Badajoz;badajoz;Extremadura;Fuente del Arco;38.15194123;-5.896591686;695;650
06054;Fuente del Maestre;fuente del maestre;Badajoz;badajoz;Extremadura;Fuente del Maestre;38.52825708;-6.449292797;441;6553
06055;Fuentes de León;fuentes de leon;Badajoz;badajoz;Extremadura;Fuentes de León;38.06606623;-6.541907731;740;2119
06056;Garbayuela;garbayuela;Badajoz;badajoz;Extremadura;Garbayuela;39.04903543;-5.000245535;488;450
06057;Garlitos;garlitos;Badajoz;badajoz;Extremadura;Garlitos;38.87959496;-5.047446234;534;510
06058;Garrovilla, La;garrovilla, la;Badajoz;badajoz;Extremadura;Garrovilla, La;38.92076492;-6.473379157;216;2311
06059;Granja de Torrehermosa;granja de torrehermosa;Badajoz;badajoz;Extremadura;Granja de Torrehermosa;38.31080628;-5.595672434;593;1913
06060;Guareña;guarena;Badajoz;badajoz;Extremadura;Guareña;38.85954092;-6.102826502;279;6661
06061;Haba, La;haba, la;Badajoz;badajoz;Extremadura;Haba, La;38.91939652;-5.800424727;311;1184
06062;Helechosa de los Montes;helechosa de los montes;Badajoz;badajoz;Extremadura;Helechosa de los Montes;39.30884026;-4.906246724;455;556
06063;Herrera del Duque;herrera del duque;Badajoz;badajoz;Extremadura;Herrera del Duque;39.1672168;-5.051181287;462;3389
06064;Higuera de la Serena;higuera de la serena;Badajoz;badajoz;Extremadura;Higuera de la Serena;38.64510847;-5.741827208;472;881
06065;Higuera de Llerena;higuera de llerena;Badajoz;badajoz;Extremadura;Higuera de Llerena;38.3755747;-5.998472174;524;343
06066;Higuera de Vargas;higuera de vargas;Badajoz;badajoz;Extremadura;Higuera de Vargas;38.44557647;-6.975183013;360;1831
06067;Higuera la Real;higuera la real;Badajoz;badajoz;Extremadura;Higuera la Real;38.14232418;-6.689168777;626;2190
06068;Hinojosa del Valle;hinojosa del valle;Badajoz;badajoz;Extremadura;Hinojosa del Valle;38.48282136;-6.185309623;440;477
06069;Hornachos;hornachos;Badajoz;badajoz;Extremadura;Hornachos;38.5562033;-6.068101189;506;3382
06070;Jerez de los Caballeros;jerez de los caballeros;Badajoz;badajoz;Extremadura;Jerez de los Caballeros;38.31931898;-6.770376524;490;9104
06071;Lapa, La;lapa, la;Badajoz;badajoz;Extremadura;Lapa, La;38.45335245;-6.519462209;468;298
06072;Lobón;lobon;Badajoz;badajoz;Extremadura;Lobón;38.85049638;-6.62186952;246;2758
06073;Llera;llera;Badajoz;badajoz;Extremadura;Llera;38.44628973;-6.055010719;464;780
06074;Llerena;llerena;Badajoz;badajoz;Extremadura;Llerena;38.2381845;-6.014635614;638;5663
06075;Magacela;magacela;Badajoz;badajoz;Extremadura;Magacela;38.89710819;-5.73635814;470;502
06076;Maguilla;maguilla;Badajoz;badajoz;Extremadura;Maguilla;38.36763531;-5.837325976;528;916
06077;Malcocinado;malcocinado;Badajoz;badajoz;Extremadura;Malcocinado;38.12198919;-5.690985174;610;351
06078;Malpartida de la Serena;malpartida de la serena;Badajoz;badajoz;Extremadura;Malpartida de la Serena;38.67446838;-5.640122856;481;507
06079;Manchita;manchita;Badajoz;badajoz;Extremadura;Manchita;38.8130639;-6.020736274;334;741
06080;Medellín;medellin;Badajoz;badajoz;Extremadura;Medellín;38.96325124;-5.957909423;248;2244
06081;Medina de las Torres;medina de las torres;Badajoz;badajoz;Extremadura;Medina de las Torres;38.34142535;-6.413395534;529;1163
06082;Mengabril;mengabril;Badajoz;badajoz;Extremadura;Mengabril;38.93649054;-5.932963516;251;502
06083;Mérida;merida;Badajoz;badajoz;Extremadura;Mérida;38.91666257;-6.345719518;220;60319
06084;Mirandilla;mirandilla;Badajoz;badajoz;Extremadura;Mirandilla;39.00139902;-6.287520273;298;1235
06085;Monesterio;monesterio;Badajoz;badajoz;Extremadura;Monesterio;38.08728997;-6.27184588;754;4248
06086;Montemolín;montemolin;Badajoz;badajoz;Extremadura;Montemolín;38.15478706;-6.213953245;615;1234
06087;Monterrubio de la Serena;monterrubio de la serena;Badajoz;badajoz;Extremadura;Monterrubio de la Serena;38.58776833;-5.446718435;557;2153
06088;Montijo;montijo;Badajoz;badajoz;Extremadura;Montijo;38.90826426;-6.617138638;194;15195
06089;Morera, La;morera, la;Badajoz;badajoz;Extremadura;Morera, La;38.54666906;-6.65405056;422;701
06090;Nava de Santiago, La;nava de santiago, la;Badajoz;badajoz;Extremadura;Nava de Santiago, La;39.06185067;-6.505301853;264;914
06091;Navalvillar de Pela;navalvillar de pela;Badajoz;badajoz;Extremadura;Navalvillar de Pela;39.08884557;-5.471583672;361;4298
06092;Nogales;nogales;Badajoz;badajoz;Extremadura;Nogales;38.58773584;-6.752226931;400;633
06093;Oliva de la Frontera;oliva de la frontera;Badajoz;badajoz;Extremadura;Oliva de la Frontera;38.2771626;-6.91970344;377;4903
06094;Oliva de Mérida;oliva de merida;Badajoz;badajoz;Extremadura;Oliva de Mérida;38.78907572;-6.126158953;332;1662
06095;Olivenza;olivenza;Badajoz;badajoz;Extremadura;Olivenza;38.68551527;-7.100854759;266;11775
06096;Orellana de la Sierra;orellana de la sierra;Badajoz;badajoz;Extremadura;Orellana de la Sierra;39.03127533;-5.499004704;400;254
06097;Orellana la Vieja;orellana la vieja;Badajoz;badajoz;Extremadura;Orellana la Vieja;39.00533331;-5.539648175;374;2582
06098;Palomas;palomas;Badajoz;badajoz;Extremadura;Palomas;38.69111695;-6.134953865;314;648
06099;Parra, La;parra, la;Badajoz;badajoz;Extremadura;Parra, La;38.52063811;-6.624850511;528;1298
06100;Peñalsordo;penalsordo;Badajoz;badajoz;Extremadura;Peñalsordo;38.81954338;-5.116159284;430;807
06101;Peraleda del Zaucejo;peraleda del zaucejo;Badajoz;badajoz;Extremadura;Peraleda del Zaucejo;38.47467391;-5.564235594;540;466
06102;Puebla de Alcocer;puebla de alcocer;Badajoz;badajoz;Extremadura;Puebla de Alcocer;38.98508565;-5.257418806;533;1090
06103;Puebla de la Calzada;puebla de la calzada;Badajoz;badajoz;Extremadura;Puebla de la Calzada;38.8944076;-6.62605568;191;5809
06104;Puebla de la Reina;puebla de la reina;Badajoz;badajoz;Extremadura;Puebla de la Reina;38.66295667;-6.10221159;371;690
06105;Puebla del Maestre;puebla del maestre;Badajoz;badajoz;Extremadura;Puebla del Maestre;38.08482558;-6.079525408;550;651
06106;Puebla del Prior;puebla del prior;Badajoz;badajoz;Extremadura;Puebla del Prior;38.57051589;-6.197400631;381;462
06107;Puebla de Obando;puebla de obando;Badajoz;badajoz;Extremadura;Puebla de Obando;39.17786978;-6.628853471;379;1807
06108;Puebla de Sancho Pérez;puebla de sancho perez;Badajoz;badajoz;Extremadura;Puebla de Sancho Pérez;38.39629468;-6.402256974;519;2640
06109;Quintana de la Serena;quintana de la serena;Badajoz;badajoz;Extremadura;Quintana de la Serena;38.74122372;-5.671342294;409;4427
06110;Reina;reina;Badajoz;badajoz;Extremadura;Reina;38.18475031;-5.94761187;723;144
06111;Rena;rena;Badajoz;badajoz;Extremadura;Rena;39.05289516;-5.807998873;259;607
06112;Retamal de Llerena;retamal de llerena;Badajoz;badajoz;Extremadura;Retamal de Llerena;38.57894057;-5.83840521;464;427
06113;Ribera del Fresno;ribera del fresno;Badajoz;badajoz;Extremadura;Ribera del Fresno;38.55287612;-6.24129938;402;3153
06114;Risco;risco;Badajoz;badajoz;Extremadura;Risco;38.91081251;-5.122325937;504;126
06115;Roca de la Sierra, La;roca de la sierra, la;Badajoz;badajoz;Extremadura;Roca de la Sierra, La;39.1106507;-6.689067256;246;1454
06116;Salvaleón;salvaleon;Badajoz;badajoz;Extremadura;Salvaleón;38.51007655;-6.786224844;522;1647
06117;Salvatierra de los Barros;salvatierra de los barros;Badajoz;badajoz;Extremadura;Salvatierra de los Barros;38.49050229;-6.685722513;625;1548
06118;Sancti-Spíritus;sancti spiritus;Badajoz;badajoz;Extremadura;Sancti-Spíritus;38.92581161;-5.147196238;482;141
06119;San Pedro de Mérida;san pedro de merida;Badajoz;badajoz;Extremadura;San Pedro de Mérida;38.94942049;-6.186566403;286;869
06120;Santa Amalia;santa amalia;Badajoz;badajoz;Extremadura;Santa Amalia;39.01197387;-6.012887337;253;3885
06121;Santa Marta;santa marta;Badajoz;badajoz;Extremadura;Santa Marta;38.61514418;-6.625215597;334;4199
06122;Santos de Maimona, Los;santos de maimona, los;Badajoz;badajoz;Extremadura;Santos de Maimona, Los;38.44947332;-6.386094343;529;8101
06123;San Vicente de Alcántara;san vicente de alcantara;Badajoz;badajoz;Extremadura;San Vicente de Alcántara;39.36259954;-7.138049915;503;5235
06124;Segura de León;segura de leon;Badajoz;badajoz;Extremadura;Segura de León;38.12112;-6.530593641;685;1761
06125;Siruela;siruela;Badajoz;badajoz;Extremadura;Siruela;38.97593017;-5.049097442;520;1765
06126;Solana de los Barros;solana de los barros;Badajoz;badajoz;Extremadura;Solana de los Barros;38.72481527;-6.536663395;263;2551
06127;Talarrubias;talarrubias;Badajoz;badajoz;Extremadura;Talarrubias;39.04063976;-5.234633495;435;3250
06128;Talavera la Real;talavera la real;Badajoz;badajoz;Extremadura;Talavera la Real;38.87699142;-6.772225826;188;5483
06129;Táliga;taliga;Badajoz;badajoz;Extremadura;Táliga;38.52870086;-7.016321016;316;652
06130;Tamurejo;tamurejo;Badajoz;badajoz;Extremadura;Tamurejo;38.99005231;-4.946202186;542;190
06131;Torre de Miguel Sesmero;torre de miguel sesmero;Badajoz;badajoz;Extremadura;Torre de Miguel Sesmero;38.6181323;-6.795527109;324;1233
06132;Torremayor;torremayor;Badajoz;badajoz;Extremadura;Torremayor;38.90054548;-6.536305905;197;995
06133;Torremejía;torremejia;Badajoz;badajoz;Extremadura;Torremejía;38.78933299;-6.376271458;306;2247
06134;Trasierra;trasierra;Badajoz;badajoz;Extremadura;Trasierra;38.19093224;-5.994966658;688;589
06135;Trujillanos;trujillanos;Badajoz;badajoz;Extremadura;Trujillanos;38.95088767;-6.260090528;261;1409
06136;Usagre;usagre;Badajoz;badajoz;Extremadura;Usagre;38.35748434;-6.165668085;550;1698
06137;Valdecaballeros;valdecaballeros;Badajoz;badajoz;Extremadura;Valdecaballeros;39.24286301;-5.189572703;400;1033
06138;Valdetorres;valdetorres;Badajoz;badajoz;Extremadura;Valdetorres;38.91391362;-6.06802368;245;1105
06139;Valencia de las Torres;valencia de las torres;Badajoz;badajoz;Extremadura;Valencia de las Torres;38.4031201;-6.004524333;517;488
06140;Valencia del Mombuey;valencia del mombuey;Badajoz;badajoz;Extremadura;Valencia del Mombuey;38.24317866;-7.118582333;295;704
06141;Valencia del Ventoso;valencia del ventoso;Badajoz;badajoz;Extremadura;Valencia del Ventoso;38.26614125;-6.4741484;495;1871
06142;Valverde de Burguillos;valverde de burguillos;Badajoz;badajoz;Extremadura;Valverde de Burguillos;38.32657528;-6.537557206;408;260
06143;Valverde de Leganés;valverde de leganes;Badajoz;badajoz;Extremadura;Valverde de Leganés;38.67126295;-6.983559954;291;4235
06144;Valverde de Llerena;valverde de llerena;Badajoz;badajoz;Extremadura;Valverde de Llerena;38.21302392;-5.822454481;567;557
06145;Valverde de Mérida;valverde de merida;Badajoz;badajoz;Extremadura;Valverde de Mérida;38.91165349;-6.220922512;268;1002
06146;Valle de la Serena;valle de la serena;Badajoz;badajoz;Extremadura;Valle de la Serena;38.70427802;-5.797092854;423;1073
06147;Valle de Matamoros;valle de matamoros;Badajoz;badajoz;Extremadura;Valle de Matamoros;38.37905483;-6.802882136;595;335
06148;Valle de Santa Ana;valle de santa ana;Badajoz;badajoz;Extremadura;Valle de Santa Ana;38.36541893;-6.788290671;489;1094
06149;Villafranca de los Barros;villafranca de los barros;Badajoz;badajoz;Extremadura;Villafranca de los Barros;38.56151044;-6.338868544;414;12285
06150;Villagarcía de la Torre;villagarcia de la torre;Badajoz;badajoz;Extremadura;Villagarcía de la Torre;38.29580252;-6.080293675;586;911
06151;Villagonzalo;villagonzalo;Badajoz;badajoz;Extremadura;Villagonzalo;38.86367603;-6.195769716;234;1226
06152;Villalba de los Barros;villalba de los barros;Badajoz;badajoz;Extremadura;Villalba de los Barros;38.61290625;-6.50870841;308;1445
06153;Villanueva de la Serena;villanueva de la serena;Badajoz;badajoz;Extremadura;Villanueva de la Serena;38.97413341;-5.80071674;296;25751
06154;Villanueva del Fresno;villanueva del fresno;Badajoz;badajoz;Extremadura;Villanueva del Fresno;38.37560585;-7.169268504;252;3259
06155;Villar del Rey;villar del rey;Badajoz;badajoz;Extremadura;Villar del Rey;39.13211401;-6.847974721;246;2069
06156;Villar de Rena;villar de rena;Badajoz;badajoz;Extremadura;Villar de Rena;39.07715421;-5.810436691;270;1325
06157;Villarta de los Montes;villarta de los montes;Badajoz;badajoz;Extremadura;Villarta de los Montes;39.21357163;-4.79230592;542;375
06158;Zafra;zafra;Badajoz;badajoz;Extremadura;Zafra;38.42634413;-6.418558803;509;16708
06159;Zahínos;zahinos;Badajoz;badajoz;Extremadura;Zahínos;38.32878672;-6.951921656;373;2777
06160;Zalamea de la Serena;zalamea de la serena;Badajoz;badajoz;Extremadura;Zalamea de la Serena;38.65263978;-5.659662026;473;3366
06161;Zarza-Capilla;zarza capilla;Badajoz;badajoz;Extremadura;Zarza-Capilla;38.8076093;-5.155793739;594;295
06162;Zarza, La;zarza, la;Badajoz;badajoz;Extremadura;Zarza, La;38.81838785;-6.215288881;295;3346
06901;Valdelacalzada;valdelacalzada;Badajoz;badajoz;Extremadura;Valdelacalzada;38.89041627;-6.700774225;185;2746
06902;Pueblonuevo del Guadiana;pueblonuevo del guadiana;Badajoz;badajoz;Extremadura;Pueblonuevo del Guadiana;38.92329703;-6.754971184;182;1953
06903;Guadiana;guadiana;Badajoz;badajoz;Extremadura;Guadiana;38.928572;-6.69098496;190;2444
07001;Alaró;alaro;Illes Balears;illes balears;Illes Balears;Alaró;39.70590024;2.789117363;225;6172
07002;Alaior;alaior;Illes Balears;illes balears;Illes Balears;Alaior;39.93416189;4.139749066;124;10356
07003;Alcúdia;alcudia;Illes Balears;illes balears;Illes Balears;Alcúdia;39.85294857;3.121145924;13;22459
07004;Algaida;algaida;Illes Balears;illes balears;Illes Balears;Algaida;39.55939132;2.89473322;193;6421
07005;Andratx;andratx;Illes Balears;illes balears;Illes Balears;Andratx;39.57630897;2.424553868;93;12424
07006;Artà;arta;Illes Balears;illes balears;Illes Balears;Artà;39.69515775;3.351303008;129;8696
07007;Banyalbufar;banyalbufar;Illes Balears;illes balears;Illes Balears;Banyalbufar;39.68702531;2.513704579;117;578
07008;Binissalem;binissalem;Illes Balears;illes balears;Illes Balears;Binissalem;39.68853345;2.843396671;134;9323
07009;Búger;buger;Illes Balears;illes balears;Illes Balears;Búger;39.75833919;2.983270012;93;1221
07010;Bunyola;bunyola;Illes Balears;illes balears;Illes Balears;Bunyola;39.69606038;2.69938561;214;7678
07011;Calvià;calvia;Illes Balears;illes balears;Illes Balears;Calvià;39.5636065;2.505278075;111;54082
07012;Campanet;campanet;Illes Balears;illes balears;Illes Balears;Campanet;39.77507442;2.965290415;130;2855
07013;Campos;campos;Illes Balears;illes balears;Illes Balears;Campos;39.43054249;3.01814674;22;12510
07014;Capdepera;capdepera;Illes Balears;illes balears;Illes Balears;Capdepera;39.70268683;3.432158664;99;13298
07015;Ciutadella de Menorca;ciutadella de menorca;Illes Balears;illes balears;Illes Balears;Ciutadella de Menorca;40.00081401;3.83533657;19;32719
07016;Consell;consell;Illes Balears;illes balears;Illes Balears;Consell;39.66853149;2.81323417;154;4516
07017;Costitx;costitx;Illes Balears;illes balears;Illes Balears;Costitx;39.65780959;2.949963325;134;1617
07018;Deià;deia;Illes Balears;illes balears;Illes Balears;Deià;39.74902676;2.64671196;201;753
07019;Escorca;escorca;Illes Balears;illes balears;Illes Balears;Escorca;39.82184275;2.884122927;477;199
07020;Esporles;esporles;Illes Balears;illes balears;Illes Balears;Esporles;39.66883161;2.577652835;185;5321
07021;Estellencs;estellencs;Illes Balears;illes balears;Illes Balears;Estellencs;39.65367759;2.48208552;140;374
07022;Felanitx;felanitx;Illes Balears;illes balears;Illes Balears;Felanitx;39.46872493;3.14917515;110;19215
07023;Ferreries;ferreries;Illes Balears;illes balears;Illes Balears;Ferreries;39.98283033;4.009325347;90;5194
07024;Formentera;formentera;Illes Balears;illes balears;Illes Balears;Formentera;38.70533903;1.428720492;38;11690
07025;Fornalutx;fornalutx;Illes Balears;illes balears;Illes Balears;Fornalutx;39.7825634;2.741738388;140;739
07026;Eivissa;eivissa;Illes Balears;illes balears;Illes Balears;Eivissa;38.90718532;1.437956382;8;54628
07027;Inca;inca;Illes Balears;illes balears;Illes Balears;Inca;39.72127227;2.910123098;122;36076
07028;Lloret de Vistalegre;lloret de vistalegre;Illes Balears;illes balears;Illes Balears;Lloret de Vistalegre;39.61793657;2.975461859;171;1697
07029;Lloseta;lloseta;Illes Balears;illes balears;Illes Balears;Lloseta;39.71897118;2.86747096;159;6559
07030;Llubí;llubi;Illes Balears;illes balears;Illes Balears;Llubí;39.70040445;3.003655932;72;2600
07031;Llucmajor;llucmajor;Illes Balears;illes balears;Illes Balears;Llucmajor;39.49103981;2.891579761;144;40450
07032;Maó;mao;Illes Balears;illes balears;Illes Balears;Maó;39.889762;4.264303;32.88;30986
07033;Manacor;manacor;Illes Balears;illes balears;Illes Balears;Manacor;39.56915405;3.207723458;84;49275
07034;Mancor de la Vall;mancor de la vall;Illes Balears;illes balears;Illes Balears;Mancor de la Vall;39.75036405;2.871002785;212;1691
07035;Maria de la Salut;maria de la salut;Illes Balears;illes balears;Illes Balears;Maria de la Salut;39.66597316;3.075491503;102;2457
07036;Marratxí;marratxi;Illes Balears;illes balears;Illes Balears;Marratxí;39.62197678;2.750216646;138;40434
07037;Mercadal, Es;mercadal, es;Illes Balears;illes balears;Illes Balears;Mercadal, Es;39.98845098;4.092089937;58;6457
07038;Montuïri;montuiri;Illes Balears;illes balears;Illes Balears;Montuïri;39.56730259;2.982225431;156;3274
07039;Muro;muro;Illes Balears;illes balears;Illes Balears;Muro;39.73669705;3.057583933;72;8392
07040;Palma;palma;Illes Balears;illes balears;Illes Balears;Palma;39.56908012;2.650429253;18;443196
07041;Petra;petra;Illes Balears;illes balears;Illes Balears;Petra;39.61130166;3.11229719;109;3265
07042;Pollença;pollenca;Illes Balears;illes balears;Illes Balears;Pollença;39.87840505;3.014696646;53;17801
07043;Porreres;porreres;Illes Balears;illes balears;Illes Balears;Porreres;39.51680043;3.022434845;129;5871
07044;Pobla, Sa;pobla, sa;Illes Balears;illes balears;Illes Balears;Pobla, Sa;39.76978714;3.024789488;22;15106
07045;Puigpunyent;puigpunyent;Illes Balears;illes balears;Illes Balears;Puigpunyent;39.62350977;2.527176383;217;2087
07046;Sant Antoni de Portmany;sant antoni de portmany;Illes Balears;illes balears;Illes Balears;Sant Antoni de Portmany;38.9790068;1.300417193;6;29455
07047;Sencelles;sencelles;Illes Balears;illes balears;Illes Balears;Sencelles;39.64769631;2.89777048;116;4077
07048;Sant Josep de sa Talaia;sant josep de sa talaia;Illes Balears;illes balears;Illes Balears;Sant Josep de sa Talaia;38.92129693;1.294366382;192;30702
07049;Sant Joan;sant joan;Illes Balears;illes balears;Illes Balears;Sant Joan;39.59624314;3.039123527;137;2360
07050;Sant Joan de Labritja;sant joan de labritja;Illes Balears;illes balears;Illes Balears;Sant Joan de Labritja;39.07750164;1.513522846;193;6984
07051;Sant Llorenç des Cardassar;sant llorenc des cardassar;Illes Balears;illes balears;Illes Balears;Sant Llorenç des Cardassar;39.61000831;3.283930378;71;9479
07052;Sant Lluís;sant lluis;Illes Balears;illes balears;Illes Balears;Sant Lluís;39.84905505;4.25749237;59;7447
07053;Santa Eugènia;santa eugenia;Illes Balears;illes balears;Illes Balears;Santa Eugènia;39.62413133;2.83985105;129;1933
07054;Santa Eulària des Riu;santa eularia des riu;Illes Balears;illes balears;Illes Balears;Santa Eulària des Riu;38.985112;1.533321;10;42496
07055;Santa Margalida;santa margalida;Illes Balears;illes balears;Illes Balears;Santa Margalida;39.70308972;3.10127212;92;14137
07056;Santa María del Camí;santa maria del cami;Illes Balears;illes balears;Illes Balears;Santa María del Camí;39.64719778;2.778762712;129;7768
07057;Santanyí;santanyi;Illes Balears;illes balears;Illes Balears;Santanyí;39.35433383;3.128350103;58;12928
07058;Selva;selva;Illes Balears;illes balears;Illes Balears;Selva;39.75452173;2.901076886;193;4313
07059;Salines, Ses;salines, ses;Illes Balears;illes balears;Illes Balears;Salines, Ses;39.33932279;3.053505097;44;5201
07060;Sineu;sineu;Illes Balears;illes balears;Illes Balears;Sineu;39.6440994;3.010488365;137;4552
07061;Sóller;soller;Illes Balears;illes balears;Illes Balears;Sóller;39.7660932;2.714954077;35;13996
07062;Son Servera;son servera;Illes Balears;illes balears;Illes Balears;Son Servera;39.62110287;3.360318346;75;12583
07063;Valldemossa;valldemossa;Illes Balears;illes balears;Illes Balears;Valldemossa;39.7091591;2.621777744;407;2054
07064;Castell, Es;castell, es;Illes Balears;illes balears;Illes Balears;Castell, Es;39.88031703;4.290737424;15;7895
07065;Vilafranca de Bonany;vilafranca de bonany;Illes Balears;illes balears;Illes Balears;Vilafranca de Bonany;39.56861547;3.088904186;93;3934
07901;Ariany;ariany;Illes Balears;illes balears;Illes Balears;Ariany;39.649292;3.110536983;124;1071
07902;Migjorn Gran, Es;migjorn gran, es;Illes Balears;illes balears;Illes Balears;Migjorn Gran, Es;39.94703066;4.050019507;113;1767
08001;Abrera;abrera;Barcelona;barcelona;Cataluña/Catalunya;Abrera;41.5163976;1.901568685;106;13207
08002;Aguilar de Segarra;aguilar de segarra;Barcelona;barcelona;Cataluña/Catalunya;Aguilar de Segarra;41.73926837;1.631134116;490;293
08003;Alella;alella;Barcelona;barcelona;Cataluña/Catalunya;Alella;41.49361157;2.295316458;90;10251
08004;Alpens;alpens;Barcelona;barcelona;Cataluña/Catalunya;Alpens;42.11928971;2.101098216;857;267
08005;Ametlla del Vallès, L';ametlla del valles, l';Barcelona;barcelona;Cataluña/Catalunya;Ametlla del Vallès, L';41.66955386;2.261438098;290;9473
08006;Arenys de Mar;arenys de mar;Barcelona;barcelona;Cataluña/Catalunya;Arenys de Mar;41.57949398;2.551705952;6;16982
08007;Arenys de Munt;arenys de munt;Barcelona;barcelona;Cataluña/Catalunya;Arenys de Munt;41.61139868;2.539479222;129;9527
08008;Argençola;argencola;Barcelona;barcelona;Cataluña/Catalunya;Argençola;41.59861028;1.44366775;733;245
08009;Argentona;argentona;Barcelona;barcelona;Cataluña/Catalunya;Argentona;41.55540838;2.400302398;84;12891
08010;Artés;artes;Barcelona;barcelona;Cataluña/Catalunya;Artés;41.79814857;1.955128097;314;6211
08011;Avià;avia;Barcelona;barcelona;Cataluña/Catalunya;Avià;42.07726959;1.822839979;690;2263
08012;Avinyó;avinyo;Barcelona;barcelona;Cataluña/Catalunya;Avinyó;41.86384892;1.97089134;363;2325
08013;Avinyonet del Penedès;avinyonet del penedes;Barcelona;barcelona;Cataluña/Catalunya;Avinyonet del Penedès;41.36091183;1.779374484;283;1787
08014;Aiguafreda;aiguafreda;Barcelona;barcelona;Cataluña/Catalunya;Aiguafreda;41.76890073;2.249400035;405;2569
08015;Badalona;badalona;Barcelona;barcelona;Cataluña/Catalunya;Badalona;41.45016665;2.247629947;6;230642
08016;Bagà;baga;Barcelona;barcelona;Cataluña/Catalunya;Bagà;42.2526266;1.861867763;784;2167
08017;Balenyà;balenya;Barcelona;barcelona;Cataluña/Catalunya;Balenyà;41.83097669;2.23942582;588;4007
08018;Balsareny;balsareny;Barcelona;barcelona;Cataluña/Catalunya;Balsareny;41.86324891;1.87689539;328;3354
08019;Barcelona;barcelona;Barcelona;barcelona;Cataluña/Catalunya;Barcelona;41.38228986;2.177439664;13;1713247
08020;Begues;begues;Barcelona;barcelona;Cataluña/Catalunya;Begues;41.33017775;1.92473778;371;7545
08021;Bellprat;bellprat;Barcelona;barcelona;Cataluña/Catalunya;Bellprat;41.51723754;1.434447404;644;69
08022;Berga;berga;Barcelona;barcelona;Cataluña/Catalunya;Berga;42.10421268;1.84606202;709;17539
08023;Bigues i Riells del Fai;bigues i riells del fai;Barcelona;barcelona;Cataluña/Catalunya;Bigues i Riells del Fai;41.67935511;2.20819926;235;10124
08024;Borredà;borreda;Barcelona;barcelona;Cataluña/Catalunya;Borredà;42.13578598;1.994085592;853;434
08025;Bruc, El;bruc, el;Barcelona;barcelona;Cataluña/Catalunya;Bruc, El;41.58070694;1.77985721;489;2294
08026;Brull, El;brull, el;Barcelona;barcelona;Cataluña/Catalunya;Brull, El;41.81693927;2.3053121;838;297
08027;Cabanyes, Les;cabanyes, les;Barcelona;barcelona;Cataluña/Catalunya;Cabanyes, Les;41.37136077;1.689219996;252;1064
08028;Cabrera d'Anoia;cabrera d'anoia;Barcelona;barcelona;Cataluña/Catalunya;Cabrera d'Anoia;41.47761659;1.703878862;296;1777
08029;Cabrera de Mar;cabrera de mar;Barcelona;barcelona;Cataluña/Catalunya;Cabrera de Mar;41.52602599;2.393305562;88;5053
08030;Cabrils;cabrils;Barcelona;barcelona;Cataluña/Catalunya;Cabrils;41.52623214;2.367684226;144;7755
08031;Calaf;calaf;Barcelona;barcelona;Cataluña/Catalunya;Calaf;41.73410372;1.511163558;688;3627
08032;Caldes d'Estrac;caldes d'estrac;Barcelona;barcelona;Cataluña/Catalunya;Caldes d'Estrac;41.57243739;2.52762275;17;3348
08033;Caldes de Montbui;caldes de montbui;Barcelona;barcelona;Cataluña/Catalunya;Caldes de Montbui;41.63450814;2.162343933;208;18554
08034;Calders;calders;Barcelona;barcelona;Cataluña/Catalunya;Calders;41.78923767;1.991581648;550;1121
08035;Calella;calella;Barcelona;barcelona;Cataluña/Catalunya;Calella;41.6132831;2.657485203;5;20775
08036;Calonge de Segarra;calonge de segarra;Barcelona;barcelona;Cataluña/Catalunya;Calonge de Segarra;41.7626169;1.47710318;536;179
08037;Calldetenes;calldetenes;Barcelona;barcelona;Cataluña/Catalunya;Calldetenes;41.92409728;2.284340343;490;2724
08038;Callús;callus;Barcelona;barcelona;Cataluña/Catalunya;Callús;41.78119528;1.783934185;258;2193
08039;Campins;campins;Barcelona;barcelona;Cataluña/Catalunya;Campins;41.72476586;2.463412439;314;588
08040;Canet de Mar;canet de mar;Barcelona;barcelona;Cataluña/Catalunya;Canet de Mar;41.5884357;2.581911611;10;15191
08041;Canovelles;canovelles;Barcelona;barcelona;Cataluña/Catalunya;Canovelles;41.621556;2.276961;166;17445
08042;Cànoves i Samalús;canoves i samalus;Barcelona;barcelona;Cataluña/Catalunya;Cànoves i Samalús;41.69387738;2.35291599;353;3393
08043;Canyelles;canyelles;Barcelona;barcelona;Cataluña/Catalunya;Canyelles;41.28577907;1.722259308;123;5494
08044;Capellades;capellades;Barcelona;barcelona;Cataluña/Catalunya;Capellades;41.53145517;1.685814634;318;5598
08045;Capolat;capolat;Barcelona;barcelona;Cataluña/Catalunya;Capolat;42.0956725;1.79909507;1016;93
08046;Cardedeu;cardedeu;Barcelona;barcelona;Cataluña/Catalunya;Cardedeu;41.63803054;2.354457772;192;19050
08047;Cardona;cardona;Barcelona;barcelona;Cataluña/Catalunya;Cardona;41.91304566;1.68079835;495;4540
08048;Carme;carme;Barcelona;barcelona;Cataluña/Catalunya;Carme;41.53094962;1.623034906;333;860
08049;Casserres;casserres;Barcelona;barcelona;Cataluña/Catalunya;Casserres;42.014412;1.841279723;613;1665
08050;Castellar del Riu;castellar del riu;Barcelona;barcelona;Cataluña/Catalunya;Castellar del Riu;42.1205015;1.76309557;1277;151
08051;Castellar del Vallès;castellar del valles;Barcelona;barcelona;Cataluña/Catalunya;Castellar del Vallès;41.61852849;2.087822089;342;25395
08052;Castellar de n'Hug;castellar de n'hug;Barcelona;barcelona;Cataluña/Catalunya;Castellar de n'Hug;42.28219389;2.016783349;1387;166
08053;Castellbell i el Vilar;castellbell i el vilar;Barcelona;barcelona;Cataluña/Catalunya;Castellbell i el Vilar;41.62913277;1.861087555;158;4163
08054;Castellbisbal;castellbisbal;Barcelona;barcelona;Cataluña/Catalunya;Castellbisbal;41.4762764;1.982929372;134;13058
08055;Castellcir;castellcir;Barcelona;barcelona;Cataluña/Catalunya;Castellcir;41.7604511;2.149956037;781;802
08056;Castelldefels;castelldefels;Barcelona;barcelona;Cataluña/Catalunya;Castelldefels;41.28010588;1.976690659;3;69689
08057;Castell de l'Areny;castell de l'areny;Barcelona;barcelona;Cataluña/Catalunya;Castell de l'Areny;42.17363312;1.94587544;955;68
08058;Castellet i la Gornal;castellet i la gornal;Barcelona;barcelona;Cataluña/Catalunya;Castellet i la Gornal;41.25336958;1.590724396;132;2773
08059;Castellfollit del Boix;castellfollit del boix;Barcelona;barcelona;Cataluña/Catalunya;Castellfollit del Boix;41.66677692;1.68332205;696;469
08060;Castellfollit de Riubregós;castellfollit de riubregos;Barcelona;barcelona;Cataluña/Catalunya;Castellfollit de Riubregós;41.77607018;1.437563525;483;153
08061;Castellgalí;castellgali;Barcelona;barcelona;Cataluña/Catalunya;Castellgalí;41.67506124;1.844004568;212;2411
08062;Castellnou de Bages;castellnou de bages;Barcelona;barcelona;Cataluña/Catalunya;Castellnou de Bages;41.83392601;1.837015572;481;1471
08063;Castellolí;castelloli;Barcelona;barcelona;Cataluña/Catalunya;Castellolí;41.59814617;1.700348105;387;670
08064;Castellterçol;castelltercol;Barcelona;barcelona;Cataluña/Catalunya;Castellterçol;41.75133068;2.120576104;721;2742
08065;Castellví de la Marca;castellvi de la marca;Barcelona;barcelona;Cataluña/Catalunya;Castellví de la Marca;41.32678648;1.618371046;195;1718
08066;Castellví de Rosanes;castellvi de rosanes;Barcelona;barcelona;Cataluña/Catalunya;Castellví de Rosanes;41.45016753;1.899444967;176;2166
08067;Centelles;centelles;Barcelona;barcelona;Cataluña/Catalunya;Centelles;41.79808615;2.218201005;525;7860
08068;Cervelló;cervello;Barcelona;barcelona;Cataluña/Catalunya;Cervelló;41.39609482;1.95893655;118;9726
08069;Collbató;collbato;Barcelona;barcelona;Cataluña/Catalunya;Collbató;41.56737951;1.829454743;366;4820
08070;Collsuspina;collsuspina;Barcelona;barcelona;Cataluña/Catalunya;Collsuspina;41.8254596;2.175097684;902;390
08071;Copons;copons;Barcelona;barcelona;Cataluña/Catalunya;Copons;41.6366106;1.518573043;424;352
08072;Corbera de Llobregat;corbera de llobregat;Barcelona;barcelona;Cataluña/Catalunya;Corbera de Llobregat;41.41633996;1.927821674;269;16044
08073;Cornellà de Llobregat;cornella de llobregat;Barcelona;barcelona;Cataluña/Catalunya;Cornellà de Llobregat;41.355163;2.07011155;25;92255
08074;Cubelles;cubelles;Barcelona;barcelona;Cataluña/Catalunya;Cubelles;41.20822265;1.672306778;14;17648
08075;Dosrius;dosrius;Barcelona;barcelona;Cataluña/Catalunya;Dosrius;41.59472229;2.406033703;144;6307
08076;Esparreguera;esparreguera;Barcelona;barcelona;Cataluña/Catalunya;Esparreguera;41.53903331;1.870714235;180;22639
08077;Esplugues de Llobregat;esplugues de llobregat;Barcelona;barcelona;Cataluña/Catalunya;Esplugues de Llobregat;41.37762621;2.088563521;95;48424
08078;Espunyola, L';espunyola, l';Barcelona;barcelona;Cataluña/Catalunya;Espunyola, L';42.05377495;1.76732959;820;260
08079;Estany, L';estany, l';Barcelona;barcelona;Cataluña/Catalunya;Estany, L';41.86886656;2.112389374;870;391
08080;Fígols;figols;Barcelona;barcelona;Cataluña/Catalunya;Fígols;42.18093493;1.83599696;1155;41
08081;Fogars de Montclús;fogars de montclus;Barcelona;barcelona;Cataluña/Catalunya;Fogars de Montclús;41.72774181;2.443422675;392;493
08082;Fogars de la Selva;fogars de la selva;Barcelona;barcelona;Cataluña/Catalunya;Fogars de la Selva;41.73512796;2.67140181;48;1705
08083;Folgueroles;folgueroles;Barcelona;barcelona;Cataluña/Catalunya;Folgueroles;41.9386296;2.318503597;550;2262
08084;Fonollosa;fonollosa;Barcelona;barcelona;Cataluña/Catalunya;Fonollosa;41.76311455;1.669143143;524;1571
08085;Font-rubí;font rubi;Barcelona;barcelona;Cataluña/Catalunya;Font-rubí;41.41416031;1.651743545;314;1436
08086;Franqueses del Vallès, Les;franqueses del valles, les;Barcelona;barcelona;Cataluña/Catalunya;Franqueses del Vallès, Les;41.6363264;2.297273637;191;20855
08087;Gallifa;gallifa;Barcelona;barcelona;Cataluña/Catalunya;Gallifa;41.69321452;2.115250831;498;171
08088;Garriga, La;garriga, la;Barcelona;barcelona;Cataluña/Catalunya;Garriga, La;41.6849865;2.285755941;248;17386
08089;Gavà;gava;Barcelona;barcelona;Cataluña/Catalunya;Gavà;41.30408519;1.998510517;12;48181
08090;Gaià;gaia;Barcelona;barcelona;Cataluña/Catalunya;Gaià;41.91658608;1.9252019;481;174
08091;Gelida;gelida;Barcelona;barcelona;Cataluña/Catalunya;Gelida;41.44096309;1.863151196;180;8192
08092;Gironella;gironella;Barcelona;barcelona;Cataluña/Catalunya;Gironella;42.03359502;1.882524156;461;5082
08093;Gisclareny;gisclareny;Barcelona;barcelona;Cataluña/Catalunya;Gisclareny;42.25000243;1.78661796;1339;28
08094;Granada, La;granada, la;Barcelona;barcelona;Cataluña/Catalunya;Granada, La;41.37687988;1.719494303;258;2281
08095;Granera;granera;Barcelona;barcelona;Cataluña/Catalunya;Granera;41.72540679;2.057383415;761;83
08096;Granollers;granollers;Barcelona;barcelona;Cataluña/Catalunya;Granollers;41.60810799;2.287243784;145;65123
08097;Gualba;gualba;Barcelona;barcelona;Cataluña/Catalunya;Gualba;41.73202048;2.50180713;178;1753
08098;Sant Salvador de Guardiola;sant salvador de guardiola;Barcelona;barcelona;Cataluña/Catalunya;Sant Salvador de Guardiola;41.67869558;1.767169002;341;3596
08099;Guardiola de Berguedà;guardiola de bergueda;Barcelona;barcelona;Cataluña/Catalunya;Guardiola de Berguedà;42.23331111;1.878939477;725;962
08100;Gurb;gurb;Barcelona;barcelona;Cataluña/Catalunya;Gurb;41.93991247;2.243942786;484;2738
08101;Hospitalet de Llobregat, L';hospitalet de llobregat, l';Barcelona;barcelona;Cataluña/Catalunya;Hospitalet de Llobregat, L';41.35922749;2.099765445;9;292161
08102;Igualada;igualada;Barcelona;barcelona;Cataluña/Catalunya;Igualada;41.57871439;1.617675754;314;42449
08103;Jorba;jorba;Barcelona;barcelona;Cataluña/Catalunya;Jorba;41.60178711;1.548712482;408;849
08104;Llacuna, La;llacuna, la;Barcelona;barcelona;Cataluña/Catalunya;Llacuna, La;41.47246434;1.533505329;618;961
08105;Llagosta, La;llagosta, la;Barcelona;barcelona;Cataluña/Catalunya;Llagosta, La;41.51317365;2.193237864;50;13254
08106;Llinars del Vallès;llinars del valles;Barcelona;barcelona;Cataluña/Catalunya;Llinars del Vallès;41.63931497;2.404335224;183;10931
08107;Lliçà d'Amunt;llica d'amunt;Barcelona;barcelona;Cataluña/Catalunya;Lliçà d'Amunt;41.60847375;2.239450129;129;16519
08108;Lliçà de Vall;llica de vall;Barcelona;barcelona;Cataluña/Catalunya;Lliçà de Vall;41.5855114;2.238768037;120;6891
08109;Lluçà;lluca;Barcelona;barcelona;Cataluña/Catalunya;Lluçà;42.05049973;2.035117501;750;280
08110;Malgrat de Mar;malgrat de mar;Barcelona;barcelona;Cataluña/Catalunya;Malgrat de Mar;41.64570772;2.74108053;3;19630
08111;Malla;malla;Barcelona;barcelona;Cataluña/Catalunya;Malla;41.89460649;2.24354259;513;286
08112;Manlleu;manlleu;Barcelona;barcelona;Cataluña/Catalunya;Manlleu;42.0001652;2.283516223;446;21321
08113;Manresa;manresa;Barcelona;barcelona;Cataluña/Catalunya;Manresa;41.72296102;1.826910769;234;80692
08114;Martorell;martorell;Barcelona;barcelona;Cataluña/Catalunya;Martorell;41.4743546;1.930823928;63;28989
08115;Martorelles;martorelles;Barcelona;barcelona;Cataluña/Catalunya;Martorelles;41.52568904;2.243360554;115;4987
08116;Masies de Roda, Les;masies de roda, les;Barcelona;barcelona;Cataluña/Catalunya;Masies de Roda, Les;41.98992862;2.306728466;450;758
08117;Masies de Voltregà, Les;masies de voltrega, les;Barcelona;barcelona;Cataluña/Catalunya;Masies de Voltregà, Les;42.012591;2.2501741;483;3345
08118;Masnou, El;masnou, el;Barcelona;barcelona;Cataluña/Catalunya;Masnou, El;41.47922075;2.319187913;5;24727
08119;Masquefa;masquefa;Barcelona;barcelona;Cataluña/Catalunya;Masquefa;41.50212136;1.811200667;256;10111
08120;Matadepera;matadepera;Barcelona;barcelona;Cataluña/Catalunya;Matadepera;41.59668357;2.026748951;419;9808
08121;Mataró;mataro;Barcelona;barcelona;Cataluña/Catalunya;Mataró;41.53981598;2.444903248;23;131370
08122;Mediona;mediona;Barcelona;barcelona;Cataluña/Catalunya;Mediona;41.47675367;1.61134583;433;2664
08123;Molins de Rei;molins de rei;Barcelona;barcelona;Cataluña/Catalunya;Molins de Rei;41.41361739;2.016048169;27;27291
08124;Mollet del Vallès;mollet del valles;Barcelona;barcelona;Cataluña/Catalunya;Mollet del Vallès;41.53545654;2.210448952;60;52759
08125;Montcada i Reixac;montcada i reixac;Barcelona;barcelona;Cataluña/Catalunya;Montcada i Reixac;41.48002694;2.187220461;34;37446
08126;Montgat;montgat;Barcelona;barcelona;Cataluña/Catalunya;Montgat;41.46669911;2.278989831;34;12835
08127;Monistrol de Montserrat;monistrol de montserrat;Barcelona;barcelona;Cataluña/Catalunya;Monistrol de Montserrat;41.60984508;1.842735099;155;3233
08128;Monistrol de Calders;monistrol de calders;Barcelona;barcelona;Cataluña/Catalunya;Monistrol de Calders;41.7606414;2.013981182;447;764
08129;Muntanyola;muntanyola;Barcelona;barcelona;Cataluña/Catalunya;Muntanyola;41.87949559;2.17861915;801;700
08130;Montclar;montclar;Barcelona;barcelona;Cataluña/Catalunya;Montclar;42.01821477;1.765063954;729;133
08131;Montesquiu;montesquiu;Barcelona;barcelona;Cataluña/Catalunya;Montesquiu;42.10996129;2.209680088;573;1133
08132;Montmajor;montmajor;Barcelona;barcelona;Cataluña/Catalunya;Montmajor;42.01778;1.7354;750;471
08133;Montmaneu;montmaneu;Barcelona;barcelona;Cataluña/Catalunya;Montmaneu;41.62610969;1.414454321;717;182
08134;Figaró-Montmany;figaro montmany;Barcelona;barcelona;Cataluña/Catalunya;Figaró-Montmany;41.72136791;2.273007842;317;1187
08135;Montmeló;montmelo;Barcelona;barcelona;Cataluña/Catalunya;Montmeló;41.55173635;2.247957014;82;8868
08136;Montornès del Vallès;montornes del valles;Barcelona;barcelona;Cataluña/Catalunya;Montornès del Vallès;41.54536926;2.267309548;86;17062
08137;Montseny;montseny;Barcelona;barcelona;Cataluña/Catalunya;Montseny;41.75935522;2.395191465;521;387
08138;Moià;moia;Barcelona;barcelona;Cataluña/Catalunya;Moià;41.81282274;2.097174153;730;6807
08139;Mura;mura;Barcelona;barcelona;Cataluña/Catalunya;Mura;41.70076731;1.976998096;476;234
08140;Navarcles;navarcles;Barcelona;barcelona;Cataluña/Catalunya;Navarcles;41.75149031;1.9037036;252;6277
08141;Navàs;navas;Barcelona;barcelona;Cataluña/Catalunya;Navàs;41.89996955;1.879370067;367;6242
08142;Nou de Berguedà, La;nou de bergueda, la;Barcelona;barcelona;Cataluña/Catalunya;Nou de Berguedà, La;42.16684353;1.885098741;883;163
08143;Òdena;odena;Barcelona;barcelona;Cataluña/Catalunya;Òdena;41.6066268;1.642134736;398;3756
08144;Olvan;olvan;Barcelona;barcelona;Cataluña/Catalunya;Olvan;42.05698871;1.907024384;556;926
08145;Olèrdola;olerdola;Barcelona;barcelona;Cataluña/Catalunya;Olèrdola;41.32109082;1.721668382;184;3953
08146;Olesa de Bonesvalls;olesa de bonesvalls;Barcelona;barcelona;Cataluña/Catalunya;Olesa de Bonesvalls;41.35167636;1.850764829;270;2134
08147;Olesa de Montserrat;olesa de montserrat;Barcelona;barcelona;Cataluña/Catalunya;Olesa de Montserrat;41.54410674;1.891258204;110;25000
08148;Olivella;olivella;Barcelona;barcelona;Cataluña/Catalunya;Olivella;41.31039539;1.812242279;209;4473
08149;Olost;olost;Barcelona;barcelona;Cataluña/Catalunya;Olost;41.98603859;2.095592444;569;1204
08150;Orís;oris;Barcelona;barcelona;Cataluña/Catalunya;Orís;42.05806499;2.23915581;574;352
08151;Oristà;orista;Barcelona;barcelona;Cataluña/Catalunya;Oristà;41.93243374;2.0605562;467;556
08152;Orpí;orpi;Barcelona;barcelona;Cataluña/Catalunya;Orpí;41.51866251;1.575548095;483;176
08153;Òrrius;orrius;Barcelona;barcelona;Cataluña/Catalunya;Òrrius;41.55502028;2.354802276;253;814
08154;Pacs del Penedès;pacs del penedes;Barcelona;barcelona;Cataluña/Catalunya;Pacs del Penedès;41.36109901;1.669616861;204;934
08155;Palafolls;palafolls;Barcelona;barcelona;Cataluña/Catalunya;Palafolls;41.66698545;2.749127703;21;10026
08156;Palau-solità i Plegamans;palau solita i plegamans;Barcelona;barcelona;Cataluña/Catalunya;Palau-solità i Plegamans;41.58753466;2.178499265;132;15584
08157;Pallejà;palleja;Barcelona;barcelona;Cataluña/Catalunya;Pallejà;41.42253796;1.996818731;41;11976
08158;Papiol, El;papiol, el;Barcelona;barcelona;Cataluña/Catalunya;Papiol, El;41.43797704;2.011020152;107;4404
08159;Parets del Vallès;parets del valles;Barcelona;barcelona;Cataluña/Catalunya;Parets del Vallès;41.57318781;2.233793389;94;18899
08160;Perafita;perafita;Barcelona;barcelona;Cataluña/Catalunya;Perafita;42.0414291;2.107136339;749;433
08161;Piera;piera;Barcelona;barcelona;Cataluña/Catalunya;Piera;41.51806079;1.743458481;286;17884
08162;Hostalets de Pierola, Els;hostalets de pierola, els;Barcelona;barcelona;Cataluña/Catalunya;Hostalets de Pierola, Els;41.533939;1.770237;295;3254
08163;Pineda de Mar;pineda de mar;Barcelona;barcelona;Cataluña/Catalunya;Pineda de Mar;41.62753758;2.689531444;6;30071
08164;Pla del Penedès, El;pla del penedes, el;Barcelona;barcelona;Cataluña/Catalunya;Pla del Penedès, El;41.41810756;1.710653529;223;1392
08165;Pobla de Claramunt, La;pobla de claramunt, la;Barcelona;barcelona;Cataluña/Catalunya;Pobla de Claramunt, La;41.55497611;1.675486833;263;2350
08166;Pobla de Lillet, La;pobla de lillet, la;Barcelona;barcelona;Cataluña/Catalunya;Pobla de Lillet, La;42.24357033;1.974796914;836;1106
08167;Polinyà;polinya;Barcelona;barcelona;Cataluña/Catalunya;Polinyà;41.55743402;2.15614993;125;8572
08168;Pontons;pontons;Barcelona;barcelona;Cataluña/Catalunya;Pontons;41.41569778;1.516991452;583;515
08169;Prat de Llobregat, El;prat de llobregat, el;Barcelona;barcelona;Cataluña/Catalunya;Prat de Llobregat, El;41.33078783;2.093040709;5;66251
08170;Prats de Rei, Els;prats de rei, els;Barcelona;barcelona;Cataluña/Catalunya;Prats de Rei, Els;41.70553311;1.541599144;609;553
08171;Prats de Lluçanès;prats de llucanes;Barcelona;barcelona;Cataluña/Catalunya;Prats de Lluçanès;42.0088046;2.030659231;709;2759
08172;Premià de Mar;premia de mar;Barcelona;barcelona;Cataluña/Catalunya;Premià de Mar;41.49183195;2.358307493;12;29348
08174;Puigdàlber;puigdalber;Barcelona;barcelona;Cataluña/Catalunya;Puigdàlber;41.40427422;1.701109433;237;621
08175;Puig-reig;puig reig;Barcelona;barcelona;Cataluña/Catalunya;Puig-reig;41.97402123;1.878973698;440;4558
08176;Pujalt;pujalt;Barcelona;barcelona;Cataluña/Catalunya;Pujalt;41.71717656;1.42233138;745;205
08177;Quar, La;quar, la;Barcelona;barcelona;Cataluña/Catalunya;Quar, La;42.08087998;1.96147822;858;44
08178;Rajadell;rajadell;Barcelona;barcelona;Cataluña/Catalunya;Rajadell;41.72765681;1.706127003;365;598
08179;Rellinars;rellinars;Barcelona;barcelona;Cataluña/Catalunya;Rellinars;41.63751137;1.910938891;350;928
08180;Ripollet;ripollet;Barcelona;barcelona;Cataluña/Catalunya;Ripollet;41.49649189;2.153437156;64;39773
08181;Roca del Vallès, La;roca del valles, la;Barcelona;barcelona;Cataluña/Catalunya;Roca del Vallès, La;41.5875043;2.325439565;122;11021
08182;Pont de Vilomara i Rocafort, El;pont de vilomara i rocafort, el;Barcelona;barcelona;Cataluña/Catalunya;Pont de Vilomara i Rocafort, El;41.7012104;1.874546135;225;4201
08183;Roda de Ter;roda de ter;Barcelona;barcelona;Cataluña/Catalunya;Roda de Ter;41.98064215;2.309381512;453;6948
08184;Rubí;rubi;Barcelona;barcelona;Cataluña/Catalunya;Rubí;41.49369307;2.031064158;128;82825
08185;Rubió;rubio;Barcelona;barcelona;Cataluña/Catalunya;Rubió;41.64453039;1.56994106;636;228
08187;Sabadell;sabadell;Barcelona;barcelona;Cataluña/Catalunya;Sabadell;41.546322;2.10854737;189;224589
08188;Sagàs;sagas;Barcelona;barcelona;Cataluña/Catalunya;Sagàs;42.05223484;1.96322301;738;153
08189;Sant Pere Sallavinera;sant pere sallavinera;Barcelona;barcelona;Cataluña/Catalunya;Sant Pere Sallavinera;41.73653346;1.572431833;590;177
08190;Saldes;saldes;Barcelona;barcelona;Cataluña/Catalunya;Saldes;42.22869142;1.734980534;1212;301
08191;Sallent;sallent;Barcelona;barcelona;Cataluña/Catalunya;Sallent;41.82413054;1.894655766;276;7043
08192;Santpedor;santpedor;Barcelona;barcelona;Cataluña/Catalunya;Santpedor;41.7830916;1.839436017;317;7739
08193;Sant Iscle de Vallalta;sant iscle de vallalta;Barcelona;barcelona;Cataluña/Catalunya;Sant Iscle de Vallalta;41.6243433;2.569153456;123;1482
08194;Sant Adrià de Besòs;sant adria de besos;Barcelona;barcelona;Cataluña/Catalunya;Sant Adrià de Besòs;41.42994973;2.21770348;8;38980
08195;Sant Agustí de Lluçanès;sant agusti de llucanes;Barcelona;barcelona;Cataluña/Catalunya;Sant Agustí de Lluçanès;42.09377155;2.130958259;814;106
08196;Sant Andreu de la Barca;sant andreu de la barca;Barcelona;barcelona;Cataluña/Catalunya;Sant Andreu de la Barca;41.45001468;1.97119771;44;27069
08197;Sant Andreu de Llavaneres;sant andreu de llavaneres;Barcelona;barcelona;Cataluña/Catalunya;Sant Andreu de Llavaneres;41.57454371;2.483354074;115;11910
08198;Sant Antoni de Vilamajor;sant antoni de vilamajor;Barcelona;barcelona;Cataluña/Catalunya;Sant Antoni de Vilamajor;41.67362822;2.400842434;255;6722
08199;Sant Bartomeu del Grau;sant bartomeu del grau;Barcelona;barcelona;Cataluña/Catalunya;Sant Bartomeu del Grau;41.98028221;2.177133329;879;931
08200;Sant Boi de Llobregat;sant boi de llobregat;Barcelona;barcelona;Cataluña/Catalunya;Sant Boi de Llobregat;41.34764805;2.043243624;13;85317
08201;Sant Boi de Lluçanès;sant boi de llucanes;Barcelona;barcelona;Cataluña/Catalunya;Sant Boi de Lluçanès;42.05877505;2.151770657;806;600
08202;Sant Celoni;sant celoni;Barcelona;barcelona;Cataluña/Catalunya;Sant Celoni;41.69010625;2.492406814;151;18916
08203;Sant Cebrià de Vallalta;sant cebria de vallalta;Barcelona;barcelona;Cataluña/Catalunya;Sant Cebrià de Vallalta;41.61957304;2.599963203;65;3855
08204;Sant Climent de Llobregat;sant climent de llobregat;Barcelona;barcelona;Cataluña/Catalunya;Sant Climent de Llobregat;41.33731208;1.995795096;70;4187
08205;Sant Cugat del Vallès;sant cugat del valles;Barcelona;barcelona;Cataluña/Catalunya;Sant Cugat del Vallès;41.4705194;2.085282137;116;97959
08206;Sant Cugat Sesgarrigues;sant cugat sesgarrigues;Barcelona;barcelona;Cataluña/Catalunya;Sant Cugat Sesgarrigues;41.36258737;1.75240985;257;1037
08207;Sant Esteve de Palautordera;sant esteve de palautordera;Barcelona;barcelona;Cataluña/Catalunya;Sant Esteve de Palautordera;41.70323995;2.436935178;231;3099
08208;Sant Esteve Sesrovires;sant esteve sesrovires;Barcelona;barcelona;Cataluña/Catalunya;Sant Esteve Sesrovires;41.49324689;1.874316012;170;8112
08209;Sant Fost de Campsentelles;sant fost de campsentelles;Barcelona;barcelona;Cataluña/Catalunya;Sant Fost de Campsentelles;41.51874683;2.232945056;99;9400
08210;Sant Feliu de Codines;sant feliu de codines;Barcelona;barcelona;Cataluña/Catalunya;Sant Feliu de Codines;41.68890972;2.164521692;474;6821
08211;Sant Feliu de Llobregat;sant feliu de llobregat;Barcelona;barcelona;Cataluña/Catalunya;Sant Feliu de Llobregat;41.38081997;2.04502085;23;46688
08212;Sant Feliu Sasserra;sant feliu sasserra;Barcelona;barcelona;Cataluña/Catalunya;Sant Feliu Sasserra;41.94459627;2.022475233;617;634
08213;Sant Fruitós de Bages;sant fruitos de bages;Barcelona;barcelona;Cataluña/Catalunya;Sant Fruitós de Bages;41.75071238;1.873511663;261;9324
08214;Vilassar de Dalt;vilassar de dalt;Barcelona;barcelona;Cataluña/Catalunya;Vilassar de Dalt;41.51703555;2.358541499;130;9433
08215;Sant Hipòlit de Voltregà;sant hipolit de voltrega;Barcelona;barcelona;Cataluña/Catalunya;Sant Hipòlit de Voltregà;42.01549034;2.236408851;526;3649
08216;Sant Jaume de Frontanyà;sant jaume de frontanya;Barcelona;barcelona;Cataluña/Catalunya;Sant Jaume de Frontanyà;42.18737987;2.02364147;1073;25
08217;Sant Joan Despí;sant joan despi;Barcelona;barcelona;Cataluña/Catalunya;Sant Joan Despí;41.36785304;2.055005685;14;35811
08218;Sant Joan de Vilatorrada;sant joan de vilatorrada;Barcelona;barcelona;Cataluña/Catalunya;Sant Joan de Vilatorrada;41.74567774;1.805357497;224;11109
08219;Vilassar de Mar;vilassar de mar;Barcelona;barcelona;Cataluña/Catalunya;Vilassar de Mar;41.50248508;2.392443021;5;21234
08220;Sant Julià de Vilatorta;sant julia de vilatorta;Barcelona;barcelona;Cataluña/Catalunya;Sant Julià de Vilatorta;41.9225763;2.325519768;595;3336
08221;Sant Just Desvern;sant just desvern;Barcelona;barcelona;Cataluña/Catalunya;Sant Just Desvern;41.38607342;2.075569473;118;21045
08222;Sant Llorenç d'Hortons;sant llorenc d'hortons;Barcelona;barcelona;Cataluña/Catalunya;Sant Llorenç d'Hortons;41.46793678;1.824537393;197;2621
08223;Sant Llorenç Savall;sant llorenc savall;Barcelona;barcelona;Cataluña/Catalunya;Sant Llorenç Savall;41.68049709;2.057647781;479;2591
08224;Sant Martí de Centelles;sant marti de centelles;Barcelona;barcelona;Cataluña/Catalunya;Sant Martí de Centelles;41.76581942;2.20457246;730;1261
08225;Sant Martí d'Albars;sant marti d'albars;Barcelona;barcelona;Cataluña/Catalunya;Sant Martí d'Albars;42.02792876;2.07417404;632;135
08226;Sant Martí de Tous;sant marti de tous;Barcelona;barcelona;Cataluña/Catalunya;Sant Martí de Tous;41.56078182;1.523365478;447;1269
08227;Sant Martí Sarroca;sant marti sarroca;Barcelona;barcelona;Cataluña/Catalunya;Sant Martí Sarroca;41.38411633;1.611296971;287;3476
08228;Sant Martí Sesgueioles;sant marti sesgueioles;Barcelona;barcelona;Cataluña/Catalunya;Sant Martí Sesgueioles;41.70204954;1.488162378;637;353
08229;Sant Mateu de Bages;sant mateu de bages;Barcelona;barcelona;Cataluña/Catalunya;Sant Mateu de Bages;41.79659864;1.732606191;570;640
08230;Premià de Dalt;premia de dalt;Barcelona;barcelona;Cataluña/Catalunya;Premià de Dalt;41.50550623;2.346198622;112;10601
08231;Sant Pere de Ribes;sant pere de ribes;Barcelona;barcelona;Cataluña/Catalunya;Sant Pere de Ribes;41.26244603;1.77208075;44;32613
08232;Sant Pere de Riudebitlles;sant pere de riudebitlles;Barcelona;barcelona;Cataluña/Catalunya;Sant Pere de Riudebitlles;41.45355001;1.701609177;248;2512
08233;Sant Pere de Torelló;sant pere de torello;Barcelona;barcelona;Cataluña/Catalunya;Sant Pere de Torelló;42.0759304;2.295894829;622;2607
08234;Sant Pere de Vilamajor;sant pere de vilamajor;Barcelona;barcelona;Cataluña/Catalunya;Sant Pere de Vilamajor;41.68501952;2.390732395;296;5069
08235;Sant Pol de Mar;sant pol de mar;Barcelona;barcelona;Cataluña/Catalunya;Sant Pol de Mar;41.60015049;2.621293523;5;5778
08236;Sant Quintí de Mediona;sant quinti de mediona;Barcelona;barcelona;Cataluña/Catalunya;Sant Quintí de Mediona;41.46199655;1.663027314;324;2585
08237;Sant Quirze de Besora;sant quirze de besora;Barcelona;barcelona;Cataluña/Catalunya;Sant Quirze de Besora;42.10031705;2.22269231;579;2163
08238;Sant Quirze del Vallès;sant quirze del valles;Barcelona;barcelona;Cataluña/Catalunya;Sant Quirze del Vallès;41.53328286;2.080746774;187;20175
08239;Sant Quirze Safaja;sant quirze safaja;Barcelona;barcelona;Cataluña/Catalunya;Sant Quirze Safaja;41.72731534;2.153061432;595;664
08240;Sant Sadurní d'Anoia;sant sadurni d'anoia;Barcelona;barcelona;Cataluña/Catalunya;Sant Sadurní d'Anoia;41.42412175;1.786826729;164;12930
08241;Sant Sadurní d'Osormort;sant sadurni d'osormort;Barcelona;barcelona;Cataluña/Catalunya;Sant Sadurní d'Osormort;41.90322603;2.38145484;524;86
08242;Marganell;marganell;Barcelona;barcelona;Cataluña/Catalunya;Marganell;41.64046024;1.790139033;312;311
08243;Santa Cecília de Voltregà;santa cecilia de voltrega;Barcelona;barcelona;Cataluña/Catalunya;Santa Cecília de Voltregà;41.99257863;2.22243269;517;197
08244;Santa Coloma de Cervelló;santa coloma de cervello;Barcelona;barcelona;Cataluña/Catalunya;Santa Coloma de Cervelló;41.36874359;2.016176838;61;8275
08245;Santa Coloma de Gramenet;santa coloma de gramenet;Barcelona;barcelona;Cataluña/Catalunya;Santa Coloma de Gramenet;41.452234;2.20788322;35;123250
08246;Santa Eugènia de Berga;santa eugenia de berga;Barcelona;barcelona;Cataluña/Catalunya;Santa Eugènia de Berga;41.90023339;2.282964801;538;2350
08247;Santa Eulàlia de Riuprimer;santa eulalia de riuprimer;Barcelona;barcelona;Cataluña/Catalunya;Santa Eulàlia de Riuprimer;41.91109786;2.187759594;575;1516
08248;Santa Eulàlia de Ronçana;santa eulalia de roncana;Barcelona;barcelona;Cataluña/Catalunya;Santa Eulàlia de Ronçana;41.65232168;2.229169749;197;7955
08249;Santa Fe del Penedès;santa fe del penedes;Barcelona;barcelona;Cataluña/Catalunya;Santa Fe del Penedès;41.38444841;1.721254122;239;367
08250;Santa Margarida de Montbui;santa margarida de montbui;Barcelona;barcelona;Cataluña/Catalunya;Santa Margarida de Montbui;41.57463;1.60867;320;10601
08251;Santa Margarida i els Monjos;santa margarida i els monjos;Barcelona;barcelona;Cataluña/Catalunya;Santa Margarida i els Monjos;41.32110517;1.662892181;167;7775
08252;Barberà del Vallès;barbera del valles;Barcelona;barcelona;Cataluña/Catalunya;Barberà del Vallès;41.51554387;2.124781471;134;34031
08253;Santa Maria de Besora;santa maria de besora;Barcelona;barcelona;Cataluña/Catalunya;Santa Maria de Besora;42.12676151;2.258205146;868;164
08254;Esquirol, L';esquirol, l';Barcelona;barcelona;Cataluña/Catalunya;Esquirol, L';42.03490094;2.368807525;692;2303
08255;Santa Maria de Merlès;santa maria de merles;Barcelona;barcelona;Cataluña/Catalunya;Santa Maria de Merlès;42.00097122;1.97835626;531;179
08256;Santa Maria de Martorelles;santa maria de martorelles;Barcelona;barcelona;Cataluña/Catalunya;Santa Maria de Martorelles;41.51988696;2.253755917;180;867
08257;Santa Maria de Miralles;santa maria de miralles;Barcelona;barcelona;Cataluña/Catalunya;Santa Maria de Miralles;41.50067917;1.528005136;500;144
08258;Santa Maria d'Oló;santa maria d'olo;Barcelona;barcelona;Cataluña/Catalunya;Santa Maria d'Oló;41.87404476;2.034872016;508;1100
08259;Santa Maria de Palautordera;santa maria de palautordera;Barcelona;barcelona;Cataluña/Catalunya;Santa Maria de Palautordera;41.69297004;2.446144659;206;10060
08260;Santa Perpètua de Mogoda;santa perpetua de mogoda;Barcelona;barcelona;Cataluña/Catalunya;Santa Perpètua de Mogoda;41.53448513;2.183508255;69;26101
08261;Santa Susanna;santa susanna;Barcelona;barcelona;Cataluña/Catalunya;Santa Susanna;41.63527208;2.70757338;9;4049
08262;Sant Vicenç de Castellet;sant vicenc de castellet;Barcelona;barcelona;Cataluña/Catalunya;Sant Vicenç de Castellet;41.66566416;1.863874624;168.71;10167
08263;Sant Vicenç dels Horts;sant vicenc dels horts;Barcelona;barcelona;Cataluña/Catalunya;Sant Vicenç dels Horts;41.39325116;2.00951698;29;28760
08264;Sant Vicenç de Montalt;sant vicenc de montalt;Barcelona;barcelona;Cataluña/Catalunya;Sant Vicenç de Montalt;41.57825769;2.509518425;139;6829
08265;Sant Vicenç de Torelló;sant vicenc de torello;Barcelona;barcelona;Cataluña/Catalunya;Sant Vicenç de Torelló;42.06258905;2.274066403;562;2118
08266;Cerdanyola del Vallès;cerdanyola del valles;Barcelona;barcelona;Cataluña/Catalunya;Cerdanyola del Vallès;41.49103986;2.14068408;82;58264
08267;Sentmenat;sentmenat;Barcelona;barcelona;Cataluña/Catalunya;Sentmenat;41.60860613;2.135742162;212;9528
08268;Cercs;cercs;Barcelona;barcelona;Cataluña/Catalunya;Cercs;42.14602044;1.862007415;643;1236
08269;Seva;seva;Barcelona;barcelona;Cataluña/Catalunya;Seva;41.83867828;2.280298491;666;3818
08270;Sitges;sitges;Barcelona;barcelona;Cataluña/Catalunya;Sitges;41.2350931;1.811855189;14;32690
08271;Sobremunt;sobremunt;Barcelona;barcelona;Cataluña/Catalunya;Sobremunt;42.03528975;2.167529381;876;89
08272;Sora;sora;Barcelona;barcelona;Cataluña/Catalunya;Sora;42.11083257;2.159763948;695;225
08273;Subirats;subirats;Barcelona;barcelona;Cataluña/Catalunya;Subirats;41.38244421;1.794654128;249;3287
08274;Súria;suria;Barcelona;barcelona;Cataluña/Catalunya;Súria;41.83102955;1.754290503;286;6196
08275;Tavèrnoles;tavernoles;Barcelona;barcelona;Cataluña/Catalunya;Tavèrnoles;41.95217174;2.326417557;536;354
08276;Tagamanent;tagamanent;Barcelona;barcelona;Cataluña/Catalunya;Tagamanent;41.73744433;2.26717419;340;329
08277;Talamanca;talamanca;Barcelona;barcelona;Cataluña/Catalunya;Talamanca;41.73826611;1.977226406;553;209
08278;Taradell;taradell;Barcelona;barcelona;Cataluña/Catalunya;Taradell;41.87368679;2.28747892;631;6838
08279;Terrassa;terrassa;Barcelona;barcelona;Cataluña/Catalunya;Terrassa;41.56314237;2.01013;283;232676
08280;Tavertet;tavertet;Barcelona;barcelona;Cataluña/Catalunya;Tavertet;41.99682102;2.418481527;857;128
08281;Teià;teia;Barcelona;barcelona;Cataluña/Catalunya;Teià;41.49963068;2.31983521;119;6894
08282;Tiana;tiana;Barcelona;barcelona;Cataluña/Catalunya;Tiana;41.48166409;2.269032942;111;9362
08283;Tona;tona;Barcelona;barcelona;Cataluña/Catalunya;Tona;41.84992341;2.229155697;584;8513
08284;Tordera;tordera;Barcelona;barcelona;Cataluña/Catalunya;Tordera;41.70171978;2.718588087;32;19047
08285;Torelló;torello;Barcelona;barcelona;Cataluña/Catalunya;Torelló;42.04659894;2.262838527;509;15334
08286;Torre de Claramunt, La;torre de claramunt, la;Barcelona;barcelona;Cataluña/Catalunya;Torre de Claramunt, La;41.53353277;1.658238515;353;4154
08287;Torrelavit;torrelavit;Barcelona;barcelona;Cataluña/Catalunya;Torrelavit;41.44635938;1.729907058;192;1575
08288;Torrelles de Foix;torrelles de foix;Barcelona;barcelona;Cataluña/Catalunya;Torrelles de Foix;41.38805682;1.572642215;368;2751
08289;Torrelles de Llobregat;torrelles de llobregat;Barcelona;barcelona;Cataluña/Catalunya;Torrelles de Llobregat;41.35912187;1.981097342;124;6162
08290;Ullastrell;ullastrell;Barcelona;barcelona;Cataluña/Catalunya;Ullastrell;41.52681074;1.956747805;323;2170
08291;Vacarisses;vacarisses;Barcelona;barcelona;Cataluña/Catalunya;Vacarisses;41.60589503;1.918738335;397.69;7710
08292;Vallbona d'Anoia;vallbona d'anoia;Barcelona;barcelona;Cataluña/Catalunya;Vallbona d'Anoia;41.51989233;1.709582483;294;1420
08293;Vallcebre;vallcebre;Barcelona;barcelona;Cataluña/Catalunya;Vallcebre;42.20328919;1.817486171;1125;260
08294;Vallgorguina;vallgorguina;Barcelona;barcelona;Cataluña/Catalunya;Vallgorguina;41.64756653;2.510634543;222;3273
08295;Vallirana;vallirana;Barcelona;barcelona;Cataluña/Catalunya;Vallirana;41.38793218;1.931902738;177;16239
08296;Vallromanes;vallromanes;Barcelona;barcelona;Cataluña/Catalunya;Vallromanes;41.53177552;2.29788883;153;2782
08297;Veciana;veciana;Barcelona;barcelona;Cataluña/Catalunya;Veciana;41.65600273;1.488443963;564;170
08298;Vic;vic;Barcelona;barcelona;Cataluña/Catalunya;Vic;41.92991328;2.255047931;498;50405
08299;Vilada;vilada;Barcelona;barcelona;Cataluña/Catalunya;Vilada;42.13723915;1.931110553;734;430
08300;Viladecavalls;viladecavalls;Barcelona;barcelona;Cataluña/Catalunya;Viladecavalls;41.55495127;1.954145711;267;7816
08301;Viladecans;viladecans;Barcelona;barcelona;Cataluña/Catalunya;Viladecans;41.31605078;2.01994303;12;67536
08302;Vilanova del Camí;vilanova del cami;Barcelona;barcelona;Cataluña/Catalunya;Vilanova del Camí;41.57225833;1.634180082;298;12886
08303;Vilanova de Sau;vilanova de sau;Barcelona;barcelona;Cataluña/Catalunya;Vilanova de Sau;41.94731801;2.384034853;563;325
08304;Vilobí del Penedès;vilobi del penedes;Barcelona;barcelona;Cataluña/Catalunya;Vilobí del Penedès;41.39025045;1.663438864;259;1157
08305;Vilafranca del Penedès;vilafranca del penedes;Barcelona;barcelona;Cataluña/Catalunya;Vilafranca del Penedès;41.34650425;1.698030084;240;42561
08306;Vilalba Sasserra;vilalba sasserra;Barcelona;barcelona;Cataluña/Catalunya;Vilalba Sasserra;41.65297983;2.441035144;219;790
08307;Vilanova i la Geltrú;vilanova i la geltru;Barcelona;barcelona;Cataluña/Catalunya;Vilanova i la Geltrú;41.22402976;1.726051997;17;71305
08308;Viver i Serrateix;viver i serrateix;Barcelona;barcelona;Cataluña/Catalunya;Viver i Serrateix;41.94689042;1.77831767;752;178
08901;Rupit i Pruit;rupit i pruit;Barcelona;barcelona;Cataluña/Catalunya;Rupit i Pruit;42.02340147;2.464694469;841;277
08902;Vilanova del Vallès;vilanova del valles;Barcelona;barcelona;Cataluña/Catalunya;Vilanova del Vallès;41.55403777;2.288925596;90;5697
08903;Sant Julià de Cerdanyola;sant julia de cerdanyola;Barcelona;barcelona;Cataluña/Catalunya;Sant Julià de Cerdanyola;42.2224093;1.892634165;960;234
08904;Badia del Vallès;badia del valles;Barcelona;barcelona;Cataluña/Catalunya;Badia del Vallès;41.50892367;2.113718172;120;13058
08905;Palma de Cervelló, La;palma de cervello, la;Barcelona;barcelona;Cataluña/Catalunya;Palma de Cervelló, La;41.41089716;1.971363038;86;3059
09001;Abajas;abajas;Burgos;burgos;Castilla y León;Abajas;42.62292882;-3.582812343;843;28
09003;Adrada de Haza;adrada de haza;Burgos;burgos;Castilla y León;Adrada de Haza;41.59464976;-3.823309834;821;198
09006;Aguas Cándidas;aguas candidas;Burgos;burgos;Castilla y León;Aguas Cándidas;42.71635241;-3.502786103;716;61
09007;Aguilar de Bureba;aguilar de bureba;Burgos;burgos;Castilla y León;Aguilar de Bureba;42.58984581;-3.328160469;688;46
09009;Albillos;albillos;Burgos;burgos;Castilla y León;Albillos;42.27578883;-3.791185532;828;220
09010;Alcocero de Mola;alcocero de mola;Burgos;burgos;Castilla y León;Alcocero de Mola;42.47357633;-3.357922261;798;40
09011;Alfoz de Bricia;alfoz de bricia;Burgos;burgos;Castilla y León;Alfoz de Bricia;42.90751582;-3.84781048;1021;69
09012;Alfoz de Santa Gadea;alfoz de santa gadea;Burgos;burgos;Castilla y León;Alfoz de Santa Gadea;42.95530737;-3.952757764;894;102
09013;Altable;altable;Burgos;burgos;Castilla y León;Altable;42.6027397;-3.077499323;708;42
09014;Altos, Los;altos, los;Burgos;burgos;Castilla y León;Altos, Los;42.80615538;-3.63190764;1015;181
09016;Ameyugo;ameyugo;Burgos;burgos;Castilla y León;Ameyugo;42.65603141;-3.061631265;552;107
09017;Anguix;anguix;Burgos;burgos;Castilla y León;Anguix;41.75343621;-3.932613719;811;171
09018;Aranda de Duero;aranda de duero;Burgos;burgos;Castilla y León;Aranda de Duero;41.67019102;-3.689687939;786;33904
09019;Arandilla;arandilla;Burgos;burgos;Castilla y León;Arandilla;41.7378542;-3.428805168;881;157
09020;Arauzo de Miel;arauzo de miel;Burgos;burgos;Castilla y León;Arauzo de Miel;41.86004829;-3.387285169;999;258
09021;Arauzo de Salce;arauzo de salce;Burgos;burgos;Castilla y León;Arauzo de Salce;41.81949174;-3.412254274;942;44
09022;Arauzo de Torre;arauzo de torre;Burgos;burgos;Castilla y León;Arauzo de Torre;41.79768741;-3.423093393;922;56
09023;Arcos;arcos;Burgos;burgos;Castilla y León;Arcos;42.26480774;-3.756402964;849;1819
09024;Arenillas de Riopisuerga;arenillas de riopisuerga;Burgos;burgos;Castilla y León;Arenillas de Riopisuerga;42.35764346;-4.234080438;790;156
09025;Arija;arija;Burgos;burgos;Castilla y León;Arija;42.98628101;-3.960109694;853;115
09026;Arlanzón;arlanzon;Burgos;burgos;Castilla y León;Arlanzón;42.32163846;-3.460309537;979;429
09027;Arraya de Oca;arraya de oca;Burgos;burgos;Castilla y León;Arraya de Oca;42.41554626;-3.397773222;926;49
09029;Atapuerca;atapuerca;Burgos;burgos;Castilla y León;Atapuerca;42.37620164;-3.508065457;954;181
09030;Ausines, Los;ausines, los;Burgos;burgos;Castilla y León;Ausines, Los;42.22767533;-3.5986055;910;143
09032;Avellanosa de Muñó;avellanosa de muno;Burgos;burgos;Castilla y León;Avellanosa de Muñó;41.98310704;-3.824058973;871;95
09033;Bahabón de Esgueva;bahabon de esgueva;Burgos;burgos;Castilla y León;Bahabón de Esgueva;41.86120666;-3.73040017;915;81
09034;Balbases, Los;balbases, los;Burgos;burgos;Castilla y León;Balbases, Los;42.21506377;-4.065316302;800;302
09035;Baños de Valdearados;banos de valdearados;Burgos;burgos;Castilla y León;Baños de Valdearados;41.76986932;-3.55489508;864;322
09036;Bañuelos de Bureba;banuelos de bureba;Burgos;burgos;Castilla y León;Bañuelos de Bureba;42.50077732;-3.280739417;778;32
09037;Barbadillo de Herreros;barbadillo de herreros;Burgos;burgos;Castilla y León;Barbadillo de Herreros;42.14912772;-3.176960458;1117;104
09038;Barbadillo del Mercado;barbadillo del mercado;Burgos;burgos;Castilla y León;Barbadillo del Mercado;42.03927049;-3.358211107;951;133
09039;Barbadillo del Pez;barbadillo del pez;Burgos;burgos;Castilla y León;Barbadillo del Pez;42.11877857;-3.227863018;1050;65
09041;Barrio de Muñó;barrio de muno;Burgos;burgos;Castilla y León;Barrio de Muñó;42.17447455;-4.008527027;778;32
09043;Barrios de Bureba, Los;barrios de bureba, los;Burgos;burgos;Castilla y León;Barrios de Bureba, Los;42.64566998;-3.391543996;631;179
09044;Barrios de Colina;barrios de colina;Burgos;burgos;Castilla y León;Barrios de Colina;42.39573682;-3.463830143;955;55
09045;Basconcillos del Tozo;basconcillos del tozo;Burgos;burgos;Castilla y León;Basconcillos del Tozo;42.7013473;-3.988016056;916;275
09046;Bascuñana;bascunana;Burgos;burgos;Castilla y León;Bascuñana;42.42455966;-3.082417422;803;20
09047;Belbimbre;belbimbre;Burgos;burgos;Castilla y León;Belbimbre;42.16910948;-4.012024666;789;53
09048;Belorado;belorado;Burgos;burgos;Castilla y León;Belorado;42.42028835;-3.189827177;770;1830
09050;Berberana;berberana;Burgos;burgos;Castilla y León;Berberana;42.91806946;-3.059899077;621;52
09051;Berlangas de Roa;berlangas de roa;Burgos;burgos;Castilla y León;Berlangas de Roa;41.68885013;-3.873159628;778;203
09052;Berzosa de Bureba;berzosa de bureba;Burgos;burgos;Castilla y León;Berzosa de Bureba;42.62709739;-3.266513887;683;26
09054;Bozoó;bozoo;Burgos;burgos;Castilla y León;Bozoó;42.7260162;-3.085203806;576;101
09055;Brazacorta;brazacorta;Burgos;burgos;Castilla y León;Brazacorta;41.71777974;-3.365844853;915;43
09056;Briviesca;briviesca;Burgos;burgos;Castilla y León;Briviesca;42.5503157;-3.323528419;716;6711
09057;Bugedo;bugedo;Burgos;burgos;Castilla y León;Bugedo;42.64887116;-3.017872637;536;194
09058;Buniel;buniel;Burgos;burgos;Castilla y León;Buniel;42.31064293;-3.822858649;823;626
09059;Burgos;burgos;Burgos;burgos;Castilla y León;Burgos;42.34058464;-3.702175883;855;178370
09060;Busto de Bureba;busto de bureba;Burgos;burgos;Castilla y León;Busto de Bureba;42.65902457;-3.266130302;711;140
09061;Cabañes de Esgueva;cabanes de esgueva;Burgos;burgos;Castilla y León;Cabañes de Esgueva;41.83149408;-3.784914665;887;144
09062;Cabezón de la Sierra;cabezon de la sierra;Burgos;burgos;Castilla y León;Cabezón de la Sierra;41.93415596;-3.24108066;1010;33
09063;Cavia;cavia;Burgos;burgos;Castilla y León;Cavia;42.2843136;-3.84672744;808;252
09064;Caleruega;caleruega;Burgos;burgos;Castilla y León;Caleruega;41.82551516;-3.487609425;953;377
09065;Campillo de Aranda;campillo de aranda;Burgos;burgos;Castilla y León;Campillo de Aranda;41.61043833;-3.731739609;908;174
09066;Campolara;campolara;Burgos;burgos;Castilla y León;Campolara;42.11980087;-3.428429712;974;46
09067;Canicosa de la Sierra;canicosa de la sierra;Burgos;burgos;Castilla y León;Canicosa de la Sierra;41.93610275;-3.042150477;1129;410
09068;Cantabrana;cantabrana;Burgos;burgos;Castilla y León;Cantabrana;42.73364013;-3.4676537;636;22
09070;Carazo;carazo;Burgos;burgos;Castilla y León;Carazo;41.96774829;-3.354136952;1120;42
09071;Carcedo de Bureba;carcedo de bureba;Burgos;burgos;Castilla y León;Carcedo de Bureba;42.57698108;-3.49895916;780;36
09072;Carcedo de Burgos;carcedo de burgos;Burgos;burgos;Castilla y León;Carcedo de Burgos;42.28608399;-3.622939623;990;514
09073;Cardeñadijo;cardenadijo;Burgos;burgos;Castilla y León;Cardeñadijo;42.30031137;-3.666604721;895;1446
09074;Cardeñajimeno;cardenajimeno;Burgos;burgos;Castilla y León;Cardeñajimeno;42.33091948;-3.621778053;925;1186
09075;Cardeñuela Riopico;cardenuela riopico;Burgos;burgos;Castilla y León;Cardeñuela Riopico;42.35951354;-3.559844896;923;106
09076;Carrias;carrias;Burgos;burgos;Castilla y León;Carrias;42.48107512;-3.284409756;817;26
09077;Cascajares de Bureba;cascajares de bureba;Burgos;burgos;Castilla y León;Cascajares de Bureba;42.68000697;-3.238573531;811;25
09078;Cascajares de la Sierra;cascajares de la sierra;Burgos;burgos;Castilla y León;Cascajares de la Sierra;42.06207961;-3.400015921;924;25
09079;Castellanos de Castro;castellanos de castro;Burgos;burgos;Castilla y León;Castellanos de Castro;42.32871531;-4.034335759;872;48
09082;Castildelgado;castildelgado;Burgos;burgos;Castilla y León;Castildelgado;42.43663119;-3.085570433;769;34
09083;Castil de Peones;castil de peones;Burgos;burgos;Castilla y León;Castil de Peones;42.48387923;-3.384310837;788;26
09084;Castrillo de la Reina;castrillo de la reina;Burgos;burgos;Castilla y León;Castrillo de la Reina;41.98673847;-3.236777807;979;159
09085;Castrillo de la Vega;castrillo de la vega;Burgos;burgos;Castilla y León;Castrillo de la Vega;41.65041683;-3.781231907;802;627
09086;Castrillo del Val;castrillo del val;Burgos;burgos;Castilla y León;Castrillo del Val;42.31430927;-3.584896316;940;857
09088;Castrillo de Riopisuerga;castrillo de riopisuerga;Burgos;burgos;Castilla y León;Castrillo de Riopisuerga;42.51544387;-4.252171782;821;56
09090;Castrillo Mota de Judíos;castrillo mota de judios;Burgos;burgos;Castilla y León;Castrillo Mota de Judíos;42.30775576;-4.172515359;790;49
09091;Castrojeriz;castrojeriz;Burgos;burgos;Castilla y León;Castrojeriz;42.28828723;-4.139392204;815;792
09093;Cayuela;cayuela;Burgos;burgos;Castilla y León;Cayuela;42.2724135;-3.818525408;822;185
09094;Cebrecos;cebrecos;Burgos;burgos;Castilla y León;Cebrecos;41.98487122;-3.59626288;970;60
09095;Celada del Camino;celada del camino;Burgos;burgos;Castilla y León;Celada del Camino;42.26352318;-3.933798665;799;91
09098;Cerezo de Río Tirón;cerezo de rio tiron;Burgos;burgos;Castilla y León;Cerezo de Río Tirón;42.49123303;-3.13566695;642;469
09100;Cerratón de Juarros;cerraton de juarros;Burgos;burgos;Castilla y León;Cerratón de Juarros;42.4236963;-3.375135532;953;42
09101;Ciadoncha;ciadoncha;Burgos;burgos;Castilla y León;Ciadoncha;42.15921266;-3.933765683;795;78
09102;Cillaperlata;cillaperlata;Burgos;burgos;Castilla y León;Cillaperlata;42.78217702;-3.358458184;547;31
09103;Cilleruelo de Abajo;cilleruelo de abajo;Burgos;burgos;Castilla y León;Cilleruelo de Abajo;41.88417133;-3.79584562;916;211
09104;Cilleruelo de Arriba;cilleruelo de arriba;Burgos;burgos;Castilla y León;Cilleruelo de Arriba;41.90489353;-3.660106852;966;53
09105;Ciruelos de Cervera;ciruelos de cervera;Burgos;burgos;Castilla y León;Ciruelos de Cervera;41.90606021;-3.53016723;1024;90
09108;Cogollos;cogollos;Burgos;burgos;Castilla y León;Cogollos;42.19936194;-3.699484229;888;686
09109;Condado de Treviño;condado de trevino;Burgos;burgos;Castilla y León;Condado de Treviño;42.73490457;-2.7469426;558;1472
09110;Contreras;contreras;Burgos;burgos;Castilla y León;Contreras;42.01958231;-3.40974625;1028;81
09112;Coruña del Conde;coruna del conde;Burgos;burgos;Castilla y León;Coruña del Conde;41.76576802;-3.390800433;899;95
09113;Covarrubias;covarrubias;Burgos;burgos;Castilla y León;Covarrubias;42.059253;-3.52019;880;507
09114;Cubillo del Campo;cubillo del campo;Burgos;burgos;Castilla y León;Cubillo del Campo;42.16855506;-3.610752084;990;105
09115;Cubo de Bureba;cubo de bureba;Burgos;burgos;Castilla y León;Cubo de Bureba;42.64031921;-3.207796507;684;102
09117;Cueva de Roa, La;cueva de roa, la;Burgos;burgos;Castilla y León;Cueva de Roa, La;41.66679282;-3.939896524;766;88
09119;Cuevas de San Clemente;cuevas de san clemente;Burgos;burgos;Castilla y León;Cuevas de San Clemente;42.13012693;-3.568440005;1033;52
09120;Encío;encio;Burgos;burgos;Castilla y León;Encío;42.67046641;-3.08738906;661;37
09122;Espinosa de Cervera;espinosa de cervera;Burgos;burgos;Castilla y León;Espinosa de Cervera;41.89627282;-3.469865908;1030;82
09123;Espinosa del Camino;espinosa del camino;Burgos;burgos;Castilla y León;Espinosa del Camino;42.40703449;-3.279312565;890;43
09124;Espinosa de los Monteros;espinosa de los monteros;Burgos;burgos;Castilla y León;Espinosa de los Monteros;43.07696735;-3.552343477;749;1625
09125;Estépar;estepar;Burgos;burgos;Castilla y León;Estépar;42.27699146;-3.89810797;811;646
09127;Fontioso;fontioso;Burgos;burgos;Castilla y León;Fontioso;41.94343488;-3.73864178;974;52
09128;Frandovínez;frandovinez;Burgos;burgos;Castilla y León;Frandovínez;42.30932037;-3.837683711;821;95
09129;Fresneda de la Sierra Tirón;fresneda de la sierra tiron;Burgos;burgos;Castilla y León;Fresneda de la Sierra Tirón;42.31478632;-3.135899262;981;98
09130;Fresneña;fresnena;Burgos;burgos;Castilla y León;Fresneña;42.41354207;-3.134160626;850;68
09131;Fresnillo de las Dueñas;fresnillo de las duenas;Burgos;burgos;Castilla y León;Fresnillo de las Dueñas;41.64772494;-3.646138833;803;702
09132;Fresno de Río Tirón;fresno de rio tiron;Burgos;burgos;Castilla y León;Fresno de Río Tirón;42.46022436;-3.175733343;704;156
09133;Fresno de Rodilla;fresno de rodilla;Burgos;burgos;Castilla y León;Fresno de Rodilla;42.42007229;-3.483972082;975;49
09134;Frías;frias;Burgos;burgos;Castilla y León;Frías;42.76274958;-3.293143937;580;258
09135;Fuentebureba;fuentebureba;Burgos;burgos;Castilla y León;Fuentebureba;42.63392161;-3.234345793;681;59
09136;Fuentecén;fuentecen;Burgos;burgos;Castilla y León;Fuentecén;41.62785929;-3.86792673;816;244
09137;Fuentelcésped;fuentelcesped;Burgos;burgos;Castilla y León;Fuentelcésped;41.59129434;-3.640252503;887;288
09138;Fuentelisendo;fuentelisendo;Burgos;burgos;Castilla y León;Fuentelisendo;41.62290321;-3.901438804;840;99
09139;Fuentemolinos;fuentemolinos;Burgos;burgos;Castilla y León;Fuentemolinos;41.6049033;-3.850003742;879;89
09140;Fuentenebro;fuentenebro;Burgos;burgos;Castilla y León;Fuentenebro;41.52738901;-3.753902728;918;136
09141;Fuentespina;fuentespina;Burgos;burgos;Castilla y León;Fuentespina;41.63166514;-3.686045376;821;834
09143;Galbarros;galbarros;Burgos;burgos;Castilla y León;Galbarros;42.52763786;-3.437760838;945;28
09144;Gallega, La;gallega, la;Burgos;burgos;Castilla y León;Gallega, La;41.89854883;-3.263891469;1110;34
09148;Grijalba;grijalba;Burgos;burgos;Castilla y León;Grijalba;42.4293413;-4.119097732;813;117
09149;Grisaleña;grisalena;Burgos;burgos;Castilla y León;Grisaleña;42.59155502;-3.264181029;740;58
09151;Gumiel de Izán;gumiel de izan;Burgos;burgos;Castilla y León;Gumiel de Izán;41.77320581;-3.687604023;855;586
09152;Gumiel de Mercado;gumiel de mercado;Burgos;burgos;Castilla y León;Gumiel de Mercado;41.75726021;-3.802029315;829;380
09154;Hacinas;hacinas;Burgos;burgos;Castilla y León;Hacinas;41.98545716;-3.28688781;993;144
09155;Haza;haza;Burgos;burgos;Castilla y León;Haza;41.62111498;-3.830884733;910;32
09159;Hontanas;hontanas;Burgos;burgos;Castilla y León;Hontanas;42.31323044;-4.045611427;862;69
09160;Hontangas;hontangas;Burgos;burgos;Castilla y León;Hontangas;41.58303886;-3.795530863;829;92
09162;Hontoria de la Cantera;hontoria de la cantera;Burgos;burgos;Castilla y León;Hontoria de la Cantera;42.18828521;-3.641970796;938;172
09163;Hontoria del Pinar;hontoria del pinar;Burgos;burgos;Castilla y León;Hontoria del Pinar;41.84776273;-3.164910295;1050;613
09164;Hontoria de Valdearados;hontoria de valdearados;Burgos;burgos;Castilla y León;Hontoria de Valdearados;41.74325451;-3.520028935;861;156
09166;Hormazas, Las;hormazas, las;Burgos;burgos;Castilla y León;Hormazas, Las;42.52550063;-3.92907399;903;93
09167;Hornillos del Camino;hornillos del camino;Burgos;burgos;Castilla y León;Hornillos del Camino;42.33866403;-3.926644077;824;44
09168;Horra, La;horra, la;Burgos;burgos;Castilla y León;Horra, La;41.740559;-3.875112;806;295
09169;Hortigüela;hortiguela;Burgos;burgos;Castilla y León;Hortigüela;42.06811815;-3.425459763;933;103
09170;Hoyales de Roa;hoyales de roa;Burgos;burgos;Castilla y León;Hoyales de Roa;41.6590259;-3.862998534;791;209
09172;Huérmeces;huermeces;Burgos;burgos;Castilla y León;Huérmeces;42.52221419;-3.770490628;891;159
09173;Huerta de Arriba;huerta de arriba;Burgos;burgos;Castilla y León;Huerta de Arriba;42.11691067;-3.081881399;1207;121
09174;Huerta de Rey;huerta de rey;Burgos;burgos;Castilla y León;Huerta de Rey;41.83937877;-3.347221731;987;889
09175;Humada;humada;Burgos;burgos;Castilla y León;Humada;42.66715427;-4.085297556;949;113
09176;Hurones;hurones;Burgos;burgos;Castilla y León;Hurones;42.40597665;-3.613324488;910;58
09177;Ibeas de Juarros;ibeas de juarros;Burgos;burgos;Castilla y León;Ibeas de Juarros;42.33125969;-3.535547171;930;1504
09178;Ibrillos;ibrillos;Burgos;burgos;Castilla y León;Ibrillos;42.45403129;-3.08339489;742;30
09179;Iglesiarrubia;iglesiarrubia;Burgos;burgos;Castilla y León;Iglesiarrubia;41.97437395;-3.847431911;887;45
09180;Iglesias;iglesias;Burgos;burgos;Castilla y León;Iglesias;42.29809508;-3.990689748;850;134
09181;Isar;isar;Burgos;burgos;Castilla y León;Isar;42.36184489;-3.930107162;835;278
09182;Itero del Castillo;itero del castillo;Burgos;burgos;Castilla y León;Itero del Castillo;42.29021431;-4.24471908;776;74
09183;Jaramillo de la Fuente;jaramillo de la fuente;Burgos;burgos;Castilla y León;Jaramillo de la Fuente;42.11491225;-3.311802586;1056;45
09184;Jaramillo Quemado;jaramillo quemado;Burgos;burgos;Castilla y León;Jaramillo Quemado;42.08517321;-3.358871706;975;12
09189;Junta de Traslaloma;junta de traslaloma;Burgos;burgos;Castilla y León;Junta de Traslaloma;43.04205567;-3.388330936;700;118
09190;Junta de Villalba de Losa;junta de villalba de losa;Burgos;burgos;Castilla y León;Junta de Villalba de Losa;42.93537884;-3.08782904;666;79
09191;Jurisdicción de Lara;jurisdiccion de lara;Burgos;burgos;Castilla y León;Jurisdicción de Lara;42.1230737;-3.445009269;1018;39
09192;Jurisdicción de San Zadornil;jurisdiccion de san zadornil;Burgos;burgos;Castilla y León;Jurisdicción de San Zadornil;42.84213712;-3.159025542;648;62
09194;Lerma;lerma;Burgos;burgos;Castilla y León;Lerma;42.0267463;-3.756699387;859;2648
09195;Llano de Bureba;llano de bureba;Burgos;burgos;Castilla y León;Llano de Bureba;42.62441044;-3.458704304;643;45
09196;Madrigal del Monte;madrigal del monte;Burgos;burgos;Castilla y León;Madrigal del Monte;42.14445679;-3.675234943;931;141
09197;Madrigalejo del Monte;madrigalejo del monte;Burgos;burgos;Castilla y León;Madrigalejo del Monte;42.12441536;-3.725346185;894;161
09198;Mahamud;mahamud;Burgos;burgos;Castilla y León;Mahamud;42.11981566;-3.941095671;831;107
09199;Mambrilla de Castrejón;mambrilla de castrejon;Burgos;burgos;Castilla y León;Mambrilla de Castrejón;41.66654355;-3.98201429;823;106
09200;Mambrillas de Lara;mambrillas de lara;Burgos;burgos;Castilla y León;Mambrillas de Lara;42.09489109;-3.461604037;992;54
09201;Mamolar;mamolar;Burgos;burgos;Castilla y León;Mamolar;41.92715902;-3.362272973;1088;28
09202;Manciles;manciles;Burgos;burgos;Castilla y León;Manciles;42.45596939;-3.944802084;879;21
09206;Mazuela;mazuela;Burgos;burgos;Castilla y León;Mazuela;42.20711634;-3.918784145;826;55
09208;Mecerreyes;mecerreyes;Burgos;burgos;Castilla y León;Mecerreyes;42.09552322;-3.572408867;996;176
09209;Medina de Pomar;medina de pomar;Burgos;burgos;Castilla y León;Medina de Pomar;42.92815789;-3.486928884;590;6157
09211;Melgar de Fernamental;melgar de fernamental;Burgos;burgos;Castilla y León;Melgar de Fernamental;42.40359719;-4.244468376;806;1505
09213;Merindad de Cuesta-Urria;merindad de cuesta urria;Burgos;burgos;Castilla y León;Merindad de Cuesta-Urria;42.8429272;-3.417886569;560;263
09214;Merindad de Montija;merindad de montija;Burgos;burgos;Castilla y León;Merindad de Montija;43.06531953;-3.473927379;705;721
09215;Merindad de Sotoscueva;merindad de sotoscueva;Burgos;burgos;Castilla y León;Merindad de Sotoscueva;43.02735785;-3.627361404;641;400
09216;Merindad de Valdeporres;merindad de valdeporres;Burgos;burgos;Castilla y León;Merindad de Valdeporres;43.00624219;-3.741607545;676;411
09217;Merindad de Valdivielso;merindad de valdivielso;Burgos;burgos;Castilla y León;Merindad de Valdivielso;42.83166741;-3.541756898;628;385
09218;Milagros;milagros;Burgos;burgos;Castilla y León;Milagros;41.57519991;-3.697653115;843;407
09219;Miranda de Ebro;miranda de ebro;Burgos;burgos;Castilla y León;Miranda de Ebro;42.68285625;-2.952393142;460;36617
09220;Miraveche;miraveche;Burgos;burgos;Castilla y León;Miraveche;42.67331553;-3.201277672;797;93
09221;Modúbar de la Emparedada;modubar de la emparedada;Burgos;burgos;Castilla y León;Modúbar de la Emparedada;42.25982582;-3.659723954;886;771
09223;Monasterio de la Sierra;monasterio de la sierra;Burgos;burgos;Castilla y León;Monasterio de la Sierra;42.05124012;-3.193402012;1165;38
09224;Monasterio de Rodilla;monasterio de rodilla;Burgos;burgos;Castilla y León;Monasterio de Rodilla;42.45778874;-3.469563025;871;172
09225;Moncalvillo;moncalvillo;Burgos;burgos;Castilla y León;Moncalvillo;41.95403419;-3.19948624;1059;77
09226;Monterrubio de la Demanda;monterrubio de la demanda;Burgos;burgos;Castilla y León;Monterrubio de la Demanda;42.14939891;-3.113222382;1221;55
09227;Montorio;montorio;Burgos;burgos;Castilla y León;Montorio;42.58530757;-3.775792213;941;141
09228;Moradillo de Roa;moradillo de roa;Burgos;burgos;Castilla y León;Moradillo de Roa;41.55178482;-3.79214423;917;166
09229;Nava de Roa;nava de roa;Burgos;burgos;Castilla y León;Nava de Roa;41.61209259;-3.963726167;782;203
09230;Navas de Bureba;navas de bureba;Burgos;burgos;Castilla y León;Navas de Bureba;42.68224726;-3.326683023;763;24
09231;Nebreda;nebreda;Burgos;burgos;Castilla y León;Nebreda;41.96978495;-3.634391967;915;50
09232;Neila;neila;Burgos;burgos;Castilla y León;Neila;42.06014704;-2.99669544;1172;112
09235;Olmedillo de Roa;olmedillo de roa;Burgos;burgos;Castilla y León;Olmedillo de Roa;41.78372492;-3.934280174;842;188
09236;Olmillos de Muñó;olmillos de muno;Burgos;burgos;Castilla y León;Olmillos de Muñó;42.20250566;-3.940314655;811;39
09238;Oña;ona;Burgos;burgos;Castilla y León;Oña;42.73475964;-3.413910187;585;937
09239;Oquillas;oquillas;Burgos;burgos;Castilla y León;Oquillas;41.83162968;-3.703793796;916;52
09241;Orbaneja Riopico;orbaneja riopico;Burgos;burgos;Castilla y León;Orbaneja Riopico;42.36046515;-3.584468624;910;341
09242;Padilla de Abajo;padilla de abajo;Burgos;burgos;Castilla y León;Padilla de Abajo;42.40772179;-4.176317916;799;73
09243;Padilla de Arriba;padilla de arriba;Burgos;burgos;Castilla y León;Padilla de Arriba;42.43845198;-4.189955136;825;88
09244;Padrones de Bureba;padrones de bureba;Burgos;burgos;Castilla y León;Padrones de Bureba;42.70590843;-3.532913047;773;49
09246;Palacios de la Sierra;palacios de la sierra;Burgos;burgos;Castilla y León;Palacios de la Sierra;41.96362477;-3.126504583;1059;662
09247;Palacios de Riopisuerga;palacios de riopisuerga;Burgos;burgos;Castilla y León;Palacios de Riopisuerga;42.34452217;-4.256213312;781;19
09248;Palazuelos de la Sierra;palazuelos de la sierra;Burgos;burgos;Castilla y León;Palazuelos de la Sierra;42.21169609;-3.460534404;1099;95
09249;Palazuelos de Muñó;palazuelos de muno;Burgos;burgos;Castilla y León;Palazuelos de Muñó;42.19807877;-3.98966907;788;52
09250;Pampliega;pampliega;Burgos;burgos;Castilla y León;Pampliega;42.20608252;-3.987242484;813;282
09251;Pancorbo;pancorbo;Burgos;burgos;Castilla y León;Pancorbo;42.63526651;-3.11048682;633;431
09253;Pardilla;pardilla;Burgos;burgos;Castilla y León;Pardilla;41.5521037;-3.710658146;877;109
09255;Partido de la Sierra en Tobalina;partido de la sierra en tobalina;Burgos;burgos;Castilla y León;Partido de la Sierra en Tobalina;42.73196706;-3.252755201;630;75
09256;Pedrosa de Duero;pedrosa de duero;Burgos;burgos;Castilla y León;Pedrosa de Duero;41.71179038;-3.986949855;837;463
09257;Pedrosa del Páramo;pedrosa del paramo;Burgos;burgos;Castilla y León;Pedrosa del Páramo;42.44213882;-3.972916752;943;89
09258;Pedrosa del Príncipe;pedrosa del principe;Burgos;burgos;Castilla y León;Pedrosa del Príncipe;42.24844518;-4.198503258;774;155
09259;Pedrosa de Río Úrbel;pedrosa de rio urbel;Burgos;burgos;Castilla y León;Pedrosa de Río Úrbel;42.40970706;-3.821415038;844;265
09261;Peñaranda de Duero;penaranda de duero;Burgos;burgos;Castilla y León;Peñaranda de Duero;41.68867813;-3.480456088;857;469
09262;Peral de Arlanza;peral de arlanza;Burgos;burgos;Castilla y León;Peral de Arlanza;42.07608419;-4.07768141;773;169
09265;Piérnigas;piernigas;Burgos;burgos;Castilla y León;Piérnigas;42.59028702;-3.413204896;736;45
09266;Pineda de la Sierra;pineda de la sierra;Burgos;burgos;Castilla y León;Pineda de la Sierra;42.2154471;-3.296445169;1204;93
09267;Pineda Trasmonte;pineda trasmonte;Burgos;burgos;Castilla y León;Pineda Trasmonte;41.90874765;-3.695096309;946;95
09268;Pinilla de los Barruecos;pinilla de los barruecos;Burgos;burgos;Castilla y León;Pinilla de los Barruecos;41.91788097;-3.304138164;1085;101
09269;Pinilla de los Moros;pinilla de los moros;Burgos;burgos;Castilla y León;Pinilla de los Moros;42.06748208;-3.327286032;965;29
09270;Pinilla Trasmonte;pinilla trasmonte;Burgos;burgos;Castilla y León;Pinilla Trasmonte;41.87290839;-3.619186014;932;155
09272;Poza de la Sal;poza de la sal;Burgos;burgos;Castilla y León;Poza de la Sal;42.66553079;-3.501523305;758;278
09273;Prádanos de Bureba;pradanos de bureba;Burgos;burgos;Castilla y León;Prádanos de Bureba;42.50226034;-3.347411795;756;55
09274;Pradoluengo;pradoluengo;Burgos;burgos;Castilla y León;Pradoluengo;42.32337316;-3.19989165;960;1089
09275;Presencio;presencio;Burgos;burgos;Castilla y León;Presencio;42.18616001;-3.901331426;815;212
09276;Puebla de Arganzón, La;puebla de arganzon, la;Burgos;burgos;Castilla y León;Puebla de Arganzón, La;42.76642933;-2.831264523;481;562
09277;Puentedura;puentedura;Burgos;burgos;Castilla y León;Puentedura;42.04219427;-3.582976333;860;118
09279;Quemada;quemada;Burgos;burgos;Castilla y León;Quemada;41.70094115;-3.574882076;842;247
09280;Quintanabureba;quintanabureba;Burgos;burgos;Castilla y León;Quintanabureba;42.58738403;-3.366695227;681;29
09281;Quintana del Pidio;quintana del pidio;Burgos;burgos;Castilla y León;Quintana del Pidio;41.7588545;-3.751337586;843;151
09283;Quintanaélez;quintanaelez;Burgos;burgos;Castilla y León;Quintanaélez;42.66866387;-3.297872365;704;45
09287;Quintanaortuño;quintanaortuno;Burgos;burgos;Castilla y León;Quintanaortuño;42.45013121;-3.68295278;864;297
09288;Quintanapalla;quintanapalla;Burgos;burgos;Castilla y León;Quintanapalla;42.40908214;-3.532825639;919;123
09289;Quintanar de la Sierra;quintanar de la sierra;Burgos;burgos;Castilla y León;Quintanar de la Sierra;41.98160124;-3.039164951;1116;1476
09292;Quintanavides;quintanavides;Burgos;burgos;Castilla y León;Quintanavides;42.48139018;-3.425759949;823;65
09294;Quintanilla de la Mata;quintanilla de la mata;Burgos;burgos;Castilla y León;Quintanilla de la Mata;41.98867988;-3.768235959;876;109
09295;Quintanilla del Coco;quintanilla del coco;Burgos;burgos;Castilla y León;Quintanilla del Coco;41.97869347;-3.517063486;946;50
09297;Quintanillas, Las;quintanillas, las;Burgos;burgos;Castilla y León;Quintanillas, Las;42.37222695;-3.843544264;841;386
09298;Quintanilla San García;quintanilla san garcia;Burgos;burgos;Castilla y León;Quintanilla San García;42.54860653;-3.193190924;719;66
09301;Quintanilla Vivar;quintanilla vivar;Burgos;burgos;Castilla y León;Quintanilla Vivar;42.41438194;-3.689556177;849;904
09302;Rabanera del Pinar;rabanera del pinar;Burgos;burgos;Castilla y León;Rabanera del Pinar;41.89293133;-3.193404144;1095;94
09303;Rábanos;rabanos;Burgos;burgos;Castilla y León;Rábanos;42.32018671;-3.270415951;1167;74
09304;Rabé de las Calzadas;rabe de las calzadas;Burgos;burgos;Castilla y León;Rabé de las Calzadas;42.34023273;-3.832915574;822;261
09306;Rebolledo de la Torre;rebolledo de la torre;Burgos;burgos;Castilla y León;Rebolledo de la Torre;42.68930436;-4.22692744;958;98
09307;Redecilla del Camino;redecilla del camino;Burgos;burgos;Castilla y León;Redecilla del Camino;42.43794012;-3.065467689;741;98
09308;Redecilla del Campo;redecilla del campo;Burgos;burgos;Castilla y León;Redecilla del Campo;42.46616358;-3.11382062;750;65
09309;Regumiel de la Sierra;regumiel de la sierra;Burgos;burgos;Castilla y León;Regumiel de la Sierra;41.96028669;-2.98474447;1137;301
09310;Reinoso;reinoso;Burgos;burgos;Castilla y León;Reinoso;42.50926047;-3.384369453;880;21
09311;Retuerta;retuerta;Burgos;burgos;Castilla y León;Retuerta;42.03010574;-3.50535691;900;56
09312;Revilla y Ahedo, La;revilla y ahedo, la;Burgos;burgos;Castilla y León;Revilla y Ahedo, La;42.01314067;-3.330324046;945;97
09314;Revilla del Campo;revilla del campo;Burgos;burgos;Castilla y León;Revilla del Campo;42.21171755;-3.540306014;937;96
09315;Revillarruz;revillarruz;Burgos;burgos;Castilla y León;Revillarruz;42.23029896;-3.65301385;883;643
09316;Revilla Vallejera;revilla vallejera;Burgos;burgos;Castilla y León;Revilla Vallejera;42.14669705;-4.132338647;784;114
09317;Rezmondo;rezmondo;Burgos;burgos;Castilla y León;Rezmondo;42.51594832;-4.2381635;830;18
09318;Riocavado de la Sierra;riocavado de la sierra;Burgos;burgos;Castilla y León;Riocavado de la Sierra;42.15175503;-3.197210333;1127;54
09321;Roa;roa;Burgos;burgos;Castilla y León;Roa;41.69709532;-3.92816552;809;2305
09323;Rojas;rojas;Burgos;burgos;Castilla y León;Rojas;42.57815487;-3.442554683;720;62
09325;Royuela de Río Franco;royuela de rio franco;Burgos;burgos;Castilla y León;Royuela de Río Franco;41.99846018;-3.958472257;832;169
09326;Rubena;rubena;Burgos;burgos;Castilla y León;Rubena;42.3873083;-3.574045752;904;209
09327;Rublacedo de Abajo;rublacedo de abajo;Burgos;burgos;Castilla y León;Rublacedo de Abajo;42.55491018;-3.50255984;801;37
09328;Rucandio;rucandio;Burgos;burgos;Castilla y León;Rucandio;42.75154362;-3.541274514;804;72
09329;Salas de Bureba;salas de bureba;Burgos;burgos;Castilla y León;Salas de Bureba;42.69249689;-3.473930807;639;129
09330;Salas de los Infantes;salas de los infantes;Burgos;burgos;Castilla y León;Salas de los Infantes;42.02333673;-3.286412843;951;1974
09332;Saldaña de Burgos;saldana de burgos;Burgos;burgos;Castilla y León;Saldaña de Burgos;42.25786407;-3.684477562;863;206
09334;Salinillas de Bureba;salinillas de bureba;Burgos;burgos;Castilla y León;Salinillas de Bureba;42.55178787;-3.387326003;874;56
09335;San Adrián de Juarros;san adrian de juarros;Burgos;burgos;Castilla y León;San Adrián de Juarros;42.27434184;-3.475465616;1047;84
09337;San Juan del Monte;san juan del monte;Burgos;burgos;Castilla y León;San Juan del Monte;41.68350005;-3.523154957;843;162
09338;San Mamés de Burgos;san mames de burgos;Burgos;burgos;Castilla y León;San Mamés de Burgos;42.33681986;-3.792730193;843;323
09339;San Martín de Rubiales;san martin de rubiales;Burgos;burgos;Castilla y León;San Martín de Rubiales;41.64255792;-3.991591985;796;140
09340;San Millán de Lara;san millan de lara;Burgos;burgos;Castilla y León;San Millán de Lara;42.13631814;-3.34505408;1091;61
09343;Santa Cecilia;santa cecilia;Burgos;burgos;Castilla y León;Santa Cecilia;42.05166073;-3.80343779;835;108
09345;Santa Cruz de la Salceda;santa cruz de la salceda;Burgos;burgos;Castilla y León;Santa Cruz de la Salceda;41.59494925;-3.594533364;876;149
09346;Santa Cruz del Valle Urbión;santa cruz del valle urbion;Burgos;burgos;Castilla y León;Santa Cruz del Valle Urbión;42.30484497;-3.222747098;962;94
09347;Santa Gadea del Cid;santa gadea del cid;Burgos;burgos;Castilla y León;Santa Gadea del Cid;42.71456939;-3.058878946;506;182
09348;Santa Inés;santa ines;Burgos;burgos;Castilla y León;Santa Inés;42.03878232;-3.702275218;852;156
09350;Santa María del Campo;santa maria del campo;Burgos;burgos;Castilla y León;Santa María del Campo;42.13212317;-3.975573801;828;502
09351;Santa María del Invierno;santa maria del invierno;Burgos;burgos;Castilla y León;Santa María del Invierno;42.4431435;-3.438058094;856;70
09352;Santa María del Mercadillo;santa maria del mercadillo;Burgos;burgos;Castilla y León;Santa María del Mercadillo;41.85989232;-3.559126156;957;118
09353;Santa María Ribarredonda;santa maria ribarredonda;Burgos;burgos;Castilla y León;Santa María Ribarredonda;42.64114053;-3.179987871;688;101
09354;Santa Olalla de Bureba;santa olalla de bureba;Burgos;burgos;Castilla y León;Santa Olalla de Bureba;42.47707212;-3.440610117;848;37
09355;Santibáñez de Esgueva;santibanez de esgueva;Burgos;burgos;Castilla y León;Santibáñez de Esgueva;41.83329177;-3.759351705;915;72
09356;Santibáñez del Val;santibanez del val;Burgos;burgos;Castilla y León;Santibáñez del Val;41.97389599;-3.480101705;940;64
09358;Santo Domingo de Silos;santo domingo de silos;Burgos;burgos;Castilla y León;Santo Domingo de Silos;41.96210491;-3.418369839;1005;251
09360;San Vicente del Valle;san vicente del valle;Burgos;burgos;Castilla y León;San Vicente del Valle;42.33730138;-3.161896478;961;26
09361;Sargentes de la Lora;sargentes de la lora;Burgos;burgos;Castilla y León;Sargentes de la Lora;42.76869179;-3.871261685;1014;130
09362;Sarracín;sarracin;Burgos;burgos;Castilla y León;Sarracín;42.26000213;-3.696756101;857;264
09363;Sasamón;sasamon;Burgos;burgos;Castilla y León;Sasamón;42.41773372;-4.04353133;823;896
09365;Sequera de Haza, La;sequera de haza, la;Burgos;burgos;Castilla y León;Sequera de Haza, La;41.56412555;-3.816844707;860;28
09366;Solarana;solarana;Burgos;burgos;Castilla y León;Solarana;41.9721824;-3.659129577;901;74
09368;Sordillos;sordillos;Burgos;burgos;Castilla y León;Sordillos;42.46159991;-4.1076035;822;23
09369;Sotillo de la Ribera;sotillo de la ribera;Burgos;burgos;Castilla y León;Sotillo de la Ribera;41.77815402;-3.826150079;842;483
09372;Sotragero;sotragero;Burgos;burgos;Castilla y León;Sotragero;42.41030616;-3.714389894;851;303
09373;Sotresgudo;sotresgudo;Burgos;burgos;Castilla y León;Sotresgudo;42.57845949;-4.17699242;868;414
09374;Susinos del Páramo;susinos del paramo;Burgos;burgos;Castilla y León;Susinos del Páramo;42.47134867;-3.925131283;890;115
09375;Tamarón;tamaron;Burgos;burgos;Castilla y León;Tamarón;42.27304461;-3.991281645;821;52
09377;Tardajos;tardajos;Burgos;burgos;Castilla y León;Tardajos;42.34873317;-3.818330001;823;865
09378;Tejada;tejada;Burgos;burgos;Castilla y León;Tejada;41.95224553;-3.535934576;1086;35
09380;Terradillos de Esgueva;terradillos de esgueva;Burgos;burgos;Castilla y León;Terradillos de Esgueva;41.81889414;-3.84390267;870;58
09381;Tinieblas de la Sierra;tinieblas de la sierra;Burgos;burgos;Castilla y León;Tinieblas de la Sierra;42.1726002;-3.363092899;1114;22
09382;Tobar;tobar;Burgos;burgos;Castilla y León;Tobar;42.48364919;-3.938979522;879;27
09384;Tordómar;tordomar;Burgos;burgos;Castilla y León;Tordómar;42.04604562;-3.864762029;807;298
09386;Torrecilla del Monte;torrecilla del monte;Burgos;burgos;Castilla y León;Torrecilla del Monte;42.09503023;-3.693169575;944;79
09387;Torregalindo;torregalindo;Burgos;burgos;Castilla y León;Torregalindo;41.58271298;-3.752635205;833;129
09388;Torrelara;torrelara;Burgos;burgos;Castilla y León;Torrelara;42.16586322;-3.516657754;988;35
09389;Torrepadre;torrepadre;Burgos;burgos;Castilla y León;Torrepadre;42.04327525;-3.935148491;802;69
09390;Torresandino;torresandino;Burgos;burgos;Castilla y León;Torresandino;41.82969009;-3.909633411;860;564
09391;Tórtoles de Esgueva;tortoles de esgueva;Burgos;burgos;Castilla y León;Tórtoles de Esgueva;41.81650703;-4.020930198;845;361
09392;Tosantos;tosantos;Burgos;burgos;Castilla y León;Tosantos;42.41339706;-3.244093161;822;47
09394;Trespaderne;trespaderne;Burgos;burgos;Castilla y León;Trespaderne;42.802073;-3.39170381;556;722
09395;Tubilla del Agua;tubilla del agua;Burgos;burgos;Castilla y León;Tubilla del Agua;42.70919086;-3.802638913;776;126
09396;Tubilla del Lago;tubilla del lago;Burgos;burgos;Castilla y León;Tubilla del Lago;41.80066529;-3.586042861;882;166
09398;Úrbel del Castillo;urbel del castillo;Burgos;burgos;Castilla y León;Úrbel del Castillo;42.61782501;-3.846292453;950;53
09400;Vadocondes;vadocondes;Burgos;burgos;Castilla y León;Vadocondes;41.64049334;-3.573737483;812;368
09403;Valdeande;valdeande;Burgos;burgos;Castilla y León;Valdeande;41.83356457;-3.528810897;950;103
09405;Valdezate;valdezate;Burgos;burgos;Castilla y León;Valdezate;41.60111967;-3.930521353;815;115
09406;Valdorros;valdorros;Burgos;burgos;Castilla y León;Valdorros;42.17219457;-3.708819388;901;372
09407;Valmala;valmala;Burgos;burgos;Castilla y León;Valmala;42.30508078;-3.255437156;991;23
09408;Vallarta de Bureba;vallarta de bureba;Burgos;burgos;Castilla y León;Vallarta de Bureba;42.58948416;-3.204771744;705;41
09409;Valle de Manzanedo;valle de manzanedo;Burgos;burgos;Castilla y León;Valle de Manzanedo;42.89908619;-3.691611055;615;116
09410;Valle de Mena;valle de mena;Burgos;burgos;Castilla y León;Valle de Mena;43.10061244;-3.283813923;312;4168
09411;Valle de Oca;valle de oca;Burgos;burgos;Castilla y León;Valle de Oca;42.4374425;-3.320616881;862;163
09412;Valle de Tobalina;valle de tobalina;Burgos;burgos;Castilla y León;Valle de Tobalina;42.79365599;-3.270144046;553;878
09413;Valle de Valdebezana;valle de valdebezana;Burgos;burgos;Castilla y León;Valle de Valdebezana;42.96984761;-3.786358615;839;480
09414;Valle de Valdelaguna;valle de valdelaguna;Burgos;burgos;Castilla y León;Valle de Valdelaguna;42.11432342;-3.147298794;1166;186
09415;Valle de Valdelucio;valle de valdelucio;Burgos;burgos;Castilla y León;Valle de Valdelucio;42.71730927;-4.118427964;942;341
09416;Valle de Zamanzas;valle de zamanzas;Burgos;burgos;Castilla y León;Valle de Zamanzas;42.84963647;-3.75400319;673;46
09417;Vallejera;vallejera;Burgos;burgos;Castilla y León;Vallejera;42.18266193;-4.151799731;812;38
09418;Valles de Palenzuela;valles de palenzuela;Burgos;burgos;Castilla y León;Valles de Palenzuela;42.12021448;-4.0776117;801;74
09419;Valluércanes;valluercanes;Burgos;burgos;Castilla y León;Valluércanes;42.57244346;-3.119758844;698;70
09421;Vid y Barrios, La;vid y barrios, la;Burgos;burgos;Castilla y León;Vid y Barrios, La;41.62278104;-3.458571377;852;237
09422;Vid de Bureba, La;vid de bureba, la;Burgos;burgos;Castilla y León;Vid de Bureba, La;42.63145246;-3.31159714;700;26
09423;Vileña;vilena;Burgos;burgos;Castilla y León;Vileña;42.62161137;-3.322941562;666;23
09424;Viloria de Rioja;viloria de rioja;Burgos;burgos;Castilla y León;Viloria de Rioja;42.42603048;-3.101937094;802;38
09425;Vilviestre del Pinar;vilviestre del pinar;Burgos;burgos;Castilla y León;Vilviestre del Pinar;41.95219824;-3.078106274;1116;511
09427;Villadiego;villadiego;Burgos;burgos;Castilla y León;Villadiego;42.51592832;-4.010133766;839;1454
09428;Villaescusa de Roa;villaescusa de roa;Burgos;burgos;Castilla y León;Villaescusa de Roa;41.72834575;-4.015844508;898;96
09429;Villaescusa la Sombría;villaescusa la sombria;Burgos;burgos;Castilla y León;Villaescusa la Sombría;42.41489161;-3.41807299;912;60
09430;Villaespasa;villaespasa;Burgos;burgos;Castilla y León;Villaespasa;42.09971306;-3.404489694;960;21
09431;Villafranca Montes de Oca;villafranca montes de oca;Burgos;burgos;Castilla y León;Villafranca Montes de Oca;42.38665286;-3.30880546;947;117
09432;Villafruela;villafruela;Burgos;burgos;Castilla y León;Villafruela;41.91740614;-3.912403621;909;140
09433;Villagalijo;villagalijo;Burgos;burgos;Castilla y León;Villagalijo;42.34869615;-3.191871746;895;52
09434;Villagonzalo Pedernales;villagonzalo pedernales;Burgos;burgos;Castilla y León;Villagonzalo Pedernales;42.30142855;-3.736592676;900;1901
09437;Villahoz;villahoz;Burgos;burgos;Castilla y León;Villahoz;42.07750878;-3.912947544;819;262
09438;Villalba de Duero;villalba de duero;Burgos;burgos;Castilla y León;Villalba de Duero;41.68234621;-3.745324283;806;731
09439;Villalbilla de Burgos;villalbilla de burgos;Burgos;burgos;Castilla y León;Villalbilla de Burgos;42.34727959;-3.779021937;838;1554
09440;Villalbilla de Gumiel;villalbilla de gumiel;Burgos;burgos;Castilla y León;Villalbilla de Gumiel;41.80685958;-3.626607358;914;73
09441;Villaldemiro;villaldemiro;Burgos;burgos;Castilla y León;Villaldemiro;42.24708506;-3.983411076;803;92
09442;Villalmanzo;villalmanzo;Burgos;burgos;Castilla y León;Villalmanzo;42.0477459;-3.7423758;857;409
09443;Villamayor de los Montes;villamayor de los montes;Burgos;burgos;Castilla y León;Villamayor de los Montes;42.10591614;-3.765229251;894;158
09444;Villamayor de Treviño;villamayor de trevino;Burgos;burgos;Castilla y León;Villamayor de Treviño;42.45958224;-4.120168602;822;59
09445;Villambistia;villambistia;Burgos;burgos;Castilla y León;Villambistia;42.40628635;-3.261999396;852;44
09446;Villamedianilla;villamedianilla;Burgos;burgos;Castilla y León;Villamedianilla;42.16048136;-4.14675321;803;9
09447;Villamiel de la Sierra;villamiel de la sierra;Burgos;burgos;Castilla y León;Villamiel de la Sierra;42.19104962;-3.417634663;1149;43
09448;Villangómez;villangomez;Burgos;burgos;Castilla y León;Villangómez;42.17899547;-3.773123806;844;230
09449;Villanueva de Argaño;villanueva de argano;Burgos;burgos;Castilla y León;Villanueva de Argaño;42.38099865;-3.93305438;837;117
09450;Villanueva de Carazo;villanueva de carazo;Burgos;burgos;Castilla y León;Villanueva de Carazo;41.98454056;-3.324502914;1044;24
09451;Villanueva de Gumiel;villanueva de gumiel;Burgos;burgos;Castilla y León;Villanueva de Gumiel;41.73751683;-3.626667936;844;280
09454;Villanueva de Teba;villanueva de teba;Burgos;burgos;Castilla y León;Villanueva de Teba;42.64899119;-3.163748109;722;43
09455;Villaquirán de la Puebla;villaquiran de la puebla;Burgos;burgos;Castilla y León;Villaquirán de la Puebla;42.28291121;-4.101221749;816;45
09456;Villaquirán de los Infantes;villaquiran de los infantes;Burgos;burgos;Castilla y León;Villaquirán de los Infantes;42.22726066;-4.00846788;818;153
09458;Villariezo;villariezo;Burgos;burgos;Castilla y León;Villariezo;42.26960812;-3.732159147;857;735
09460;Villasandino;villasandino;Burgos;burgos;Castilla y León;Villasandino;42.3720571;-4.110933814;794;178
09463;Villasur de Herreros;villasur de herreros;Burgos;burgos;Castilla y León;Villasur de Herreros;42.30737245;-3.393740825;1031;270
09464;Villatuelda;villatuelda;Burgos;burgos;Castilla y León;Villatuelda;41.81462402;-3.882012039;861;42
09466;Villaverde del Monte;villaverde del monte;Burgos;burgos;Castilla y León;Villaverde del Monte;42.16071143;-3.81372591;850;113
09467;Villaverde-Mogina;villaverde mogina;Burgos;burgos;Castilla y León;Villaverde-Mogina;42.16073846;-4.051291745;772;70
09471;Villayerno Morquillas;villayerno morquillas;Burgos;burgos;Castilla y León;Villayerno Morquillas;42.39603621;-3.640270214;914;208
09472;Villazopeque;villazopeque;Burgos;burgos;Castilla y León;Villazopeque;42.19872342;-4.016768359;784;51
09473;Villegas;villegas;Burgos;burgos;Castilla y León;Villegas;42.46817853;-4.016825474;823;83
09476;Villoruebo;villoruebo;Burgos;burgos;Castilla y León;Villoruebo;42.16854571;-3.441442456;1120;62
09478;Vizcaínos;vizcainos;Burgos;burgos;Castilla y León;Vizcaínos;42.1022562;-3.267547237;1033;41
09480;Zael;zael;Burgos;burgos;Castilla y León;Zael;42.10938342;-3.824454225;841;117
09482;Zarzosa de Río Pisuerga;zarzosa de rio pisuerga;Burgos;burgos;Castilla y León;Zarzosa de Río Pisuerga;42.5361905;-4.267592957;826;29
09483;Zazuar;zazuar;Burgos;burgos;Castilla y León;Zazuar;41.69596181;-3.553979924;838;198
09485;Zuñeda;zuneda;Burgos;burgos;Castilla y León;Zuñeda;42.60534415;-3.225630554;717;58
09901;Quintanilla del Agua y Tordueles;quintanilla del agua y tordueles;Burgos;burgos;Castilla y León;Quintanilla del Agua y Tordueles;42.03399056;-3.65349034;851;341
09902;Valle de Santibáñez;valle de santibanez;Burgos;burgos;Castilla y León;Valle de Santibáñez;42.47916743;-3.783829349;871;481
09903;Villarcayo de Merindad de Castilla la Vieja;villarcayo de merindad de castilla la vieja;Burgos;burgos;Castilla y León;Villarcayo de Merindad de Castilla la Vieja;42.93914295;-3.571609098;595;4082
09904;Valle de las Navas;valle de las navas;Burgos;burgos;Castilla y León;Valle de las Navas;42.45486903;-3.639842824;869;551
09905;Valle de Sedano;valle de sedano;Burgos;burgos;Castilla y León;Valle de Sedano;42.71638822;-3.749809203;747;404
09906;Merindad de Río Ubierna;merindad de rio ubierna;Burgos;burgos;Castilla y León;Merindad de Río Ubierna;42.43719978;-3.678339325;856;1405
09907;Alfoz de Quintanadueñas;alfoz de quintanaduenas;Burgos;burgos;Castilla y León;Alfoz de Quintanadueñas;42.38462681;-3.736250443;849;2160
09908;Valle de Losa;valle de losa;Burgos;burgos;Castilla y León;Valle de Losa;42.97706686;-3.22450966;655;486
10001;Abadía;abadia;Cáceres;caceres;Extremadura;Abadía;40.25955107;-5.978092932;451;338
10002;Abertura;abertura;Cáceres;caceres;Extremadura;Abertura;39.24397877;-5.813161709;400;362
10003;Acebo;acebo;Cáceres;caceres;Extremadura;Acebo;40.20184245;-6.717525622;508;574
10004;Acehúche;acehuche;Cáceres;caceres;Extremadura;Acehúche;39.80295753;-6.634175338;334;808
10005;Aceituna;aceituna;Cáceres;caceres;Extremadura;Aceituna;40.14890933;-6.331210415;474;569
10006;Ahigal;ahigal;Cáceres;caceres;Extremadura;Ahigal;40.18937184;-6.187152366;391;1342
10007;Albalá;albala;Cáceres;caceres;Extremadura;Albalá;39.25440309;-6.185581035;505;649
10008;Alcántara;alcantara;Cáceres;caceres;Extremadura;Alcántara;39.72088958;-6.887724421;225;1326
10009;Alcollarín;alcollarin;Cáceres;caceres;Extremadura;Alcollarín;39.24494128;-5.739949428;312;256
10010;Alcuéscar;alcuescar;Cáceres;caceres;Extremadura;Alcuéscar;39.18018191;-6.228295545;479;2462
10011;Aldeacentenera;aldeacentenera;Cáceres;caceres;Extremadura;Aldeacentenera;39.52737702;-5.629452962;565;602
10012;Aldea del Cano;aldea del cano;Cáceres;caceres;Extremadura;Aldea del Cano;39.28742649;-6.318676977;391;609
10013;Aldea del Obispo, La;aldea del obispo, la;Cáceres;caceres;Extremadura;Aldea del Obispo, La;39.56341838;-5.91102992;442;292
10014;Aldeanueva de la Vera;aldeanueva de la vera;Cáceres;caceres;Extremadura;Aldeanueva de la Vera;40.12885933;-5.700186589;647;1965
10015;Aldeanueva del Camino;aldeanueva del camino;Cáceres;caceres;Extremadura;Aldeanueva del Camino;40.25913474;-5.928722521;524;694
10016;Aldehuela del Jerte;aldehuela del jerte;Cáceres;caceres;Extremadura;Aldehuela del Jerte;40.01039543;-6.238140854;260;348
10017;Alía;alia;Cáceres;caceres;Extremadura;Alía;39.44788174;-5.216576987;575;722
10018;Aliseda;aliseda;Cáceres;caceres;Extremadura;Aliseda;39.42075495;-6.69207526;347;1727
10019;Almaraz;almaraz;Cáceres;caceres;Extremadura;Almaraz;39.81444834;-5.677035845;270;1595
10020;Almoharín;almoharin;Cáceres;caceres;Extremadura;Almoharín;39.17621496;-6.044069573;306;1769
10021;Arroyo de la Luz;arroyo de la luz;Cáceres;caceres;Extremadura;Arroyo de la Luz;39.48368628;-6.584809566;350;5495
10022;Arroyomolinos de la Vera;arroyomolinos de la vera;Cáceres;caceres;Extremadura;Arroyomolinos de la Vera;40.0529137;-5.855167711;615;424
10023;Arroyomolinos;arroyomolinos;Cáceres;caceres;Extremadura;Arroyomolinos;39.18546426;-6.163224465;396;824
10024;Baños de Montemayor;banos de montemayor;Cáceres;caceres;Extremadura;Baños de Montemayor;40.31771954;-5.857235566;707;738
10025;Barrado;barrado;Cáceres;caceres;Extremadura;Barrado;40.08417853;-5.881691171;787;383
10026;Belvís de Monroy;belvis de monroy;Cáceres;caceres;Extremadura;Belvís de Monroy;39.81932581;-5.610325402;380;778
10027;Benquerencia;benquerencia;Cáceres;caceres;Extremadura;Benquerencia;39.31008406;-6.084534379;447;75
10028;Berrocalejo;berrocalejo;Cáceres;caceres;Extremadura;Berrocalejo;39.81922448;-5.35046457;373;120
10029;Berzocana;berzocana;Cáceres;caceres;Extremadura;Berzocana;39.43731477;-5.460693377;719;375
10030;Bohonal de Ibor;bohonal de ibor;Cáceres;caceres;Extremadura;Bohonal de Ibor;39.78409503;-5.486339458;357;490
10031;Botija;botija;Cáceres;caceres;Extremadura;Botija;39.34409936;-6.074219064;418;185
10032;Brozas;brozas;Cáceres;caceres;Extremadura;Brozas;39.61208949;-6.779261938;405;1718
10033;Cabañas del Castillo;cabanas del castillo;Cáceres;caceres;Extremadura;Cabañas del Castillo;39.54742267;-5.511349814;785;407
10034;Cabezabellosa;cabezabellosa;Cáceres;caceres;Extremadura;Cabezabellosa;40.13790272;-6.003678362;835;316
10035;Cabezuela del Valle;cabezuela del valle;Cáceres;caceres;Extremadura;Cabezuela del Valle;40.19342429;-5.805820894;523;2092
10036;Cabrero;cabrero;Cáceres;caceres;Extremadura;Cabrero;40.11350487;-5.891119888;751;354
10037;Cáceres;caceres;Cáceres;caceres;Extremadura;Cáceres;39.47450994;-6.37184534;457;96598
10038;Cachorrilla;cachorrilla;Cáceres;caceres;Extremadura;Cachorrilla;39.91567118;-6.669551749;318;84
10039;Cadalso;cadalso;Cáceres;caceres;Extremadura;Cadalso;40.23737594;-6.539669048;433;395
10040;Calzadilla;calzadilla;Cáceres;caceres;Extremadura;Calzadilla;40.0614069;-6.531934453;358;447
10041;Caminomorisco;caminomorisco;Cáceres;caceres;Extremadura;Caminomorisco;40.32641702;-6.290353696;473;1100
10042;Campillo de Deleitosa;campillo de deleitosa;Cáceres;caceres;Extremadura;Campillo de Deleitosa;39.70370271;-5.572779546;493;84
10043;Campo Lugar;campo lugar;Cáceres;caceres;Extremadura;Campo Lugar;39.19613393;-5.77124989;294;789
10044;Cañamero;canamero;Cáceres;caceres;Extremadura;Cañamero;39.3782484;-5.388349562;585;1579
10045;Cañaveral;canaveral;Cáceres;caceres;Extremadura;Cañaveral;39.79021384;-6.393907772;361;1001
10046;Carbajo;carbajo;Cáceres;caceres;Extremadura;Carbajo;39.60308667;-7.196573046;344;181
10047;Carcaboso;carcaboso;Cáceres;caceres;Extremadura;Carcaboso;40.05033816;-6.215611874;275;1078
10048;Carrascalejo;carrascalejo;Cáceres;caceres;Extremadura;Carrascalejo;39.64583497;-5.217904555;604;222
10049;Casar de Cáceres;casar de caceres;Cáceres;caceres;Extremadura;Casar de Cáceres;39.56148435;-6.416919128;363;4514
10050;Casar de Palomero;casar de palomero;Cáceres;caceres;Extremadura;Casar de Palomero;40.29503602;-6.256323407;515;993
10051;Casares de las Hurdes;casares de las hurdes;Cáceres;caceres;Extremadura;Casares de las Hurdes;40.4401798;-6.288045196;691;364
10052;Casas de Don Antonio;casas de don antonio;Cáceres;caceres;Extremadura;Casas de Don Antonio;39.23590845;-6.291337904;402;167
10053;Casas de Don Gómez;casas de don gomez;Cáceres;caceres;Extremadura;Casas de Don Gómez;40.0080285;-6.60154154;322;341
10054;Casas del Castañar;casas del castanar;Cáceres;caceres;Extremadura;Casas del Castañar;40.1073916;-5.906281046;674;579
10055;Casas del Monte;casas del monte;Cáceres;caceres;Extremadura;Casas del Monte;40.20252863;-5.960673336;595;764
10056;Casas de Millán;casas de millan;Cáceres;caceres;Extremadura;Casas de Millán;39.81823417;-6.329993985;475;538
10057;Casas de Miravete;casas de miravete;Cáceres;caceres;Extremadura;Casas de Miravete;39.72749849;-5.743540495;436;106
10058;Casatejada;casatejada;Cáceres;caceres;Extremadura;Casatejada;39.88669095;-5.683946778;273;1390
10059;Casillas de Coria;casillas de coria;Cáceres;caceres;Extremadura;Casillas de Coria;39.96630486;-6.636651869;247;354
10060;Castañar de Ibor;castanar de ibor;Cáceres;caceres;Extremadura;Castañar de Ibor;39.62592344;-5.417087711;683;1027
10061;Ceclavín;ceclavin;Cáceres;caceres;Extremadura;Ceclavín;39.82098089;-6.774546275;320;1769
10062;Cedillo;cedillo;Cáceres;caceres;Extremadura;Cedillo;39.6516229;-7.500306417;265;452
10063;Cerezo;cerezo;Cáceres;caceres;Extremadura;Cerezo;40.23672655;-6.2273519;401;148
10064;Cilleros;cilleros;Cáceres;caceres;Extremadura;Cilleros;40.11288335;-6.793434717;451;1548
10065;Collado de la Vera;collado de la vera;Cáceres;caceres;Extremadura;Collado de la Vera;40.05670555;-5.71990637;448;276
10066;Conquista de la Sierra;conquista de la sierra;Cáceres;caceres;Extremadura;Conquista de la Sierra;39.35100484;-5.734106196;440;192
10067;Coria;coria;Cáceres;caceres;Extremadura;Coria;39.98325703;-6.535189498;263;12004
10068;Cuacos de Yuste;cuacos de yuste;Cáceres;caceres;Extremadura;Cuacos de Yuste;40.10540239;-5.72290663;517;809
10069;Cumbre, La;cumbre, la;Cáceres;caceres;Extremadura;Cumbre, La;39.4052008;-5.97712009;479;817
10070;Deleitosa;deleitosa;Cáceres;caceres;Extremadura;Deleitosa;39.6446972;-5.646488332;570;686
10071;Descargamaría;descargamaria;Cáceres;caceres;Extremadura;Descargamaría;40.30410589;-6.486352942;494;105
10072;Eljas;eljas;Cáceres;caceres;Extremadura;Eljas;40.21706356;-6.846626734;595;826
10073;Escurial;escurial;Cáceres;caceres;Extremadura;Escurial;39.16855423;-5.883625769;315;854
10075;Fresnedoso de Ibor;fresnedoso de ibor;Cáceres;caceres;Extremadura;Fresnedoso de Ibor;39.68666815;-5.511207678;513;236
10076;Galisteo;galisteo;Cáceres;caceres;Extremadura;Galisteo;39.97589816;-6.267112098;303;857
10077;Garciaz;garciaz;Cáceres;caceres;Extremadura;Garciaz;39.41322379;-5.627434371;659;665
10078;Garganta, La;garganta, la;Cáceres;caceres;Extremadura;Garganta, La;40.32857513;-5.823469095;1123;355
10079;Garganta la Olla;garganta la olla;Cáceres;caceres;Extremadura;Garganta la Olla;40.11131364;-5.776081165;578;878
10080;Gargantilla;gargantilla;Cáceres;caceres;Extremadura;Gargantilla;40.24794024;-5.919877012;637;346
10081;Gargüera;garguera;Cáceres;caceres;Extremadura;Gargüera;40.06061089;-5.927657058;517;188
10082;Garrovillas de Alconétar;garrovillas de alconetar;Cáceres;caceres;Extremadura;Garrovillas de Alconétar;39.71278577;-6.549583734;318;1947
10083;Garvín;garvin;Cáceres;caceres;Extremadura;Garvín;39.72018078;-5.345630404;500;111
10084;Gata;gata;Cáceres;caceres;Extremadura;Gata;40.23777027;-6.59639504;635;1341
10085;Gordo, El;gordo, el;Cáceres;caceres;Extremadura;Gordo, El;39.86577532;-5.343057069;322;372
10086;Granja, La;granja, la;Cáceres;caceres;Extremadura;Granja, La;40.23936513;-5.994836941;417;314
10087;Guadalupe;guadalupe;Cáceres;caceres;Extremadura;Guadalupe;39.45082486;-5.326556078;636;1720
10088;Guijo de Coria;guijo de coria;Cáceres;caceres;Extremadura;Guijo de Coria;40.10086157;-6.464161652;443;187
10089;Guijo de Galisteo;guijo de galisteo;Cáceres;caceres;Extremadura;Guijo de Galisteo;40.09351662;-6.411901163;426;1465
10090;Guijo de Granadilla;guijo de granadilla;Cáceres;caceres;Extremadura;Guijo de Granadilla;40.19353341;-6.162565278;390;498
10091;Guijo de Santa Bárbara;guijo de santa barbara;Cáceres;caceres;Extremadura;Guijo de Santa Bárbara;40.1539035;-5.655353061;858;375
10092;Herguijuela;herguijuela;Cáceres;caceres;Extremadura;Herguijuela;39.37420977;-5.760040715;461;267
10093;Hernán-Pérez;hernan perez;Cáceres;caceres;Extremadura;Hernán-Pérez;40.2120593;-6.464316627;443;401
10094;Herrera de Alcántara;herrera de alcantara;Cáceres;caceres;Extremadura;Herrera de Alcántara;39.63694907;-7.403809824;264;229
10095;Herreruela;herreruela;Cáceres;caceres;Extremadura;Herreruela;39.46296044;-6.905569498;325;328
10096;Hervás;hervas;Cáceres;caceres;Extremadura;Hervás;40.27517811;-5.860097714;670;3900
10097;Higuera de Albalat;higuera de albalat;Cáceres;caceres;Extremadura;Higuera de Albalat;39.72455856;-5.667323609;481;103
10098;Hinojal;hinojal;Cáceres;caceres;Extremadura;Hinojal;39.7106376;-6.359443513;341;391
10099;Holguera;holguera;Cáceres;caceres;Extremadura;Holguera;39.89825617;-6.350980986;278;587
10100;Hoyos;hoyos;Cáceres;caceres;Extremadura;Hoyos;40.1711913;-6.721645379;514;850
10101;Huélaga;huelaga;Cáceres;caceres;Extremadura;Huélaga;40.05661428;-6.616737193;281;205
10102;Ibahernando;ibahernando;Cáceres;caceres;Extremadura;Ibahernando;39.32446369;-5.917157405;534;540
10103;Jaraicejo;jaraicejo;Cáceres;caceres;Extremadura;Jaraicejo;39.66669474;-5.813748547;501;418
10104;Jaraíz de la Vera;jaraiz de la vera;Cáceres;caceres;Extremadura;Jaraíz de la Vera;40.06000798;-5.755479963;549;6835
10105;Jarandilla de la Vera;jarandilla de la vera;Cáceres;caceres;Extremadura;Jarandilla de la Vera;40.12611228;-5.660651218;591;2895
10106;Jarilla;jarilla;Cáceres;caceres;Extremadura;Jarilla;40.1714683;-6.002633314;491;128
10107;Jerte;jerte;Cáceres;caceres;Extremadura;Jerte;40.22161288;-5.751191142;602;1199
10108;Ladrillar;ladrillar;Cáceres;caceres;Extremadura;Ladrillar;40.46654905;-6.225667053;708;179
10109;Logrosán;logrosan;Cáceres;caceres;Extremadura;Logrosán;39.33706886;-5.492058436;465;1856
10110;Losar de la Vera;losar de la vera;Cáceres;caceres;Extremadura;Losar de la Vera;40.12197436;-5.607088252;549;2804
10111;Madrigal de la Vera;madrigal de la vera;Cáceres;caceres;Extremadura;Madrigal de la Vera;40.14771047;-5.366833942;380;1534
10112;Madrigalejo;madrigalejo;Cáceres;caceres;Extremadura;Madrigalejo;39.13941248;-5.627150023;295;1707
10113;Madroñera;madronera;Cáceres;caceres;Extremadura;Madroñera;39.42544;-5.755913316;585;2358
10114;Majadas;majadas;Cáceres;caceres;Extremadura;Majadas;39.94237023;-5.746955587;262;1272
10115;Malpartida de Cáceres;malpartida de caceres;Cáceres;caceres;Extremadura;Malpartida de Cáceres;39.4456173;-6.507161429;367;4024
10116;Malpartida de Plasencia;malpartida de plasencia;Cáceres;caceres;Extremadura;Malpartida de Plasencia;39.98137003;-6.043785776;462;4664
10117;Marchagaz;marchagaz;Cáceres;caceres;Extremadura;Marchagaz;40.26838967;-6.276063703;514;231
10118;Mata de Alcántara;mata de alcantara;Cáceres;caceres;Extremadura;Mata de Alcántara;39.71858309;-6.820050603;331;302
10119;Membrío;membrio;Cáceres;caceres;Extremadura;Membrío;39.52719639;-7.054028011;339;594
10120;Mesas de Ibor;mesas de ibor;Cáceres;caceres;Extremadura;Mesas de Ibor;39.7566336;-5.547560083;480;146
10121;Miajadas;miajadas;Cáceres;caceres;Extremadura;Miajadas;39.15123739;-5.907558366;294;9393
10122;Millanes;millanes;Cáceres;caceres;Extremadura;Millanes;39.84908201;-5.580539133;371;243
10123;Mirabel;mirabel;Cáceres;caceres;Extremadura;Mirabel;39.86190403;-6.233722951;490;620
10124;Mohedas de Granadilla;mohedas de granadilla;Cáceres;caceres;Extremadura;Mohedas de Granadilla;40.26836989;-6.20124692;448;825
10125;Monroy;monroy;Cáceres;caceres;Extremadura;Monroy;39.63771539;-6.213860403;376;909
10126;Montánchez;montanchez;Cáceres;caceres;Extremadura;Montánchez;39.22539172;-6.152721641;705;1595
10127;Montehermoso;montehermoso;Cáceres;caceres;Extremadura;Montehermoso;40.08950424;-6.349895445;393;5571
10128;Moraleja;moraleja;Cáceres;caceres;Extremadura;Moraleja;40.06852893;-6.66135819;260;6566
10129;Morcillo;morcillo;Cáceres;caceres;Extremadura;Morcillo;40.01962678;-6.39704872;269;378
10130;Navaconcejo;navaconcejo;Cáceres;caceres;Extremadura;Navaconcejo;40.17854746;-5.828914529;459;2039
10131;Navalmoral de la Mata;navalmoral de la mata;Cáceres;caceres;Extremadura;Navalmoral de la Mata;39.89173101;-5.540711062;289;17297
10132;Navalvillar de Ibor;navalvillar de ibor;Cáceres;caceres;Extremadura;Navalvillar de Ibor;39.58504406;-5.413348299;666;376
10133;Navas del Madroño;navas del madrono;Cáceres;caceres;Extremadura;Navas del Madroño;39.62335972;-6.650293762;430;1254
10134;Navezuelas;navezuelas;Cáceres;caceres;Extremadura;Navezuelas;39.51050633;-5.439754663;914;668
10135;Nuñomoral;nunomoral;Cáceres;caceres;Extremadura;Nuñomoral;40.40892705;-6.244883988;475;1189
10136;Oliva de Plasencia;oliva de plasencia;Cáceres;caceres;Extremadura;Oliva de Plasencia;40.11196104;-6.086381413;402;294
10137;Palomero;palomero;Cáceres;caceres;Extremadura;Palomero;40.24643529;-6.276582807;454;449
10138;Pasarón de la Vera;pasaron de la vera;Cáceres;caceres;Extremadura;Pasarón de la Vera;40.05219627;-5.820874202;597;590
10139;Pedroso de Acim;pedroso de acim;Cáceres;caceres;Extremadura;Pedroso de Acim;39.82476971;-6.412183652;462;101
10140;Peraleda de la Mata;peraleda de la mata;Cáceres;caceres;Extremadura;Peraleda de la Mata;39.85327431;-5.459960485;336;1445
10141;Peraleda de San Román;peraleda de san roman;Cáceres;caceres;Extremadura;Peraleda de San Román;39.74073408;-5.38716902;472;269
10142;Perales del Puerto;perales del puerto;Cáceres;caceres;Extremadura;Perales del Puerto;40.15445487;-6.680798189;433;877
10143;Pescueza;pescueza;Cáceres;caceres;Extremadura;Pescueza;39.91843501;-6.646292273;334;149
10144;Pesga, La;pesga, la;Cáceres;caceres;Extremadura;Pesga, La;40.32654001;-6.175836202;442;948
10145;Piedras Albas;piedras albas;Cáceres;caceres;Extremadura;Piedras Albas;39.78304495;-6.925244926;347;124
10146;Pinofranqueado;pinofranqueado;Cáceres;caceres;Extremadura;Pinofranqueado;40.30177442;-6.333943864;442;1785
10147;Piornal;piornal;Cáceres;caceres;Extremadura;Piornal;40.11629354;-5.846970973;1176;1439
10148;Plasencia;plasencia;Cáceres;caceres;Extremadura;Plasencia;40.03008663;-6.08954211;356;40224
10149;Plasenzuela;plasenzuela;Cáceres;caceres;Extremadura;Plasenzuela;39.38178289;-6.046970021;428;533
10150;Portaje;portaje;Cáceres;caceres;Extremadura;Portaje;39.91819255;-6.562138103;378;377
10151;Portezuelo;portezuelo;Cáceres;caceres;Extremadura;Portezuelo;39.81252958;-6.474117244;373;198
10152;Pozuelo de Zarzón;pozuelo de zarzon;Cáceres;caceres;Extremadura;Pozuelo de Zarzón;40.14945241;-6.41621358;467;431
10153;Puerto de Santa Cruz;puerto de santa cruz;Cáceres;caceres;Extremadura;Puerto de Santa Cruz;39.31644512;-5.858631168;458;266
10154;Rebollar;rebollar;Cáceres;caceres;Extremadura;Rebollar;40.15323672;-5.899711109;596;203
10155;Riolobos;riolobos;Cáceres;caceres;Extremadura;Riolobos;39.92189794;-6.304693203;265;1174
10156;Robledillo de Gata;robledillo de gata;Cáceres;caceres;Extremadura;Robledillo de Gata;40.32238761;-6.471153506;578;89
10157;Robledillo de la Vera;robledillo de la vera;Cáceres;caceres;Extremadura;Robledillo de la Vera;40.10046171;-5.589043125;447;251
10158;Robledillo de Trujillo;robledillo de trujillo;Cáceres;caceres;Extremadura;Robledillo de Trujillo;39.26933885;-5.980555931;497;394
10159;Robledollano;robledollano;Cáceres;caceres;Extremadura;Robledollano;39.60988669;-5.508899819;710;325
10160;Romangordo;romangordo;Cáceres;caceres;Extremadura;Romangordo;39.74218712;-5.701089395;424;240
10161;Ruanes;ruanes;Cáceres;caceres;Extremadura;Ruanes;39.32778004;-6.013317669;480;83
10162;Salorino;salorino;Cáceres;caceres;Extremadura;Salorino;39.4778657;-7.010548259;330;525
10163;Salvatierra de Santiago;salvatierra de santiago;Cáceres;caceres;Extremadura;Salvatierra de Santiago;39.30268445;-6.031839791;438;229
10164;San Martín de Trevejo;san martin de trevejo;Cáceres;caceres;Extremadura;San Martín de Trevejo;40.21282821;-6.796066237;611;697
10165;Santa Ana;santa ana;Cáceres;caceres;Extremadura;Santa Ana;39.30791396;-5.988958279;485;303
10166;Santa Cruz de la Sierra;santa cruz de la sierra;Cáceres;caceres;Extremadura;Santa Cruz de la Sierra;39.3364826;-5.846236552;454;316
10167;Santa Cruz de Paniagua;santa cruz de paniagua;Cáceres;caceres;Extremadura;Santa Cruz de Paniagua;40.19097663;-6.341258465;481;286
10168;Santa Marta de Magasca;santa marta de magasca;Cáceres;caceres;Extremadura;Santa Marta de Magasca;39.51109684;-6.099797569;377;293
10169;Santiago de Alcántara;santiago de alcantara;Cáceres;caceres;Extremadura;Santiago de Alcántara;39.60745825;-7.241062915;350;450
10170;Santiago del Campo;santiago del campo;Cáceres;caceres;Extremadura;Santiago del Campo;39.62940745;-6.364382027;346;251
10171;Santibáñez el Alto;santibanez el alto;Cáceres;caceres;Extremadura;Santibáñez el Alto;40.18545435;-6.547434617;656;393
10172;Santibáñez el Bajo;santibanez el bajo;Cáceres;caceres;Extremadura;Santibáñez el Bajo;40.17624789;-6.22321559;373;713
10173;Saucedilla;saucedilla;Cáceres;caceres;Extremadura;Saucedilla;39.851521;-5.675265733;258;1006
10174;Segura de Toro;segura de toro;Cáceres;caceres;Extremadura;Segura de Toro;40.22454158;-5.949228564;628;192
10175;Serradilla;serradilla;Cáceres;caceres;Extremadura;Serradilla;39.82974096;-6.13999718;412;1462
10176;Serrejón;serrejon;Cáceres;caceres;Extremadura;Serrejón;39.81709918;-5.80262594;335;408
10177;Sierra de Fuentes;sierra de fuentes;Cáceres;caceres;Extremadura;Sierra de Fuentes;39.43724574;-6.274804267;430;2080
10178;Talaván;talavan;Cáceres;caceres;Extremadura;Talaván;39.71818833;-6.281643016;371;776
10179;Talaveruela de la Vera;talaveruela de la vera;Cáceres;caceres;Extremadura;Talaveruela de la Vera;40.12139625;-5.518142641;558;303
10180;Talayuela;talayuela;Cáceres;caceres;Extremadura;Talayuela;39.98360073;-5.610449176;285;7425
10181;Tejeda de Tiétar;tejeda de tietar;Cáceres;caceres;Extremadura;Tejeda de Tiétar;40.01852776;-5.869648744;441;761
10182;Toril;toril;Cáceres;caceres;Extremadura;Toril;39.89744541;-5.780697822;257;153
10183;Tornavacas;tornavacas;Cáceres;caceres;Extremadura;Tornavacas;40.25430626;-5.688698092;871;1007
10184;Torno, El;torno, el;Cáceres;caceres;Extremadura;Torno, El;40.13632579;-5.94427758;767;804
10185;Torrecilla de los Ángeles;torrecilla de los angeles;Cáceres;caceres;Extremadura;Torrecilla de los Ángeles;40.24791788;-6.418543042;460;637
10186;Torrecillas de la Tiesa;torrecillas de la tiesa;Cáceres;caceres;Extremadura;Torrecillas de la Tiesa;39.56885097;-5.741967517;502;1036
10187;Torre de Don Miguel;torre de don miguel;Cáceres;caceres;Extremadura;Torre de Don Miguel;40.22364045;-6.577330375;552;480
10188;Torre de Santa María;torre de santa maria;Cáceres;caceres;Extremadura;Torre de Santa María;39.25298568;-6.117494229;491;508
10189;Torrejoncillo;torrejoncillo;Cáceres;caceres;Extremadura;Torrejoncillo;39.89662812;-6.466051468;330;2757
10190;Torrejón el Rubio;torrejon el rubio;Cáceres;caceres;Extremadura;Torrejón el Rubio;39.77155825;-6.013105327;307;543
10191;Torremenga;torremenga;Cáceres;caceres;Extremadura;Torremenga;40.04702658;-5.775135597;528;620
10192;Torremocha;torremocha;Cáceres;caceres;Extremadura;Torremocha;39.34559582;-6.172641302;442;751
10193;Torreorgaz;torreorgaz;Cáceres;caceres;Extremadura;Torreorgaz;39.38287145;-6.251876906;422;1644
10194;Torrequemada;torrequemada;Cáceres;caceres;Extremadura;Torrequemada;39.36605432;-6.221414386;436;566
10195;Trujillo;trujillo;Cáceres;caceres;Extremadura;Trujillo;39.45810811;-5.882738918;521;8660
10196;Valdastillas;valdastillas;Cáceres;caceres;Extremadura;Valdastillas;40.13312545;-5.879475983;607;335
10197;Valdecañas de Tajo;valdecanas de tajo;Cáceres;caceres;Extremadura;Valdecañas de Tajo;39.75970859;-5.619396032;364;98
10198;Valdefuentes;valdefuentes;Cáceres;caceres;Extremadura;Valdefuentes;39.27359664;-6.127150998;478;1079
10199;Valdehúncar;valdehuncar;Cáceres;caceres;Extremadura;Valdehúncar;39.83711874;-5.523304164;372;189
10200;Valdelacasa de Tajo;valdelacasa de tajo;Cáceres;caceres;Extremadura;Valdelacasa de Tajo;39.72719474;-5.283024487;449;336
10201;Valdemorales;valdemorales;Cáceres;caceres;Extremadura;Valdemorales;39.20571815;-6.064931284;429;218
10202;Valdeobispo;valdeobispo;Cáceres;caceres;Extremadura;Valdeobispo;40.08203719;-6.248469505;330;616
10203;Valencia de Alcántara;valencia de alcantara;Cáceres;caceres;Extremadura;Valencia de Alcántara;39.41321454;-7.241964957;456;5140
10204;Valverde de la Vera;valverde de la vera;Cáceres;caceres;Extremadura;Valverde de la Vera;40.12259553;-5.494411527;492;431
10205;Valverde del Fresno;valverde del fresno;Cáceres;caceres;Extremadura;Valverde del Fresno;40.22511278;-6.879333705;489;2160
10206;Viandar de la Vera;viandar de la vera;Cáceres;caceres;Extremadura;Viandar de la Vera;40.12148288;-5.535447064;538;216
10207;Villa del Campo;villa del campo;Cáceres;caceres;Extremadura;Villa del Campo;40.14188556;-6.427243826;470;434
10208;Villa del Rey;villa del rey;Cáceres;caceres;Extremadura;Villa del Rey;39.65988565;-6.820734379;336;118
10209;Villamesías;villamesias;Cáceres;caceres;Extremadura;Villamesías;39.24580375;-5.873359466;365;274
10210;Villamiel;villamiel;Cáceres;caceres;Extremadura;Villamiel;40.18569359;-6.784214777;740;416
10211;Villanueva de la Sierra;villanueva de la sierra;Cáceres;caceres;Extremadura;Villanueva de la Sierra;40.20051007;-6.405916505;511;475
10212;Villanueva de la Vera;villanueva de la vera;Cáceres;caceres;Extremadura;Villanueva de la Vera;40.12861138;-5.463108799;496;2108
10213;Villar del Pedroso;villar del pedroso;Cáceres;caceres;Extremadura;Villar del Pedroso;39.70549112;-5.196107637;497;549
10214;Villar de Plasencia;villar de plasencia;Cáceres;caceres;Extremadura;Villar de Plasencia;40.13774405;-6.027898253;467;225
10215;Villasbuenas de Gata;villasbuenas de gata;Cáceres;caceres;Extremadura;Villasbuenas de Gata;40.17912884;-6.625661931;427;483
10216;Zarza de Granadilla;zarza de granadilla;Cáceres;caceres;Extremadura;Zarza de Granadilla;40.23519554;-6.048697194;387;1816
10217;Zarza de Montánchez;zarza de montanchez;Cáceres;caceres;Extremadura;Zarza de Montánchez;39.25685153;-6.030648035;452;506
10218;Zarza la Mayor;zarza la mayor;Cáceres;caceres;Extremadura;Zarza la Mayor;39.87586758;-6.864690842;303;1109
10219;Zorita;zorita;Cáceres;caceres;Extremadura;Zorita;39.28426386;-5.699187528;426;1227
10901;Rosalejo;rosalejo;Cáceres;caceres;Extremadura;Rosalejo;39.99485603;-5.458193303;278;1301
10902;Vegaviana;vegaviana;Cáceres;caceres;Extremadura;Vegaviana;40.04139744;-6.718944114;259;840
10903;Alagón del Río;alagon del rio;Cáceres;caceres;Extremadura;Alagón del Río;39.9738434;-6.315618952;258;919
10904;Tiétar;tietar;Cáceres;caceres;Extremadura;Tiétar;40.02993571;-5.483223599;273;837
10905;Pueblonuevo de Miramontes;pueblonuevo de miramontes;Cáceres;caceres;Extremadura;Pueblonuevo de Miramontes;40.06016729;-5.379137232;285;753
11001;Alcalá de los Gazules;alcala de los gazules;Cádiz;cadiz;Andalucía;Alcalá de los Gazules;36.46195001;-5.721274018;167;5242
11002;Alcalá del Valle;alcala del valle;Cádiz;cadiz;Andalucía;Alcalá del Valle;36.90506403;-5.17313607;620;4867
11003;Algar;algar;Cádiz;cadiz;Andalucía;Algar;36.65539825;-5.657458841;206;1453
11004;Algeciras;algeciras;Cádiz;cadiz;Andalucía;Algeciras;36.13198257;-5.447642214;17;126500
11005;Algodonales;algodonales;Cádiz;cadiz;Andalucía;Algodonales;36.88078051;-5.40480231;364;5422
11006;Arcos de la Frontera;arcos de la frontera;Cádiz;cadiz;Andalucía;Arcos de la Frontera;36.74815354;-5.80676784;181;31281
11007;Barbate;barbate;Cádiz;cadiz;Andalucía;Barbate;36.19287665;-5.91887714;8;22686
11008;Barrios, Los;barrios, los;Cádiz;cadiz;Andalucía;Barrios, Los;36.18566745;-5.49295743;23;24588
11009;Benaocaz;benaocaz;Cádiz;cadiz;Andalucía;Benaocaz;36.69946673;-5.421260584;789;748
11010;Bornos;bornos;Cádiz;cadiz;Andalucía;Bornos;36.81482934;-5.743568177;148;7506
11011;Bosque, El;bosque, el;Cádiz;cadiz;Andalucía;Bosque, El;36.75900318;-5.505487527;288;2244
11012;Cádiz;cadiz;Cádiz;cadiz;Andalucía;Cádiz;36.52959441;-6.292954632;4;110123
11013;Castellar de la Frontera;castellar de la frontera;Cádiz;cadiz;Andalucía;Castellar de la Frontera;36.28605;-5.42003;25;2996
11014;Conil de la Frontera;conil de la frontera;Cádiz;cadiz;Andalucía;Conil de la Frontera;36.27700066;-6.088017837;34;24133
11015;Chiclana de la Frontera;chiclana de la frontera;Cádiz;cadiz;Andalucía;Chiclana de la Frontera;36.41960063;-6.1493492;5;90997
11016;Chipiona;chipiona;Cádiz;cadiz;Andalucía;Chipiona;36.74095542;-6.435944892;6;20078
11017;Espera;espera;Cádiz;cadiz;Andalucía;Espera;36.87325915;-5.806122934;140;3753
11018;Gastor, El;gastor, el;Cádiz;cadiz;Andalucía;Gastor, El;36.85505308;-5.323633829;594;1687
11019;Grazalema;grazalema;Cádiz;cadiz;Andalucía;Grazalema;36.75844019;-5.366051236;823;1987
11020;Jerez de la Frontera;jerez de la frontera;Cádiz;cadiz;Andalucía;Jerez de la Frontera;36.68267579;-6.13824768;57;215025
11021;Jimena de la Frontera;jimena de la frontera;Cádiz;cadiz;Andalucía;Jimena de la Frontera;36.43401117;-5.453405381;117;6830
11022;Línea de la Concepción, La;linea de la concepcion, la;Cádiz;cadiz;Andalucía;Línea de la Concepción, La;36.1596502;-5.350904264;2;65420
11023;Medina Sidonia;medina sidonia;Cádiz;cadiz;Andalucía;Medina Sidonia;36.45606047;-5.927588997;262;11870
11024;Olvera;olvera;Cádiz;cadiz;Andalucía;Olvera;36.93508677;-5.267590633;604;7838
11025;Paterna de Rivera;paterna de rivera;Cádiz;cadiz;Andalucía;Paterna de Rivera;36.52303994;-5.865808279;125;5546
11026;Prado del Rey;prado del rey;Cádiz;cadiz;Andalucía;Prado del Rey;36.78752484;-5.556817093;433;5738
11027;Puerto de Santa María, El;puerto de santa maria, el;Cádiz;cadiz;Andalucía;Puerto de Santa María, El;36.60045754;-6.225395054;7.03;90242
11028;Puerto Real;puerto real;Cádiz;cadiz;Andalucía;Puerto Real;36.52886624;-6.192309915;6;42472
11029;Puerto Serrano;puerto serrano;Cádiz;cadiz;Andalucía;Puerto Serrano;36.92393852;-5.54417818;165;6860
11030;Rota;rota;Cádiz;cadiz;Andalucía;Rota;36.61695048;-6.358020846;10;29620
11031;San Fernando;san fernando;Cádiz;cadiz;Andalucía;San Fernando;36.46487376;-6.198664937;19;93490
11032;Sanlúcar de Barrameda;sanlucar de barrameda;Cádiz;cadiz;Andalucía;Sanlúcar de Barrameda;36.77573077;-6.35464307;3;69952
11033;San Roque;san roque;Cádiz;cadiz;Andalucía;San Roque;36.21027513;-5.39166951;73;34873
11034;Setenil de las Bodegas;setenil de las bodegas;Cádiz;cadiz;Andalucía;Setenil de las Bodegas;36.86401214;-5.181455925;557;2637
11035;Tarifa;tarifa;Cádiz;cadiz;Andalucía;Tarifa;36.01172432;-5.602048409;14;18627
11036;Torre Alháquime;torre alhaquime;Cádiz;cadiz;Andalucía;Torre Alháquime;36.91569386;-5.234577722;474;781
11037;Trebujena;trebujena;Cádiz;cadiz;Andalucía;Trebujena;36.86954366;-6.176790645;69;7009
11038;Ubrique;ubrique;Cádiz;cadiz;Andalucía;Ubrique;36.67745675;-5.443137605;335;16624
11039;Vejer de la Frontera;vejer de la frontera;Cádiz;cadiz;Andalucía;Vejer de la Frontera;36.25335397;-5.962987042;170;13117
11040;Villaluenga del Rosario;villaluenga del rosario;Cádiz;cadiz;Andalucía;Villaluenga del Rosario;36.69623846;-5.387268492;859;464
11041;Villamartín;villamartin;Cádiz;cadiz;Andalucía;Villamartín;36.8612108;-5.641503776;169;12264
11042;Zahara;zahara;Cádiz;cadiz;Andalucía;Zahara;36.84060755;-5.390804065;510;1354
11901;Benalup-Casas Viejas;benalup casas viejas;Cádiz;cadiz;Andalucía;Benalup-Casas Viejas;36.34650423;-5.81211467;102;7281
11902;San José del Valle;san jose del valle;Cádiz;cadiz;Andalucía;San José del Valle;36.60555642;-5.798847911;140;4417
11903;San Martín del Tesorillo;san martin del tesorillo;Cádiz;cadiz;Andalucía;San Martín del Tesorillo;36.34106183;-5.322975536;16;2778
12001;Atzeneta del Maestrat;atzeneta del maestrat;Castellón/Castelló;castellon/castello;Comunitat Valenciana;Atzeneta del Maestrat;40.21644631;-0.170634791;401;1282
12002;Aín;ain;Castellón/Castelló;castellon/castello;Comunitat Valenciana;Aín;39.90071232;-0.340721662;498;133
12003;Albocàsser;albocasser;Castellón/Castelló;castellon/castello;Comunitat Valenciana;Albocàsser;40.35762174;0.024311045;535;1370
12004;Alcalà de Xivert;alcala de xivert;Castellón/Castelló;castellon/castello;Comunitat Valenciana;Alcalà de Xivert;40.30366631;0.224864721;157;7489
12005;Alcora, l';alcora, l';Castellón/Castelló;castellon/castello;Comunitat Valenciana;Alcora, l';40.07434197;-0.213046923;265;10646
12006;Alcudia de Veo;alcudia de veo;Castellón/Castelló;castellon/castello;Comunitat Valenciana;Alcudia de Veo;39.91618185;-0.355212745;473;203
12007;Alfondeguilla;alfondeguilla;Castellón/Castelló;castellon/castello;Comunitat Valenciana;Alfondeguilla;39.83785072;-0.268655628;212;881
12008;Algimia de Almonacid;algimia de almonacid;Castellón/Castelló;castellon/castello;Comunitat Valenciana;Algimia de Almonacid;39.91406987;-0.442049606;479;251
12009;Almassora;almassora;Castellón/Castelló;castellon/castello;Comunitat Valenciana;Almassora;39.94526703;-0.063314937;33;29094
12010;Almedíjar;almedijar;Castellón/Castelló;castellon/castello;Comunitat Valenciana;Almedíjar;39.87286351;-0.40830887;404;289
12011;Almenara;almenara;Castellón/Castelló;castellon/castello;Comunitat Valenciana;Almenara;39.75150426;-0.223280605;17;6846
12012;Altura;altura;Castellón/Castelló;castellon/castello;Comunitat Valenciana;Altura;39.851434;-0.510642;391;3912
12013;Arañuel;aranuel;Castellón/Castelló;castellon/castello;Comunitat Valenciana;Arañuel;40.07157949;-0.481990339;408;149
12014;Ares del Maestrat;ares del maestrat;Castellón/Castelló;castellon/castello;Comunitat Valenciana;Ares del Maestrat;40.45637796;-0.131781405;1193;182
12015;Argelita;argelita;Castellón/Castelló;castellon/castello;Comunitat Valenciana;Argelita;40.05453946;-0.350150427;311;142
12016;Artana;artana;Castellón/Castelló;castellon/castello;Comunitat Valenciana;Artana;39.89133905;-0.257938492;259;1992
12017;Ayódar;ayodar;Castellón/Castelló;castellon/castello;Comunitat Valenciana;Ayódar;39.99844265;-0.374959062;372;176
12018;Azuébar;azuebar;Castellón/Castelló;castellon/castello;Comunitat Valenciana;Azuébar;39.8342458;-0.369457273;280;359
12020;Barracas;barracas;Castellón/Castelló;castellon/castello;Comunitat Valenciana;Barracas;40.0167286;-0.697747068;982;193
12021;Betxí;betxi;Castellón/Castelló;castellon/castello;Comunitat Valenciana;Betxí;39.92853566;-0.197434857;96;5697
12022;Bejís;bejis;Castellón/Castelló;castellon/castello;Comunitat Valenciana;Bejís;39.90971315;-0.707433242;783;400
12024;Benafer;benafer;Castellón/Castelló;castellon/castello;Comunitat Valenciana;Benafer;39.93442736;-0.577698114;587;169
12025;Benafigos;benafigos;Castellón/Castelló;castellon/castello;Comunitat Valenciana;Benafigos;40.27658786;-0.20941313;944;121
12026;Benassal;benassal;Castellón/Castelló;castellon/castello;Comunitat Valenciana;Benassal;40.37970236;-0.141816597;829;1047
12027;Benicarló;benicarlo;Castellón/Castelló;castellon/castello;Comunitat Valenciana;Benicarló;40.41832759;0.42313527;11;30394
12028;Benicàssim/Benicasim;benicassim/benicasim;Castellón/Castelló;castellon/castello;Comunitat Valenciana;Benicàssim/Benicasim;40.05606622;0.064311178;23;20586
12029;Benlloc;benlloc;Castellón/Castelló;castellon/castello;Comunitat Valenciana;Benlloc;40.20958647;0.029579517;310;1146
12031;Borriol;borriol;Castellón/Castelló;castellon/castello;Comunitat Valenciana;Borriol;40.04243126;-0.071537566;192;6006
12032;Borriana/Burriana;borriana/burriana;Castellón/Castelló;castellon/castello;Comunitat Valenciana;Borriana/Burriana;39.88997963;-0.083524101;13;37803
12033;Cabanes;cabanes;Castellón/Castelló;castellon/castello;Comunitat Valenciana;Cabanes;40.15610366;0.045411887;290;3491
12034;Càlig;calig;Castellón/Castelló;castellon/castello;Comunitat Valenciana;Càlig;40.46186432;0.353000398;117;2062
12036;Canet lo Roig;canet lo roig;Castellón/Castelló;castellon/castello;Comunitat Valenciana;Canet lo Roig;40.55085651;0.242951054;325;708
12037;Castell de Cabres;castell de cabres;Castellón/Castelló;castellon/castello;Comunitat Valenciana;Castell de Cabres;40.66032239;0.043061128;1133;21
12038;Castellfort;castellfort;Castellón/Castelló;castellon/castello;Comunitat Valenciana;Castellfort;40.50238691;-0.190814738;1180;178
12039;Castellnovo;castellnovo;Castellón/Castelló;castellon/castello;Comunitat Valenciana;Castellnovo;39.86165053;-0.45769985;355;911
12040;Castelló de la Plana/Castellón de la Plana;castello de la plana/castellon de la plana;Castellón/Castelló;castellon/castello;Comunitat Valenciana;Castelló de la Plana/Castellón de la Plana;39.98604534;-0.037848604;28;183709
12041;Castillo de Villamalefa;castillo de villamalefa;Castellón/Castelló;castellon/castello;Comunitat Valenciana;Castillo de Villamalefa;40.13071412;-0.379833003;818;113
12042;Catí;cati;Castellón/Castelló;castellon/castello;Comunitat Valenciana;Catí;40.47138861;0.022837497;661;740
12043;Caudiel;caudiel;Castellón/Castelló;castellon/castello;Comunitat Valenciana;Caudiel;39.94664751;-0.568704008;632;736
12044;Cervera del Maestre;cervera del maestre;Castellón/Castelló;castellon/castello;Comunitat Valenciana;Cervera del Maestre;40.45430833;0.277290968;292;631
12045;Cinctorres;cinctorres;Castellón/Castelló;castellon/castello;Comunitat Valenciana;Cinctorres;40.58170282;-0.216061889;911;431
12046;Cirat;cirat;Castellón/Castelló;castellon/castello;Comunitat Valenciana;Cirat;40.05514968;-0.462318731;400;220
12048;Cortes de Arenoso;cortes de arenoso;Castellón/Castelló;castellon/castello;Comunitat Valenciana;Cortes de Arenoso;40.18641414;-0.542000624;974;317
12049;Costur;costur;Castellón/Castelló;castellon/castello;Comunitat Valenciana;Costur;40.12021772;-0.173391992;458;510
12050;Coves de Vinromà, les;coves de vinroma, les;Castellón/Castelló;castellon/castello;Comunitat Valenciana;Coves de Vinromà, les;40.30960965;0.121875034;186;1881
12051;Culla;culla;Castellón/Castelló;castellon/castello;Comunitat Valenciana;Culla;40.33689239;-0.165495697;1061;503
12052;Xert;xert;Castellón/Castelló;castellon/castello;Comunitat Valenciana;Xert;40.51827221;0.15772418;455;701
12053;Chilches/Xilxes;chilches/xilxes;Castellón/Castelló;castellon/castello;Comunitat Valenciana;Chilches/Xilxes;39.78206935;-0.187407609;7;3186
12055;Xodos/Chodos;xodos/chodos;Castellón/Castelló;castellon/castello;Comunitat Valenciana;Xodos/Chodos;40.24469557;-0.286374092;1060;107
12056;Chóvar;chovar;Castellón/Castelló;castellon/castello;Comunitat Valenciana;Chóvar;39.85116131;-0.320769342;413;318
12057;Eslida;eslida;Castellón/Castelló;castellon/castello;Comunitat Valenciana;Eslida;39.87923357;-0.307826997;381;817
12058;Espadilla;espadilla;Castellón/Castelló;castellon/castello;Comunitat Valenciana;Espadilla;40.02662488;-0.355022407;289;102
12059;Fanzara;fanzara;Castellón/Castelló;castellon/castello;Comunitat Valenciana;Fanzara;40.01904426;-0.316005812;226;296
12060;Figueroles;figueroles;Castellón/Castelló;castellon/castello;Comunitat Valenciana;Figueroles;40.11730486;-0.237749008;359;526
12061;Forcall;forcall;Castellón/Castelló;castellon/castello;Comunitat Valenciana;Forcall;40.64617743;-0.199229811;707;475
12063;Fuente la Reina;fuente la reina;Castellón/Castelló;castellon/castello;Comunitat Valenciana;Fuente la Reina;40.06384928;-0.609016105;808;54
12064;Fuentes de Ayódar;fuentes de ayodar;Castellón/Castelló;castellon/castello;Comunitat Valenciana;Fuentes de Ayódar;40.02063228;-0.419655692;501;98
12065;Gaibiel;gaibiel;Castellón/Castelló;castellon/castello;Comunitat Valenciana;Gaibiel;39.92630919;-0.495232744;523;200
12067;Geldo;geldo;Castellón/Castelló;castellon/castello;Comunitat Valenciana;Geldo;39.83692582;-0.466309665;297;666
12068;Herbers;herbers;Castellón/Castelló;castellon/castello;Comunitat Valenciana;Herbers;40.7210702;-0.004312559;781;68
12069;Higueras;higueras;Castellón/Castelló;castellon/castello;Comunitat Valenciana;Higueras;39.98368366;-0.503197236;672;53
12070;Jana, la;jana, la;Castellón/Castelló;castellon/castello;Comunitat Valenciana;Jana, la;40.51277444;0.252590488;299;672
12071;Jérica;jerica;Castellón/Castelló;castellon/castello;Comunitat Valenciana;Jérica;39.91231895;-0.571559137;490;1768
12072;Llucena/Lucena del Cid;llucena/lucena del cid;Castellón/Castelló;castellon/castello;Comunitat Valenciana;Llucena/Lucena del Cid;40.13789473;-0.280068446;561;1418
12073;Ludiente;ludiente;Castellón/Castelló;castellon/castello;Comunitat Valenciana;Ludiente;40.08679851;-0.371081332;433;166
12074;Llosa, la;llosa, la;Castellón/Castelló;castellon/castello;Comunitat Valenciana;Llosa, la;39.76857937;-0.206630272;14;1032
12075;Mata de Morella, la;mata de morella, la;Castellón/Castelló;castellon/castello;Comunitat Valenciana;Mata de Morella, la;40.6164226;-0.280468021;822;199
12076;Matet;matet;Castellón/Castelló;castellon/castello;Comunitat Valenciana;Matet;39.9375222;-0.467744055;575;94
12077;Moncofa;moncofa;Castellón/Castelló;castellon/castello;Comunitat Valenciana;Moncofa;39.80762867;-0.145938942;5;8345
12078;Montán;montan;Castellón/Castelló;castellon/castello;Comunitat Valenciana;Montán;40.03525835;-0.554272496;575;429
12079;Montanejos;montanejos;Castellón/Castelló;castellon/castello;Comunitat Valenciana;Montanejos;40.06833464;-0.522945737;469;651
12080;Morella;morella;Castellón/Castelló;castellon/castello;Comunitat Valenciana;Morella;40.61938104;-0.099072926;961;2502
12081;Navajas;navajas;Castellón/Castelló;castellon/castello;Comunitat Valenciana;Navajas;39.87654778;-0.506585785;386;926
12082;Nules;nules;Castellón/Castelló;castellon/castello;Comunitat Valenciana;Nules;39.85336951;-0.154806215;13;14382
12083;Olocau del Rey;olocau del rey;Castellón/Castelló;castellon/castello;Comunitat Valenciana;Olocau del Rey;40.63748992;-0.339657065;1037;141
12084;Onda;onda;Castellón/Castelló;castellon/castello;Comunitat Valenciana;Onda;39.96266286;-0.264285117;192;26297
12085;Orpesa/Oropesa del Mar;orpesa/oropesa del mar;Castellón/Castelló;castellon/castello;Comunitat Valenciana;Orpesa/Oropesa del Mar;40.09460923;0.134759545;7;12483
12087;Palanques;palanques;Castellón/Castelló;castellon/castello;Comunitat Valenciana;Palanques;40.71758104;-0.179545957;663;34
12088;Pavías;pavias;Castellón/Castelló;castellon/castello;Comunitat Valenciana;Pavías;39.97349469;-0.482266847;735;73
12089;Peníscola/Peñíscola;peniscola/peniscola;Castellón/Castelló;castellon/castello;Comunitat Valenciana;Peníscola/Peñíscola;40.35840309;0.406493167;24;8748
12090;Pina de Montalgrao;pina de montalgrao;Castellón/Castelló;castellon/castello;Comunitat Valenciana;Pina de Montalgrao;40.02089104;-0.654741097;1030;122
12091;Portell de Morella;portell de morella;Castellón/Castelló;castellon/castello;Comunitat Valenciana;Portell de Morella;40.53177465;-0.26292061;1062;155
12092;Puebla de Arenoso;puebla de arenoso;Castellón/Castelló;castellon/castello;Comunitat Valenciana;Puebla de Arenoso;40.10470865;-0.590958126;626;169
12093;Pobla de Benifassà, la;pobla de benifassa, la;Castellón/Castelló;castellon/castello;Comunitat Valenciana;Pobla de Benifassà, la;40.65624229;0.156963004;670;230
12094;Pobla Tornesa, la;pobla tornesa, la;Castellón/Castelló;castellon/castello;Comunitat Valenciana;Pobla Tornesa, la;40.10137585;-0.001486327;303;1336
12095;Ribesalbes;ribesalbes;Castellón/Castelló;castellon/castello;Comunitat Valenciana;Ribesalbes;40.02250001;-0.277245196;175;1194
12096;Rossell;rossell;Castellón/Castelló;castellon/castello;Comunitat Valenciana;Rossell;40.61861453;0.221553482;474;908
12097;Sacañet;sacanet;Castellón/Castelló;castellon/castello;Comunitat Valenciana;Sacañet;39.85164747;-0.714763017;1016;67
12098;Salzadella, la;salzadella, la;Castellón/Castelló;castellon/castello;Comunitat Valenciana;Salzadella, la;40.41824336;0.1741189;338;674
12099;Sant Jordi/San Jorge;sant jordi/san jorge;Castellón/Castelló;castellon/castello;Comunitat Valenciana;Sant Jordi/San Jorge;40.50982796;0.331075537;173;1568
12100;Sant Mateu;sant mateu;Castellón/Castelló;castellon/castello;Comunitat Valenciana;Sant Mateu;40.46586358;0.180082098;323;2010
12101;San Rafael del Río;san rafael del rio;Castellón/Castelló;castellon/castello;Comunitat Valenciana;San Rafael del Río;40.60576007;0.349787196;248;536
12102;Santa Magdalena de Pulpis;santa magdalena de pulpis;Castellón/Castelló;castellon/castello;Comunitat Valenciana;Santa Magdalena de Pulpis;40.35625191;0.302719006;121;779
12103;Serratella, la;serratella, la;Castellón/Castelló;castellon/castello;Comunitat Valenciana;Serratella, la;40.31309107;0.03041934;781;114
12104;Segorbe;segorbe;Castellón/Castelló;castellon/castello;Comunitat Valenciana;Segorbe;39.85137953;-0.489325532;358;9814
12105;Sierra Engarcerán;sierra engarceran;Castellón/Castelló;castellon/castello;Comunitat Valenciana;Sierra Engarcerán;40.26960321;-0.019980539;749;1041
12106;Soneja;soneja;Castellón/Castelló;castellon/castello;Comunitat Valenciana;Soneja;39.81741212;-0.42859464;257;1531
12107;Sot de Ferrer;sot de ferrer;Castellón/Castelló;castellon/castello;Comunitat Valenciana;Sot de Ferrer;39.80489128;-0.4118866;230;488
12108;Suera/Sueras;suera/sueras;Castellón/Castelló;castellon/castello;Comunitat Valenciana;Suera/Sueras;39.95219408;-0.332502723;318;595
12109;Tales;tales;Castellón/Castelló;castellon/castello;Comunitat Valenciana;Tales;39.94840926;-0.307954939;238;836
12110;Teresa;teresa;Castellón/Castelló;castellon/castello;Comunitat Valenciana;Teresa;39.90018768;-0.657365254;627;254
12111;Tírig;tirig;Castellón/Castelló;castellon/castello;Comunitat Valenciana;Tírig;40.42357727;0.078883545;462;417
12112;Todolella;todolella;Castellón/Castelló;castellon/castello;Comunitat Valenciana;Todolella;40.64580655;-0.247162206;774;135
12113;Toga;toga;Castellón/Castelló;castellon/castello;Comunitat Valenciana;Toga;40.04218005;-0.367060477;293;107
12114;Torás;toras;Castellón/Castelló;castellon/castello;Comunitat Valenciana;Torás;39.91938501;-0.686388512;773;271
12115;Toro, El;toro, el;Castellón/Castelló;castellon/castello;Comunitat Valenciana;Toro, El;39.98246713;-0.748557604;1004;257
12116;Torralba del Pinar;torralba del pinar;Castellón/Castelló;castellon/castello;Comunitat Valenciana;Torralba del Pinar;39.988919;-0.438581275;726;57
12117;Torreblanca;torreblanca;Castellón/Castelló;castellon/castello;Comunitat Valenciana;Torreblanca;40.22038684;0.194980395;29;5757
12118;Torrechiva;torrechiva;Castellón/Castelló;castellon/castello;Comunitat Valenciana;Torrechiva;40.04816361;-0.39617192;336;108
12119;Torre d'en Besora, la;torre d'en besora, la;Castellón/Castelló;castellon/castello;Comunitat Valenciana;Torre d'en Besora, la;40.32630872;-0.079797066;629;164
12120;Torre d'en Doménec, la;torre d'en domenec, la;Castellón/Castelló;castellon/castello;Comunitat Valenciana;Torre d'en Doménec, la;40.26353297;0.070549955;305;176
12121;Traiguera;traiguera;Castellón/Castelló;castellon/castello;Comunitat Valenciana;Traiguera;40.52444903;0.289836033;272;1329
12122;Useres, les/Useras;useres, les/useras;Castellón/Castelló;castellon/castello;Comunitat Valenciana;Useres, les/Useras;40.15724362;-0.16282618;401;966
12123;Vallat;vallat;Castellón/Castelló;castellon/castello;Comunitat Valenciana;Vallat;40.03016414;-0.337127917;278;68
12124;Vall d'Alba;vall d'alba;Castellón/Castelló;castellon/castello;Comunitat Valenciana;Vall d'Alba;40.17659825;-0.036267932;306;3203
12125;Vall de Almonacid;vall de almonacid;Castellón/Castelló;castellon/castello;Comunitat Valenciana;Vall de Almonacid;39.9038613;-0.456600174;442;285
12126;Vall d'Uixó, la;vall d'uixo, la;Castellón/Castelló;castellon/castello;Comunitat Valenciana;Vall d'Uixó, la;39.82386911;-0.23240263;118;32220
12127;Vallibona;vallibona;Castellón/Castelló;castellon/castello;Comunitat Valenciana;Vallibona;40.60235506;0.047390669;641;63
12128;Vilafamés;vilafames;Castellón/Castelló;castellon/castello;Comunitat Valenciana;Vilafamés;40.11450529;-0.054328965;341;1961
12129;Vilafranca/Villafranca del Cid;vilafranca/villafranca del cid;Castellón/Castelló;castellon/castello;Comunitat Valenciana;Vilafranca/Villafranca del Cid;40.4277756;-0.258161512;1132;2116
12130;Villahermosa del Río;villahermosa del rio;Castellón/Castelló;castellon/castello;Comunitat Valenciana;Villahermosa del Río;40.2027938;-0.417847373;744;477
12131;Villamalur;villamalur;Castellón/Castelló;castellon/castello;Comunitat Valenciana;Villamalur;39.96427536;-0.394624796;639;99
12132;Vilanova d'Alcolea;vilanova d'alcolea;Castellón/Castelló;castellon/castello;Comunitat Valenciana;Vilanova d'Alcolea;40.23104425;0.072823451;347;601
12133;Villanueva de Viver;villanueva de viver;Castellón/Castelló;castellon/castello;Comunitat Valenciana;Villanueva de Viver;40.05901935;-0.646566168;890;94
12134;Vilar de Canes;vilar de canes;Castellón/Castelló;castellon/castello;Comunitat Valenciana;Vilar de Canes;40.35840664;-0.065748117;667;156
12135;Vila-real;vila real;Castellón/Castelló;castellon/castello;Comunitat Valenciana;Vila-real;39.93665699;-0.101304152;41;53634
12136;Vilavella, la;vilavella, la;Castellón/Castelló;castellon/castello;Comunitat Valenciana;Vilavella, la;39.85878283;-0.184464222;37;3068
12137;Villores;villores;Castellón/Castelló;castellon/castello;Comunitat Valenciana;Villores;40.67614576;-0.200597696;743;51
12138;Vinaròs;vinaros;Castellón/Castelló;castellon/castello;Comunitat Valenciana;Vinaròs;40.47065028;0.474684425;7;30516
12139;Vistabella del Maestrat;vistabella del maestrat;Castellón/Castelló;castellon/castello;Comunitat Valenciana;Vistabella del Maestrat;40.29362588;-0.292909789;1248;356
12140;Viver;viver;Castellón/Castelló;castellon/castello;Comunitat Valenciana;Viver;39.92091467;-0.595789732;550;1726
12141;Zorita del Maestrazgo;zorita del maestrazgo;Castellón/Castelló;castellon/castello;Comunitat Valenciana;Zorita del Maestrazgo;40.72873062;-0.16704632;652;120
12142;Zucaina;zucaina;Castellón/Castelló;castellon/castello;Comunitat Valenciana;Zucaina;40.13180445;-0.41816592;809;172
12901;Alqueries, les/Alquerías del Niño Perdido;alqueries, les/alquerias del nino perdido;Castellón/Castelló;castellon/castello;Comunitat Valenciana;Alqueries, les/Alquerías del Niño Perdido;39.89635657;-0.11481766;25;4595
12902;Sant Joan de Moró;sant joan de moro;Castellón/Castelló;castellon/castello;Comunitat Valenciana;Sant Joan de Moró;40.0602202;-0.139568171;183;3727
13001;Abenójar;abenojar;Ciudad Real;ciudad real;Castilla-La Mancha;Abenójar;38.88012784;-4.355432939;606;1310
13002;Agudo;agudo;Ciudad Real;ciudad real;Castilla-La Mancha;Agudo;38.98344132;-4.871222762;551;1604
13003;Alamillo;alamillo;Ciudad Real;ciudad real;Castilla-La Mancha;Alamillo;38.67710524;-4.790421596;446;453
13004;Albaladejo;albaladejo;Ciudad Real;ciudad real;Castilla-La Mancha;Albaladejo;38.61785753;-2.806747906;924;995
13005;Alcázar de San Juan;alcazar de san juan;Ciudad Real;ciudad real;Castilla-La Mancha;Alcázar de San Juan;39.38906798;-3.210532523;641;31907
13006;Alcoba;alcoba;Ciudad Real;ciudad real;Castilla-La Mancha;Alcoba;39.2599506;-4.477152863;631;576
13007;Alcolea de Calatrava;alcolea de calatrava;Ciudad Real;ciudad real;Castilla-La Mancha;Alcolea de Calatrava;38.9873347;-4.115881919;651;1362
13008;Alcubillas;alcubillas;Ciudad Real;ciudad real;Castilla-La Mancha;Alcubillas;38.75233765;-3.134674556;806;417
13009;Aldea del Rey;aldea del rey;Ciudad Real;ciudad real;Castilla-La Mancha;Aldea del Rey;38.73848475;-3.839420435;664;1569
13010;Alhambra;alhambra;Ciudad Real;ciudad real;Castilla-La Mancha;Alhambra;38.89960894;-3.053446159;870;947
13011;Almadén;almaden;Ciudad Real;ciudad real;Castilla-La Mancha;Almadén;38.77549967;-4.836425412;567;4851
13012;Almadenejos;almadenejos;Ciudad Real;ciudad real;Castilla-La Mancha;Almadenejos;38.7385868;-4.712240235;524;382
13013;Almagro;almagro;Ciudad Real;ciudad real;Castilla-La Mancha;Almagro;38.88876599;-3.710883813;645;9238
13014;Almedina;almedina;Ciudad Real;ciudad real;Castilla-La Mancha;Almedina;38.62418425;-2.955065738;907;471
13015;Almodóvar del Campo;almodovar del campo;Ciudad Real;ciudad real;Castilla-La Mancha;Almodóvar del Campo;38.70927303;-4.17994781;670;5629
13016;Almuradiel;almuradiel;Ciudad Real;ciudad real;Castilla-La Mancha;Almuradiel;38.513219;-3.497367663;802;747
13017;Anchuras;anchuras;Ciudad Real;ciudad real;Castilla-La Mancha;Anchuras;39.47979342;-4.836028444;546;265
13018;Arenas de San Juan;arenas de san juan;Ciudad Real;ciudad real;Castilla-La Mancha;Arenas de San Juan;39.21980159;-3.502975014;626;1010
13019;Argamasilla de Alba;argamasilla de alba;Ciudad Real;ciudad real;Castilla-La Mancha;Argamasilla de Alba;39.12861498;-3.090096647;672;6763
13020;Argamasilla de Calatrava;argamasilla de calatrava;Ciudad Real;ciudad real;Castilla-La Mancha;Argamasilla de Calatrava;38.72725101;-4.078465603;670;5853
13021;Arroba de los Montes;arroba de los montes;Ciudad Real;ciudad real;Castilla-La Mancha;Arroba de los Montes;39.15345215;-4.544088539;623;388
13022;Ballesteros de Calatrava;ballesteros de calatrava;Ciudad Real;ciudad real;Castilla-La Mancha;Ballesteros de Calatrava;38.83664283;-3.944355574;657;360
13023;Bolaños de Calatrava;bolanos de calatrava;Ciudad Real;ciudad real;Castilla-La Mancha;Bolaños de Calatrava;38.90591752;-3.666676132;645;12121
13024;Brazatortas;brazatortas;Ciudad Real;ciudad real;Castilla-La Mancha;Brazatortas;38.65846521;-4.292950926;727;998
13025;Cabezarados;cabezarados;Ciudad Real;ciudad real;Castilla-La Mancha;Cabezarados;38.84561786;-4.296934414;685;290
13026;Cabezarrubias del Puerto;cabezarrubias del puerto;Ciudad Real;ciudad real;Castilla-La Mancha;Cabezarrubias del Puerto;38.6148213;-4.18401061;731;487
13027;Calzada de Calatrava;calzada de calatrava;Ciudad Real;ciudad real;Castilla-La Mancha;Calzada de Calatrava;38.70460214;-3.776864327;646;3677
13028;Campo de Criptana;campo de criptana;Ciudad Real;ciudad real;Castilla-La Mancha;Campo de Criptana;39.40524623;-3.12541264;705;12883
13029;Cañada de Calatrava;canada de calatrava;Ciudad Real;ciudad real;Castilla-La Mancha;Cañada de Calatrava;38.85453147;-4.021304759;647;99
13030;Caracuel de Calatrava;caracuel de calatrava;Ciudad Real;ciudad real;Castilla-La Mancha;Caracuel de Calatrava;38.84469714;-4.063114974;640;140
13031;Carrión de Calatrava;carrion de calatrava;Ciudad Real;ciudad real;Castilla-La Mancha;Carrión de Calatrava;39.01890782;-3.816640584;614;3236
13032;Carrizosa;carrizosa;Ciudad Real;ciudad real;Castilla-La Mancha;Carrizosa;38.84214978;-2.991980275;825;1096
13033;Castellar de Santiago;castellar de santiago;Ciudad Real;ciudad real;Castilla-La Mancha;Castellar de Santiago;38.54031395;-3.278345841;828;1711
13034;Ciudad Real;ciudad real;Ciudad Real;ciudad real;Castilla-La Mancha;Ciudad Real;38.98489842;-3.9284854;625;76087
13035;Corral de Calatrava;corral de calatrava;Ciudad Real;ciudad real;Castilla-La Mancha;Corral de Calatrava;38.85945333;-4.081432971;591;1162
13036;Cortijos, Los;cortijos, los;Ciudad Real;ciudad real;Castilla-La Mancha;Cortijos, Los;39.31410216;-4.051799175;777;850
13037;Cózar;cozar;Ciudad Real;ciudad real;Castilla-La Mancha;Cózar;38.66083455;-3.073516745;859;906
13038;Chillón;chillon;Ciudad Real;ciudad real;Castilla-La Mancha;Chillón;38.7966055;-4.867088133;527;1748
13039;Daimiel;daimiel;Ciudad Real;ciudad real;Castilla-La Mancha;Daimiel;39.06935773;-3.612386848;619;17741
13040;Fernán Caballero;fernan caballero;Ciudad Real;ciudad real;Castilla-La Mancha;Fernán Caballero;39.12466313;-3.902189544;614;962
13041;Fontanarejo;fontanarejo;Ciudad Real;ciudad real;Castilla-La Mancha;Fontanarejo;39.21977032;-4.518510299;629;222
13042;Fuencaliente;fuencaliente;Ciudad Real;ciudad real;Castilla-La Mancha;Fuencaliente;38.40643204;-4.305972274;692;1006
13043;Fuenllana;fuenllana;Ciudad Real;ciudad real;Castilla-La Mancha;Fuenllana;38.75700316;-2.959276929;904;192
13044;Fuente el Fresno;fuente el fresno;Ciudad Real;ciudad real;Castilla-La Mancha;Fuente el Fresno;39.22840567;-3.774957365;679;3009
13045;Granátula de Calatrava;granatula de calatrava;Ciudad Real;ciudad real;Castilla-La Mancha;Granátula de Calatrava;38.79519062;-3.742581888;656;689
13046;Guadalmez;guadalmez;Ciudad Real;ciudad real;Castilla-La Mancha;Guadalmez;38.72644122;-4.972222023;358;709
13047;Herencia;herencia;Ciudad Real;ciudad real;Castilla-La Mancha;Herencia;39.36528412;-3.355253433;643;8658
13048;Hinojosas de Calatrava;hinojosas de calatrava;Ciudad Real;ciudad real;Castilla-La Mancha;Hinojosas de Calatrava;38.61482981;-4.140811683;755;509
13049;Horcajo de los Montes;horcajo de los montes;Ciudad Real;ciudad real;Castilla-La Mancha;Horcajo de los Montes;39.32617316;-4.650658648;574;800
13050;Labores, Las;labores, las;Ciudad Real;ciudad real;Castilla-La Mancha;Labores, Las;39.27477372;-3.519137048;650;551
13051;Luciana;luciana;Ciudad Real;ciudad real;Castilla-La Mancha;Luciana;38.98481398;-4.293464142;549;350
13052;Malagón;malagon;Ciudad Real;ciudad real;Castilla-La Mancha;Malagón;39.17080317;-3.853594157;640;7865
13053;Manzanares;manzanares;Ciudad Real;ciudad real;Castilla-La Mancha;Manzanares;38.99608022;-3.371841927;661;17699
13054;Membrilla;membrilla;Ciudad Real;ciudad real;Castilla-La Mancha;Membrilla;38.97285731;-3.348754916;664;5800
13055;Mestanza;mestanza;Ciudad Real;ciudad real;Castilla-La Mancha;Mestanza;38.57492823;-4.070901742;735;636
13056;Miguelturra;miguelturra;Ciudad Real;ciudad real;Castilla-La Mancha;Miguelturra;38.96466946;-3.889405954;629;15890
13057;Montiel;montiel;Ciudad Real;ciudad real;Castilla-La Mancha;Montiel;38.69787949;-2.864708206;892;1164
13058;Moral de Calatrava;moral de calatrava;Ciudad Real;ciudad real;Castilla-La Mancha;Moral de Calatrava;38.83082861;-3.579718555;671;5176
13059;Navalpino;navalpino;Ciudad Real;ciudad real;Castilla-La Mancha;Navalpino;39.22530788;-4.590927604;616;197
13060;Navas de Estena;navas de estena;Ciudad Real;ciudad real;Castilla-La Mancha;Navas de Estena;39.49547805;-4.521713601;662;277
13061;Pedro Muñoz;pedro munoz;Ciudad Real;ciudad real;Castilla-La Mancha;Pedro Muñoz;39.40608885;-2.947399759;655;7707
13062;Picón;picon;Ciudad Real;ciudad real;Castilla-La Mancha;Picón;39.04980479;-4.060264944;601;692
13063;Piedrabuena;piedrabuena;Ciudad Real;ciudad real;Castilla-La Mancha;Piedrabuena;39.03584488;-4.174065881;594;4319
13064;Poblete;poblete;Ciudad Real;ciudad real;Castilla-La Mancha;Poblete;38.93537866;-3.981267418;626;3005
13065;Porzuna;porzuna;Ciudad Real;ciudad real;Castilla-La Mancha;Porzuna;39.1466926;-4.15410672;642;3535
13066;Pozuelo de Calatrava;pozuelo de calatrava;Ciudad Real;ciudad real;Castilla-La Mancha;Pozuelo de Calatrava;38.91220995;-3.836706614;623;4091
13067;Pozuelos de Calatrava, Los;pozuelos de calatrava, los;Ciudad Real;ciudad real;Castilla-La Mancha;Pozuelos de Calatrava, Los;38.90034994;-4.16936816;581;331
13068;Puebla de Don Rodrigo;puebla de don rodrigo;Ciudad Real;ciudad real;Castilla-La Mancha;Puebla de Don Rodrigo;39.08686;-4.620496206;495;1150
13069;Puebla del Príncipe;puebla del principe;Ciudad Real;ciudad real;Castilla-La Mancha;Puebla del Príncipe;38.56650215;-2.925232605;940;649
13070;Puerto Lápice;puerto lapice;Ciudad Real;ciudad real;Castilla-La Mancha;Puerto Lápice;39.32436004;-3.481052179;675;827
13071;Puertollano;puertollano;Ciudad Real;ciudad real;Castilla-La Mancha;Puertollano;38.68660737;-4.11106537;700;45699
13072;Retuerta del Bullaque;retuerta del bullaque;Ciudad Real;ciudad real;Castilla-La Mancha;Retuerta del Bullaque;39.46183903;-4.409474274;731;876
13073;Saceruela;saceruela;Ciudad Real;ciudad real;Castilla-La Mancha;Saceruela;38.94380375;-4.609674524;580;520
13074;San Carlos del Valle;san carlos del valle;Ciudad Real;ciudad real;Castilla-La Mancha;San Carlos del Valle;38.84398278;-3.241461575;755;1055
13075;San Lorenzo de Calatrava;san lorenzo de calatrava;Ciudad Real;ciudad real;Castilla-La Mancha;San Lorenzo de Calatrava;38.47711359;-3.824693076;766;188
13076;Santa Cruz de los Cáñamos;santa cruz de los canamos;Ciudad Real;ciudad real;Castilla-La Mancha;Santa Cruz de los Cáñamos;38.63668979;-2.866587701;997;466
13077;Santa Cruz de Mudela;santa cruz de mudela;Ciudad Real;ciudad real;Castilla-La Mancha;Santa Cruz de Mudela;38.64390821;-3.469212547;721;3869
13078;Socuéllamos;socuellamos;Ciudad Real;ciudad real;Castilla-La Mancha;Socuéllamos;39.28647673;-2.792589859;677;12236
13079;Solana, La;solana, la;Ciudad Real;ciudad real;Castilla-La Mancha;Solana, La;38.94218032;-3.238765108;769;15214
13080;Solana del Pino;solana del pino;Ciudad Real;ciudad real;Castilla-La Mancha;Solana del Pino;38.46623622;-4.074451942;722;333
13081;Terrinches;terrinches;Ciudad Real;ciudad real;Castilla-La Mancha;Terrinches;38.61005164;-2.841539531;922;579
13082;Tomelloso;tomelloso;Ciudad Real;ciudad real;Castilla-La Mancha;Tomelloso;39.15877703;-3.021528929;662;37185
13083;Torralba de Calatrava;torralba de calatrava;Ciudad Real;ciudad real;Castilla-La Mancha;Torralba de Calatrava;39.01601529;-3.749955938;617;3086
13084;Torre de Juan Abad;torre de juan abad;Ciudad Real;ciudad real;Castilla-La Mancha;Torre de Juan Abad;38.5833492;-3.061629758;818;928
13085;Torrenueva;torrenueva;Ciudad Real;ciudad real;Castilla-La Mancha;Torrenueva;38.64009113;-3.365195122;730;2637
13086;Valdemanco del Esteras;valdemanco del esteras;Ciudad Real;ciudad real;Castilla-La Mancha;Valdemanco del Esteras;38.93827754;-4.830627666;554;157
13087;Valdepeñas;valdepenas;Ciudad Real;ciudad real;Castilla-La Mancha;Valdepeñas;38.76019122;-3.385215871;705;30698
13088;Valenzuela de Calatrava;valenzuela de calatrava;Ciudad Real;ciudad real;Castilla-La Mancha;Valenzuela de Calatrava;38.85200487;-3.771796666;655;639
13089;Villahermosa;villahermosa;Ciudad Real;ciudad real;Castilla-La Mancha;Villahermosa;38.75031146;-2.871327589;955;1714
13090;Villamanrique;villamanrique;Ciudad Real;ciudad real;Castilla-La Mancha;Villamanrique;38.54662065;-2.99848223;853;1049
13091;Villamayor de Calatrava;villamayor de calatrava;Ciudad Real;ciudad real;Castilla-La Mancha;Villamayor de Calatrava;38.78828645;-4.137488799;660;609
13092;Villanueva de la Fuente;villanueva de la fuente;Ciudad Real;ciudad real;Castilla-La Mancha;Villanueva de la Fuente;38.6916249;-2.694289901;1004;1832
13093;Villanueva de los Infantes;villanueva de los infantes;Ciudad Real;ciudad real;Castilla-La Mancha;Villanueva de los Infantes;38.73673591;-3.014951409;879;4722
13094;Villanueva de San Carlos;villanueva de san carlos;Ciudad Real;ciudad real;Castilla-La Mancha;Villanueva de San Carlos;38.62198827;-3.910041121;651;263
13095;Villar del Pozo;villar del pozo;Ciudad Real;ciudad real;Castilla-La Mancha;Villar del Pozo;38.8497605;-3.96355746;637;48
13096;Villarrubia de los Ojos;villarrubia de los ojos;Ciudad Real;ciudad real;Castilla-La Mancha;Villarrubia de los Ojos;39.21795451;-3.607635389;621;9583
13097;Villarta de San Juan;villarta de san juan;Ciudad Real;ciudad real;Castilla-La Mancha;Villarta de San Juan;39.23886164;-3.424763385;627;2685
13098;Viso del Marqués;viso del marques;Ciudad Real;ciudad real;Castilla-La Mancha;Viso del Marqués;38.52127974;-3.564708143;782;2088
13901;Robledo, El;robledo, el;Ciudad Real;ciudad real;Castilla-La Mancha;Robledo, El;39.21931278;-4.280755799;588;1080
13902;Ruidera;ruidera;Ciudad Real;ciudad real;Castilla-La Mancha;Ruidera;38.97746397;-2.883966261;782;528
13903;Arenales de San Gregorio;arenales de san gregorio;Ciudad Real;ciudad real;Castilla-La Mancha;Arenales de San Gregorio;39.30851971;-3.025126442;646;625
13904;Llanos del Caudillo;llanos del caudillo;Ciudad Real;ciudad real;Castilla-La Mancha;Llanos del Caudillo;39.11853267;-3.352053086;648;661
14001;Adamuz;adamuz;Córdoba;cordoba;Andalucía;Adamuz;38.02739342;-4.524984237;243;4098
14002;Aguilar de la Frontera;aguilar de la frontera;Córdoba;cordoba;Andalucía;Aguilar de la Frontera;37.51486576;-4.656246217;374;13119
14003;Alcaracejos;alcaracejos;Córdoba;cordoba;Andalucía;Alcaracejos;38.38822718;-4.967604393;610;1506
14004;Almedinilla;almedinilla;Córdoba;cordoba;Andalucía;Almedinilla;37.4388973;-4.090894684;641;2310
14005;Almodóvar del Río;almodovar del rio;Córdoba;cordoba;Andalucía;Almodóvar del Río;37.8097745;-5.019702225;116;8029
14006;Añora;anora;Córdoba;cordoba;Andalucía;Añora;38.41221905;-4.897852843;624;1487
14007;Baena;baena;Córdoba;cordoba;Andalucía;Baena;37.61442682;-4.326332802;426;18335
14008;Belalcázar;belalcazar;Córdoba;cordoba;Andalucía;Belalcázar;38.57837298;-5.167112937;488;3090
14009;Belmez;belmez;Córdoba;cordoba;Andalucía;Belmez;38.27241665;-5.208667987;527;2866
14010;Benamejí;benameji;Córdoba;cordoba;Andalucía;Benamejí;37.26752937;-4.540484766;456;4887
14011;Blázquez, Los;blazquez, los;Córdoba;cordoba;Andalucía;Blázquez, Los;38.40669124;-5.438395076;595;620
14012;Bujalance;bujalance;Córdoba;cordoba;Andalucía;Bujalance;37.89693026;-4.382674846;347;7072
14013;Cabra;cabra;Córdoba;cordoba;Andalucía;Cabra;37.47334941;-4.44243997;452;19986
14014;Cañete de las Torres;canete de las torres;Córdoba;cordoba;Andalucía;Cañete de las Torres;37.86753952;-4.318860165;320;2763
14015;Carcabuey;carcabuey;Córdoba;cordoba;Andalucía;Carcabuey;37.44359817;-4.273622347;623;2322
14016;Cardeña;cardena;Córdoba;cordoba;Andalucía;Cardeña;38.27027322;-4.323836967;745;1389
14017;Carlota, La;carlota, la;Córdoba;cordoba;Andalucía;Carlota, La;37.67363141;-4.932692892;213;14520
14018;Carpio, El;carpio, el;Córdoba;cordoba;Andalucía;Carpio, El;37.94072241;-4.498562071;180;4321
14019;Castro del Río;castro del rio;Córdoba;cordoba;Andalucía;Castro del Río;37.68875162;-4.481526084;231;7590
14020;Conquista;conquista;Córdoba;cordoba;Andalucía;Conquista;38.4084261;-4.500929643;595;368
14021;Córdoba;cordoba;Córdoba;cordoba;Andalucía;Córdoba;37.88519997;-4.776241735;110;324159
14022;Doña Mencía;dona mencia;Córdoba;cordoba;Andalucía;Doña Mencía;37.55449573;-4.357655012;589;4462
14023;Dos Torres;dos torres;Córdoba;cordoba;Andalucía;Dos Torres;38.4451104;-4.894820817;588;2361
14024;Encinas Reales;encinas reales;Córdoba;cordoba;Andalucía;Encinas Reales;37.27508062;-4.490052031;447;2216
14025;Espejo;espejo;Córdoba;cordoba;Andalucía;Espejo;37.682404;-4.55226558;394;3178
14026;Espiel;espiel;Córdoba;cordoba;Andalucía;Espiel;38.18853288;-5.018345131;547;2323
14027;Fernán-Núñez;fernan nunez;Córdoba;cordoba;Andalucía;Fernán-Núñez;37.67218815;-4.723993718;308;9650
14028;Fuente la Lancha;fuente la lancha;Córdoba;cordoba;Andalucía;Fuente la Lancha;38.42235328;-5.049059121;558;330
14029;Fuente Obejuna;fuente obejuna;Córdoba;cordoba;Andalucía;Fuente Obejuna;38.26704855;-5.41981268;627;4319
14030;Fuente Palmera;fuente palmera;Córdoba;cordoba;Andalucía;Fuente Palmera;37.70339132;-5.104144042;158;9932
14031;Fuente-Tójar;fuente tojar;Córdoba;cordoba;Andalucía;Fuente-Tójar;37.50937637;-4.145164937;600;666
14032;Granjuela, La;granjuela, la;Córdoba;cordoba;Andalucía;Granjuela, La;38.37106976;-5.351330949;553;414
14033;Guadalcázar;guadalcazar;Córdoba;cordoba;Andalucía;Guadalcázar;37.75761775;-4.944719107;155;1583
14034;Guijo, El;guijo, el;Córdoba;cordoba;Andalucía;Guijo, El;38.49596541;-4.782905894;566;341
14035;Hinojosa del Duque;hinojosa del duque;Córdoba;cordoba;Andalucía;Hinojosa del Duque;38.5002035;-5.147767286;548;6533
14036;Hornachuelos;hornachuelos;Córdoba;cordoba;Andalucía;Hornachuelos;37.83095974;-5.242948249;180;4374
14037;Iznájar;iznajar;Córdoba;cordoba;Andalucía;Iznájar;37.25729642;-4.308217293;519;3669
14038;Lucena;lucena;Córdoba;cordoba;Andalucía;Lucena;37.40880744;-4.485677932;484;43410
14039;Luque;luque;Córdoba;cordoba;Andalucía;Luque;37.55937095;-4.276530268;672;2804
14040;Montalbán de Córdoba;montalban de cordoba;Córdoba;cordoba;Andalucía;Montalbán de Córdoba;37.5829678;-4.749720369;278;4402
14041;Montemayor;montemayor;Córdoba;cordoba;Andalucía;Montemayor;37.6487086;-4.699069983;383;3894
14042;Montilla;montilla;Córdoba;cordoba;Andalucía;Montilla;37.58629779;-4.640012384;378;22192
14043;Montoro;montoro;Córdoba;cordoba;Andalucía;Montoro;38.02619124;-4.381736731;197;9012
14044;Monturque;monturque;Córdoba;cordoba;Andalucía;Monturque;37.47337292;-4.581732956;378;1927
14045;Moriles;moriles;Córdoba;cordoba;Andalucía;Moriles;37.43526744;-4.608758162;376;3662
14046;Nueva Carteya;nueva carteya;Córdoba;cordoba;Andalucía;Nueva Carteya;37.58578506;-4.467195851;446;5244
14047;Obejo;obejo;Córdoba;cordoba;Andalucía;Obejo;38.13386933;-4.800762534;702;2101
14048;Palenciana;palenciana;Córdoba;cordoba;Andalucía;Palenciana;37.24929518;-4.583917325;396;1430
14049;Palma del Río;palma del rio;Córdoba;cordoba;Andalucía;Palma del Río;37.70168315;-5.283661105;55;20535
14050;Pedro Abad;pedro abad;Córdoba;cordoba;Andalucía;Pedro Abad;37.96721168;-4.457184503;163;2797
14051;Pedroche;pedroche;Córdoba;cordoba;Andalucía;Pedroche;38.42878078;-4.76320145;618;1439
14052;Peñarroya-Pueblonuevo;penarroya pueblonuevo;Córdoba;cordoba;Andalucía;Peñarroya-Pueblonuevo;38.29974897;-5.268572802;533;10252
14053;Posadas;posadas;Córdoba;cordoba;Andalucía;Posadas;37.8005362;-5.107075509;87;7279
14054;Pozoblanco;pozoblanco;Córdoba;cordoba;Andalucía;Pozoblanco;38.37721089;-4.848193101;643;16918
14055;Priego de Córdoba;priego de cordoba;Córdoba;cordoba;Andalucía;Priego de Córdoba;37.43894782;-4.194987145;653;21731
14056;Puente Genil;puente genil;Córdoba;cordoba;Andalucía;Puente Genil;37.38765262;-4.778622621;174;29977
14057;Rambla, La;rambla, la;Córdoba;cordoba;Andalucía;Rambla, La;37.60809056;-4.741949553;326;7444
14058;Rute;rute;Córdoba;cordoba;Andalucía;Rute;37.32563165;-4.371164203;633;9816
14059;San Sebastián de los Ballesteros;san sebastian de los ballesteros;Córdoba;cordoba;Andalucía;San Sebastián de los Ballesteros;37.65469657;-4.82488328;311;863
14060;Santaella;santaella;Córdoba;cordoba;Andalucía;Santaella;37.5664278;-4.845414758;235;4681
14061;Santa Eufemia;santa eufemia;Córdoba;cordoba;Andalucía;Santa Eufemia;38.59538366;-4.90273243;546;686
14062;Torrecampo;torrecampo;Córdoba;cordoba;Andalucía;Torrecampo;38.47511529;-4.679315626;573;991
14063;Valenzuela;valenzuela;Córdoba;cordoba;Andalucía;Valenzuela;37.77524432;-4.219861836;337;1032
14064;Valsequillo;valsequillo;Córdoba;cordoba;Andalucía;Valsequillo;38.40493094;-5.351334933;577;352
14065;Victoria, La;victoria, la;Córdoba;cordoba;Andalucía;Victoria, La;37.68103522;-4.852638172;263;2323
14066;Villa del Río;villa del rio;Córdoba;cordoba;Andalucía;Villa del Río;37.98237966;-4.290765073;164;6847
14067;Villafranca de Córdoba;villafranca de cordoba;Córdoba;cordoba;Andalucía;Villafranca de Córdoba;37.96203174;-4.545727386;142;4900
14068;Villaharta;villaharta;Córdoba;cordoba;Andalucía;Villaharta;38.13962104;-4.901532908;583;628
14069;Villanueva de Córdoba;villanueva de cordoba;Córdoba;cordoba;Andalucía;Villanueva de Córdoba;38.32291916;-4.628396878;726;8322
14070;Villanueva del Duque;villanueva del duque;Córdoba;cordoba;Andalucía;Villanueva del Duque;38.39292732;-5.000184682;582;1409
14071;Villanueva del Rey;villanueva del rey;Córdoba;cordoba;Andalucía;Villanueva del Rey;38.19961238;-5.151410596;551;1030
14072;Villaralto;villaralto;Córdoba;cordoba;Andalucía;Villaralto;38.45568366;-4.984377526;583;1054
14073;Villaviciosa de Córdoba;villaviciosa de cordoba;Córdoba;cordoba;Andalucía;Villaviciosa de Córdoba;38.07624026;-5.014270401;699;3049
14074;Viso, El;viso, el;Córdoba;cordoba;Andalucía;Viso, El;38.48267039;-4.955423704;575;2498
14075;Zuheros;zuheros;Córdoba;cordoba;Andalucía;Zuheros;37.54307951;-4.316355661;659;596
14901;Fuente Carreteros;fuente carreteros;Córdoba;cordoba;Andalucía;Fuente Carreteros;37.66911987;-5.155498377;155;1073
14902;Guijarrosa, La;guijarrosa, la;Córdoba;cordoba;Andalucía;Guijarrosa, La;37.636596;-4.864922;291;1375
15001;Abegondo;abegondo;A Coruña;a coruna;Galicia;Abegondo;43.22728106;-8.288771847;144;5631
15002;Ames;ames;A Coruña;a coruna;Galicia;Ames;42.85945502;-8.650328931;33;33213
15003;Aranga;aranga;A Coruña;a coruna;Galicia;Aranga;43.23403971;-8.016029386;269;1793
15004;Ares;ares;A Coruña;a coruna;Galicia;Ares;43.42655903;-8.243659533;7;6263
15005;Arteixo;arteixo;A Coruña;a coruna;Galicia;Arteixo;43.30474474;-8.505070236;31;34389
15006;Arzúa;arzua;A Coruña;a coruna;Galicia;Arzúa;42.92692553;-8.164047253;385;5931
15007;Baña, A;bana, a;A Coruña;a coruna;Galicia;Baña, A;42.96189751;-8.758002564;272;3239
15008;Bergondo;bergondo;A Coruña;a coruna;Galicia;Bergondo;43.31964068;-8.234269997;103;7121
15009;Betanzos;betanzos;A Coruña;a coruna;Galicia;Betanzos;43.28115602;-8.211516095;33;13508
15010;Boimorto;boimorto;A Coruña;a coruna;Galicia;Boimorto;43.00739615;-8.126833764;488;1804
15011;Boiro;boiro;A Coruña;a coruna;Galicia;Boiro;42.64705741;-8.882717944;27;18958
15012;Boqueixón;boqueixon;A Coruña;a coruna;Galicia;Boqueixón;42.82713129;-8.417213261;305;4241
15013;Brión;brion;A Coruña;a coruna;Galicia;Brión;42.86619108;-8.678697458;110;8190
15014;Cabana de Bergantiños;cabana de bergantinos;A Coruña;a coruna;Galicia;Cabana de Bergantiños;43.21922293;-8.929646119;21;4068
15015;Cabanas;cabanas;A Coruña;a coruna;Galicia;Cabanas;43.4195516;-8.161994653;73;3273
15016;Camariñas;camarinas;A Coruña;a coruna;Galicia;Camariñas;43.13020638;-9.180682514;13;5067
15017;Cambre;cambre;A Coruña;a coruna;Galicia;Cambre;43.29262866;-8.344703975;64;24771
15018;Capela, A;capela, a;A Coruña;a coruna;Galicia;Capela, A;43.43555177;-8.068805581;389;1164
15019;Carballo;carballo;A Coruña;a coruna;Galicia;Carballo;43.21338372;-8.689273431;110;32095
15020;Carnota;carnota;A Coruña;a coruna;Galicia;Carnota;42.82092669;-9.087100494;41;3777
15021;Carral;carral;A Coruña;a coruna;Galicia;Carral;43.22894598;-8.357073039;147;6836
15022;Cedeira;cedeira;A Coruña;a coruna;Galicia;Cedeira;43.66062718;-8.056528275;10;6573
15023;Cee;cee;A Coruña;a coruna;Galicia;Cee;42.95542823;-9.190129758;3;7731
15024;Cerceda;cerceda;A Coruña;a coruna;Galicia;Cerceda;43.18889063;-8.470884833;343;5113
15025;Cerdido;cerdido;A Coruña;a coruna;Galicia;Cerdido;43.60743444;-7.952454981;283;1007
15027;Coirós;coiros;A Coruña;a coruna;Galicia;Coirós;43.25033723;-8.166264888;220;1941
15028;Corcubión;corcubion;A Coruña;a coruna;Galicia;Corcubión;42.94439229;-9.194320236;13;1656
15029;Coristanco;coristanco;A Coruña;a coruna;Galicia;Coristanco;43.18740782;-8.737103814;140;5708
15030;Coruña, A;coruna, a;A Coruña;a coruna;Galicia;Coruña, A;43.37149478;-8.395825599;8;251277
15031;Culleredo;culleredo;A Coruña;a coruna;Galicia;Culleredo;43.28841716;-8.38925235;82;31232
15032;Curtis;curtis;A Coruña;a coruna;Galicia;Curtis;43.13913185;-8.035271789;492;4233
15033;Dodro;dodro;A Coruña;a coruna;Galicia;Dodro;42.71571817;-8.704139339;18;2604
15034;Dumbría;dumbria;A Coruña;a coruna;Galicia;Dumbría;43.0093406;-9.11517284;198;2718
15035;Fene;fene;A Coruña;a coruna;Galicia;Fene;43.47387001;-8.162579736;27;12462
15036;Ferrol;ferrol;A Coruña;a coruna;Galicia;Ferrol;43.48470919;-8.233105455;16;64903
15037;Fisterra;fisterra;A Coruña;a coruna;Galicia;Fisterra;42.90908224;-9.262371769;21;4690
15038;Frades;frades;A Coruña;a coruna;Galicia;Frades;43.03532365;-8.292920031;346;2146
15039;Irixoa;irixoa;A Coruña;a coruna;Galicia;Irixoa;43.28416332;-8.064807436;367;1338
15040;Laxe;laxe;A Coruña;a coruna;Galicia;Laxe;43.21729946;-9.004161508;13;2881
15041;Laracha, A;laracha, a;A Coruña;a coruna;Galicia;Laracha, A;43.24853917;-8.582146156;182;11773
15042;Lousame;lousame;A Coruña;a coruna;Galicia;Lousame;42.78536323;-8.865242708;39;3060
15043;Malpica de Bergantiños;malpica de bergantinos;A Coruña;a coruna;Galicia;Malpica de Bergantiños;43.32287624;-8.811051458;12;5247
15044;Mañón;manon;A Coruña;a coruna;Galicia;Mañón;43.7362013;-7.705643172;71;1215
15045;Mazaricos;mazaricos;A Coruña;a coruna;Galicia;Mazaricos;42.93644317;-8.990611861;326;3730
15046;Melide;melide;A Coruña;a coruna;Galicia;Melide;42.91514552;-8.016573278;456;7840
15047;Mesía;mesia;A Coruña;a coruna;Galicia;Mesía;43.08023914;-8.238019769;399;2366
15048;Miño;mino;A Coruña;a coruna;Galicia;Miño;43.34730034;-8.204914958;42;7106
15049;Moeche;moeche;A Coruña;a coruna;Galicia;Moeche;43.56183028;-8.015440303;263;1203
15050;Monfero;monfero;A Coruña;a coruna;Galicia;Monfero;43.33437119;-8.055871064;354;1814
15051;Mugardos;mugardos;A Coruña;a coruna;Galicia;Mugardos;43.46044467;-8.254980506;23;5199
15052;Muxía;muxia;A Coruña;a coruna;Galicia;Muxía;43.10441658;-9.216836117;6;4326
15053;Muros;muros;A Coruña;a coruna;Galicia;Muros;42.77432429;-9.057648569;7;8171
15054;Narón;naron;A Coruña;a coruna;Galicia;Narón;43.50114268;-8.192446569;25;39890
15055;Neda;neda;A Coruña;a coruna;Galicia;Neda;43.50114691;-8.156859128;19;4919
15056;Negreira;negreira;A Coruña;a coruna;Galicia;Negreira;42.90978092;-8.736008167;167;6963
15057;Noia;noia;A Coruña;a coruna;Galicia;Noia;42.78519846;-8.887824814;13;14108
15058;Oleiros;oleiros;A Coruña;a coruna;Galicia;Oleiros;43.33321696;-8.317162895;124;38750
15059;Ordes;ordes;A Coruña;a coruna;Galicia;Ordes;43.07662363;-8.407692908;286;12970
15060;Oroso;oroso;A Coruña;a coruna;Galicia;Oroso;42.96877112;-8.441861917;228;7770
15061;Ortigueira;ortigueira;A Coruña;a coruna;Galicia;Ortigueira;43.68490311;-7.854588399;7;5424
15062;Outes;outes;A Coruña;a coruna;Galicia;Outes;42.84286919;-8.908353033;13;5993
15064;Paderne;paderne;A Coruña;a coruna;Galicia;Paderne;43.28555892;-8.173536814;160;2460
15065;Padrón;padron;A Coruña;a coruna;Galicia;Padrón;42.73837306;-8.660479446;5;8324
15066;Pino, O;pino, o;A Coruña;a coruna;Galicia;Pino, O;42.90489725;-8.362484344;287;4588
15067;Pobra do Caramiñal, A;pobra do caraminal, a;A Coruña;a coruna;Galicia;Pobra do Caramiñal, A;42.60323453;-8.939010739;8;9122
15068;Ponteceso;ponteceso;A Coruña;a coruna;Galicia;Ponteceso;43.24325308;-8.900697261;17;5260
15069;Pontedeume;pontedeume;A Coruña;a coruna;Galicia;Pontedeume;43.40653024;-8.170553102;12;7428
15070;Pontes de García Rodríguez, As;pontes de garcia rodriguez, as;A Coruña;a coruna;Galicia;Pontes de García Rodríguez, As;43.45091414;-7.852924319;360;9787
15071;Porto do Son;porto do son;A Coruña;a coruna;Galicia;Porto do Son;42.72461934;-9.006363639;13;9059
15072;Rianxo;rianxo;A Coruña;a coruna;Galicia;Rianxo;42.65198057;-8.818353433;11;10755
15073;Ribeira;ribeira;A Coruña;a coruna;Galicia;Ribeira;42.55491668;-8.993336922;10;27110
15074;Rois;rois;A Coruña;a coruna;Galicia;Rois;42.76075414;-8.690322783;67;4355
15075;Sada;sada;A Coruña;a coruna;Galicia;Sada;43.35153066;-8.253590465;6;17469
15076;San Sadurniño;san sadurnino;A Coruña;a coruna;Galicia;San Sadurniño;43.53166983;-8.071729955;48;2739
15077;Santa Comba;santa comba;A Coruña;a coruna;Galicia;Santa Comba;43.03653809;-8.820120408;355;9437
15078;Santiago de Compostela;santiago de compostela;A Coruña;a coruna;Galicia;Santiago de Compostela;42.88013729;-8.546279665;247;100842
15079;Santiso;santiso;A Coruña;a coruna;Galicia;Santiso;42.84611212;-8.038877669;363;1430
15080;Sobrado;sobrado;A Coruña;a coruna;Galicia;Sobrado;43.04031852;-8.022187808;508;1822
15081;Somozas, As;somozas, as;A Coruña;a coruna;Galicia;Somozas, As;43.53478328;-7.943973281;226;1045
15082;Teo;teo;A Coruña;a coruna;Galicia;Teo;42.79505474;-8.549002886;157;19038
15083;Toques;toques;A Coruña;a coruna;Galicia;Toques;42.9673783;-7.972861119;464;1061
15084;Tordoia;tordoia;A Coruña;a coruna;Galicia;Tordoia;43.08839188;-8.552053811;367;3153
15085;Touro;touro;A Coruña;a coruna;Galicia;Touro;42.86713874;-8.303804081;318;3339
15086;Trazo;trazo;A Coruña;a coruna;Galicia;Trazo;43.02662965;-8.517338283;322;2997
15087;Valdoviño;valdovino;A Coruña;a coruna;Galicia;Valdoviño;43.60685535;-8.143475986;71;6805
15088;Val do Dubra;val do dubra;A Coruña;a coruna;Galicia;Val do Dubra;43.02659978;-8.656218314;201;3685
15089;Vedra;vedra;A Coruña;a coruna;Galicia;Vedra;42.77661682;-8.482097794;168;4906
15090;Vilasantar;vilasantar;A Coruña;a coruna;Galicia;Vilasantar;43.07283144;-8.121643083;485;1232
15091;Vilarmaior;vilarmaior;A Coruña;a coruna;Galicia;Vilarmaior;43.35476927;-8.130038039;275;1239
15092;Vimianzo;vimianzo;A Coruña;a coruna;Galicia;Vimianzo;43.11025393;-9.034413903;132;6754
15093;Zas;zas;A Coruña;a coruna;Galicia;Zas;43.09971961;-8.916118206;229;4197
15901;Cariño;carino;A Coruña;a coruna;Galicia;Cariño;43.74035104;-7.868424967;7;3651
15902;Oza-Cesuras;oza cesuras;A Coruña;a coruna;Galicia;Oza-Cesuras;43.21501837;-8.186370394;231;5152
16001;Abia de la Obispalía;abia de la obispalia;Cuenca;cuenca;Castilla-La Mancha;Abia de la Obispalía;40.01877286;-2.394328582;1025;68
16002;Acebrón, El;acebron, el;Cuenca;cuenca;Castilla-La Mancha;Acebrón, El;39.90878468;-2.983616541;763;235
16003;Alarcón;alarcon;Cuenca;cuenca;Castilla-La Mancha;Alarcón;39.54663791;-2.088145289;834;174
16004;Albaladejo del Cuende;albaladejo del cuende;Cuenca;cuenca;Castilla-La Mancha;Albaladejo del Cuende;39.80818616;-2.2286009;893;199
16005;Albalate de las Nogueras;albalate de las nogueras;Cuenca;cuenca;Castilla-La Mancha;Albalate de las Nogueras;40.36692206;-2.276566081;855;260
16006;Albendea;albendea;Cuenca;cuenca;Castilla-La Mancha;Albendea;40.48783577;-2.417367394;836;140
16007;Alberca de Záncara, La;alberca de zancara, la;Cuenca;cuenca;Castilla-La Mancha;Alberca de Záncara, La;39.5132135;-2.490192378;811;1529
16008;Alcalá de la Vega;alcala de la vega;Cuenca;cuenca;Castilla-La Mancha;Alcalá de la Vega;40.02746429;-1.524845303;1143;83
16009;Alcantud;alcantud;Cuenca;cuenca;Castilla-La Mancha;Alcantud;40.54861784;-2.332311341;846;61
16010;Alcázar del Rey;alcazar del rey;Cuenca;cuenca;Castilla-La Mancha;Alcázar del Rey;40.06361255;-2.808255285;873;171
16011;Alcohujate;alcohujate;Cuenca;cuenca;Castilla-La Mancha;Alcohujate;40.41736182;-2.615392227;811;25
16012;Alconchel de la Estrella;alconchel de la estrella;Cuenca;cuenca;Castilla-La Mancha;Alconchel de la Estrella;39.71867501;-2.573714202;829;77
16013;Algarra;algarra;Cuenca;cuenca;Castilla-La Mancha;Algarra;40.0014816;-1.436545325;1244;25
16014;Aliaguilla;aliaguilla;Cuenca;cuenca;Castilla-La Mancha;Aliaguilla;39.7406424;-1.325588066;995;595
16015;Almarcha, La;almarcha, la;Cuenca;cuenca;Castilla-La Mancha;Almarcha, La;39.68651539;-2.381743717;855;475
16016;Almendros;almendros;Cuenca;cuenca;Castilla-La Mancha;Almendros;39.92075381;-2.884554719;868;240
16017;Almodóvar del Pinar;almodovar del pinar;Cuenca;cuenca;Castilla-La Mancha;Almodóvar del Pinar;39.72575672;-1.902063087;993;399
16018;Almonacid del Marquesado;almonacid del marquesado;Cuenca;cuenca;Castilla-La Mancha;Almonacid del Marquesado;39.82273896;-2.767845389;888;415
16019;Altarejos;altarejos;Cuenca;cuenca;Castilla-La Mancha;Altarejos;39.91314369;-2.355344649;878;195
16020;Arandilla del Arroyo;arandilla del arroyo;Cuenca;cuenca;Castilla-La Mancha;Arandilla del Arroyo;40.51115181;-2.38471169;882;14
16022;Arcos de la Sierra;arcos de la sierra;Cuenca;cuenca;Castilla-La Mancha;Arcos de la Sierra;40.34701601;-2.112964169;1003;78
16023;Chillarón de Cuenca;chillaron de cuenca;Cuenca;cuenca;Castilla-La Mancha;Chillarón de Cuenca;40.10430479;-2.22101236;913;908
16024;Arguisuelas;arguisuelas;Cuenca;cuenca;Castilla-La Mancha;Arguisuelas;39.83193946;-1.82039324;1041;135
16025;Arrancacepas;arrancacepas;Cuenca;cuenca;Castilla-La Mancha;Arrancacepas;40.30337589;-2.358884916;917;14
16026;Atalaya del Cañavate;atalaya del canavate;Cuenca;cuenca;Castilla-La Mancha;Atalaya del Cañavate;39.5180554;-2.252615331;817;91
16027;Barajas de Melo;barajas de melo;Cuenca;cuenca;Castilla-La Mancha;Barajas de Melo;40.1229681;-2.916934305;703;1035
16029;Barchín del Hoyo;barchin del hoyo;Cuenca;cuenca;Castilla-La Mancha;Barchín del Hoyo;39.6635387;-2.068812884;946;105
16030;Bascuñana de San Pedro;bascunana de san pedro;Cuenca;cuenca;Castilla-La Mancha;Bascuñana de San Pedro;40.21398173;-2.227272623;1061;23
16031;Beamud;beamud;Cuenca;cuenca;Castilla-La Mancha;Beamud;40.18639749;-1.829460396;1333;46
16032;Belinchón;belinchon;Cuenca;cuenca;Castilla-La Mancha;Belinchón;40.04863129;-3.05785504;752;458
16033;Belmonte;belmonte;Cuenca;cuenca;Castilla-La Mancha;Belmonte;39.55901114;-2.703996608;762;1776
16034;Belmontejo;belmontejo;Cuenca;cuenca;Castilla-La Mancha;Belmontejo;39.82084485;-2.345404167;843;126
16035;Beteta;beteta;Cuenca;cuenca;Castilla-La Mancha;Beteta;40.57221651;-2.076387057;1214;258
16036;Boniches;boniches;Cuenca;cuenca;Castilla-La Mancha;Boniches;39.9851908;-1.62405276;1026;138
16038;Buciegas;buciegas;Cuenca;cuenca;Castilla-La Mancha;Buciegas;40.33588673;-2.461538706;806;38
16039;Buenache de Alarcón;buenache de alarcon;Cuenca;cuenca;Castilla-La Mancha;Buenache de Alarcón;39.65794841;-2.159180284;820;441
16040;Buenache de la Sierra;buenache de la sierra;Cuenca;cuenca;Castilla-La Mancha;Buenache de la Sierra;40.13474035;-2.000621144;1291;112
16041;Buendía;buendia;Cuenca;cuenca;Castilla-La Mancha;Buendía;40.36659016;-2.75756808;739;422
16042;Campillo de Altobuey;campillo de altobuey;Cuenca;cuenca;Castilla-La Mancha;Campillo de Altobuey;39.6108441;-1.796475628;935;1309
16043;Campillos-Paravientos;campillos paravientos;Cuenca;cuenca;Castilla-La Mancha;Campillos-Paravientos;39.97369011;-1.54797506;1163;114
16044;Campillos-Sierra;campillos sierra;Cuenca;cuenca;Castilla-La Mancha;Campillos-Sierra;40.10075045;-1.697120291;1248;28
16045;Canalejas del Arroyo;canalejas del arroyo;Cuenca;cuenca;Castilla-La Mancha;Canalejas del Arroyo;40.36925835;-2.494483086;784;153
16046;Cañada del Hoyo;canada del hoyo;Cuenca;cuenca;Castilla-La Mancha;Cañada del Hoyo;39.9707826;-1.899519933;1025;219
16047;Cañada Juncosa;canada juncosa;Cuenca;cuenca;Castilla-La Mancha;Cañada Juncosa;39.54917201;-2.252113866;804;217
16048;Cañamares;canamares;Cuenca;cuenca;Castilla-La Mancha;Cañamares;40.4522876;-2.239491012;885;458
16049;Cañavate, El;canavate, el;Cuenca;cuenca;Castilla-La Mancha;Cañavate, El;39.54372063;-2.302736099;777;126
16050;Cañaveras;canaveras;Cuenca;cuenca;Castilla-La Mancha;Cañaveras;40.36002264;-2.396262389;815;243
16051;Cañaveruelas;canaveruelas;Cuenca;cuenca;Castilla-La Mancha;Cañaveruelas;40.4011684;-2.637550605;791;112
16052;Cañete;canete;Cuenca;cuenca;Castilla-La Mancha;Cañete;40.04153388;-1.649295239;1080;870
16053;Cañizares;canizares;Cuenca;cuenca;Castilla-La Mancha;Cañizares;40.51985117;-2.19157686;1065;443
16055;Carboneras de Guadazaón;carboneras de guadazaon;Cuenca;cuenca;Castilla-La Mancha;Carboneras de Guadazaón;39.89983252;-1.812630397;1025;800
16056;Cardenete;cardenete;Cuenca;cuenca;Castilla-La Mancha;Cardenete;39.76746281;-1.687342553;966;477
16057;Carrascosa;carrascosa;Cuenca;cuenca;Castilla-La Mancha;Carrascosa;40.59084965;-2.162961146;1256;68
16058;Carrascosa de Haro;carrascosa de haro;Cuenca;cuenca;Castilla-La Mancha;Carrascosa de Haro;39.59742114;-2.541153007;786;88
16060;Casas de Benítez;casas de benitez;Cuenca;cuenca;Castilla-La Mancha;Casas de Benítez;39.36074122;-2.127873241;751;883
16061;Casas de Fernando Alonso;casas de fernando alonso;Cuenca;cuenca;Castilla-La Mancha;Casas de Fernando Alonso;39.3522443;-2.325836858;725;1085
16062;Casas de Garcimolina;casas de garcimolina;Cuenca;cuenca;Castilla-La Mancha;Casas de Garcimolina;39.99689694;-1.41785435;1149;30
16063;Casas de Guijarro;casas de guijarro;Cuenca;cuenca;Castilla-La Mancha;Casas de Guijarro;39.34537541;-2.163885854;751;106
16064;Casas de Haro;casas de haro;Cuenca;cuenca;Castilla-La Mancha;Casas de Haro;39.33346457;-2.272547731;722;815
16065;Casas de los Pinos;casas de los pinos;Cuenca;cuenca;Castilla-La Mancha;Casas de los Pinos;39.33267455;-2.370673735;724;377
16066;Casasimarro;casasimarro;Cuenca;cuenca;Castilla-La Mancha;Casasimarro;39.39210656;-2.039675637;751;3196
16067;Castejón;castejon;Cuenca;cuenca;Castilla-La Mancha;Castejón;40.38106651;-2.519529233;861;126
16068;Castillejo de Iniesta;castillejo de iniesta;Cuenca;cuenca;Castilla-La Mancha;Castillejo de Iniesta;39.52516642;-1.761342216;824;115
16070;Castillejo-Sierra;castillejo sierra;Cuenca;cuenca;Castilla-La Mancha;Castillejo-Sierra;40.37533091;-2.140415058;1000;31
16071;Castillo-Albaráñez;castillo albaranez;Cuenca;cuenca;Castilla-La Mancha;Castillo-Albaráñez;40.29877809;-2.392643603;901;17
16072;Castillo de Garcimuñoz;castillo de garcimunoz;Cuenca;cuenca;Castilla-La Mancha;Castillo de Garcimuñoz;39.65919966;-2.381197383;920;123
16073;Cervera del Llano;cervera del llano;Cuenca;cuenca;Castilla-La Mancha;Cervera del Llano;39.78365731;-2.422017378;889;221
16074;Cierva, La;cierva, la;Cuenca;cuenca;Castilla-La Mancha;Cierva, La;40.05615824;-1.851561062;1230;38
16078;Cuenca;cuenca;Cuenca;cuenca;Castilla-La Mancha;Cuenca;40.07785113;-2.130079149;982;53761
16079;Cueva del Hierro;cueva del hierro;Cuenca;cuenca;Castilla-La Mancha;Cueva del Hierro;40.58272633;-2.035946364;1335;27
16081;Chumillas;chumillas;Cuenca;cuenca;Castilla-La Mancha;Chumillas;39.77091966;-2.032258601;1055;49
16082;Enguídanos;enguidanos;Cuenca;cuenca;Castilla-La Mancha;Enguídanos;39.67383942;-1.605974292;729;275
16083;Fresneda de Altarejos;fresneda de altarejos;Cuenca;cuenca;Castilla-La Mancha;Fresneda de Altarejos;39.92548323;-2.315064099;904;35
16084;Fresneda de la Sierra;fresneda de la sierra;Cuenca;cuenca;Castilla-La Mancha;Fresneda de la Sierra;40.39065821;-2.142017871;983;42
16085;Frontera, La;frontera, la;Cuenca;cuenca;Castilla-La Mancha;Frontera, La;40.40125937;-2.217028534;972;153
16086;Fuente de Pedro Naharro;fuente de pedro naharro;Cuenca;cuenca;Castilla-La Mancha;Fuente de Pedro Naharro;39.92415479;-3.010519815;772;1302
16087;Fuentelespino de Haro;fuentelespino de haro;Cuenca;cuenca;Castilla-La Mancha;Fuentelespino de Haro;39.68980588;-2.669774407;852;229
16088;Fuentelespino de Moya;fuentelespino de moya;Cuenca;cuenca;Castilla-La Mancha;Fuentelespino de Moya;39.91978535;-1.470914621;1107;103
16089;Fuentes;fuentes;Cuenca;cuenca;Castilla-La Mancha;Fuentes;39.94965384;-2.0204174;1011;465
16091;Fuertescusa;fuertescusa;Cuenca;cuenca;Castilla-La Mancha;Fuertescusa;40.47600755;-2.176015991;981;67
16092;Gabaldón;gabaldon;Cuenca;cuenca;Castilla-La Mancha;Gabaldón;39.62621232;-1.944795373;920;147
16093;Garaballa;garaballa;Cuenca;cuenca;Castilla-La Mancha;Garaballa;39.81441534;-1.37655159;946;60
16094;Gascueña;gascuena;Cuenca;cuenca;Castilla-La Mancha;Gascueña;40.29987901;-2.518638932;928;136
16095;Graja de Campalbo;graja de campalbo;Cuenca;cuenca;Castilla-La Mancha;Graja de Campalbo;39.89881698;-1.271676411;1099;85
16096;Graja de Iniesta;graja de iniesta;Cuenca;cuenca;Castilla-La Mancha;Graja de Iniesta;39.51699516;-1.670282089;837;343
16097;Henarejos;henarejos;Cuenca;cuenca;Castilla-La Mancha;Henarejos;39.86398389;-1.485441246;1069;132
16098;Herrumblar, El;herrumblar, el;Cuenca;cuenca;Castilla-La Mancha;Herrumblar, El;39.40286436;-1.622949239;775;812
16099;Hinojosa, La;hinojosa, la;Cuenca;cuenca;Castilla-La Mancha;Hinojosa, La;39.72725137;-2.416189141;936;183
16100;Hinojosos, Los;hinojosos, los;Cuenca;cuenca;Castilla-La Mancha;Hinojosos, Los;39.60418179;-2.826339263;767;699
16101;Hito, El;hito, el;Cuenca;cuenca;Castilla-La Mancha;Hito, El;39.85912625;-2.714532963;868;118
16102;Honrubia;honrubia;Cuenca;cuenca;Castilla-La Mancha;Honrubia;39.6136944;-2.280710236;812;1521
16103;Hontanaya;hontanaya;Cuenca;cuenca;Castilla-La Mancha;Hontanaya;39.71563193;-2.83496114;808;258
16104;Hontecillas;hontecillas;Cuenca;cuenca;Castilla-La Mancha;Hontecillas;39.69302686;-2.187358989;826;54
16106;Horcajo de Santiago;horcajo de santiago;Cuenca;cuenca;Castilla-La Mancha;Horcajo de Santiago;39.84175838;-2.998380781;757;3968
16107;Huélamo;huelamo;Cuenca;cuenca;Castilla-La Mancha;Huélamo;40.27609228;-1.809672004;1305;71
16108;Huelves;huelves;Cuenca;cuenca;Castilla-La Mancha;Huelves;40.04294904;-2.883819196;821;107
16109;Huérguina;huerguina;Cuenca;cuenca;Castilla-La Mancha;Huérguina;40.04051057;-1.608664282;1108;41
16110;Huerta de la Obispalía;huerta de la obispalia;Cuenca;cuenca;Castilla-La Mancha;Huerta de la Obispalía;39.98902006;-2.479830287;909;125
16111;Huerta del Marquesado;huerta del marquesado;Cuenca;cuenca;Castilla-La Mancha;Huerta del Marquesado;40.14545242;-1.685772552;1259;166
16112;Huete;huete;Cuenca;cuenca;Castilla-La Mancha;Huete;40.1453536;-2.688256048;811;1813
16113;Iniesta;iniesta;Cuenca;cuenca;Castilla-La Mancha;Iniesta;39.443861;-1.751033178;772;4535
16115;Laguna del Marquesado;laguna del marquesado;Cuenca;cuenca;Castilla-La Mancha;Laguna del Marquesado;40.17773651;-1.670931764;1315;58
16116;Lagunaseca;lagunaseca;Cuenca;cuenca;Castilla-La Mancha;Lagunaseca;40.53072297;-2.019597437;1357;51
16117;Landete;landete;Cuenca;cuenca;Castilla-La Mancha;Landete;39.90752547;-1.366665357;987;1216
16118;Ledaña;ledana;Cuenca;cuenca;Castilla-La Mancha;Ledaña;39.35670252;-1.71605787;723;1584
16119;Leganiel;leganiel;Cuenca;cuenca;Castilla-La Mancha;Leganiel;40.16482725;-2.950643351;752;226
16121;Majadas, Las;majadas, las;Cuenca;cuenca;Castilla-La Mancha;Majadas, Las;40.29792904;-2.02261923;1390;214
16122;Mariana;mariana;Cuenca;cuenca;Castilla-La Mancha;Mariana;40.16749807;-2.145991197;963;335
16123;Masegosa;masegosa;Cuenca;cuenca;Castilla-La Mancha;Masegosa;40.54647756;-2.025741087;1369;57
16124;Mesas, Las;mesas, las;Cuenca;cuenca;Castilla-La Mancha;Mesas, Las;39.38933271;-2.765157971;686;2253
16125;Minglanilla;minglanilla;Cuenca;cuenca;Castilla-La Mancha;Minglanilla;39.5351026;-1.595493067;822;2413
16126;Mira;mira;Cuenca;cuenca;Castilla-La Mancha;Mira;39.72106071;-1.439539416;831;934
16128;Monreal del Llano;monreal del llano;Cuenca;cuenca;Castilla-La Mancha;Monreal del Llano;39.56897692;-2.761352091;734;45
16129;Montalbanejo;montalbanejo;Cuenca;cuenca;Castilla-La Mancha;Montalbanejo;39.73374912;-2.498777406;908;83
16130;Montalbo;montalbo;Cuenca;cuenca;Castilla-La Mancha;Montalbo;39.87842313;-2.671932745;890;716
16131;Monteagudo de las Salinas;monteagudo de las salinas;Cuenca;cuenca;Castilla-La Mancha;Monteagudo de las Salinas;39.80436405;-1.899932011;1000;130
16132;Mota de Altarejos;mota de altarejos;Cuenca;cuenca;Castilla-La Mancha;Mota de Altarejos;39.88144539;-2.310064;855;24
16133;Mota del Cuervo;mota del cuervo;Cuenca;cuenca;Castilla-La Mancha;Mota del Cuervo;39.5004216;-2.868979909;707;6071
16134;Motilla del Palancar;motilla del palancar;Cuenca;cuenca;Castilla-La Mancha;Motilla del Palancar;39.56032418;-1.910489344;830;6485
16135;Moya;moya;Cuenca;cuenca;Castilla-La Mancha;Moya;39.94852738;-1.36801571;1136;133
16137;Narboneta;narboneta;Cuenca;cuenca;Castilla-La Mancha;Narboneta;39.75182454;-1.476049378;853;43
16139;Olivares de Júcar;olivares de jucar;Cuenca;cuenca;Castilla-La Mancha;Olivares de Júcar;39.7601583;-2.354227019;901;299
16140;Olmeda de la Cuesta;olmeda de la cuesta;Cuenca;cuenca;Castilla-La Mancha;Olmeda de la Cuesta;40.31101934;-2.47629558;898;17
16141;Olmeda del Rey;olmeda del rey;Cuenca;cuenca;Castilla-La Mancha;Olmeda del Rey;39.80823607;-2.082752229;934;131
16142;Olmedilla de Alarcón;olmedilla de alarcon;Cuenca;cuenca;Castilla-La Mancha;Olmedilla de Alarcón;39.61479072;-2.10505772;820;129
16143;Olmedilla de Eliz;olmedilla de eliz;Cuenca;cuenca;Castilla-La Mancha;Olmedilla de Eliz;40.30237188;-2.419285335;873;20
16145;Osa de la Vega;osa de la vega;Cuenca;cuenca;Castilla-La Mancha;Osa de la Vega;39.66125534;-2.760634198;760;450
16146;Pajarón;pajaron;Cuenca;cuenca;Castilla-La Mancha;Pajarón;39.95728408;-1.782198975;1052;71
16147;Pajaroncillo;pajaroncillo;Cuenca;cuenca;Castilla-La Mancha;Pajaroncillo;39.94648066;-1.734606317;974;66
16148;Palomares del Campo;palomares del campo;Cuenca;cuenca;Castilla-La Mancha;Palomares del Campo;39.94645015;-2.598778738;885;553
16149;Palomera;palomera;Cuenca;cuenca;Castilla-La Mancha;Palomera;40.06712295;-2.048093153;1072;187
16150;Paracuellos;paracuellos;Cuenca;cuenca;Castilla-La Mancha;Paracuellos;39.71813556;-1.787711007;968;105
16151;Paredes;paredes;Cuenca;cuenca;Castilla-La Mancha;Paredes;40.06603452;-2.853893595;831;62
16152;Parra de las Vegas, La;parra de las vegas, la;Cuenca;cuenca;Castilla-La Mancha;Parra de las Vegas, La;39.86811375;-2.204731913;1021;37
16153;Pedernoso, El;pedernoso, el;Cuenca;cuenca;Castilla-La Mancha;Pedernoso, El;39.48571659;-2.746352921;711;1117
16154;Pedroñeras, Las;pedroneras, las;Cuenca;cuenca;Castilla-La Mancha;Pedroñeras, Las;39.45140684;-2.675711981;707;6530
16155;Peral, El;peral, el;Cuenca;cuenca;Castilla-La Mancha;Peral, El;39.49901081;-1.896908162;795;677
16156;Peraleja, La;peraleja, la;Cuenca;cuenca;Castilla-La Mancha;Peraleja, La;40.23590446;-2.555310831;877;80
16157;Pesquera, La;pesquera, la;Cuenca;cuenca;Castilla-La Mancha;Pesquera, La;39.57206453;-1.585193906;791;225
16158;Picazo, El;picazo, el;Cuenca;cuenca;Castilla-La Mancha;Picazo, El;39.44847918;-2.088584909;697;698
16159;Pinarejo;pinarejo;Cuenca;cuenca;Castilla-La Mancha;Pinarejo;39.6159231;-2.425678017;870;174
16160;Pineda de Gigüela;pineda de giguela;Cuenca;cuenca;Castilla-La Mancha;Pineda de Gigüela;40.08572312;-2.544089791;971;58
16161;Piqueras del Castillo;piqueras del castillo;Cuenca;cuenca;Castilla-La Mancha;Piqueras del Castillo;39.72068693;-2.082379069;922;36
16162;Portalrubio de Guadamejud;portalrubio de guadamejud;Cuenca;cuenca;Castilla-La Mancha;Portalrubio de Guadamejud;40.2722542;-2.60415071;816;37
16163;Portilla;portilla;Cuenca;cuenca;Castilla-La Mancha;Portilla;40.28950617;-2.082065581;1070;58
16165;Poyatos;poyatos;Cuenca;cuenca;Castilla-La Mancha;Poyatos;40.42267005;-2.049594114;1237;72
16166;Pozoamargo;pozoamargo;Cuenca;cuenca;Castilla-La Mancha;Pozoamargo;39.36680514;-2.196608737;750;251
16167;Pozorrubio de Santiago;pozorrubio de santiago;Cuenca;cuenca;Castilla-La Mancha;Pozorrubio de Santiago;39.81633516;-2.949713352;785;307
16169;Pozuelo, El;pozuelo, el;Cuenca;cuenca;Castilla-La Mancha;Pozuelo, El;40.61999174;-2.277455975;1218;45
16170;Priego;priego;Cuenca;cuenca;Castilla-La Mancha;Priego;40.44922267;-2.316008379;852;913
16171;Provencio, El;provencio, el;Cuenca;cuenca;Castilla-La Mancha;Provencio, El;39.37607593;-2.572532756;701;2329
16172;Puebla de Almenara;puebla de almenara;Cuenca;cuenca;Castilla-La Mancha;Puebla de Almenara;39.78419577;-2.816383308;859;295
16173;Valle de Altomira, El;valle de altomira, el;Cuenca;cuenca;Castilla-La Mancha;Valle de Altomira, El;40.22531364;-2.759883705;797;194
16174;Puebla del Salvador;puebla del salvador;Cuenca;cuenca;Castilla-La Mancha;Puebla del Salvador;39.56507982;-1.675196364;841;193
16175;Quintanar del Rey;quintanar del rey;Cuenca;cuenca;Castilla-La Mancha;Quintanar del Rey;39.34263073;-1.928191066;727;7642
16176;Rada de Haro;rada de haro;Cuenca;cuenca;Castilla-La Mancha;Rada de Haro;39.56887668;-2.62067678;816;49
16177;Reíllo;reillo;Cuenca;cuenca;Castilla-La Mancha;Reíllo;39.90529727;-1.872625502;1006;107
16181;Rozalén del Monte;rozalen del monte;Cuenca;cuenca;Castilla-La Mancha;Rozalén del Monte;39.99052664;-2.805487581;875;48
16185;Saceda-Trasierra;saceda trasierra;Cuenca;cuenca;Castilla-La Mancha;Saceda-Trasierra;40.15606252;-2.853049695;907;34
16186;Saelices;saelices;Cuenca;cuenca;Castilla-La Mancha;Saelices;39.92100393;-2.805636276;929;478
16187;Salinas del Manzano;salinas del manzano;Cuenca;cuenca;Castilla-La Mancha;Salinas del Manzano;40.08874255;-1.553869648;1123;88
16188;Salmeroncillos;salmeroncillos;Cuenca;cuenca;Castilla-La Mancha;Salmeroncillos;40.50456207;-2.521624275;761;106
16189;Salvacañete;salvacanete;Cuenca;cuenca;Castilla-La Mancha;Salvacañete;40.09833189;-1.502498939;1206;298
16190;San Clemente;san clemente;Cuenca;cuenca;Castilla-La Mancha;San Clemente;39.40387433;-2.429515696;723;6730
16191;San Lorenzo de la Parrilla;san lorenzo de la parrilla;Cuenca;cuenca;Castilla-La Mancha;San Lorenzo de la Parrilla;39.85103897;-2.360898428;938;1114
16192;San Martín de Boniches;san martin de boniches;Cuenca;cuenca;Castilla-La Mancha;San Martín de Boniches;39.88590513;-1.573764205;1202;43
16193;San Pedro Palmiches;san pedro palmiches;Cuenca;cuenca;Castilla-La Mancha;San Pedro Palmiches;40.42940087;-2.405666913;827;54
16194;Santa Cruz de Moya;santa cruz de moya;Cuenca;cuenca;Castilla-La Mancha;Santa Cruz de Moya;39.95656079;-1.256308419;750;234
16195;Santa María del Campo Rus;santa maria del campo rus;Cuenca;cuenca;Castilla-La Mancha;Santa María del Campo Rus;39.55949509;-2.423810264;790;529
16196;Santa María de los Llanos;santa maria de los llanos;Cuenca;cuenca;Castilla-La Mancha;Santa María de los Llanos;39.48877147;-2.810844572;714;661
16197;Santa María del Val;santa maria del val;Cuenca;cuenca;Castilla-La Mancha;Santa María del Val;40.50374277;-2.041992569;1189;54
16198;Sisante;sisante;Cuenca;cuenca;Castilla-La Mancha;Sisante;39.40680064;-2.201086214;743;1643
16199;Solera de Gabaldón;solera de gabaldon;Cuenca;cuenca;Castilla-La Mancha;Solera de Gabaldón;39.74928101;-1.977572845;1048;33
16202;Talayuelas;talayuelas;Cuenca;cuenca;Castilla-La Mancha;Talayuelas;39.8480358;-1.283072154;986;870
16203;Tarancón;tarancon;Cuenca;cuenca;Castilla-La Mancha;Tarancón;40.01301768;-3.004141237;810;17207
16204;Tébar;tebar;Cuenca;cuenca;Castilla-La Mancha;Tébar;39.49890054;-2.165461358;890;307
16205;Tejadillos;tejadillos;Cuenca;cuenca;Castilla-La Mancha;Tejadillos;40.14081862;-1.634467847;1216;105
16206;Tinajas;tinajas;Cuenca;cuenca;Castilla-La Mancha;Tinajas;40.32588149;-2.581668426;870;187
16209;Torralba;torralba;Cuenca;cuenca;Castilla-La Mancha;Torralba;40.30221457;-2.285255785;907;114
16211;Torrejoncillo del Rey;torrejoncillo del rey;Cuenca;cuenca;Castilla-La Mancha;Torrejoncillo del Rey;40.00855193;-2.573509214;933;340
16212;Torrubia del Campo;torrubia del campo;Cuenca;cuenca;Castilla-La Mancha;Torrubia del Campo;39.89602718;-2.961484982;796;315
16213;Torrubia del Castillo;torrubia del castillo;Cuenca;cuenca;Castilla-La Mancha;Torrubia del Castillo;39.65839543;-2.311535409;848;42
16215;Tragacete;tragacete;Cuenca;cuenca;Castilla-La Mancha;Tragacete;40.35039814;-1.850886246;1279;262
16216;Tresjuncos;tresjuncos;Cuenca;cuenca;Castilla-La Mancha;Tresjuncos;39.70012239;-2.7554619;807;257
16217;Tribaldos;tribaldos;Cuenca;cuenca;Castilla-La Mancha;Tribaldos;39.9718915;-2.898452995;822;102
16218;Uclés;ucles;Cuenca;cuenca;Castilla-La Mancha;Uclés;39.9809247;-2.861484176;842;231
16219;Uña;una;Cuenca;cuenca;Castilla-La Mancha;Uña;40.22290307;-1.976971734;1146;91
16224;Valdemeca;valdemeca;Cuenca;cuenca;Castilla-La Mancha;Valdemeca;40.22414042;-1.743190738;1324;82
16225;Valdemorillo de la Sierra;valdemorillo de la sierra;Cuenca;cuenca;Castilla-La Mancha;Valdemorillo de la Sierra;40.039557;-1.780889171;1186;49
16227;Valdemoro-Sierra;valdemoro sierra;Cuenca;cuenca;Castilla-La Mancha;Valdemoro-Sierra;40.10175577;-1.767573105;1110;98
16228;Valdeolivas;valdeolivas;Cuenca;cuenca;Castilla-La Mancha;Valdeolivas;40.50569354;-2.445849383;925;212
16231;Valhermoso de la Fuente;valhermoso de la fuente;Cuenca;cuenca;Castilla-La Mancha;Valhermoso de la Fuente;39.55273352;-2.016310768;802;60
16234;Valsalobre;valsalobre;Cuenca;cuenca;Castilla-La Mancha;Valsalobre;40.61751527;-2.092989923;1230;17
16236;Valverde de Júcar;valverde de jucar;Cuenca;cuenca;Castilla-La Mancha;Valverde de Júcar;39.71860746;-2.219084056;821;1122
16237;Valverdejo;valverdejo;Cuenca;cuenca;Castilla-La Mancha;Valverdejo;39.6159267;-2.023413578;869;87
16238;Vara de Rey;vara de rey;Cuenca;cuenca;Castilla-La Mancha;Vara de Rey;39.42493143;-2.292485849;812;467
16239;Vega del Codorno;vega del codorno;Cuenca;cuenca;Castilla-La Mancha;Vega del Codorno;40.4333736;-1.929211647;1334;141
16240;Vellisca;vellisca;Cuenca;cuenca;Castilla-La Mancha;Vellisca;40.12971771;-2.813850375;933;129
16242;Villaconejos de Trabaque;villaconejos de trabaque;Cuenca;cuenca;Castilla-La Mancha;Villaconejos de Trabaque;40.39981901;-2.318553875;802;331
16243;Villaescusa de Haro;villaescusa de haro;Cuenca;cuenca;Castilla-La Mancha;Villaescusa de Haro;39.59691886;-2.674088718;822;480
16244;Villagarcía del Llano;villagarcia del llano;Cuenca;cuenca;Castilla-La Mancha;Villagarcía del Llano;39.32633541;-1.84659701;728;774
16245;Villalba de la Sierra;villalba de la sierra;Cuenca;cuenca;Castilla-La Mancha;Villalba de la Sierra;40.23527237;-2.08842741;990;573
16246;Villalba del Rey;villalba del rey;Cuenca;cuenca;Castilla-La Mancha;Villalba del Rey;40.34492088;-2.639271283;798;475
16247;Villalgordo del Marquesado;villalgordo del marquesado;Cuenca;cuenca;Castilla-La Mancha;Villalgordo del Marquesado;39.68233599;-2.508037846;858;62
16248;Villalpardo;villalpardo;Cuenca;cuenca;Castilla-La Mancha;Villalpardo;39.47242199;-1.62501002;770;981
16249;Villamayor de Santiago;villamayor de santiago;Cuenca;cuenca;Castilla-La Mancha;Villamayor de Santiago;39.72890536;-2.926820458;767;2347
16250;Villanueva de Guadamejud;villanueva de guadamejud;Cuenca;cuenca;Castilla-La Mancha;Villanueva de Guadamejud;40.2244677;-2.505453414;809;59
16251;Villanueva de la Jara;villanueva de la jara;Cuenca;cuenca;Castilla-La Mancha;Villanueva de la Jara;39.43992103;-1.951573525;769;2460
16253;Villar de Cañas;villar de canas;Cuenca;cuenca;Castilla-La Mancha;Villar de Cañas;39.77746208;-2.563951223;817;391
16254;Villar de Domingo García;villar de domingo garcia;Cuenca;cuenca;Castilla-La Mancha;Villar de Domingo García;40.2380655;-2.292943232;939;215
16255;Villar de la Encina;villar de la encina;Cuenca;cuenca;Castilla-La Mancha;Villar de la Encina;39.63761959;-2.52143952;834;149
16258;Villar del Humo;villar del humo;Cuenca;cuenca;Castilla-La Mancha;Villar del Humo;39.87043184;-1.627568639;984;182
16259;Villar del Infantado;villar del infantado;Cuenca;cuenca;Castilla-La Mancha;Villar del Infantado;40.45567605;-2.479223547;759;34
16263;Villar de Olalla;villar de olalla;Cuenca;cuenca;Castilla-La Mancha;Villar de Olalla;40.01557316;-2.193927753;900;1565
16264;Villarejo de Fuentes;villarejo de fuentes;Cuenca;cuenca;Castilla-La Mancha;Villarejo de Fuentes;39.78888026;-2.695224229;853;404
16265;Villarejo de la Peñuela;villarejo de la penuela;Cuenca;cuenca;Castilla-La Mancha;Villarejo de la Peñuela;40.08790433;-2.410063831;940;17
16266;Villarejo-Periesteban;villarejo periesteban;Cuenca;cuenca;Castilla-La Mancha;Villarejo-Periesteban;39.87107703;-2.440712109;910;367
16269;Villares del Saz;villares del saz;Cuenca;cuenca;Castilla-La Mancha;Villares del Saz;39.84069301;-2.505523841;866;505
16270;Villarrubio;villarrubio;Cuenca;cuenca;Castilla-La Mancha;Villarrubio;39.94480111;-2.892775026;828;215
16271;Villarta;villarta;Cuenca;cuenca;Castilla-La Mancha;Villarta;39.43988473;-1.65303283;755;860
16272;Villas de la Ventosa;villas de la ventosa;Cuenca;cuenca;Castilla-La Mancha;Villas de la Ventosa;40.20527528;-2.432992228;852;226
16273;Villaverde y Pasaconsol;villaverde y pasaconsol;Cuenca;cuenca;Castilla-La Mancha;Villaverde y Pasaconsol;39.77042454;-2.265706617;860;323
16274;Víllora;villora;Cuenca;cuenca;Castilla-La Mancha;Víllora;39.75326053;-1.58788739;878;119
16275;Vindel;vindel;Cuenca;cuenca;Castilla-La Mancha;Vindel;40.58681653;-2.380722513;887;20
16276;Yémeda;yemeda;Cuenca;cuenca;Castilla-La Mancha;Yémeda;39.76286553;-1.722302307;865;19
16277;Zafra de Záncara;zafra de zancara;Cuenca;cuenca;Castilla-La Mancha;Zafra de Záncara;39.89193021;-2.5584122;945;92
16278;Zafrilla;zafrilla;Cuenca;cuenca;Castilla-La Mancha;Zafrilla;40.19432598;-1.61842644;1413;59
16279;Zarza de Tajo;zarza de tajo;Cuenca;cuenca;Castilla-La Mancha;Zarza de Tajo;40.01863601;-3.131161275;703;322
16280;Zarzuela;zarzuela;Cuenca;cuenca;Castilla-La Mancha;Zarzuela;40.25586788;-2.12920604;1059;176
16901;Campos del Paraíso;campos del paraiso;Cuenca;cuenca;Castilla-La Mancha;Campos del Paraíso;40.03775759;-2.738334363;897;653
16902;Valdetórtola;valdetortola;Cuenca;cuenca;Castilla-La Mancha;Valdetórtola;39.92059581;-2.186216344;897;115
16903;Valeras, Las;valeras, las;Cuenca;cuenca;Castilla-La Mancha;Valeras, Las;39.77013852;-2.157902496;871;1531
16904;Fuentenava de Jábaga;fuentenava de jabaga;Cuenca;cuenca;Castilla-La Mancha;Fuentenava de Jábaga;40.08664917;-2.262884806;965;640
16905;Arcas;arcas;Cuenca;cuenca;Castilla-La Mancha;Arcas;39.98864349;-2.114444137;955;2392
16906;Valdecolmenas, Los;valdecolmenas, los;Cuenca;cuenca;Castilla-La Mancha;Valdecolmenas, Los;40.11931874;-2.497255477;939;69
16908;Pozorrubielos de la Mancha;pozorrubielos de la mancha;Cuenca;cuenca;Castilla-La Mancha;Pozorrubielos de la Mancha;39.44642226;-2.038839354;783;175
16909;Sotorribas;sotorribas;Cuenca;cuenca;Castilla-La Mancha;Sotorribas;40.19534505;-2.162508654;982;710
16910;Villar y Velasco;villar y velasco;Cuenca;cuenca;Castilla-La Mancha;Villar y Velasco;40.14933808;-2.417500648;975;92
17001;Agullana;agullana;Girona;girona;Cataluña/Catalunya;Agullana;42.39364425;2.846999788;157;881
17002;Aiguaviva;aiguaviva;Girona;girona;Cataluña/Catalunya;Aiguaviva;41.93841193;2.761939734;161;805
17003;Albanyà;albanya;Girona;girona;Cataluña/Catalunya;Albanyà;42.30585584;2.721527782;235;158
17004;Albons;albons;Girona;girona;Cataluña/Catalunya;Albons;42.10422933;3.085322624;24;852
17005;Far d'Empordà, El;far d'emporda, el;Girona;girona;Cataluña/Catalunya;Far d'Empordà, El;42.25154005;2.996461971;34;624
17006;Alp;alp;Girona;girona;Cataluña/Catalunya;Alp;42.37369217;1.887519903;1156;1724
17007;Amer;amer;Girona;girona;Cataluña/Catalunya;Amer;42.00909916;2.603318354;183;2419
17008;Anglès;angles;Girona;girona;Cataluña/Catalunya;Anglès;41.95661024;2.639828142;158;5904
17009;Arbúcies;arbucies;Girona;girona;Cataluña/Catalunya;Arbúcies;41.81694947;2.514021622;279;6635
17010;Argelaguer;argelaguer;Girona;girona;Cataluña/Catalunya;Argelaguer;42.21570641;2.637793954;186;467
17011;Armentera, L';armentera, l';Girona;girona;Cataluña/Catalunya;Armentera, L';42.1708584;3.072570136;6;1076
17012;Avinyonet de Puigventós;avinyonet de puigventos;Girona;girona;Cataluña/Catalunya;Avinyonet de Puigventós;42.24987032;2.91122294;71;1669
17013;Begur;begur;Girona;girona;Cataluña/Catalunya;Begur;41.9543878;3.20679768;196;4286
17014;Vajol, La;vajol, la;Girona;girona;Cataluña/Catalunya;Vajol, La;42.40382407;2.79905705;542;110
17015;Banyoles;banyoles;Girona;girona;Cataluña/Catalunya;Banyoles;42.1164081;2.763804297;176;20887
17016;Bàscara;bascara;Girona;girona;Cataluña/Catalunya;Bàscara;42.1596493;2.91060776;65;1048
17018;Bellcaire d'Empordà;bellcaire d'emporda;Girona;girona;Cataluña/Catalunya;Bellcaire d'Empordà;42.08098699;3.094489204;31;722
17019;Besalú;besalu;Girona;girona;Cataluña/Catalunya;Besalú;42.19889893;2.699312841;148;2591
17020;Bescanó;bescano;Girona;girona;Cataluña/Catalunya;Bescanó;41.96539525;2.743346317;100;5087
17021;Beuda;beuda;Girona;girona;Cataluña/Catalunya;Beuda;42.23686007;2.709478345;332;202
17022;Bisbal d'Empordà, La;bisbal d'emporda, la;Girona;girona;Cataluña/Catalunya;Bisbal d'Empordà, La;41.95901606;3.037757252;37;11731
17023;Blanes;blanes;Girona;girona;Cataluña/Catalunya;Blanes;41.67411132;2.791996683;5;42446
17024;Bolvir;bolvir;Girona;girona;Cataluña/Catalunya;Bolvir;42.41899739;1.879964231;1120;493
17025;Bordils;bordils;Girona;girona;Cataluña/Catalunya;Bordils;42.04050772;2.913670243;45;1824
17026;Borrassà;borrassa;Girona;girona;Cataluña/Catalunya;Borrassà;42.22294091;2.925936594;73;802
17027;Breda;breda;Girona;girona;Cataluña/Catalunya;Breda;41.74869906;2.557569356;170;3964
17028;Brunyola i Sant Martí Sapresa;brunyola i sant marti sapresa;Girona;girona;Cataluña/Catalunya;Brunyola i Sant Martí Sapresa;41.90460031;2.68467609;251;399
17029;Boadella i les Escaules;boadella i les escaules;Girona;girona;Cataluña/Catalunya;Boadella i les Escaules;42.33158761;2.856422258;93;264
17030;Cabanes;cabanes;Girona;girona;Cataluña/Catalunya;Cabanes;42.3075044;2.97795707;24;998
17031;Cabanelles;cabanelles;Girona;girona;Cataluña/Catalunya;Cabanelles;42.23066806;2.819675544;195;286
17032;Cadaqués;cadaques;Girona;girona;Cataluña/Catalunya;Cadaqués;42.28749939;3.277148616;8;2906
17033;Caldes de Malavella;caldes de malavella;Girona;girona;Cataluña/Catalunya;Caldes de Malavella;41.83883224;2.809789268;97;8644
17034;Calonge i Sant Antoni;calonge i sant antoni;Girona;girona;Cataluña/Catalunya;Calonge i Sant Antoni;41.86228799;3.07314483;35;12268
17035;Camós;camos;Girona;girona;Cataluña/Catalunya;Camós;42.093976;2.767546;168;700
17036;Campdevànol;campdevanol;Girona;girona;Cataluña/Catalunya;Campdevànol;42.22340954;2.168989429;730;3240
17037;Campelles;campelles;Girona;girona;Cataluña/Catalunya;Campelles;42.29438789;2.140094472;1299;163
17038;Campllong;campllong;Girona;girona;Cataluña/Catalunya;Campllong;41.89269849;2.831316118;104;534
17039;Camprodon;camprodon;Girona;girona;Cataluña/Catalunya;Camprodon;42.31172562;2.364759977;937;2560
17040;Canet d'Adri;canet d'adri;Girona;girona;Cataluña/Catalunya;Canet d'Adri;42.03335101;2.737133783;225;742
17041;Cantallops;cantallops;Girona;girona;Cataluña/Catalunya;Cantallops;42.42268282;2.926577925;198;367
17042;Capmany;capmany;Girona;girona;Cataluña/Catalunya;Capmany;42.37249683;2.920812106;106;677
17043;Queralbs;queralbs;Girona;girona;Cataluña/Catalunya;Queralbs;42.34846941;2.162685595;1197;202
17044;Cassà de la Selva;cassa de la selva;Girona;girona;Cataluña/Catalunya;Cassà de la Selva;41.88486252;2.874308166;141;11167
17046;Castellfollit de la Roca;castellfollit de la roca;Girona;girona;Cataluña/Catalunya;Castellfollit de la Roca;42.21903485;2.54992457;299;960
17047;Castelló d'Empúries;castello d'empuries;Girona;girona;Cataluña/Catalunya;Castelló d'Empúries;42.25806366;3.073808318;17;12275
17048;Castell d'Aro, Platja d'Aro i s'Agaró;castell d'aro, platja d'aro i s'agaro;Girona;girona;Cataluña/Catalunya;Castell d'Aro, Platja d'Aro i s'Agaró;41.8175818;3.067323841;5;12889
17049;Celrà;celra;Girona;girona;Cataluña/Catalunya;Celrà;42.02655217;2.874405019;67;5613
17050;Cervià de Ter;cervia de ter;Girona;girona;Cataluña/Catalunya;Cervià de Ter;42.0676255;2.912422921;41;1030
17051;Cistella;cistella;Girona;girona;Cataluña/Catalunya;Cistella;42.26844209;2.847440191;131;285
17052;Siurana;siurana;Girona;girona;Cataluña/Catalunya;Siurana;42.20962961;2.993777857;32;188
17054;Colera;colera;Girona;girona;Cataluña/Catalunya;Colera;42.40401886;3.15047099;10;489
17055;Colomers;colomers;Girona;girona;Cataluña/Catalunya;Colomers;42.08401161;2.987489652;36;206
17056;Cornellà del Terri;cornella del terri;Girona;girona;Cataluña/Catalunya;Cornellà del Terri;42.08931218;2.815649988;94;2413
17057;Corçà;corca;Girona;girona;Cataluña/Catalunya;Corçà;41.98935827;3.017712292;41;1285
17058;Crespià;crespia;Girona;girona;Cataluña/Catalunya;Crespià;42.18769952;2.797896167;135;253
17060;Darnius;darnius;Girona;girona;Cataluña/Catalunya;Darnius;42.36825662;2.832166092;188;561
17061;Das;das;Girona;girona;Cataluña/Catalunya;Das;42.36268897;1.871936116;1210;261
17062;Escala, L';escala, l';Girona;girona;Cataluña/Catalunya;Escala, L';42.12484015;3.132256312;13;10641
17063;Espinelves;espinelves;Girona;girona;Cataluña/Catalunya;Espinelves;41.86874174;2.417773449;747;262
17064;Espolla;espolla;Girona;girona;Cataluña/Catalunya;Espolla;42.39133523;3.001918305;112;399
17065;Esponellà;esponella;Girona;girona;Cataluña/Catalunya;Esponellà;42.17737458;2.795475042;134;444
17066;Figueres;figueres;Girona;girona;Cataluña/Catalunya;Figueres;42.26726148;2.960355578;38;49556
17067;Flaçà;flaca;Girona;girona;Cataluña/Catalunya;Flaçà;42.04687653;2.958060453;38;1174
17068;Foixà;foixa;Girona;girona;Cataluña/Catalunya;Foixà;42.038882;2.99819;79;298
17069;Fontanals de Cerdanya;fontanals de cerdanya;Girona;girona;Cataluña/Catalunya;Fontanals de Cerdanya;42.38464327;1.902793938;1163;516
17070;Fontanilles;fontanilles;Girona;girona;Cataluña/Catalunya;Fontanilles;42.01013108;3.107526193;11;170
17071;Fontcoberta;fontcoberta;Girona;girona;Cataluña/Catalunya;Fontcoberta;42.14285685;2.789394273;204;1482
17073;Fornells de la Selva;fornells de la selva;Girona;girona;Cataluña/Catalunya;Fornells de la Selva;41.93467715;2.81036902;108;2813
17074;Fortià;fortia;Girona;girona;Cataluña/Catalunya;Fortià;42.24244941;3.040426942;7;789
17075;Garrigàs;garrigas;Girona;girona;Cataluña/Catalunya;Garrigàs;42.19351618;2.954158196;109;479
17076;Garrigoles;garrigoles;Girona;girona;Cataluña/Catalunya;Garrigoles;42.10714627;3.03082812;85;183
17077;Garriguella;garriguella;Girona;girona;Cataluña/Catalunya;Garriguella;42.3446463;3.064632837;60;989
17078;Ger;ger;Girona;girona;Cataluña/Catalunya;Ger;42.41063667;1.845436371;1115;501
17079;Girona;girona;Girona;girona;Cataluña/Catalunya;Girona;41.9830715;2.824785924;68;108352
17080;Gombrèn;gombren;Girona;girona;Cataluña/Catalunya;Gombrèn;42.24891382;2.089810482;908;206
17081;Gualta;gualta;Girona;girona;Cataluña/Catalunya;Gualta;42.0283704;3.103477395;11;437
17082;Guils de Cerdanya;guils de cerdanya;Girona;girona;Cataluña/Catalunya;Guils de Cerdanya;42.44872312;1.880074056;1370;559
17083;Hostalric;hostalric;Girona;girona;Cataluña/Catalunya;Hostalric;41.74579821;2.641366249;82;4464
17084;Isòvol;isovol;Girona;girona;Cataluña/Catalunya;Isòvol;42.37722114;1.817157318;1035;314
17085;Jafre;jafre;Girona;girona;Cataluña/Catalunya;Jafre;42.07199577;3.010748203;36;384
17086;Jonquera, La;jonquera, la;Girona;girona;Cataluña/Catalunya;Jonquera, La;42.416915;2.873172451;109;3410
17087;Juià;juia;Girona;girona;Cataluña/Catalunya;Juià;42.01893213;2.90617229;87;320
17088;Lladó;llado;Girona;girona;Cataluña/Catalunya;Lladó;42.24804668;2.813518734;197;823
17089;Llagostera;llagostera;Girona;girona;Cataluña/Catalunya;Llagostera;41.82881493;2.891817456;157;9579
17090;Llambilles;llambilles;Girona;girona;Cataluña/Catalunya;Llambilles;41.92118374;2.859276145;142;732
17091;Llanars;llanars;Girona;girona;Cataluña/Catalunya;Llanars;42.32059358;2.343974799;987;517
17092;Llançà;llanca;Girona;girona;Cataluña/Catalunya;Llançà;42.36591178;3.154308263;11;5033
17093;Llers;llers;Girona;girona;Cataluña/Catalunya;Llers;42.29569238;2.909346988;176;1268
17094;Llívia;llivia;Girona;girona;Cataluña/Catalunya;Llívia;42.46478446;1.982022119;1216;1572
17095;Lloret de Mar;lloret de mar;Girona;girona;Cataluña/Catalunya;Lloret de Mar;41.69860897;2.847593972;4;41944
17096;Llosses, Les;llosses, les;Girona;girona;Cataluña/Catalunya;Llosses, Les;42.15094069;2.11995711;900;197
17097;Madremanya;madremanya;Girona;girona;Cataluña/Catalunya;Madremanya;41.99015615;2.957219074;176;277
17098;Maià de Montcal;maia de montcal;Girona;girona;Cataluña/Catalunya;Maià de Montcal;42.22280148;2.743707003;232;498
17099;Meranges;meranges;Girona;girona;Cataluña/Catalunya;Meranges;42.44693911;1.784846819;1549;111
17100;Masarac i Vilarnadal;masarac i vilarnadal;Girona;girona;Cataluña/Catalunya;Masarac i Vilarnadal;42.35083017;2.972712757;68;291
17101;Massanes;massanes;Girona;girona;Cataluña/Catalunya;Massanes;41.76640307;2.65178295;153;881
17102;Maçanet de Cabrenys;macanet de cabrenys;Girona;girona;Cataluña/Catalunya;Maçanet de Cabrenys;42.38603538;2.750280342;360;768
17103;Maçanet de la Selva;macanet de la selva;Girona;girona;Cataluña/Catalunya;Maçanet de la Selva;41.77627429;2.731425831;101;8065
17105;Mieres;mieres;Girona;girona;Cataluña/Catalunya;Mieres;42.1232957;2.640292341;282;368
17106;Mollet de Peralada;mollet de peralada;Girona;girona;Cataluña/Catalunya;Mollet de Peralada;42.35856537;3.000460652;53;202
17107;Molló;mollo;Girona;girona;Cataluña/Catalunya;Molló;42.34655253;2.404631213;1183;350
17109;Montagut i Oix;montagut i oix;Girona;girona;Cataluña/Catalunya;Montagut i Oix;42.23145631;2.596159715;277;1014
17110;Mont-ras;mont ras;Girona;girona;Cataluña/Catalunya;Mont-ras;41.90810646;3.144686618;68;1690
17111;Navata;navata;Girona;girona;Cataluña/Catalunya;Navata;42.22373853;2.860522551;146;1504
17112;Ogassa;ogassa;Girona;girona;Cataluña/Catalunya;Ogassa;42.26587592;2.277067151;946;222
17114;Olot;olot;Girona;girona;Cataluña/Catalunya;Olot;42.18320957;2.484603629;439;39516
17115;Ordis;ordis;Girona;girona;Cataluña/Catalunya;Ordis;42.21870003;2.906713765;98;411
17116;Osor;osor;Girona;girona;Cataluña/Catalunya;Osor;41.94545751;2.557683264;342;429
17117;Palafrugell;palafrugell;Girona;girona;Cataluña/Catalunya;Palafrugell;41.91497122;3.164049833;53;24556
17118;Palamós;palamos;Girona;girona;Cataluña/Catalunya;Palamós;41.84635885;3.129077454;10;18921
17119;Palau de Santa Eulàlia;palau de santa eulalia;Girona;girona;Cataluña/Catalunya;Palau de Santa Eulàlia;42.17725011;2.969137211;87;124
17120;Palau-saverdera;palau saverdera;Girona;girona;Cataluña/Catalunya;Palau-saverdera;42.30772312;3.146588295;89;1524
17121;Palau-sator;palau sator;Girona;girona;Cataluña/Catalunya;Palau-sator;41.98971988;3.111142266;17;320
17123;Palol de Revardit;palol de revardit;Girona;girona;Cataluña/Catalunya;Palol de Revardit;42.0693727;2.795818594;141;463
17124;Pals;pals;Girona;girona;Cataluña/Catalunya;Pals;41.97113025;3.145107853;38;2552
17125;Pardines;pardines;Girona;girona;Cataluña/Catalunya;Pardines;42.31234163;2.212962008;1227;168
17126;Parlavà;parlava;Girona;girona;Cataluña/Catalunya;Parlavà;42.02389457;3.031800316;26;435
17128;Pau;pau;Girona;girona;Cataluña/Catalunya;Pau;42.31598618;3.116953321;37;558
17129;Pedret i Marzà;pedret i marza;Girona;girona;Cataluña/Catalunya;Pedret i Marzà;42.31020824;3.068706614;28;208
17130;Pera, La;pera, la;Girona;girona;Cataluña/Catalunya;Pera, La;42.02052839;2.973397871;89;449
17132;Peralada;peralada;Girona;girona;Cataluña/Catalunya;Peralada;42.30790075;3.00758698;32;2087
17133;Planes d'Hostoles, Les;planes d'hostoles, les;Girona;girona;Cataluña/Catalunya;Planes d'Hostoles, Les;42.05575443;2.537213469;367;1747
17134;Planoles;planoles;Girona;girona;Cataluña/Catalunya;Planoles;42.31629577;2.104012238;1138;313
17135;Pont de Molins;pont de molins;Girona;girona;Cataluña/Catalunya;Pont de Molins;42.31460002;2.925544656;45;586
17136;Pontós;pontos;Girona;girona;Cataluña/Catalunya;Pontós;42.18671416;2.916688452;90;295
17137;Porqueres;porqueres;Girona;girona;Cataluña/Catalunya;Porqueres;42.12207158;2.747631444;182;4804
17138;Portbou;portbou;Girona;girona;Cataluña/Catalunya;Portbou;42.42631522;3.162454863;7;1132
17139;Preses, Les;preses, les;Girona;girona;Cataluña/Catalunya;Preses, Les;42.14175085;2.461037919;471;1946
17140;Port de la Selva, El;port de la selva, el;Girona;girona;Cataluña/Catalunya;Port de la Selva, El;42.33928941;3.204386801;2;1055
17141;Puigcerdà;puigcerda;Girona;girona;Cataluña/Catalunya;Puigcerdà;42.43105716;1.927255513;1201;10053
17142;Quart;quart;Girona;girona;Cataluña/Catalunya;Quart;41.93994823;2.839823913;92;4161
17143;Rabós;rabos;Girona;girona;Cataluña/Catalunya;Rabós;42.37904852;3.028176593;108;236
17144;Regencós;regencos;Girona;girona;Cataluña/Catalunya;Regencós;41.95289834;3.17121635;78;274
17145;Ribes de Freser;ribes de freser;Girona;girona;Cataluña/Catalunya;Ribes de Freser;42.30629723;2.167592936;908;1839
17146;Riells i Viabrea;riells i viabrea;Girona;girona;Cataluña/Catalunya;Riells i Viabrea;41.7249571;2.558193458;90;4627
17147;Ripoll;ripoll;Girona;girona;Cataluña/Catalunya;Ripoll;42.20105403;2.190778314;688;10812
17148;Riudarenes;riudarenes;Girona;girona;Cataluña/Catalunya;Riudarenes;41.82246279;2.717171427;85;2524
17149;Riudaura;riudaura;Girona;girona;Cataluña/Catalunya;Riudaura;42.18866344;2.406881964;578;526
17150;Riudellots de la Selva;riudellots de la selva;Girona;girona;Cataluña/Catalunya;Riudellots de la Selva;41.89361455;2.801527212;101;2121
17151;Riumors;riumors;Girona;girona;Cataluña/Catalunya;Riumors;42.2268848;3.043183321;5;258
17152;Roses;roses;Girona;girona;Cataluña/Catalunya;Roses;42.26328102;3.175051778;1;20175
17153;Rupià;rupia;Girona;girona;Cataluña/Catalunya;Rupià;42.02046945;3.010800001;61;323
17154;Sales de Llierca;sales de llierca;Girona;girona;Cataluña/Catalunya;Sales de Llierca;42.2360754;2.65009861;261;164
17155;Salt;salt;Girona;girona;Cataluña/Catalunya;Salt;41.97481493;2.792694081;81;34603
17157;Sant Andreu Salou;sant andreu salou;Girona;girona;Cataluña/Catalunya;Sant Andreu Salou;41.87352393;2.825698748;128;163
17158;Sant Climent Sescebes;sant climent sescebes;Girona;girona;Cataluña/Catalunya;Sant Climent Sescebes;42.36932547;2.980593547;83;691
17159;Sant Feliu de Buixalleu;sant feliu de buixalleu;Girona;girona;Cataluña/Catalunya;Sant Feliu de Buixalleu;41.79126137;2.58617731;403;883
17160;Sant Feliu de Guíxols;sant feliu de guixols;Girona;girona;Cataluña/Catalunya;Sant Feliu de Guíxols;41.78023597;3.029032267;4;23060
17161;Sant Feliu de Pallerols;sant feliu de pallerols;Girona;girona;Cataluña/Catalunya;Sant Feliu de Pallerols;42.07531171;2.506689644;474;1658
17162;Sant Ferriol;sant ferriol;Girona;girona;Cataluña/Catalunya;Sant Ferriol;42.19781187;2.66894817;361;248
17163;Sant Gregori;sant gregori;Girona;girona;Cataluña/Catalunya;Sant Gregori;41.99046227;2.760181494;104;4187
17164;Sant Hilari Sacalm;sant hilari sacalm;Girona;girona;Cataluña/Catalunya;Sant Hilari Sacalm;41.87837379;2.507992289;794;6071
17165;Sant Jaume de Llierca;sant jaume de llierca;Girona;girona;Cataluña/Catalunya;Sant Jaume de Llierca;42.21257456;2.606985664;210;861
17166;Sant Jordi Desvalls;sant jordi desvalls;Girona;girona;Cataluña/Catalunya;Sant Jordi Desvalls;42.07152225;2.95349196;53;881
17167;Sant Joan de les Abadesses;sant joan de les abadesses;Girona;girona;Cataluña/Catalunya;Sant Joan de les Abadesses;42.23266755;2.285017368;771;3393
17168;Sant Joan de Mollet;sant joan de mollet;Girona;girona;Cataluña/Catalunya;Sant Joan de Mollet;42.0466125;2.942152813;45;536
17169;Sant Julià de Ramis;sant julia de ramis;Girona;girona;Cataluña/Catalunya;Sant Julià de Ramis;42.03464584;2.839405938;72;3702
17170;Vallfogona de Ripollès;vallfogona de ripolles;Girona;girona;Cataluña/Catalunya;Vallfogona de Ripollès;42.19732296;2.304264705;940;223
17171;Sant Llorenç de la Muga;sant llorenc de la muga;Girona;girona;Cataluña/Catalunya;Sant Llorenç de la Muga;42.32035271;2.790276075;170;247
17172;Sant Martí de Llémena;sant marti de llemena;Girona;girona;Cataluña/Catalunya;Sant Martí de Llémena;42.03650389;2.647484144;246;727
17173;Sant Martí Vell;sant marti vell;Girona;girona;Cataluña/Catalunya;Sant Martí Vell;42.01962834;2.930525903;83;270
17174;Sant Miquel de Campmajor;sant miquel de campmajor;Girona;girona;Cataluña/Catalunya;Sant Miquel de Campmajor;42.13599323;2.67919209;223;257
17175;Sant Miquel de Fluvià;sant miquel de fluvia;Girona;girona;Cataluña/Catalunya;Sant Miquel de Fluvià;42.17153304;2.991542461;23;858
17176;Sant Mori;sant mori;Girona;girona;Cataluña/Catalunya;Sant Mori;42.15289233;2.991567787;53;167
17177;Sant Pau de Segúries;sant pau de seguries;Girona;girona;Cataluña/Catalunya;Sant Pau de Segúries;42.2614534;2.364860603;858;719
17178;Sant Pere Pescador;sant pere pescador;Girona;girona;Cataluña/Catalunya;Sant Pere Pescador;42.18803953;3.081938924;5;2285
17180;Santa Coloma de Farners;santa coloma de farners;Girona;girona;Cataluña/Catalunya;Santa Coloma de Farners;41.86134018;2.662979505;136;14218
17181;Santa Cristina d'Aro;santa cristina d'aro;Girona;girona;Cataluña/Catalunya;Santa Cristina d'Aro;41.81204796;2.996872802;29;5972
17182;Santa Llogaia d'Àlguema;santa llogaia d'alguema;Girona;girona;Cataluña/Catalunya;Santa Llogaia d'Àlguema;42.23399061;2.953139109;42;400
17183;Sant Aniol de Finestres;sant aniol de finestres;Girona;girona;Cataluña/Catalunya;Sant Aniol de Finestres;42.09012574;2.58690775;409;381
17184;Santa Pau;santa pau;Girona;girona;Cataluña/Catalunya;Santa Pau;42.14498967;2.569961591;491;1578
17185;Sant Joan les Fonts;sant joan les fonts;Girona;girona;Cataluña/Catalunya;Sant Joan les Fonts;42.21270308;2.511099445;337;3159
17186;Sarrià de Ter;sarria de ter;Girona;girona;Cataluña/Catalunya;Sarrià de Ter;42.01705518;2.824893224;65;5404
17187;Saus, Camallera i Llampaies;saus, camallera i llampaies;Girona;girona;Cataluña/Catalunya;Saus, Camallera i Llampaies;42.12317238;2.963882562;83;908
17188;Selva de Mar, La;selva de mar, la;Girona;girona;Cataluña/Catalunya;Selva de Mar, La;42.3245315;3.187119145;46;223
17189;Cellera de Ter, La;cellera de ter, la;Girona;girona;Cataluña/Catalunya;Cellera de Ter, La;41.96732502;2.621883942;157;2033
17190;Serinyà;serinya;Girona;girona;Cataluña/Catalunya;Serinyà;42.16968733;2.745565078;182;1227
17191;Serra de Daró;serra de daro;Girona;girona;Cataluña/Catalunya;Serra de Daró;42.02795417;3.072860577;13;241
17192;Setcases;setcases;Girona;girona;Cataluña/Catalunya;Setcases;42.37480581;2.301439908;1265;196
17193;Sils;sils;Girona;girona;Cataluña/Catalunya;Sils;41.80951231;2.74356825;75;6924
17194;Susqueda;susqueda;Girona;girona;Cataluña/Catalunya;Susqueda;42.01439887;2.547187277;816;103
17195;Tallada d'Empordà, La;tallada d'emporda, la;Girona;girona;Cataluña/Catalunya;Tallada d'Empordà, La;42.0791589;3.056078669;15;485
17196;Terrades;terrades;Girona;girona;Cataluña/Catalunya;Terrades;42.31023704;2.838969754;228;337
17197;Torrent;torrent;Girona;girona;Cataluña/Catalunya;Torrent;41.95184285;3.128197269;38;181
17198;Torroella de Fluvià;torroella de fluvia;Girona;girona;Cataluña/Catalunya;Torroella de Fluvià;42.17490629;3.041241879;9;774
17199;Torroella de Montgrí;torroella de montgri;Girona;girona;Cataluña/Catalunya;Torroella de Montgrí;42.0410754;3.126354094;19;12507
17200;Tortellà;tortella;Girona;girona;Cataluña/Catalunya;Tortellà;42.23282863;2.629616074;275;848
17201;Toses;toses;Girona;girona;Cataluña/Catalunya;Toses;42.32161039;2.017730018;1438;198
17202;Tossa de Mar;tossa de mar;Girona;girona;Cataluña/Catalunya;Tossa de Mar;41.71774564;2.930925925;6;6293
17203;Ultramort;ultramort;Girona;girona;Cataluña/Catalunya;Ultramort;42.03699776;3.034783097;26;218
17204;Ullà;ulla;Girona;girona;Cataluña/Catalunya;Ullà;42.05056071;3.107615017;12;1256
17205;Ullastret;ullastret;Girona;girona;Cataluña/Catalunya;Ullastret;41.99998888;3.068356734;50;252
17206;Urús;urus;Girona;girona;Cataluña/Catalunya;Urús;42.35048666;1.851988588;1268;201
17207;Vall d'en Bas, La;vall d'en bas, la;Girona;girona;Cataluña/Catalunya;Vall d'en Bas, La;42.11763352;2.459448845;506;3265
17208;Vall de Bianya, La;vall de bianya, la;Girona;girona;Cataluña/Catalunya;Vall de Bianya, La;42.21095707;2.455821997;359;1342
17209;Vall-llobrega;vall llobrega;Girona;girona;Cataluña/Catalunya;Vall-llobrega;41.88064003;3.12622831;44;902
17210;Ventalló;ventallo;Girona;girona;Cataluña/Catalunya;Ventalló;42.14898152;3.026844805;30;922
17211;Verges;verges;Girona;girona;Cataluña/Catalunya;Verges;42.06049426;3.046679175;18;1160
17212;Vidrà;vidra;Girona;girona;Cataluña/Catalunya;Vidrà;42.12232047;2.310326597;976;167
17213;Vidreres;vidreres;Girona;girona;Cataluña/Catalunya;Vidreres;41.78967656;2.780321049;91;8852
17214;Vilabertran;vilabertran;Girona;girona;Cataluña/Catalunya;Vilabertran;42.28355582;2.97970281;20;962
17215;Vilablareix;vilablareix;Girona;girona;Cataluña/Catalunya;Vilablareix;41.95243336;2.793706285;100;4079
17216;Viladasens;viladasens;Girona;girona;Cataluña/Catalunya;Viladasens;42.09578552;2.930253594;89;205
17217;Viladamat;viladamat;Girona;girona;Cataluña/Catalunya;Viladamat;42.13277079;3.073773951;8;499
17218;Vilademuls;vilademuls;Girona;girona;Cataluña/Catalunya;Vilademuls;42.1387566;2.888101517;126;898
17220;Viladrau;viladrau;Girona;girona;Cataluña/Catalunya;Viladrau;41.84839397;2.39061982;823;1182
17221;Vilafant;vilafant;Girona;girona;Cataluña/Catalunya;Vilafant;42.2500496;2.941045013;49;5664
17222;Vilaür;vilaur;Girona;girona;Cataluña/Catalunya;Vilaür;42.14346242;2.954974294;67;163
17223;Vilajuïga;vilajuiga;Girona;girona;Cataluña/Catalunya;Vilajuïga;42.32752868;3.094154826;32;1180
17224;Vilallonga de Ter;vilallonga de ter;Girona;girona;Cataluña/Catalunya;Vilallonga de Ter;42.33172905;2.312447303;1072;396
17225;Vilamacolum;vilamacolum;Girona;girona;Cataluña/Catalunya;Vilamacolum;42.1963137;3.05703806;5;401
17226;Vilamalla;vilamalla;Girona;girona;Cataluña/Catalunya;Vilamalla;42.21710549;2.971444782;42;1202
17227;Vilamaniscle;vilamaniscle;Girona;girona;Cataluña/Catalunya;Vilamaniscle;42.37495225;3.067329236;154;185
17228;Vilanant;vilanant;Girona;girona;Cataluña/Catalunya;Vilanant;42.25445626;2.890271898;104;405
17230;Vila-sacra;vila sacra;Girona;girona;Cataluña/Catalunya;Vila-sacra;42.26604109;3.018002923;15;879
17232;Vilopriu;vilopriu;Girona;girona;Cataluña/Catalunya;Vilopriu;42.10440261;2.992024561;76;220
17233;Vilobí d'Onyar;vilobi d'onyar;Girona;girona;Cataluña/Catalunya;Vilobí d'Onyar;41.88832992;2.742900818;117;3298
17234;Biure;biure;Girona;girona;Cataluña/Catalunya;Biure;42.3377124;2.895606614;85;227
17901;Cruïlles, Monells i Sant Sadurní de l'Heura;cruilles, monells i sant sadurni de l'heura;Girona;girona;Cataluña/Catalunya;Cruïlles, Monells i Sant Sadurní de l'Heura;41.95614043;2.990548999;110;1347
17902;Forallac;forallac;Girona;girona;Cataluña/Catalunya;Forallac;41.95922325;3.055406883;50;1786
17903;Sant Julià del Llor i Bonmatí;sant julia del llor i bonmati;Girona;girona;Cataluña/Catalunya;Sant Julià del Llor i Bonmatí;41.96801092;2.670326788;130;1462
18001;Agrón;agron;Granada;granada;Andalucía;Agrón;37.03063867;-3.830049161;1057;247
18002;Alamedilla;alamedilla;Granada;granada;Andalucía;Alamedilla;37.5815612;-3.24449019;867;519
18003;Albolote;albolote;Granada;granada;Andalucía;Albolote;37.23058226;-3.657285568;647;19770
18004;Albondón;albondon;Granada;granada;Andalucía;Albondón;36.82816885;-3.210797234;886;722
18005;Albuñán;albunan;Granada;granada;Andalucía;Albuñán;37.22709331;-3.133429722;1114;418
18006;Albuñol;albunol;Granada;granada;Andalucía;Albuñol;36.7912742;-3.203267374;246;7423
18007;Albuñuelas;albunuelas;Granada;granada;Andalucía;Albuñuelas;36.92857586;-3.623138746;732;791
18010;Aldeire;aldeire;Granada;granada;Andalucía;Aldeire;37.16358722;-3.072018207;1271;598
18011;Alfacar;alfacar;Granada;granada;Andalucía;Alfacar;37.23669974;-3.570685706;916;5840
18012;Algarinejo;algarinejo;Granada;granada;Andalucía;Algarinejo;37.32484097;-4.158799695;600;2341
18013;Alhama de Granada;alhama de granada;Granada;granada;Andalucía;Alhama de Granada;37.00256185;-3.987886802;885;5547
18014;Alhendín;alhendin;Granada;granada;Andalucía;Alhendín;37.10792515;-3.645936343;738;10507
18015;Alicún de Ortega;alicun de ortega;Granada;granada;Andalucía;Alicún de Ortega;37.60804008;-3.137389103;705;462
18016;Almegíjar;almegijar;Granada;granada;Andalucía;Almegíjar;36.90251905;-3.299647108;810;331
18017;Almuñécar;almunecar;Granada;granada;Andalucía;Almuñécar;36.73383574;-3.691156713;16;28011
18018;Alquife;alquife;Granada;granada;Andalucía;Alquife;37.17886674;-3.115093717;1191;543
18020;Arenas del Rey;arenas del rey;Granada;granada;Andalucía;Arenas del Rey;36.95784841;-3.894095259;867;615
18021;Armilla;armilla;Granada;granada;Andalucía;Armilla;37.14282172;-3.627817145;669;25259
18022;Atarfe;atarfe;Granada;granada;Andalucía;Atarfe;37.22270525;-3.68650127;598;20952
18023;Baza;baza;Granada;granada;Andalucía;Baza;37.49061681;-2.774311281;844;20657
18024;Beas de Granada;beas de granada;Granada;granada;Andalucía;Beas de Granada;37.2186733;-3.481163852;1074;1008
18025;Beas de Guadix;beas de guadix;Granada;granada;Andalucía;Beas de Guadix;37.27970652;-3.204973552;940;318
18027;Benalúa;benalua;Granada;granada;Andalucía;Benalúa;37.35012457;-3.169069794;858;3382
18028;Benalúa de las Villas;benalua de las villas;Granada;granada;Andalucía;Benalúa de las Villas;37.43168175;-3.682621611;831;1036
18029;Benamaurel;benamaurel;Granada;granada;Andalucía;Benamaurel;37.60891437;-2.698784399;723;2225
18030;Bérchules;berchules;Granada;granada;Andalucía;Bérchules;36.97420183;-3.190254766;1306;693
18032;Bubión;bubion;Granada;granada;Andalucía;Bubión;36.94884587;-3.35677315;1302;308
18033;Busquístar;busquistar;Granada;granada;Andalucía;Busquístar;36.93785051;-3.294479781;1159;320
18034;Cacín;cacin;Granada;granada;Andalucía;Cacín;37.05988585;-3.917035377;701;549
18035;Cádiar;cadiar;Granada;granada;Andalucía;Cádiar;36.94643627;-3.180408249;926;1521
18036;Cájar;cajar;Granada;granada;Andalucía;Cájar;37.13418958;-3.570968901;727;5510
18037;Calicasas;calicasas;Granada;granada;Andalucía;Calicasas;37.27324113;-3.618525337;765;689
18038;Campotéjar;campotejar;Granada;granada;Andalucía;Campotéjar;37.481463;-3.61658808;924;1227
18039;Caniles;caniles;Granada;granada;Andalucía;Caniles;37.43611357;-2.722283888;913;3919
18040;Cáñar;canar;Granada;granada;Andalucía;Cáñar;36.92612508;-3.427682766;1028;423
18042;Capileira;capileira;Granada;granada;Andalucía;Capileira;36.96145234;-3.358508544;1445;589
18043;Carataunas;carataunas;Granada;granada;Andalucía;Carataunas;36.92287615;-3.408253132;762;212
18044;Cástaras;castaras;Granada;granada;Andalucía;Cástaras;36.93140224;-3.253695137;1008;186
18045;Castilléjar;castillejar;Granada;granada;Andalucía;Castilléjar;37.71464276;-2.642986545;772;1291
18046;Castril;castril;Granada;granada;Andalucía;Castril;37.79571995;-2.779156779;903;1935
18047;Cenes de la Vega;cenes de la vega;Granada;granada;Andalucía;Cenes de la Vega;37.15953035;-3.538561094;738;8289
18048;Cijuela;cijuela;Granada;granada;Andalucía;Cijuela;37.19993201;-3.810620985;540;3838
18049;Cogollos de Guadix;cogollos de guadix;Granada;granada;Andalucía;Cogollos de Guadix;37.22415925;-3.160924112;1138;615
18050;Cogollos de la Vega;cogollos de la vega;Granada;granada;Andalucía;Cogollos de la Vega;37.2754681;-3.573453035;987;2126
18051;Colomera;colomera;Granada;granada;Andalucía;Colomera;37.36901228;-3.712632107;842;1288
18053;Cortes de Baza;cortes de baza;Granada;granada;Andalucía;Cortes de Baza;37.65408144;-2.769720605;704;1768
18054;Cortes y Graena;cortes y graena;Granada;granada;Andalucía;Cortes y Graena;37.30371498;-3.2188607;972;951
18056;Cúllar;cullar;Granada;granada;Andalucía;Cúllar;37.58370534;-2.576427099;893;3967
18057;Cúllar Vega;cullar vega;Granada;granada;Andalucía;Cúllar Vega;37.15326572;-3.670518802;641;7964
18059;Chauchina;chauchina;Granada;granada;Andalucía;Chauchina;37.20132742;-3.772423335;551;5827
18061;Chimeneas;chimeneas;Granada;granada;Andalucía;Chimeneas;37.13113614;-3.823289694;702;1264
18062;Churriana de la Vega;churriana de la vega;Granada;granada;Andalucía;Churriana de la Vega;37.14768759;-3.64602593;657;16911
18063;Darro;darro;Granada;granada;Andalucía;Darro;37.34918984;-3.292527482;1119;1701
18064;Dehesas de Guadix;dehesas de guadix;Granada;granada;Andalucía;Dehesas de Guadix;37.58996707;-3.10260327;674;382
18065;Dehesas Viejas;dehesas viejas;Granada;granada;Andalucía;Dehesas Viejas;37.47261088;-3.551867929;1015;635
18066;Deifontes;deifontes;Granada;granada;Andalucía;Deifontes;37.3265419;-3.594343995;735;2600
18067;Diezma;diezma;Granada;granada;Andalucía;Diezma;37.31957949;-3.33249487;1218;837
18068;Dílar;dilar;Granada;granada;Andalucía;Dílar;37.07527987;-3.602085884;874;2382
18069;Dólar;dolar;Granada;granada;Andalucía;Dólar;37.17840303;-2.991499767;1210;599
18070;Dúdar;dudar;Granada;granada;Andalucía;Dúdar;37.1859654;-3.483622697;808;382
18071;Dúrcal;durcal;Granada;granada;Andalucía;Dúrcal;36.98792154;-3.566012889;785;7250
18072;Escúzar;escuzar;Granada;granada;Andalucía;Escúzar;37.06179526;-3.76130988;877;828
18074;Ferreira;ferreira;Granada;granada;Andalucía;Ferreira;37.17239422;-3.035933844;1273;298
18076;Fonelas;fonelas;Granada;granada;Andalucía;Fonelas;37.4135399;-3.173350797;789;963
18077;Fornes;fornes;Granada;granada;Andalucía;Fornes;36.95444333;-3.85549252;851;529
18078;Freila;freila;Granada;granada;Andalucía;Freila;37.52900485;-2.906898978;827;969
18079;Fuente Vaqueros;fuente vaqueros;Granada;granada;Andalucía;Fuente Vaqueros;37.21951067;-3.782989646;545;4744
18082;Galera;galera;Granada;granada;Andalucía;Galera;37.74282232;-2.551187104;834;1133
18083;Gobernador;gobernador;Granada;granada;Andalucía;Gobernador;37.47743928;-3.319995342;1039;231
18084;Gójar;gojar;Granada;granada;Andalucía;Gójar;37.10443754;-3.606069477;792;6356
18085;Gor;gor;Granada;granada;Andalucía;Gor;37.36960313;-2.969456072;1237;777
18086;Gorafe;gorafe;Granada;granada;Andalucía;Gorafe;37.47950845;-3.042920543;848;366
18087;Granada;granada;Granada;granada;Andalucía;Granada;37.17428891;-3.598691013;682;235294
18088;Guadahortuna;guadahortuna;Granada;granada;Andalucía;Guadahortuna;37.5565763;-3.40081448;966;1838
18089;Guadix;guadix;Granada;granada;Andalucía;Guadix;37.30059972;-3.135343124;919;18877
18093;Gualchos;gualchos;Granada;granada;Andalucía;Gualchos;36.74354622;-3.38938135;336;5219
18094;Güéjar Sierra;guejar sierra;Granada;granada;Andalucía;Güéjar Sierra;37.15993693;-3.438543443;1087;2932
18095;Güevéjar;guevejar;Granada;granada;Andalucía;Güevéjar;37.25679432;-3.597724061;874;2732
18096;Huélago;huelago;Granada;granada;Andalucía;Huélago;37.42075094;-3.262140278;925;354
18097;Huéneja;hueneja;Granada;granada;Andalucía;Huéneja;37.1770582;-2.948394359;1152;1190
18098;Huéscar;huescar;Granada;granada;Andalucía;Huéscar;37.80945284;-2.539590669;952;7244
18099;Huétor de Santillán;huetor de santillan;Granada;granada;Andalucía;Huétor de Santillán;37.21833335;-3.517222196;1024;1971
18100;Huétor Tájar;huetor tajar;Granada;granada;Andalucía;Huétor Tájar;37.1940599;-4.046919896;485;10760
18101;Huétor Vega;huetor vega;Granada;granada;Andalucía;Huétor Vega;37.14564101;-3.56961716;754;12276
18102;Íllora;illora;Granada;granada;Andalucía;Íllora;37.28853114;-3.879673425;775;9925
18103;Ítrabo;itrabo;Granada;granada;Andalucía;Ítrabo;36.79962817;-3.638681901;386;1036
18105;Iznalloz;iznalloz;Granada;granada;Andalucía;Iznalloz;37.392972;-3.527713;814;5206
18106;Játar;jatar;Granada;granada;Andalucía;Játar;36.93416396;-3.909398255;974;632
18107;Jayena;jayena;Granada;granada;Andalucía;Jayena;36.94890457;-3.822815397;912;995
18108;Jérez del Marquesado;jerez del marquesado;Granada;granada;Andalucía;Jérez del Marquesado;37.18393621;-3.159869543;1235;955
18109;Jete;jete;Granada;granada;Andalucía;Jete;36.79734016;-3.667929391;137;999
18111;Jun;jun;Granada;granada;Andalucía;Jun;37.22201353;-3.594374705;772;4142
18112;Juviles;juviles;Granada;granada;Andalucía;Juviles;36.94809514;-3.225547165;1254;150
18114;Calahorra, La;calahorra, la;Granada;granada;Andalucía;Calahorra, La;37.18138299;-3.064232904;1194;685
18115;Láchar;lachar;Granada;granada;Andalucía;Láchar;37.19509618;-3.833973117;562;3892
18116;Lanjarón;lanjaron;Granada;granada;Andalucía;Lanjarón;36.9180531;-3.480492821;660;3713
18117;Lanteira;lanteira;Granada;granada;Andalucía;Lanteira;37.1688658;-3.138438099;1340;533
18119;Lecrín;lecrin;Granada;granada;Andalucía;Lecrín;36.94803319;-3.55061954;703;2259
18120;Lentegí;lentegi;Granada;granada;Andalucía;Lentegí;36.83438894;-3.674568797;634;373
18121;Lobras;lobras;Granada;granada;Andalucía;Lobras;36.92947048;-3.212915161;937;140
18122;Loja;loja;Granada;granada;Andalucía;Loja;37.166389;-4.149957;486;20923
18123;Lugros;lugros;Granada;granada;Andalucía;Lugros;37.22935889;-3.241332799;1253;308
18124;Lújar;lujar;Granada;granada;Andalucía;Lújar;36.78665161;-3.404540619;518;497
18126;Malahá, La;malaha, la;Granada;granada;Andalucía;Malahá, La;37.10147367;-3.723095338;709;1929
18127;Maracena;maracena;Granada;granada;Andalucía;Maracena;37.20752705;-3.632950197;662;22372
18128;Marchal;marchal;Granada;granada;Andalucía;Marchal;37.2963219;-3.202362121;925;441
18132;Moclín;moclin;Granada;granada;Andalucía;Moclín;37.34008729;-3.785773269;1008;3509
18133;Molvízar;molvizar;Granada;granada;Andalucía;Molvízar;36.78689549;-3.607493853;240;2742
18134;Monachil;monachil;Granada;granada;Andalucía;Monachil;37.1322797;-3.539745992;798;8676
18135;Montefrío;montefrio;Granada;granada;Andalucía;Montefrío;37.3208497;-4.011258484;837;5273
18136;Montejícar;montejicar;Granada;granada;Andalucía;Montejícar;37.57186392;-3.504449695;1139;1989
18137;Montillana;montillana;Granada;granada;Andalucía;Montillana;37.49991497;-3.672211593;1013;1055
18138;Moraleda de Zafayona;moraleda de zafayona;Granada;granada;Andalucía;Moraleda de Zafayona;37.16984217;-3.965014058;625;3220
18140;Motril;motril;Granada;granada;Andalucía;Motril;36.74535308;-3.520455593;38;60160
18141;Murtas;murtas;Granada;granada;Andalucía;Murtas;36.88731788;-3.108271143;1113;434
18143;Nigüelas;niguelas;Granada;granada;Andalucía;Nigüelas;36.97634968;-3.54049609;935;1228
18144;Nívar;nivar;Granada;granada;Andalucía;Nívar;37.25790951;-3.577968475;1049;1095
18145;Ogíjares;ogijares;Granada;granada;Andalucía;Ogíjares;37.12005587;-3.606914498;720;15242
18146;Orce;orce;Granada;granada;Andalucía;Orce;37.7213103;-2.47927728;928;1113
18147;Órgiva;orgiva;Granada;granada;Andalucía;Órgiva;36.90216652;-3.423962097;460;5763
18148;Otívar;otivar;Granada;granada;Andalucía;Otívar;36.81315909;-3.679231847;275;1023
18149;Villa de Otura;villa de otura;Granada;granada;Andalucía;Villa de Otura;37.09434358;-3.634783262;784;7691
18150;Padul;padul;Granada;granada;Andalucía;Padul;37.02229481;-3.627300644;744;9676
18151;Pampaneira;pampaneira;Granada;granada;Andalucía;Pampaneira;36.9400447;-3.361414804;1055;312
18152;Pedro Martínez;pedro martinez;Granada;granada;Andalucía;Pedro Martínez;37.50161842;-3.23053483;1034;1160
18153;Peligros;peligros;Granada;granada;Andalucía;Peligros;37.23082165;-3.628633634;686;11705
18154;Peza, La;peza, la;Granada;granada;Andalucía;Peza, La;37.27565791;-3.284831495;990;1107
18157;Pinos Genil;pinos genil;Granada;granada;Andalucía;Pinos Genil;37.16373079;-3.502120226;772;1639
18158;Pinos Puente;pinos puente;Granada;granada;Andalucía;Pinos Puente;37.25165273;-3.749397345;577;9812
18159;Píñar;pinar;Granada;granada;Andalucía;Píñar;37.44279504;-3.440583377;913;1055
18161;Polícar;policar;Granada;granada;Andalucía;Polícar;37.25744704;-3.233121104;1152;253
18162;Polopos;polopos;Granada;granada;Andalucía;Polopos;36.79588888;-3.29721867;798;1719
18163;Pórtugos;portugos;Granada;granada;Andalucía;Pórtugos;36.94244346;-3.310316852;1310;378
18164;Puebla de Don Fadrique;puebla de don fadrique;Granada;granada;Andalucía;Puebla de Don Fadrique;37.95797427;-2.434827394;1157;2198
18165;Pulianas;pulianas;Granada;granada;Andalucía;Pulianas;37.22264505;-3.607967214;735;5672
18167;Purullena;purullena;Granada;granada;Andalucía;Purullena;37.31479514;-3.189388988;901;2396
18168;Quéntar;quentar;Granada;granada;Andalucía;Quéntar;37.19202852;-3.466499682;851;952
18170;Rubite;rubite;Granada;granada;Andalucía;Rubite;36.809104;-3.347942539;781;434
18171;Salar;salar;Granada;granada;Andalucía;Salar;37.15230761;-4.066941517;540;2580
18173;Salobreña;salobrena;Granada;granada;Andalucía;Salobreña;36.74672265;-3.587235177;18;12711
18174;Santa Cruz del Comercio;santa cruz del comercio;Granada;granada;Andalucía;Santa Cruz del Comercio;37.06053379;-3.976304564;740;522
18175;Santa Fe;santa fe;Granada;granada;Andalucía;Santa Fe;37.1895669;-3.718145022;579;15526
18176;Soportújar;soportujar;Granada;granada;Andalucía;Soportújar;36.92846282;-3.405053534;942;259
18177;Sorvilán;sorvilan;Granada;granada;Andalucía;Sorvilán;36.79466342;-3.265332979;794;509
18178;Torre-Cardela;torre cardela;Granada;granada;Andalucía;Torre-Cardela;37.50475199;-3.355840535;1217;703
18179;Torvizcón;torvizcon;Granada;granada;Andalucía;Torvizcón;36.87857177;-3.298661563;662;607
18180;Trevélez;trevelez;Granada;granada;Andalucía;Trevélez;37.00241942;-3.266639397;1543;696
18181;Turón;turon;Granada;granada;Andalucía;Turón;36.86359278;-3.057723457;694;204
18182;Ugíjar;ugijar;Granada;granada;Andalucía;Ugíjar;36.96108192;-3.054550062;547;2575
18183;Válor;valor;Granada;granada;Andalucía;Válor;36.99631868;-3.080805918;907;668
18184;Vélez de Benaudalla;velez de benaudalla;Granada;granada;Andalucía;Vélez de Benaudalla;36.83218852;-3.515882838;169;3101
18185;Ventas de Huelma;ventas de huelma;Granada;granada;Andalucía;Ventas de Huelma;37.06681074;-3.82112385;864;668
18187;Villanueva de las Torres;villanueva de las torres;Granada;granada;Andalucía;Villanueva de las Torres;37.55665242;-3.089626038;639;496
18188;Villanueva Mesía;villanueva mesia;Granada;granada;Andalucía;Villanueva Mesía;37.21481606;-4.012705395;501;1965
18189;Víznar;viznar;Granada;granada;Andalucía;Víznar;37.23124745;-3.553818656;1075;1005
18192;Zafarraya;zafarraya;Granada;granada;Andalucía;Zafarraya;36.97369203;-4.141681113;893;2297
18193;Zubia, La;zubia, la;Granada;granada;Andalucía;Zubia, La;37.12061942;-3.584984689;741;20398
18194;Zújar;zujar;Granada;granada;Andalucía;Zújar;37.54136176;-2.841763132;779;2676
18901;Taha, La;taha, la;Granada;granada;Andalucía;Taha, La;36.93607523;-3.325537434;1243;808
18902;Valle, El;valle, el;Granada;granada;Andalucía;Valle, El;36.92906603;-3.582855748;538;953
18903;Nevada;nevada;Granada;granada;Andalucía;Nevada;37.00834695;-3.014605274;1014;1088
18904;Alpujarra de la Sierra;alpujarra de la sierra;Granada;granada;Andalucía;Alpujarra de la Sierra;36.98090162;-3.155533345;1190;966
18905;Gabias, Las;gabias, las;Granada;granada;Andalucía;Gabias, Las;37.13646916;-3.669262976;682;23763
18906;Guájares, Los;guajares, los;Granada;granada;Andalucía;Guájares, Los;36.84156767;-3.584206763;316;1094
18907;Valle del Zalabí;valle del zalabi;Granada;granada;Andalucía;Valle del Zalabí;37.2625531;-3.100093908;1003;2131
18908;Villamena;villamena;Granada;granada;Andalucía;Villamena;36.991062;-3.589179855;764;1030
18909;Morelábor;morelabor;Granada;granada;Andalucía;Morelábor;37.43988697;-3.332215796;1091;589
18910;Pinar, El;pinar, el;Granada;granada;Andalucía;Pinar, El;36.89472225;-3.52657962;366;872
18911;Vegas del Genil;vegas del genil;Granada;granada;Andalucía;Vegas del Genil;37.17165065;-3.667451845;617;12433
18912;Cuevas del Campo;cuevas del campo;Granada;granada;Andalucía;Cuevas del Campo;37.60857341;-2.930708895;829;1841
18913;Zagra;zagra;Granada;granada;Andalucía;Zagra;37.25359674;-4.168061385;680;843
18914;Valderrubio;valderrubio;Granada;granada;Andalucía;Valderrubio;37.23444418;-3.823801077;550;2069
18915;Domingo Pérez de Granada;domingo perez de granada;Granada;granada;Andalucía;Domingo Pérez de Granada;37.49729442;-3.508428065;973;833
18916;Torrenueva Costa;torrenueva costa;Granada;granada;Andalucía;Torrenueva Costa;36.70193595;-3.485891561;3;3181
19001;Abánades;abanades;Guadalajara;guadalajara;Castilla-La Mancha;Abánades;40.89266225;-2.485372667;1031;63
19002;Ablanque;ablanque;Guadalajara;guadalajara;Castilla-La Mancha;Ablanque;40.89807571;-2.229019171;1057;69
19003;Adobes;adobes;Guadalajara;guadalajara;Castilla-La Mancha;Adobes;40.67623877;-1.678702751;1389;28
19004;Alaminos;alaminos;Guadalajara;guadalajara;Castilla-La Mancha;Alaminos;40.86342304;-2.726299169;1064;54
19005;Alarilla;alarilla;Guadalajara;guadalajara;Castilla-La Mancha;Alarilla;40.84969713;-3.105602148;826;147
19006;Albalate de Zorita;albalate de zorita;Guadalajara;guadalajara;Castilla-La Mancha;Albalate de Zorita;40.3083988;-2.844105779;763;1152
19007;Albares;albares;Guadalajara;guadalajara;Castilla-La Mancha;Albares;40.30748926;-3.012445462;744;616
19008;Albendiego;albendiego;Guadalajara;guadalajara;Castilla-La Mancha;Albendiego;41.22686302;-3.05185696;1187;50
19009;Alcocer;alcocer;Guadalajara;guadalajara;Castilla-La Mancha;Alcocer;40.47015441;-2.609799051;787;325
19010;Alcolea de las Peñas;alcolea de las penas;Guadalajara;guadalajara;Castilla-La Mancha;Alcolea de las Peñas;41.20968891;-2.785053419;1002;7
19011;Alcolea del Pinar;alcolea del pinar;Guadalajara;guadalajara;Castilla-La Mancha;Alcolea del Pinar;41.03598631;-2.466885417;1202;354
19013;Alcoroches;alcoroches;Guadalajara;guadalajara;Castilla-La Mancha;Alcoroches;40.62632693;-1.746688837;1409;117
19015;Aldeanueva de Guadalajara;aldeanueva de guadalajara;Guadalajara;guadalajara;Castilla-La Mancha;Aldeanueva de Guadalajara;40.68207311;-3.04726945;946;108
19016;Algar de Mesa;algar de mesa;Guadalajara;guadalajara;Castilla-La Mancha;Algar de Mesa;41.13424521;-1.95878981;907;44
19017;Algora;algora;Guadalajara;guadalajara;Castilla-La Mancha;Algora;40.96410775;-2.666660197;1114;91
19018;Alhóndiga;alhondiga;Guadalajara;guadalajara;Castilla-La Mancha;Alhóndiga;40.52517558;-2.824863586;800;185
19019;Alique;alique;Guadalajara;guadalajara;Castilla-La Mancha;Alique;40.58633213;-2.643974537;919;15
19020;Almadrones;almadrones;Guadalajara;guadalajara;Castilla-La Mancha;Almadrones;40.90176529;-2.7744453;1051;73
19021;Almoguera;almoguera;Guadalajara;guadalajara;Castilla-La Mancha;Almoguera;40.29766344;-2.981870079;658;1389
19022;Almonacid de Zorita;almonacid de zorita;Guadalajara;guadalajara;Castilla-La Mancha;Almonacid de Zorita;40.32899999;-2.851938526;689;679
19023;Alocén;alocen;Guadalajara;guadalajara;Castilla-La Mancha;Alocén;40.57444315;-2.750421545;948;152
19024;Alovera;alovera;Guadalajara;guadalajara;Castilla-La Mancha;Alovera;40.59503625;-3.24820135;642;14533
19027;Alustante;alustante;Guadalajara;guadalajara;Castilla-La Mancha;Alustante;40.61608321;-1.658531844;1397;157
19031;Angón;angon;Guadalajara;guadalajara;Castilla-La Mancha;Angón;41.06675533;-2.853994902;971;8
19032;Anguita;anguita;Guadalajara;guadalajara;Castilla-La Mancha;Anguita;41.0256305;-2.36926989;1105;151
19033;Anquela del Ducado;anquela del ducado;Guadalajara;guadalajara;Castilla-La Mancha;Anquela del Ducado;40.96971296;-2.129317768;1172;47
19034;Anquela del Pedregal;anquela del pedregal;Guadalajara;guadalajara;Castilla-La Mancha;Anquela del Pedregal;40.74346079;-1.736845541;1281;27
19036;Aranzueque;aranzueque;Guadalajara;guadalajara;Castilla-La Mancha;Aranzueque;40.49253487;-3.076985731;682;415
19037;Arbancón;arbancon;Guadalajara;guadalajara;Castilla-La Mancha;Arbancón;40.96409826;-3.11554358;901;156
19038;Arbeteta;arbeteta;Guadalajara;guadalajara;Castilla-La Mancha;Arbeteta;40.66959521;-2.403202284;994;16
19039;Argecilla;argecilla;Guadalajara;guadalajara;Castilla-La Mancha;Argecilla;40.88302983;-2.818119409;945;76
19040;Armallones;armallones;Guadalajara;guadalajara;Castilla-La Mancha;Armallones;40.73677956;-2.303489532;1187;52
19041;Armuña de Tajuña;armuna de tajuna;Guadalajara;guadalajara;Castilla-La Mancha;Armuña de Tajuña;40.53109088;-3.031345653;716;284
19042;Arroyo de las Fraguas;arroyo de las fraguas;Guadalajara;guadalajara;Castilla-La Mancha;Arroyo de las Fraguas;41.10304091;-3.131400953;1221;32
19043;Atanzón;atanzon;Guadalajara;guadalajara;Castilla-La Mancha;Atanzón;40.66622606;-2.99786425;944;83
19044;Atienza;atienza;Guadalajara;guadalajara;Castilla-La Mancha;Atienza;41.19997462;-2.87101298;1159;424
19045;Auñón;aunon;Guadalajara;guadalajara;Castilla-La Mancha;Auñón;40.5167837;-2.791050326;760;156
19046;Azuqueca de Henares;azuqueca de henares;Guadalajara;guadalajara;Castilla-La Mancha;Azuqueca de Henares;40.56538211;-3.268325592;632;35733
19047;Baides;baides;Guadalajara;guadalajara;Castilla-La Mancha;Baides;41.00681876;-2.775768768;845;45
19048;Baños de Tajo;banos de tajo;Guadalajara;guadalajara;Castilla-La Mancha;Baños de Tajo;40.71840934;-1.971250112;1250;13
19049;Bañuelos;banuelos;Guadalajara;guadalajara;Castilla-La Mancha;Bañuelos;41.28602473;-2.914636324;1153;11
19050;Barriopedro;barriopedro;Guadalajara;guadalajara;Castilla-La Mancha;Barriopedro;40.78946932;-2.752831976;887;26
19051;Berninches;berninches;Guadalajara;guadalajara;Castilla-La Mancha;Berninches;40.57151986;-2.801180797;928;56
19052;Bodera, La;bodera, la;Guadalajara;guadalajara;Castilla-La Mancha;Bodera, La;41.1350593;-2.887319109;1128;19
19053;Brihuega;brihuega;Guadalajara;guadalajara;Castilla-La Mancha;Brihuega;40.75890439;-2.87016937;876;2884
19054;Budia;budia;Guadalajara;guadalajara;Castilla-La Mancha;Budia;40.62819215;-2.756082387;886;226
19055;Bujalaro;bujalaro;Guadalajara;guadalajara;Castilla-La Mancha;Bujalaro;40.93664864;-2.883551222;841;59
19057;Bustares;bustares;Guadalajara;guadalajara;Castilla-La Mancha;Bustares;41.13591111;-3.072352318;1295;62
19058;Cabanillas del Campo;cabanillas del campo;Guadalajara;guadalajara;Castilla-La Mancha;Cabanillas del Campo;40.6364684;-3.233501576;677;11538
19059;Campillo de Dueñas;campillo de duenas;Guadalajara;guadalajara;Castilla-La Mancha;Campillo de Dueñas;40.88383943;-1.684594355;1110;73
19060;Campillo de Ranas;campillo de ranas;Guadalajara;guadalajara;Castilla-La Mancha;Campillo de Ranas;41.08492231;-3.313894296;1089;151
19061;Campisábalos;campisabalos;Guadalajara;guadalajara;Castilla-La Mancha;Campisábalos;41.2673;-3.145447867;1348;73
19064;Canredondo;canredondo;Guadalajara;guadalajara;Castilla-La Mancha;Canredondo;40.81297029;-2.493301718;1153;83
19065;Cantalojas;cantalojas;Guadalajara;guadalajara;Castilla-La Mancha;Cantalojas;41.23466195;-3.246500057;1313;120
19066;Cañizar;canizar;Guadalajara;guadalajara;Castilla-La Mancha;Cañizar;40.76831871;-3.066282718;797;79
19067;Cardoso de la Sierra, El;cardoso de la sierra, el;Guadalajara;guadalajara;Castilla-La Mancha;Cardoso de la Sierra, El;41.09674425;-3.464661935;1268;49
19070;Casa de Uceda;casa de uceda;Guadalajara;guadalajara;Castilla-La Mancha;Casa de Uceda;40.84309649;-3.371323452;914;129
19071;Casar, El;casar, el;Guadalajara;guadalajara;Castilla-La Mancha;Casar, El;40.70245604;-3.42787067;832;13924
19073;Casas de San Galindo;casas de san galindo;Guadalajara;guadalajara;Castilla-La Mancha;Casas de San Galindo;40.87190895;-2.957939546;1025;24
19074;Caspueñas;caspuenas;Guadalajara;guadalajara;Castilla-La Mancha;Caspueñas;40.69332341;-2.979058768;852;123
19075;Castejón de Henares;castejon de henares;Guadalajara;guadalajara;Castilla-La Mancha;Castejón de Henares;40.9374247;-2.786438692;949;61
19076;Castellar de la Muela;castellar de la muela;Guadalajara;guadalajara;Castilla-La Mancha;Castellar de la Muela;40.8186909;-1.759604482;1207;19
19078;Castilforte;castilforte;Guadalajara;guadalajara;Castilla-La Mancha;Castilforte;40.55714483;-2.43198312;994;56
19079;Castilnuevo;castilnuevo;Guadalajara;guadalajara;Castilla-La Mancha;Castilnuevo;40.81399745;-1.857938793;1080;8
19080;Cendejas de Enmedio;cendejas de enmedio;Guadalajara;guadalajara;Castilla-La Mancha;Cendejas de Enmedio;40.98157371;-2.872471187;918;69
19081;Cendejas de la Torre;cendejas de la torre;Guadalajara;guadalajara;Castilla-La Mancha;Cendejas de la Torre;40.979213;-2.850658929;956;23
19082;Centenera;centenera;Guadalajara;guadalajara;Castilla-La Mancha;Centenera;40.65288279;-3.054896892;805;159
19086;Cifuentes;cifuentes;Guadalajara;guadalajara;Castilla-La Mancha;Cifuentes;40.78660347;-2.62087179;890;1728
19087;Cincovillas;cincovillas;Guadalajara;guadalajara;Castilla-La Mancha;Cincovillas;41.20482478;-2.818590717;1018;21
19088;Ciruelas;ciruelas;Guadalajara;guadalajara;Castilla-La Mancha;Ciruelas;40.75008406;-3.088939199;825;137
19089;Ciruelos del Pinar;ciruelos del pinar;Guadalajara;guadalajara;Castilla-La Mancha;Ciruelos del Pinar;41.0082484;-2.220538465;1263;22
19090;Cobeta;cobeta;Guadalajara;guadalajara;Castilla-La Mancha;Cobeta;40.865502;-2.141813074;1117;101
19091;Cogollor;cogollor;Guadalajara;guadalajara;Castilla-La Mancha;Cogollor;40.84808793;-2.744368145;944;20
19092;Cogolludo;cogolludo;Guadalajara;guadalajara;Castilla-La Mancha;Cogolludo;40.9473736;-3.088743805;875;583
19095;Condemios de Abajo;condemios de abajo;Guadalajara;guadalajara;Castilla-La Mancha;Condemios de Abajo;41.21907954;-3.107529563;1312;13
19096;Condemios de Arriba;condemios de arriba;Guadalajara;guadalajara;Castilla-La Mancha;Condemios de Arriba;41.21606864;-3.125444322;1300;101
19097;Congostrina;congostrina;Guadalajara;guadalajara;Castilla-La Mancha;Congostrina;41.03756362;-2.985972689;1018;18
19098;Copernal;copernal;Guadalajara;guadalajara;Castilla-La Mancha;Copernal;40.86700163;-3.057062151;842;48
19099;Corduente;corduente;Guadalajara;guadalajara;Castilla-La Mancha;Corduente;40.84256929;-1.9785859;1052;297
19102;Cubillo de Uceda, El;cubillo de uceda, el;Guadalajara;guadalajara;Castilla-La Mancha;Cubillo de Uceda, El;40.82357344;-3.406173749;894;118
19103;Checa;checa;Guadalajara;guadalajara;Castilla-La Mancha;Checa;40.58622965;-1.79081948;1366;271
19104;Chequilla;chequilla;Guadalajara;guadalajara;Castilla-La Mancha;Chequilla;40.6056685;-1.82861762;1359;13
19105;Chiloeches;chiloeches;Guadalajara;guadalajara;Castilla-La Mancha;Chiloeches;40.5730001;-3.161646065;785;4113
19106;Chillarón del Rey;chillaron del rey;Guadalajara;guadalajara;Castilla-La Mancha;Chillarón del Rey;40.59680201;-2.692922994;782;85
19107;Driebes;driebes;Guadalajara;guadalajara;Castilla-La Mancha;Driebes;40.24523543;-3.042598556;727;333
19108;Durón;duron;Guadalajara;guadalajara;Castilla-La Mancha;Durón;40.62580818;-2.725554677;735;109
19109;Embid;embid;Guadalajara;guadalajara;Castilla-La Mancha;Embid;40.97218824;-1.712200867;1079;37
19110;Escamilla;escamilla;Guadalajara;guadalajara;Castilla-La Mancha;Escamilla;40.5492854;-2.562697394;1021;66
19111;Escariche;escariche;Guadalajara;guadalajara;Castilla-La Mancha;Escariche;40.40829097;-3.055860624;785;185
19112;Escopete;escopete;Guadalajara;guadalajara;Castilla-La Mancha;Escopete;40.41545191;-3.007837984;866;80
19113;Espinosa de Henares;espinosa de henares;Guadalajara;guadalajara;Castilla-La Mancha;Espinosa de Henares;40.90468103;-3.071956209;760;711
19114;Esplegares;esplegares;Guadalajara;guadalajara;Castilla-La Mancha;Esplegares;40.85649908;-2.370370723;1153;30
19115;Establés;estables;Guadalajara;guadalajara;Castilla-La Mancha;Establés;41.00817822;-2.024008518;1144;35
19116;Estriégana;estriegana;Guadalajara;guadalajara;Castilla-La Mancha;Estriégana;41.05746626;-2.523997855;1099;12
19117;Fontanar;fontanar;Guadalajara;guadalajara;Castilla-La Mancha;Fontanar;40.72608371;-3.175921086;685;2647
19118;Fuembellida;fuembellida;Guadalajara;guadalajara;Castilla-La Mancha;Fuembellida;40.75563754;-1.998893479;1219;13
19119;Fuencemillán;fuencemillan;Guadalajara;guadalajara;Castilla-La Mancha;Fuencemillán;40.92349444;-3.100317595;824;84
19120;Fuentelahiguera de Albatages;fuentelahiguera de albatages;Guadalajara;guadalajara;Castilla-La Mancha;Fuentelahiguera de Albatages;40.78526618;-3.307702618;900;126
19121;Fuentelencina;fuentelencina;Guadalajara;guadalajara;Castilla-La Mancha;Fuentelencina;40.51739208;-2.88215112;973;333
19122;Fuentelsaz;fuentelsaz;Guadalajara;guadalajara;Castilla-La Mancha;Fuentelsaz;41.0734123;-1.832030808;1128;84
19123;Fuentelviejo;fuentelviejo;Guadalajara;guadalajara;Castilla-La Mancha;Fuentelviejo;40.52612864;-2.985085119;884;61
19124;Fuentenovilla;fuentenovilla;Guadalajara;guadalajara;Castilla-La Mancha;Fuentenovilla;40.36543518;-3.094157848;805;645
19125;Gajanejos;gajanejos;Guadalajara;guadalajara;Castilla-La Mancha;Gajanejos;40.84244267;-2.89268;1028;53
19126;Galápagos;galapagos;Guadalajara;guadalajara;Castilla-La Mancha;Galápagos;40.69480885;-3.337288213;729;2816
19127;Galve de Sorbe;galve de sorbe;Guadalajara;guadalajara;Castilla-La Mancha;Galve de Sorbe;41.22383916;-3.183290265;1354;103
19129;Gascueña de Bornova;gascuena de bornova;Guadalajara;guadalajara;Castilla-La Mancha;Gascueña de Bornova;41.1420814;-3.019773474;1207;22
19130;Guadalajara;guadalajara;Guadalajara;guadalajara;Castilla-La Mancha;Guadalajara;40.63360869;-3.167414258;694;92798
19132;Henche;henche;Guadalajara;guadalajara;Castilla-La Mancha;Henche;40.71452935;-2.707600814;826;73
19133;Heras de Ayuso;heras de ayuso;Guadalajara;guadalajara;Castilla-La Mancha;Heras de Ayuso;40.79070405;-3.099503087;705;251
19134;Herrería;herreria;Guadalajara;guadalajara;Castilla-La Mancha;Herrería;40.88752028;-1.961061597;1073;13
19135;Hiendelaencina;hiendelaencina;Guadalajara;guadalajara;Castilla-La Mancha;Hiendelaencina;41.08266322;-3.004662917;1080;113
19136;Hijes;hijes;Guadalajara;guadalajara;Castilla-La Mancha;Hijes;41.25179953;-2.999626205;1162;23
19138;Hita;hita;Guadalajara;guadalajara;Castilla-La Mancha;Hita;40.82514474;-3.049963621;856;335
19139;Hombrados;hombrados;Guadalajara;guadalajara;Castilla-La Mancha;Hombrados;40.80137864;-1.685544442;1233;45
19142;Hontoba;hontoba;Guadalajara;guadalajara;Castilla-La Mancha;Hontoba;40.45551566;-3.042154511;728;474
19143;Horche;horche;Guadalajara;guadalajara;Castilla-La Mancha;Horche;40.56554382;-3.063967465;891;3110
19145;Hortezuela de Océn;hortezuela de ocen;Guadalajara;guadalajara;Castilla-La Mancha;Hortezuela de Océn;40.95221735;-2.415638962;1091;33
19146;Huerce, La;huerce, la;Guadalajara;guadalajara;Castilla-La Mancha;Huerce, La;41.15250256;-3.170004683;1256;52
19147;Huérmeces del Cerro;huermeces del cerro;Guadalajara;guadalajara;Castilla-La Mancha;Huérmeces del Cerro;41.05277688;-2.796335984;875;43
19148;Huertahernando;huertahernando;Guadalajara;guadalajara;Castilla-La Mancha;Huertahernando;40.82354157;-2.286841057;1150;52
19150;Hueva;hueva;Guadalajara;guadalajara;Castilla-La Mancha;Hueva;40.46259851;-2.960655826;892;113
19151;Humanes;humanes;Guadalajara;guadalajara;Castilla-La Mancha;Humanes;40.8273544;-3.154160431;747;1859
19152;Illana;illana;Guadalajara;guadalajara;Castilla-La Mancha;Illana;40.18397504;-2.908451452;747;963
19153;Iniéstola;iniestola;Guadalajara;guadalajara;Castilla-La Mancha;Iniéstola;40.99404421;-2.371073942;1164;19
19154;Inviernas, Las;inviernas, las;Guadalajara;guadalajara;Castilla-La Mancha;Inviernas, Las;40.87231124;-2.670447985;981;60
19155;Irueste;irueste;Guadalajara;guadalajara;Castilla-La Mancha;Irueste;40.61114568;-2.889979621;857;94
19156;Jadraque;jadraque;Guadalajara;guadalajara;Castilla-La Mancha;Jadraque;40.92544317;-2.923218377;827;1528
19157;Jirueque;jirueque;Guadalajara;guadalajara;Castilla-La Mancha;Jirueque;40.96403616;-2.902698763;835;44
19159;Ledanca;ledanca;Guadalajara;guadalajara;Castilla-La Mancha;Ledanca;40.86819859;-2.844108787;919;101
19160;Loranca de Tajuña;loranca de tajuna;Guadalajara;guadalajara;Castilla-La Mancha;Loranca de Tajuña;40.4478121;-3.1162727;700;1646
19161;Lupiana;lupiana;Guadalajara;guadalajara;Castilla-La Mancha;Lupiana;40.61050116;-3.053216086;760;344
19162;Luzaga;luzaga;Guadalajara;guadalajara;Castilla-La Mancha;Luzaga;40.97313839;-2.445910803;1063;65
19163;Luzón;luzon;Guadalajara;guadalajara;Castilla-La Mancha;Luzón;41.02676472;-2.277112418;1178;49
19165;Majaelrayo;majaelrayo;Guadalajara;guadalajara;Castilla-La Mancha;Majaelrayo;41.11222839;-3.302067675;1189;60
19166;Málaga del Fresno;malaga del fresno;Guadalajara;guadalajara;Castilla-La Mancha;Málaga del Fresno;40.78967168;-3.248082842;783;187
19167;Malaguilla;malaguilla;Guadalajara;guadalajara;Castilla-La Mancha;Malaguilla;40.82190307;-3.257319748;823;219
19168;Mandayona;mandayona;Guadalajara;guadalajara;Castilla-La Mancha;Mandayona;40.95631892;-2.749420487;869;286
19169;Mantiel;mantiel;Guadalajara;guadalajara;Castilla-La Mancha;Mantiel;40.61905949;-2.66198772;928;28
19170;Maranchón;maranchon;Guadalajara;guadalajara;Castilla-La Mancha;Maranchón;41.04652266;-2.204737031;1246;226
19171;Marchamalo;marchamalo;Guadalajara;guadalajara;Castilla-La Mancha;Marchamalo;40.66949301;-3.202443977;673;8691
19172;Masegoso de Tajuña;masegoso de tajuna;Guadalajara;guadalajara;Castilla-La Mancha;Masegoso de Tajuña;40.82521329;-2.696217386;887;84
19173;Matarrubia;matarrubia;Guadalajara;guadalajara;Castilla-La Mancha;Matarrubia;40.86741683;-3.292193853;856;100
19174;Matillas;matillas;Guadalajara;guadalajara;Castilla-La Mancha;Matillas;40.95265596;-2.842949864;816;112
19175;Mazarete;mazarete;Guadalajara;guadalajara;Castilla-La Mancha;Mazarete;41.00106572;-2.1598585;1206;25
19176;Mazuecos;mazuecos;Guadalajara;guadalajara;Castilla-La Mancha;Mazuecos;40.26156503;-3.008682283;700;269
19177;Medranda;medranda;Guadalajara;guadalajara;Castilla-La Mancha;Medranda;40.98291618;-2.937777907;809;82
19178;Megina;megina;Guadalajara;guadalajara;Castilla-La Mancha;Megina;40.6390737;-1.869334146;1243;26
19179;Membrillera;membrillera;Guadalajara;guadalajara;Castilla-La Mancha;Membrillera;40.94807803;-2.979971815;845;95
19181;Miedes de Atienza;miedes de atienza;Guadalajara;guadalajara;Castilla-La Mancha;Miedes de Atienza;41.26715666;-2.963842083;1151;59
19182;Mierla, La;mierla, la;Guadalajara;guadalajara;Castilla-La Mancha;Mierla, La;40.93756924;-3.235868785;953;44
19183;Milmarcos;milmarcos;Guadalajara;guadalajara;Castilla-La Mancha;Milmarcos;41.08595577;-1.876340702;1058;63
19184;Millana;millana;Guadalajara;guadalajara;Castilla-La Mancha;Millana;40.50727269;-2.571046749;814;130
19185;Miñosa, La;minosa, la;Guadalajara;guadalajara;Castilla-La Mancha;Miñosa, La;41.17907444;-2.931926321;1017;31
19186;Mirabueno;mirabueno;Guadalajara;guadalajara;Castilla-La Mancha;Mirabueno;40.94409338;-2.724917213;1066;85
19187;Miralrío;miralrio;Guadalajara;guadalajara;Castilla-La Mancha;Miralrío;40.88897173;-2.943317481;1034;57
19188;Mochales;mochales;Guadalajara;guadalajara;Castilla-La Mancha;Mochales;41.09647643;-2.015055877;987;36
19189;Mohernando;mohernando;Guadalajara;guadalajara;Castilla-La Mancha;Mohernando;40.80357438;-3.176033151;777;190
19190;Molina de Aragón;molina de aragon;Guadalajara;guadalajara;Castilla-La Mancha;Molina de Aragón;40.84419199;-1.88917838;1058;3331
19191;Monasterio;monasterio;Guadalajara;guadalajara;Castilla-La Mancha;Monasterio;40.98500239;-3.096978153;926;13
19192;Mondéjar;mondejar;Guadalajara;guadalajara;Castilla-La Mancha;Mondéjar;40.32261986;-3.10998441;796;3011
19193;Montarrón;montarron;Guadalajara;guadalajara;Castilla-La Mancha;Montarrón;40.91047766;-3.116176057;836;31
19194;Moratilla de los Meleros;moratilla de los meleros;Guadalajara;guadalajara;Castilla-La Mancha;Moratilla de los Meleros;40.50127479;-2.942816392;836;106
19195;Morenilla;morenilla;Guadalajara;guadalajara;Castilla-La Mancha;Morenilla;40.78630357;-1.707570366;1184;52
19196;Muduex;muduex;Guadalajara;guadalajara;Castilla-La Mancha;Muduex;40.82925797;-2.959716325;809;104
19197;Navas de Jadraque, Las;navas de jadraque, las;Guadalajara;guadalajara;Castilla-La Mancha;Navas de Jadraque, Las;41.10416107;-3.087973096;1157;37
19198;Negredo;negredo;Guadalajara;guadalajara;Castilla-La Mancha;Negredo;41.02715602;-2.858871387;986;12
19199;Ocentejo;ocentejo;Guadalajara;guadalajara;Castilla-La Mancha;Ocentejo;40.77203399;-2.397774176;854;15
19200;Olivar, El;olivar, el;Guadalajara;guadalajara;Castilla-La Mancha;Olivar, El;40.60611164;-2.749479725;1036;68
19201;Olmeda de Cobeta;olmeda de cobeta;Guadalajara;guadalajara;Castilla-La Mancha;Olmeda de Cobeta;40.85908491;-2.182646322;1128;56
19202;Olmeda de Jadraque, La;olmeda de jadraque, la;Guadalajara;guadalajara;Castilla-La Mancha;Olmeda de Jadraque, La;41.12620036;-2.739372823;978;18
19203;Ordial, El;ordial, el;Guadalajara;guadalajara;Castilla-La Mancha;Ordial, El;41.12826946;-3.114589093;1235;46
19204;Orea;orea;Guadalajara;guadalajara;Castilla-La Mancha;Orea;40.5567593;-1.727425609;1489;193
19208;Pálmaces de Jadraque;palmaces de jadraque;Guadalajara;guadalajara;Castilla-La Mancha;Pálmaces de Jadraque;41.05658855;-2.910161622;914;54
19209;Pardos;pardos;Guadalajara;guadalajara;Castilla-La Mancha;Pardos;40.94717484;-1.925281464;1179;35
19210;Paredes de Sigüenza;paredes de siguenza;Guadalajara;guadalajara;Castilla-La Mancha;Paredes de Sigüenza;41.24210593;-2.733471556;1003;21
19211;Pareja;pareja;Guadalajara;guadalajara;Castilla-La Mancha;Pareja;40.5565513;-2.649338948;760;494
19212;Pastrana;pastrana;Guadalajara;guadalajara;Castilla-La Mancha;Pastrana;40.41683966;-2.924358708;752;978
19213;Pedregal, El;pedregal, el;Guadalajara;guadalajara;Castilla-La Mancha;Pedregal, El;40.779934;-1.571010003;1190;60
19214;Peñalén;penalen;Guadalajara;guadalajara;Castilla-La Mancha;Peñalén;40.66599775;-2.070627906;1358;72
19215;Peñalver;penalver;Guadalajara;guadalajara;Castilla-La Mancha;Peñalver;40.58124166;-2.889584749;933;175
19216;Peralejos de las Truchas;peralejos de las truchas;Guadalajara;guadalajara;Castilla-La Mancha;Peralejos de las Truchas;40.59399924;-1.909397614;1186;147
19217;Peralveche;peralveche;Guadalajara;guadalajara;Castilla-La Mancha;Peralveche;40.61069228;-2.450704916;1114;54
19218;Pinilla de Jadraque;pinilla de jadraque;Guadalajara;guadalajara;Castilla-La Mancha;Pinilla de Jadraque;41.02030398;-2.943195861;836;47
19219;Pinilla de Molina;pinilla de molina;Guadalajara;guadalajara;Castilla-La Mancha;Pinilla de Molina;40.67955301;-1.880648772;1213;13
19220;Pioz;pioz;Guadalajara;guadalajara;Castilla-La Mancha;Pioz;40.46359124;-3.175610648;874;5458
19221;Piqueras;piqueras;Guadalajara;guadalajara;Castilla-La Mancha;Piqueras;40.66347931;-1.72198403;1368;33
19222;Pobo de Dueñas, El;pobo de duenas, el;Guadalajara;guadalajara;Castilla-La Mancha;Pobo de Dueñas, El;40.77730422;-1.650098119;1263;103
19223;Poveda de la Sierra;poveda de la sierra;Guadalajara;guadalajara;Castilla-La Mancha;Poveda de la Sierra;40.64349119;-2.029215729;1187;99
19224;Pozo de Almoguera;pozo de almoguera;Guadalajara;guadalajara;Castilla-La Mancha;Pozo de Almoguera;40.34281513;-3.029482104;779;111
19225;Pozo de Guadalajara;pozo de guadalajara;Guadalajara;guadalajara;Castilla-La Mancha;Pozo de Guadalajara;40.49549157;-3.18049573;885;1749
19226;Prádena de Atienza;pradena de atienza;Guadalajara;guadalajara;Castilla-La Mancha;Prádena de Atienza;41.17198173;-3.007289997;1145;44
19227;Prados Redondos;prados redondos;Guadalajara;guadalajara;Castilla-La Mancha;Prados Redondos;40.78459452;-1.793868991;1153;46
19228;Puebla de Beleña;puebla de belena;Guadalajara;guadalajara;Castilla-La Mancha;Puebla de Beleña;40.88985762;-3.220043296;922;57
19229;Puebla de Valles;puebla de valles;Guadalajara;guadalajara;Castilla-La Mancha;Puebla de Valles;40.92724495;-3.303351227;842;60
19230;Quer;quer;Guadalajara;guadalajara;Castilla-La Mancha;Quer;40.60707572;-3.277406499;702;1088
19231;Rebollosa de Jadraque;rebollosa de jadraque;Guadalajara;guadalajara;Castilla-La Mancha;Rebollosa de Jadraque;41.08991802;-2.841574158;1028;11
19232;Recuenco, El;recuenco, el;Guadalajara;guadalajara;Castilla-La Mancha;Recuenco, El;40.61532064;-2.339336263;974;80
19233;Renera;renera;Guadalajara;guadalajara;Castilla-La Mancha;Renera;40.49181099;-3.016063462;752;99
19234;Retiendas;retiendas;Guadalajara;guadalajara;Castilla-La Mancha;Retiendas;40.97148714;-3.276228778;893;52
19235;Riba de Saelices;riba de saelices;Guadalajara;guadalajara;Castilla-La Mancha;Riba de Saelices;40.91203395;-2.297669364;984;113
19237;Rillo de Gallo;rillo de gallo;Guadalajara;guadalajara;Castilla-La Mancha;Rillo de Gallo;40.86625273;-1.936186796;1049;37
19238;Riofrío del Llano;riofrio del llano;Guadalajara;guadalajara;Castilla-La Mancha;Riofrío del Llano;41.13746361;-2.824564669;1017;49
19239;Robledillo de Mohernando;robledillo de mohernando;Guadalajara;guadalajara;Castilla-La Mancha;Robledillo de Mohernando;40.85360468;-3.235301321;884;201
19240;Robledo de Corpes;robledo de corpes;Guadalajara;guadalajara;Castilla-La Mancha;Robledo de Corpes;41.11777286;-2.950264585;1150;40
19241;Romanillos de Atienza;romanillos de atienza;Guadalajara;guadalajara;Castilla-La Mancha;Romanillos de Atienza;41.27443773;-2.895438979;1103;37
19242;Romanones;romanones;Guadalajara;guadalajara;Castilla-La Mancha;Romanones;40.57064955;-2.991580488;736;128
19243;Rueda de la Sierra;rueda de la sierra;Guadalajara;guadalajara;Castilla-La Mancha;Rueda de la Sierra;40.9182409;-1.854260769;1146;37
19244;Sacecorbo;sacecorbo;Guadalajara;guadalajara;Castilla-La Mancha;Sacecorbo;40.83278052;-2.417202658;1115;92
19245;Sacedón;sacedon;Guadalajara;guadalajara;Castilla-La Mancha;Sacedón;40.48083906;-2.73289711;741;1650
19246;Saelices de la Sal;saelices de la sal;Guadalajara;guadalajara;Castilla-La Mancha;Saelices de la Sal;40.90649052;-2.323124851;983;42
19247;Salmerón;salmeron;Guadalajara;guadalajara;Castilla-La Mancha;Salmerón;40.54517203;-2.493677146;826;147
19248;San Andrés del Congosto;san andres del congosto;Guadalajara;guadalajara;Castilla-La Mancha;San Andrés del Congosto;40.99942937;-3.026642022;858;66
19249;San Andrés del Rey;san andres del rey;Guadalajara;guadalajara;Castilla-La Mancha;San Andrés del Rey;40.63857551;-2.820156929;1022;35
19250;Santiuste;santiuste;Guadalajara;guadalajara;Castilla-La Mancha;Santiuste;41.08433252;-2.809357129;914;15
19251;Saúca;sauca;Guadalajara;guadalajara;Castilla-La Mancha;Saúca;41.02963836;-2.529773142;1111;48
19252;Sayatón;sayaton;Guadalajara;guadalajara;Castilla-La Mancha;Sayatón;40.37577511;-2.852748056;663;66
19254;Selas;selas;Guadalajara;guadalajara;Castilla-La Mancha;Selas;40.95144787;-2.103144991;1209;35
19255;Setiles;setiles;Guadalajara;guadalajara;Castilla-La Mancha;Setiles;40.73365889;-1.616765189;1263;79
19256;Sienes;sienes;Guadalajara;guadalajara;Castilla-La Mancha;Sienes;41.20030962;-2.653488534;1035;38
19257;Sigüenza;siguenza;Guadalajara;guadalajara;Castilla-La Mancha;Sigüenza;41.06769162;-2.640327165;1009;4898
19258;Solanillos del Extremo;solanillos del extremo;Guadalajara;guadalajara;Castilla-La Mancha;Solanillos del Extremo;40.75097329;-2.697818572;995;72
19259;Somolinos;somolinos;Guadalajara;guadalajara;Castilla-La Mancha;Somolinos;41.2452289;-3.057841342;1241;26
19260;Sotillo, El;sotillo, el;Guadalajara;guadalajara;Castilla-La Mancha;Sotillo, El;40.88085187;-2.634041089;1038;28
19261;Sotodosos;sotodosos;Guadalajara;guadalajara;Castilla-La Mancha;Sotodosos;40.92189543;-2.392472741;1147;29
19262;Tamajón;tamajon;Guadalajara;guadalajara;Castilla-La Mancha;Tamajón;41.00114927;-3.249145842;1029;154
19263;Taragudo;taragudo;Guadalajara;guadalajara;Castilla-La Mancha;Taragudo;40.82418788;-3.079654262;772;44
19264;Taravilla;taravilla;Guadalajara;guadalajara;Castilla-La Mancha;Taravilla;40.6977626;-1.966923448;1316;40
19265;Tartanedo;tartanedo;Guadalajara;guadalajara;Castilla-La Mancha;Tartanedo;40.99300685;-1.923166729;1174;143
19266;Tendilla;tendilla;Guadalajara;guadalajara;Castilla-La Mancha;Tendilla;40.54429195;-2.958617674;789;364
19267;Terzaga;terzaga;Guadalajara;guadalajara;Castilla-La Mancha;Terzaga;40.69466565;-1.903406655;1174;24
19268;Tierzo;tierzo;Guadalajara;guadalajara;Castilla-La Mancha;Tierzo;40.74902071;-1.931101041;1140;33
19269;Toba, La;toba, la;Guadalajara;guadalajara;Castilla-La Mancha;Toba, La;41.00404603;-2.982122721;941;70
19270;Tordelrábano;tordelrabano;Guadalajara;guadalajara;Castilla-La Mancha;Tordelrábano;41.21801584;-2.75745892;1025;8
19271;Tordellego;tordellego;Guadalajara;guadalajara;Castilla-La Mancha;Tordellego;40.72158166;-1.670196527;1244;37
19272;Tordesilos;tordesilos;Guadalajara;guadalajara;Castilla-La Mancha;Tordesilos;40.66907299;-1.593539327;1323;83
19274;Torija;torija;Guadalajara;guadalajara;Castilla-La Mancha;Torija;40.7437698;-3.031160016;963;1867
19277;Torrecuadrada de Molina;torrecuadrada de molina;Guadalajara;guadalajara;Castilla-La Mancha;Torrecuadrada de Molina;40.74980274;-1.806471868;1182;20
19278;Torrecuadradilla;torrecuadradilla;Guadalajara;guadalajara;Castilla-La Mancha;Torrecuadradilla;40.85380563;-2.532456229;1021;26
19279;Torre del Burgo;torre del burgo;Guadalajara;guadalajara;Castilla-La Mancha;Torre del Burgo;40.79372235;-3.079672616;740;526
19280;Torrejón del Rey;torrejon del rey;Guadalajara;guadalajara;Castilla-La Mancha;Torrejón del Rey;40.64444121;-3.33708484;719;6438
19281;Torremocha de Jadraque;torremocha de jadraque;Guadalajara;guadalajara;Castilla-La Mancha;Torremocha de Jadraque;41.01916493;-2.899199685;931;23
19282;Torremocha del Campo;torremocha del campo;Guadalajara;guadalajara;Castilla-La Mancha;Torremocha del Campo;40.97778836;-2.618312856;1083;192
19283;Torremocha del Pinar;torremocha del pinar;Guadalajara;guadalajara;Castilla-La Mancha;Torremocha del Pinar;40.88974897;-2.04465204;1290;32
19284;Torremochuela;torremochuela;Guadalajara;guadalajara;Castilla-La Mancha;Torremochuela;40.76505934;-1.841100168;1169;6
19285;Torrubia;torrubia;Guadalajara;guadalajara;Castilla-La Mancha;Torrubia;40.96575483;-1.901365675;1172;28
19286;Tórtola de Henares;tortola de henares;Guadalajara;guadalajara;Castilla-La Mancha;Tórtola de Henares;40.70644304;-3.126090997;719;1439
19287;Tortuera;tortuera;Guadalajara;guadalajara;Castilla-La Mancha;Tortuera;40.97214574;-1.798322304;1113;157
19288;Tortuero;tortuero;Guadalajara;guadalajara;Castilla-La Mancha;Tortuero;40.93589807;-3.353870046;892;19
19289;Traíd;traid;Guadalajara;guadalajara;Castilla-La Mancha;Traíd;40.66846588;-1.809510515;1385;20
19290;Trijueque;trijueque;Guadalajara;guadalajara;Castilla-La Mancha;Trijueque;40.77686844;-2.995905573;996;1756
19291;Trillo;trillo;Guadalajara;guadalajara;Castilla-La Mancha;Trillo;40.70192029;-2.592758602;735;1405
19293;Uceda;uceda;Guadalajara;guadalajara;Castilla-La Mancha;Uceda;40.84246551;-3.465026323;779;3404
19294;Ujados;ujados;Guadalajara;guadalajara;Castilla-La Mancha;Ujados;41.23529196;-3.005264697;1142;20
19296;Utande;utande;Guadalajara;guadalajara;Castilla-La Mancha;Utande;40.84886935;-2.928144473;836;31
19297;Valdarachas;valdarachas;Guadalajara;guadalajara;Castilla-La Mancha;Valdarachas;40.51640157;-3.126761399;765;67
19298;Valdearenas;valdearenas;Guadalajara;guadalajara;Castilla-La Mancha;Valdearenas;40.80954604;-2.991482939;783;88
19299;Valdeavellano;valdeavellano;Guadalajara;guadalajara;Castilla-La Mancha;Valdeavellano;40.6646475;-2.96935276;961;101
19300;Valdeaveruelo;valdeaveruelo;Guadalajara;guadalajara;Castilla-La Mancha;Valdeaveruelo;40.63627437;-3.316884;726;1312
19301;Valdeconcha;valdeconcha;Guadalajara;guadalajara;Castilla-La Mancha;Valdeconcha;40.45572518;-2.877070791;733;42
19302;Valdegrudas;valdegrudas;Guadalajara;guadalajara;Castilla-La Mancha;Valdegrudas;40.71384953;-3.014656435;924;49
19303;Valdelcubo;valdelcubo;Guadalajara;guadalajara;Castilla-La Mancha;Valdelcubo;41.227033;-2.675843932;1018;42
19304;Valdenuño Fernández;valdenuno fernandez;Guadalajara;guadalajara;Castilla-La Mancha;Valdenuño Fernández;40.76108377;-3.379764696;837;361
19305;Valdepeñas de la Sierra;valdepenas de la sierra;Guadalajara;guadalajara;Castilla-La Mancha;Valdepeñas de la Sierra;40.90832635;-3.386746116;910;150
19306;Valderrebollo;valderrebollo;Guadalajara;guadalajara;Castilla-La Mancha;Valderrebollo;40.81055429;-2.72957304;872;25
19307;Valdesotos;valdesotos;Guadalajara;guadalajara;Castilla-La Mancha;Valdesotos;40.95751547;-3.328447385;829;35
19308;Valfermoso de Tajuña;valfermoso de tajuna;Guadalajara;guadalajara;Castilla-La Mancha;Valfermoso de Tajuña;40.6199074;-2.954619823;961;75
19309;Valhermoso;valhermoso;Guadalajara;guadalajara;Castilla-La Mancha;Valhermoso;40.78657965;-1.961686091;1226;15
19310;Valtablado del Río;valtablado del rio;Guadalajara;guadalajara;Castilla-La Mancha;Valtablado del Río;40.71452814;-2.402285571;843;7
19311;Valverde de los Arroyos;valverde de los arroyos;Guadalajara;guadalajara;Castilla-La Mancha;Valverde de los Arroyos;41.12951587;-3.234095526;1257;85
19314;Viana de Jadraque;viana de jadraque;Guadalajara;guadalajara;Castilla-La Mancha;Viana de Jadraque;41.02543956;-2.769297321;873;41
19317;Villanueva de Alcorón;villanueva de alcoron;Guadalajara;guadalajara;Castilla-La Mancha;Villanueva de Alcorón;40.67879471;-2.252846764;1268;143
19318;Villanueva de Argecilla;villanueva de argecilla;Guadalajara;guadalajara;Castilla-La Mancha;Villanueva de Argecilla;40.9018512;-2.914312795;1020;30
19319;Villanueva de la Torre;villanueva de la torre;Guadalajara;guadalajara;Castilla-La Mancha;Villanueva de la Torre;40.58432968;-3.302537397;688;6656
19321;Villares de Jadraque;villares de jadraque;Guadalajara;guadalajara;Castilla-La Mancha;Villares de Jadraque;41.10154888;-3.026368515;1042;44
19322;Villaseca de Henares;villaseca de henares;Guadalajara;guadalajara;Castilla-La Mancha;Villaseca de Henares;40.96002213;-2.797383873;857;23
19323;Villaseca de Uceda;villaseca de uceda;Guadalajara;guadalajara;Castilla-La Mancha;Villaseca de Uceda;40.81995597;-3.351248267;912;59
19324;Villel de Mesa;villel de mesa;Guadalajara;guadalajara;Castilla-La Mancha;Villel de Mesa;41.12596484;-1.989356308;925;163
19325;Viñuelas;vinuelas;Guadalajara;guadalajara;Castilla-La Mancha;Viñuelas;40.79437587;-3.342459431;899;181
19326;Yebes;yebes;Guadalajara;guadalajara;Castilla-La Mancha;Yebes;40.53393843;-3.110715427;884;5621
19327;Yebra;yebra;Guadalajara;guadalajara;Castilla-La Mancha;Yebra;40.35629687;-2.96615141;745;490
19329;Yélamos de Abajo;yelamos de abajo;Guadalajara;guadalajara;Castilla-La Mancha;Yélamos de Abajo;40.63089132;-2.855909156;908;57
19330;Yélamos de Arriba;yelamos de arriba;Guadalajara;guadalajara;Castilla-La Mancha;Yélamos de Arriba;40.6401027;-2.843078283;942;97
19331;Yunquera de Henares;yunquera de henares;Guadalajara;guadalajara;Castilla-La Mancha;Yunquera de Henares;40.75387326;-3.167322816;695;4694
19332;Yunta, La;yunta, la;Guadalajara;guadalajara;Castilla-La Mancha;Yunta, La;40.91450147;-1.684373584;1103;85
19333;Zaorejas;zaorejas;Guadalajara;guadalajara;Castilla-La Mancha;Zaorejas;40.76144914;-2.202111588;1223;117
19334;Zarzuela de Jadraque;zarzuela de jadraque;Guadalajara;guadalajara;Castilla-La Mancha;Zarzuela de Jadraque;41.06834547;-3.044167918;1039;49
19335;Zorita de los Canes;zorita de los canes;Guadalajara;guadalajara;Castilla-La Mancha;Zorita de los Canes;40.33154674;-2.8888671;592;72
19901;Semillas;semillas;Guadalajara;guadalajara;Castilla-La Mancha;Semillas;41.05920933;-3.120310902;1207;24
20001;Abaltzisketa;abaltzisketa;Gipuzkoa;gipuzkoa;País Vasco/Euskadi;Abaltzisketa;43.04782145;-2.105565448;370;320
20002;Aduna;aduna;Gipuzkoa;gipuzkoa;País Vasco/Euskadi;Aduna;43.20389392;-2.050186219;130;500
20003;Aizarnazabal;aizarnazabal;Gipuzkoa;gipuzkoa;País Vasco/Euskadi;Aizarnazabal;43.25565393;-2.236536608;58;822
20004;Albiztur;albiztur;Gipuzkoa;gipuzkoa;País Vasco/Euskadi;Albiztur;43.12985312;-2.137121106;276;328
20005;Alegia;alegia;Gipuzkoa;gipuzkoa;País Vasco/Euskadi;Alegia;43.10026173;-2.098267705;96;1806
20006;Alkiza;alkiza;Gipuzkoa;gipuzkoa;País Vasco/Euskadi;Alkiza;43.17300613;-2.109068155;341;358
20007;Altzo;altzo;Gipuzkoa;gipuzkoa;País Vasco/Euskadi;Altzo;43.09982987;-2.08347314;215;447
20008;Amezketa;amezketa;Gipuzkoa;gipuzkoa;País Vasco/Euskadi;Amezketa;43.04884166;-2.088261442;182;954
20009;Andoain;andoain;Gipuzkoa;gipuzkoa;País Vasco/Euskadi;Andoain;43.21942466;-2.019983382;69;14505
20010;Anoeta;anoeta;Gipuzkoa;gipuzkoa;País Vasco/Euskadi;Anoeta;43.16142514;-2.071436337;77;2114
20011;Antzuola;antzuola;Gipuzkoa;gipuzkoa;País Vasco/Euskadi;Antzuola;43.09868;-2.381146;231.17;2049
20012;Arama;arama;Gipuzkoa;gipuzkoa;País Vasco/Euskadi;Arama;43.06334607;-2.165593292;169;173
20013;Aretxabaleta;aretxabaleta;Gipuzkoa;gipuzkoa;País Vasco/Euskadi;Aretxabaleta;43.03645677;-2.504467133;239;7176
20014;Asteasu;asteasu;Gipuzkoa;gipuzkoa;País Vasco/Euskadi;Asteasu;43.19336;-2.09703;100;1565
20015;Ataun;ataun;Gipuzkoa;gipuzkoa;País Vasco/Euskadi;Ataun;43.00704134;-2.17670505;197;1714
20016;Aia;aia;Gipuzkoa;gipuzkoa;País Vasco/Euskadi;Aia;43.23641794;-2.148064432;302;2148
20017;Azkoitia;azkoitia;Gipuzkoa;gipuzkoa;País Vasco/Euskadi;Azkoitia;43.17765564;-2.312448182;114;11768
20018;Azpeitia;azpeitia;Gipuzkoa;gipuzkoa;País Vasco/Euskadi;Azpeitia;43.18405309;-2.266048114;82;15297
20019;Beasain;beasain;Gipuzkoa;gipuzkoa;País Vasco/Euskadi;Beasain;43.04729251;-2.196047171;152;14019
20020;Beizama;beizama;Gipuzkoa;gipuzkoa;País Vasco/Euskadi;Beizama;43.13410158;-2.200201532;488;128
20021;Belauntza;belauntza;Gipuzkoa;gipuzkoa;País Vasco/Euskadi;Belauntza;43.13479219;-2.051200397;201;291
20022;Berastegi;berastegi;Gipuzkoa;gipuzkoa;País Vasco/Euskadi;Berastegi;43.12404366;-1.979383703;406;1115
20023;Berrobi;berrobi;Gipuzkoa;gipuzkoa;País Vasco/Euskadi;Berrobi;43.14532524;-2.026324848;157;560
20024;Bidania-Goiatz;bidania goiatz;Gipuzkoa;gipuzkoa;País Vasco/Euskadi;Bidania-Goiatz;43.13959196;-2.159960416;488;532
20025;Zegama;zegama;Gipuzkoa;gipuzkoa;País Vasco/Euskadi;Zegama;42.9756135;-2.290043573;297;1548
20026;Zerain;zerain;Gipuzkoa;gipuzkoa;País Vasco/Euskadi;Zerain;43.01196603;-2.271478995;307;285
20027;Zestoa;zestoa;Gipuzkoa;gipuzkoa;País Vasco/Euskadi;Zestoa;43.23995703;-2.258746643;70;3932
20028;Zizurkil;zizurkil;Gipuzkoa;gipuzkoa;País Vasco/Euskadi;Zizurkil;43.19800171;-2.073789451;115;2984
20029;Deba;deba;Gipuzkoa;gipuzkoa;País Vasco/Euskadi;Deba;43.29419262;-2.354368981;5;5374
20030;Eibar;eibar;Gipuzkoa;gipuzkoa;País Vasco/Euskadi;Eibar;43.18454025;-2.473421137;119;27464
20031;Elduain;elduain;Gipuzkoa;gipuzkoa;País Vasco/Euskadi;Elduain;43.1408339;-2.00012745;259;249
20032;Elgoibar;elgoibar;Gipuzkoa;gipuzkoa;País Vasco/Euskadi;Elgoibar;43.21431234;-2.417155567;43;11709
20033;Elgeta;elgeta;Gipuzkoa;gipuzkoa;País Vasco/Euskadi;Elgeta;43.13693084;-2.487368193;466;1133
20034;Eskoriatza;eskoriatza;Gipuzkoa;gipuzkoa;País Vasco/Euskadi;Eskoriatza;43.01724029;-2.526687122;283;4223
20035;Ezkio-Itsaso;ezkio itsaso;Gipuzkoa;gipuzkoa;País Vasco/Euskadi;Ezkio-Itsaso;43.0692074;-2.285543775;240;608
20036;Hondarribia;hondarribia;Gipuzkoa;gipuzkoa;País Vasco/Euskadi;Hondarribia;43.36242082;-1.791531525;14;16768
20037;Gaintza;gaintza;Gipuzkoa;gipuzkoa;País Vasco/Euskadi;Gaintza;43.0535012;-2.13323065;444;123
20038;Gabiria;gabiria;Gipuzkoa;gipuzkoa;País Vasco/Euskadi;Gabiria;43.0496357;-2.280071394;418;521
20039;Getaria;getaria;Gipuzkoa;gipuzkoa;País Vasco/Euskadi;Getaria;43.3031981;-2.20441063;27;2906
20040;Hernani;hernani;Gipuzkoa;gipuzkoa;País Vasco/Euskadi;Hernani;43.26507469;-1.975939165;39;20378
20041;Hernialde;hernialde;Gipuzkoa;gipuzkoa;País Vasco/Euskadi;Hernialde;43.15477621;-2.084795697;288;326
20042;Ibarra;ibarra;Gipuzkoa;gipuzkoa;País Vasco/Euskadi;Ibarra;43.13139992;-2.062338214;86;4099
20043;Idiazabal;idiazabal;Gipuzkoa;gipuzkoa;País Vasco/Euskadi;Idiazabal;43.01296826;-2.233934898;211;2219
20044;Ikaztegieta;ikaztegieta;Gipuzkoa;gipuzkoa;País Vasco/Euskadi;Ikaztegieta;43.09542849;-2.124004281;112;498
20045;Irun;irun;Gipuzkoa;gipuzkoa;País Vasco/Euskadi;Irun;43.33771112;-1.788803185;15;63737
20046;Irura;irura;Gipuzkoa;gipuzkoa;País Vasco/Euskadi;Irura;43.16748404;-2.067534079;73;1881
20047;Itsasondo;itsasondo;Gipuzkoa;gipuzkoa;País Vasco/Euskadi;Itsasondo;43.06746739;-2.165326453;132;688
20048;Larraul;larraul;Gipuzkoa;gipuzkoa;País Vasco/Euskadi;Larraul;43.18756732;-2.101936347;236;259
20049;Lazkao;lazkao;Gipuzkoa;gipuzkoa;País Vasco/Euskadi;Lazkao;43.03449767;-2.18693873;163;6075
20050;Leaburu;leaburu;Gipuzkoa;gipuzkoa;País Vasco/Euskadi;Leaburu;43.1246664;-2.051860293;295;391
20051;Legazpi;legazpi;Gipuzkoa;gipuzkoa;País Vasco/Euskadi;Legazpi;43.05037873;-2.333822194;403;8370
20052;Legorreta;legorreta;Gipuzkoa;gipuzkoa;País Vasco/Euskadi;Legorreta;43.08518399;-2.148968633;118;1456
20053;Lezo;lezo;Gipuzkoa;gipuzkoa;País Vasco/Euskadi;Lezo;43.320975;-1.898861;19.54;6193
20054;Lizartza;lizartza;Gipuzkoa;gipuzkoa;País Vasco/Euskadi;Lizartza;43.10312047;-2.033632797;132;677
20055;Arrasate/Mondragón;arrasate/mondragon;Gipuzkoa;gipuzkoa;País Vasco/Euskadi;Arrasate/Mondragón;43.06583062;-2.489835896;213;22411
20056;Mutriku;mutriku;Gipuzkoa;gipuzkoa;País Vasco/Euskadi;Mutriku;43.30725378;-2.3870917;35;5234
20057;Mutiloa;mutiloa;Gipuzkoa;gipuzkoa;País Vasco/Euskadi;Mutiloa;43.02245359;-2.272869317;243;260
20058;Olaberria;olaberria;Gipuzkoa;gipuzkoa;País Vasco/Euskadi;Olaberria;43.02744135;-2.20310551;320;939
20059;Oñati;onati;Gipuzkoa;gipuzkoa;País Vasco/Euskadi;Oñati;43.03260417;-2.413162464;237;11518
20060;Orexa;orexa;Gipuzkoa;gipuzkoa;País Vasco/Euskadi;Orexa;43.09394897;-2.01157856;417;103
20061;Orio;orio;Gipuzkoa;gipuzkoa;País Vasco/Euskadi;Orio;43.275919;-2.126784831;3;6187
20062;Ormaiztegi;ormaiztegi;Gipuzkoa;gipuzkoa;País Vasco/Euskadi;Ormaiztegi;43.042894;-2.255123652;196;1291
20063;Oiartzun;oiartzun;Gipuzkoa;gipuzkoa;País Vasco/Euskadi;Oiartzun;43.29917099;-1.860292156;80;10468
20064;Pasaia;pasaia;Gipuzkoa;gipuzkoa;País Vasco/Euskadi;Pasaia;43.32458377;-1.917519393;10;16172
20065;Soraluze-Placencia de las Armas;soraluze placencia de las armas;Gipuzkoa;gipuzkoa;País Vasco/Euskadi;Soraluze-Placencia de las Armas;43.1742301;-2.413056312;112;3854
20066;Errezil;errezil;Gipuzkoa;gipuzkoa;País Vasco/Euskadi;Errezil;43.16504802;-2.173955882;304;591
20067;Errenteria;errenteria;Gipuzkoa;gipuzkoa;País Vasco/Euskadi;Errenteria;43.312687;-1.898768;6;39341
20068;Leintz-Gatzaga;leintz gatzaga;Gipuzkoa;gipuzkoa;País Vasco/Euskadi;Leintz-Gatzaga;42.98690974;-2.567879204;449;206
20069;Donostia/San Sebastián;donostia/san sebastian;Gipuzkoa;gipuzkoa;País Vasco/Euskadi;Donostia/San Sebastián;43.32152279;-1.985720943;6;189507
20070;Segura;segura;Gipuzkoa;gipuzkoa;País Vasco/Euskadi;Segura;43.00866649;-2.252309725;243;1493
20071;Tolosa;tolosa;Gipuzkoa;gipuzkoa;País Vasco/Euskadi;Tolosa;43.13809461;-2.071922439;75;20121
20072;Urnieta;urnieta;Gipuzkoa;gipuzkoa;País Vasco/Euskadi;Urnieta;43.247761;-1.990261;54.27;6329
20073;Usurbil;usurbil;Gipuzkoa;gipuzkoa;País Vasco/Euskadi;Usurbil;43.27086094;-2.051156114;29;6478
20074;Bergara;bergara;Gipuzkoa;gipuzkoa;País Vasco/Euskadi;Bergara;43.117483;-2.413071;153.13;14415
20075;Villabona;villabona;Gipuzkoa;gipuzkoa;País Vasco/Euskadi;Villabona;43.18776089;-2.053763355;55;5894
20076;Ordizia;ordizia;Gipuzkoa;gipuzkoa;País Vasco/Euskadi;Ordizia;43.0536888;-2.179236069;157;10792
20077;Urretxu;urretxu;Gipuzkoa;gipuzkoa;País Vasco/Euskadi;Urretxu;43.0931393;-2.31372534;351;6732
20078;Zaldibia;zaldibia;Gipuzkoa;gipuzkoa;País Vasco/Euskadi;Zaldibia;43.03828023;-2.15093579;167;1764
20079;Zarautz;zarautz;Gipuzkoa;gipuzkoa;País Vasco/Euskadi;Zarautz;43.28539911;-2.175087538;5;23467
20080;Zumarraga;zumarraga;Gipuzkoa;gipuzkoa;País Vasco/Euskadi;Zumarraga;43.090477;-2.314621;348;9689
20081;Zumaia;zumaia;Gipuzkoa;gipuzkoa;País Vasco/Euskadi;Zumaia;43.29688861;-2.25839393;15;10154
20901;Mendaro;mendaro;Gipuzkoa;gipuzkoa;País Vasco/Euskadi;Mendaro;43.25116292;-2.38288684;15;2024
20902;Lasarte-Oria;lasarte oria;Gipuzkoa;gipuzkoa;País Vasco/Euskadi;Lasarte-Oria;43.26837602;-2.020358106;19;19413
20903;Astigarraga;astigarraga;Gipuzkoa;gipuzkoa;País Vasco/Euskadi;Astigarraga;43.27998379;-1.94921562;29;7804
20904;Baliarrain;baliarrain;Gipuzkoa;gipuzkoa;País Vasco/Euskadi;Baliarrain;43.06919033;-2.127795698;293;152
20905;Orendain;orendain;Gipuzkoa;gipuzkoa;País Vasco/Euskadi;Orendain;43.07957314;-2.114320135;393;246
20906;Altzaga;altzaga;Gipuzkoa;gipuzkoa;País Vasco/Euskadi;Altzaga;43.06458875;-2.153831702;287;165
20907;Gaztelu;gaztelu;Gipuzkoa;gipuzkoa;País Vasco/Euskadi;Gaztelu;43.11668029;-2.021927573;450;172
21001;Alájar;alajar;Huelva;huelva;Andalucía;Alájar;37.87466118;-6.665941369;574;790
21002;Aljaraque;aljaraque;Huelva;huelva;Andalucía;Aljaraque;37.27102543;-7.02154934;33;22772
21003;Almendro, El;almendro, el;Huelva;huelva;Andalucía;Almendro, El;37.50702309;-7.270356099;231;861
21004;Almonaster la Real;almonaster la real;Huelva;huelva;Andalucía;Almonaster la Real;37.87181305;-6.787589616;574;1761
21005;Almonte;almonte;Huelva;huelva;Andalucía;Almonte;37.26230997;-6.51821258;73;25236
21006;Alosno;alosno;Huelva;huelva;Andalucía;Alosno;37.5492098;-7.113968388;179;4024
21007;Aracena;aracena;Huelva;huelva;Andalucía;Aracena;37.89201882;-6.559440557;679;8451
21008;Aroche;aroche;Huelva;huelva;Andalucía;Aroche;37.94431955;-6.953942067;402;2997
21009;Arroyomolinos de León;arroyomolinos de leon;Huelva;huelva;Andalucía;Arroyomolinos de León;38.02472424;-6.423974569;599;912
21010;Ayamonte;ayamonte;Huelva;huelva;Andalucía;Ayamonte;37.21433165;-7.409015129;3;22238
21011;Beas;beas;Huelva;huelva;Andalucía;Beas;37.42594421;-6.793176374;118;4422
21012;Berrocal;berrocal;Huelva;huelva;Andalucía;Berrocal;37.60889915;-6.542562622;304;284
21013;Bollullos Par del Condado;bollullos par del condado;Huelva;huelva;Andalucía;Bollullos Par del Condado;37.33590036;-6.535419043;106;14377
21014;Bonares;bonares;Huelva;huelva;Andalucía;Bonares;37.32128358;-6.683304069;73;6193
21015;Cabezas Rubias;cabezas rubias;Huelva;huelva;Andalucía;Cabezas Rubias;37.72545731;-7.086759339;222;699
21016;Cala;cala;Huelva;huelva;Andalucía;Cala;37.97138927;-6.316575558;587;1108
21017;Calañas;calanas;Huelva;huelva;Andalucía;Calañas;37.65476084;-6.878480753;295;2746
21018;Campillo, El;campillo, el;Huelva;huelva;Andalucía;Campillo, El;37.69319654;-6.629701461;433;2009
21019;Campofrío;campofrio;Huelva;huelva;Andalucía;Campofrío;37.76588915;-6.576788055;521;731
21020;Cañaveral de León;canaveral de leon;Huelva;huelva;Andalucía;Cañaveral de León;38.0143635;-6.529572358;545;390
21021;Cartaya;cartaya;Huelva;huelva;Andalucía;Cartaya;37.28290686;-7.15511593;18;21639
21022;Castaño del Robledo;castano del robledo;Huelva;huelva;Andalucía;Castaño del Robledo;37.89525723;-6.703688756;740;216
21023;Cerro de Andévalo, El;cerro de andevalo, el;Huelva;huelva;Andalucía;Cerro de Andévalo, El;37.73521723;-6.939353317;298;2252
21024;Corteconcepción;corteconcepcion;Huelva;huelva;Andalucía;Corteconcepción;37.89616377;-6.506527635;579;583
21025;Cortegana;cortegana;Huelva;huelva;Andalucía;Cortegana;37.90924158;-6.820425282;681;4616
21026;Cortelazor;cortelazor;Huelva;huelva;Andalucía;Cortelazor;37.93573218;-6.624589651;619;304
21027;Cumbres de Enmedio;cumbres de enmedio;Huelva;huelva;Andalucía;Cumbres de Enmedio;38.07221626;-6.692903557;587;55
21028;Cumbres de San Bartolomé;cumbres de san bartolome;Huelva;huelva;Andalucía;Cumbres de San Bartolomé;38.07737603;-6.743201159;580;354
21029;Cumbres Mayores;cumbres mayores;Huelva;huelva;Andalucía;Cumbres Mayores;38.06231144;-6.646775447;681;1708
21030;Chucena;chucena;Huelva;huelva;Andalucía;Chucena;37.36164458;-6.393718308;143;2331
21031;Encinasola;encinasola;Huelva;huelva;Andalucía;Encinasola;38.1349441;-6.872452356;430;1259
21032;Escacena del Campo;escacena del campo;Huelva;huelva;Andalucía;Escacena del Campo;37.41005255;-6.389020276;170;2325
21033;Fuenteheridos;fuenteheridos;Huelva;huelva;Andalucía;Fuenteheridos;37.90381921;-6.660975423;703;818
21034;Galaroza;galaroza;Huelva;huelva;Andalucía;Galaroza;37.92641783;-6.712243822;545;1371
21035;Gibraleón;gibraleon;Huelva;huelva;Andalucía;Gibraleón;37.37473477;-6.970437183;25;13432
21036;Granada de Río-Tinto, La;granada de rio tinto, la;Huelva;huelva;Andalucía;Granada de Río-Tinto, La;37.76904186;-6.508232157;436;235
21037;Granado, El;granado, el;Huelva;huelva;Andalucía;Granado, El;37.52046666;-7.417234746;129;480
21038;Higuera de la Sierra;higuera de la sierra;Huelva;huelva;Andalucía;Higuera de la Sierra;37.83820711;-6.447509286;623;1287
21039;Hinojales;hinojales;Huelva;huelva;Andalucía;Hinojales;38.00846435;-6.591472353;609;314
21040;Hinojos;hinojos;Huelva;huelva;Andalucía;Hinojos;37.29253314;-6.37649089;80;4131
21041;Huelva;huelva;Huelva;huelva;Andalucía;Huelva;37.25653557;-6.949573738;8;143774
21042;Isla Cristina;isla cristina;Huelva;huelva;Andalucía;Isla Cristina;37.19942838;-7.32506386;3;21617
21043;Jabugo;jabugo;Huelva;huelva;Andalucía;Jabugo;37.91683605;-6.728949245;656;2186
21044;Lepe;lepe;Huelva;huelva;Andalucía;Lepe;37.25410615;-7.203245253;19;29869
21045;Linares de la Sierra;linares de la sierra;Huelva;huelva;Andalucía;Linares de la Sierra;37.87962449;-6.620673947;476;278
21046;Lucena del Puerto;lucena del puerto;Huelva;huelva;Andalucía;Lucena del Puerto;37.30390297;-6.729972019;83;3432
21047;Manzanilla;manzanilla;Huelva;huelva;Andalucía;Manzanilla;37.38799273;-6.429313366;160;2208
21048;Marines, Los;marines, los;Huelva;huelva;Andalucía;Marines, Los;37.90299485;-6.623261907;716;439
21049;Minas de Riotinto;minas de riotinto;Huelva;huelva;Andalucía;Minas de Riotinto;37.69341153;-6.59172752;416;3701
21050;Moguer;moguer;Huelva;huelva;Andalucía;Moguer;37.27457241;-6.838529068;49;24014
21051;Nava, La;nava, la;Huelva;huelva;Andalucía;Nava, La;37.96360298;-6.745485464;417;275
21052;Nerva;nerva;Huelva;huelva;Andalucía;Nerva;37.69510184;-6.550699163;330;5086
21053;Niebla;niebla;Huelva;huelva;Andalucía;Niebla;37.3602928;-6.67914087;40;4298
21054;Palma del Condado, La;palma del condado, la;Huelva;huelva;Andalucía;Palma del Condado, La;37.38776677;-6.553454637;90;10858
21055;Palos de la Frontera;palos de la frontera;Huelva;huelva;Andalucía;Palos de la Frontera;37.2283751;-6.893395715;22;13289
21056;Paterna del Campo;paterna del campo;Huelva;huelva;Andalucía;Paterna del Campo;37.42128692;-6.40200858;180;3389
21057;Paymogo;paymogo;Huelva;huelva;Andalucía;Paymogo;37.74077062;-7.346010329;178;1157
21058;Puebla de Guzmán;puebla de guzman;Huelva;huelva;Andalucía;Puebla de Guzmán;37.61297057;-7.247612926;199;3092
21059;Puerto Moral;puerto moral;Huelva;huelva;Andalucía;Puerto Moral;37.89120828;-6.47999994;518;275
21060;Punta Umbría;punta umbria;Huelva;huelva;Andalucía;Punta Umbría;37.18247236;-6.967141961;4;16274
21061;Rociana del Condado;rociana del condado;Huelva;huelva;Andalucía;Rociana del Condado;37.30792848;-6.598293813;97;8197
21062;Rosal de la Frontera;rosal de la frontera;Huelva;huelva;Andalucía;Rosal de la Frontera;37.96750512;-7.220500891;219;1717
21063;San Bartolomé de la Torre;san bartolome de la torre;Huelva;huelva;Andalucía;San Bartolomé de la Torre;37.44639412;-7.105856003;125;4058
21064;San Juan del Puerto;san juan del puerto;Huelva;huelva;Andalucía;San Juan del Puerto;37.31409607;-6.840869936;5;10006
21065;Sanlúcar de Guadiana;sanlucar de guadiana;Huelva;huelva;Andalucía;Sanlúcar de Guadiana;37.47310632;-7.467630994;11;418
21066;San Silvestre de Guzmán;san silvestre de guzman;Huelva;huelva;Andalucía;San Silvestre de Guzmán;37.38842393;-7.349889692;151;649
21067;Santa Ana la Real;santa ana la real;Huelva;huelva;Andalucía;Santa Ana la Real;37.86388034;-6.724703706;639;468
21068;Santa Bárbara de Casa;santa barbara de casa;Huelva;huelva;Andalucía;Santa Bárbara de Casa;37.79678177;-7.188978422;307;1173
21069;Santa Olalla del Cala;santa olalla del cala;Huelva;huelva;Andalucía;Santa Olalla del Cala;37.90630068;-6.229423837;514;2045
21070;Trigueros;trigueros;Huelva;huelva;Andalucía;Trigueros;37.38324374;-6.835328179;74;8195
21071;Valdelarco;valdelarco;Huelva;huelva;Andalucía;Valdelarco;37.95058795;-6.683373914;615;241
21072;Valverde del Camino;valverde del camino;Huelva;huelva;Andalucía;Valverde del Camino;37.57320768;-6.753476165;277;12739
21073;Villablanca;villablanca;Huelva;huelva;Andalucía;Villablanca;37.30366802;-7.341578881;94;2976
21074;Villalba del Alcor;villalba del alcor;Huelva;huelva;Andalucía;Villalba del Alcor;37.39712896;-6.476002652;156;3310
21075;Villanueva de las Cruces;villanueva de las cruces;Huelva;huelva;Andalucía;Villanueva de las Cruces;37.62771685;-7.024256313;117;382
21076;Villanueva de los Castillejos;villanueva de los castillejos;Huelva;huelva;Andalucía;Villanueva de los Castillejos;37.50052395;-7.270914034;214;2982
21077;Villarrasa;villarrasa;Huelva;huelva;Andalucía;Villarrasa;37.39000354;-6.606524444;65;2113
21078;Zalamea la Real;zalamea la real;Huelva;huelva;Andalucía;Zalamea la Real;37.67905345;-6.66058331;403;2977
21079;Zufre;zufre;Huelva;huelva;Andalucía;Zufre;37.83401023;-6.338893511;447;738
21902;Zarza-Perrunal, La;zarza perrunal, la;Huelva;huelva;Andalucía;Zarza-Perrunal, La;37.7127367;-6.853706537;265;1183
22001;Abiego;abiego;Huesca;huesca;Aragón;Abiego;42.1219257;-0.070944052;539;259
22002;Abizanda;abizanda;Huesca;huesca;Aragón;Abizanda;42.24241051;0.197401505;624;161
22003;Adahuesca;adahuesca;Huesca;huesca;Aragón;Adahuesca;42.14692006;-0.008354713;616;196
22004;Agüero;aguero;Huesca;huesca;Aragón;Agüero;42.35510397;-0.794415998;693;144
22006;Aisa;aisa;Huesca;huesca;Aragón;Aisa;42.67917094;-0.620980715;1036;327
22007;Albalate de Cinca;albalate de cinca;Huesca;huesca;Aragón;Albalate de Cinca;41.72184874;0.145504814;188;1111
22008;Albalatillo;albalatillo;Huesca;huesca;Aragón;Albalatillo;41.73553765;-0.150887524;260;223
22009;Albelda;albelda;Huesca;huesca;Aragón;Albelda;41.86504073;0.45939201;353;727
22011;Albero Alto;albero alto;Huesca;huesca;Aragón;Albero Alto;42.0511045;-0.33739028;440;123
22012;Albero Bajo;albero bajo;Huesca;huesca;Aragón;Albero Bajo;42.02350458;-0.378666257;403;109
22013;Alberuela de Tubo;alberuela de tubo;Huesca;huesca;Aragón;Alberuela de Tubo;41.90807142;-0.213272056;350;270
22014;Alcalá de Gurrea;alcala de gurrea;Huesca;huesca;Aragón;Alcalá de Gurrea;42.06615148;-0.684855065;445;264
22015;Alcalá del Obispo;alcala del obispo;Huesca;huesca;Aragón;Alcalá del Obispo;42.07688263;-0.287938572;499;394
22016;Alcampell;alcampell;Huesca;huesca;Aragón;Alcampell;41.90580652;0.43211903;497;648
22017;Alcolea de Cinca;alcolea de cinca;Huesca;huesca;Aragón;Alcolea de Cinca;41.71809309;0.117899286;187;1138
22018;Alcubierre;alcubierre;Huesca;huesca;Aragón;Alcubierre;41.80792407;-0.452443539;453;399
22019;Alerre;alerre;Huesca;huesca;Aragón;Alerre;42.16287075;-0.462958903;505;224
22020;Alfántega;alfantega;Huesca;huesca;Aragón;Alfántega;41.82797467;0.146762188;234;128
22021;Almudévar;almudevar;Huesca;huesca;Aragón;Almudévar;42.04296102;-0.583128874;426;2451
22022;Almunia de San Juan;almunia de san juan;Huesca;huesca;Aragón;Almunia de San Juan;41.93525822;0.244627158;346;737
22023;Almuniente;almuniente;Huesca;huesca;Aragón;Almuniente;41.94876618;-0.412256115;330;450
22024;Alquézar;alquezar;Huesca;huesca;Aragón;Alquézar;42.17245336;0.026691012;632;325
22025;Altorricón;altorricon;Huesca;huesca;Aragón;Altorricón;41.80120582;0.412947578;250;1496
22027;Angüés;angues;Huesca;huesca;Aragón;Angüés;42.11143307;-0.152566053;537;349
22028;Ansó;anso;Huesca;huesca;Aragón;Ansó;42.75564827;-0.828794975;864;409
22029;Antillón;antillon;Huesca;huesca;Aragón;Antillón;42.03629965;-0.161823886;481;127
22032;Aragüés del Puerto;aragues del puerto;Huesca;huesca;Aragón;Aragüés del Puerto;42.70591744;-0.671661346;971;123
22035;Arén;aren;Huesca;huesca;Aragón;Arén;42.25757265;0.721805103;724;307
22036;Argavieso;argavieso;Huesca;huesca;Aragón;Argavieso;42.05325462;-0.278708567;479;109
22037;Arguis;arguis;Huesca;huesca;Aragón;Arguis;42.31494251;-0.438750043;1044;168
22039;Ayerbe;ayerbe;Huesca;huesca;Aragón;Ayerbe;42.27749365;-0.689147107;579;1051
22040;Azanuy-Alins;azanuy alins;Huesca;huesca;Aragón;Azanuy-Alins;41.97224176;0.311108019;434;184
22041;Azara;azara;Huesca;huesca;Aragón;Azara;42.06970683;-0.030424996;431;167
22042;Azlor;azlor;Huesca;huesca;Aragón;Azlor;42.09558862;-0.044928473;493;155
22043;Baélls;baells;Huesca;huesca;Aragón;Baélls;41.95390845;0.458943623;622;91
22044;Bailo;bailo;Huesca;huesca;Aragón;Bailo;42.50974821;-0.810916054;714;263
22045;Baldellou;baldellou;Huesca;huesca;Aragón;Baldellou;41.91760078;0.546496927;471;81
22046;Ballobar;ballobar;Huesca;huesca;Aragón;Ballobar;41.6218278;0.192517503;142;870
22047;Banastás;banastas;Huesca;huesca;Aragón;Banastás;42.18141031;-0.452867384;534;337
22048;Barbastro;barbastro;Huesca;huesca;Aragón;Barbastro;42.03688187;0.123379033;337;17799
22049;Barbués;barbues;Huesca;huesca;Aragón;Barbués;41.97922253;-0.419622517;358;97
22050;Barbuñales;barbunales;Huesca;huesca;Aragón;Barbuñales;42.02622849;-0.087091203;469;93
22051;Bárcabo;barcabo;Huesca;huesca;Aragón;Bárcabo;42.24252753;0.069427539;730;116
22052;Belver de Cinca;belver de cinca;Huesca;huesca;Aragón;Belver de Cinca;41.68924678;0.178476421;196;1284
22053;Benabarre;benabarre;Huesca;huesca;Aragón;Benabarre;42.10601853;0.481321865;727;1146
22054;Benasque;benasque;Huesca;huesca;Aragón;Benasque;42.60540385;0.523845896;1135;2366
22055;Berbegal;berbegal;Huesca;huesca;Aragón;Berbegal;41.96190649;-0.002428162;521;321
22057;Bielsa;bielsa;Huesca;huesca;Aragón;Bielsa;42.63369388;0.218829421;1028;478
22058;Bierge;bierge;Huesca;huesca;Aragón;Bierge;42.16391234;-0.081266075;567;241
22059;Biescas;biescas;Huesca;huesca;Aragón;Biescas;42.6285817;-0.321287632;860;1646
22060;Binaced;binaced;Huesca;huesca;Aragón;Binaced;41.82569089;0.202365116;287;1680
22061;Binéfar;binefar;Huesca;huesca;Aragón;Binéfar;41.85160115;0.293171139;279;10169
22062;Bisaurri;bisaurri;Huesca;huesca;Aragón;Bisaurri;42.49666642;0.507915918;1100;176
22063;Biscarrués;biscarrues;Huesca;huesca;Aragón;Biscarrués;42.22758117;-0.750621464;459;190
22064;Blecua y Torres;blecua y torres;Huesca;huesca;Aragón;Blecua y Torres;42.05705816;-0.187411656;466;175
22066;Boltaña;boltana;Huesca;huesca;Aragón;Boltaña;42.44639803;0.066990623;642;1091
22067;Bonansa;bonansa;Huesca;huesca;Aragón;Bonansa;42.4273046;0.667813087;1257;85
22068;Borau;borau;Huesca;huesca;Aragón;Borau;42.65823596;-0.587516866;984;77
22069;Broto;broto;Huesca;huesca;Aragón;Broto;42.60343076;-0.121540286;891;617
22072;Caldearenas;caldearenas;Huesca;huesca;Aragón;Caldearenas;42.39801332;-0.500573919;642;222
22074;Campo;campo;Huesca;huesca;Aragón;Campo;42.40980964;0.397612454;692;496
22075;Camporrélls;camporrells;Huesca;huesca;Aragón;Camporrélls;41.95836893;0.521372308;615;152
22076;Canal de Berdún;canal de berdun;Huesca;huesca;Aragón;Canal de Berdún;42.6034633;-0.858617759;687;321
22077;Candasnos;candasnos;Huesca;huesca;Aragón;Candasnos;41.50291658;0.063393996;281;475
22078;Canfranc;canfranc;Huesca;huesca;Aragón;Canfranc;42.75071712;-0.515796033;1037;632
22079;Capdesaso;capdesaso;Huesca;huesca;Aragón;Capdesaso;41.8441336;-0.183389272;313;192
22080;Capella;capella;Huesca;huesca;Aragón;Capella;42.19627947;0.396762896;513;358
22081;Casbas de Huesca;casbas de huesca;Huesca;huesca;Aragón;Casbas de Huesca;42.15534336;-0.139634612;558;287
22082;Castejón del Puente;castejon del puente;Huesca;huesca;Aragón;Castejón del Puente;41.96196739;0.159559389;357;359
22083;Castejón de Monegros;castejon de monegros;Huesca;huesca;Aragón;Castejón de Monegros;41.61805866;-0.239932747;470;458
22084;Castejón de Sos;castejon de sos;Huesca;huesca;Aragón;Castejón de Sos;42.51261643;0.491792833;913;834
22085;Castelflorite;castelflorite;Huesca;huesca;Aragón;Castelflorite;41.80247661;-0.022057044;308;102
22086;Castiello de Jaca;castiello de jaca;Huesca;huesca;Aragón;Castiello de Jaca;42.63009433;-0.548995174;892;280
22087;Castigaleu;castigaleu;Huesca;huesca;Aragón;Castigaleu;42.20344708;0.580041058;838;80
22088;Castillazuelo;castillazuelo;Huesca;huesca;Aragón;Castillazuelo;42.06837813;0.064762779;368;168
22089;Castillonroy;castillonroy;Huesca;huesca;Aragón;Castillonroy;41.88370513;0.516019642;451;339
22090;Colungo;colungo;Huesca;huesca;Aragón;Colungo;42.17212622;0.063909484;605;127
22094;Chalamera;chalamera;Huesca;huesca;Aragón;Chalamera;41.66559358;0.161429011;196;119
22095;Chía;chia;Huesca;huesca;Aragón;Chía;42.52067088;0.466021303;1202;90
22096;Chimillas;chimillas;Huesca;huesca;Aragón;Chimillas;42.17097955;-0.450324132;521;407
22099;Esplús;esplus;Huesca;huesca;Aragón;Esplús;41.79883343;0.27661538;274;675
22102;Estada;estada;Huesca;huesca;Aragón;Estada;42.07210078;0.232472257;375;215
22103;Estadilla;estadilla;Huesca;huesca;Aragón;Estadilla;42.05743485;0.244038589;451;810
22105;Estopiñán del Castillo;estopinan del castillo;Huesca;huesca;Aragón;Estopiñán del Castillo;41.99614456;0.542996619;738;146
22106;Fago;fago;Huesca;huesca;Aragón;Fago;42.73522462;-0.866285395;888;23
22107;Fanlo;fanlo;Huesca;huesca;Aragón;Fanlo;42.58707013;-0.021242787;1355;113
22109;Fiscal;fiscal;Huesca;huesca;Aragón;Fiscal;42.49579209;-0.120383898;768;365
22110;Fonz;fonz;Huesca;huesca;Aragón;Fonz;42.01102774;0.257816428;453;886
22111;Foradada del Toscar;foradada del toscar;Huesca;huesca;Aragón;Foradada del Toscar;42.37838322;0.392189752;978;163
22112;Fraga;fraga;Huesca;huesca;Aragón;Fraga;41.52125932;0.352158695;113;15400
22113;Fueva, La;fueva, la;Huesca;huesca;Aragón;Fueva, La;42.36995266;0.272452906;632;614
22114;Gistaín;gistain;Huesca;huesca;Aragón;Gistaín;42.59079638;0.334182903;1399;114
22115;Grado, El;grado, el;Huesca;huesca;Aragón;Grado, El;42.15258106;0.221972683;483;382
22116;Grañén;granen;Huesca;huesca;Aragón;Grañén;41.93919857;-0.36906972;322;1733
22117;Graus;graus;Huesca;huesca;Aragón;Graus;42.18958637;0.336382351;461;3401
22119;Gurrea de Gállego;gurrea de gallego;Huesca;huesca;Aragón;Gurrea de Gállego;42.01252072;-0.761451155;337;1429
22122;Hoz de Jaca;hoz de jaca;Huesca;huesca;Aragón;Hoz de Jaca;42.6909375;-0.305732787;1263;82
22124;Huerto;huerto;Huesca;huesca;Aragón;Huerto;41.93127895;-0.16638601;370;215
22125;Huesca;huesca;Huesca;huesca;Aragón;Huesca;42.14062757;-0.409021685;487;55033
22126;Ibieca;ibieca;Huesca;huesca;Aragón;Ibieca;42.1608359;-0.208284923;641;111
22127;Igriés;igries;Huesca;huesca;Aragón;Igriés;42.21369234;-0.431745405;599;729
22128;Ilche;ilche;Huesca;huesca;Aragón;Ilche;41.95752209;0.057166434;322;187
22129;Isábena;isabena;Huesca;huesca;Aragón;Isábena;42.30282856;0.542439726;741;235
22130;Jaca;jaca;Huesca;huesca;Aragón;Jaca;42.56900333;-0.549511482;817;14012
22131;Jasa;jasa;Huesca;huesca;Aragón;Jasa;42.69373319;-0.666692535;928;90
22133;Labuerda;labuerda;Huesca;huesca;Aragón;Labuerda;42.45034081;0.133720703;572;176
22135;Laluenga;laluenga;Huesca;huesca;Aragón;Laluenga;42.00507431;-0.047548933;483;201
22136;Lalueza;lalueza;Huesca;huesca;Aragón;Lalueza;41.84152226;-0.257726589;288;848
22137;Lanaja;lanaja;Huesca;huesca;Aragón;Lanaja;41.77136851;-0.329616157;363;1141
22139;Laperdiguera;laperdiguera;Huesca;huesca;Aragón;Laperdiguera;41.99019248;-0.044308328;446;87
22141;Lascellas-Ponzano;lascellas ponzano;Huesca;huesca;Aragón;Lascellas-Ponzano;42.06699836;-0.077612278;535;138
22142;Lascuarre;lascuarre;Huesca;huesca;Aragón;Lascuarre;42.19809315;0.514718235;640;139
22143;Laspaúles;laspaules;Huesca;huesca;Aragón;Laspaúles;42.47078201;0.597861228;1435;255
22144;Laspuña;laspuna;Huesca;huesca;Aragón;Laspuña;42.50247613;0.153707792;706;279
22149;Loarre;loarre;Huesca;huesca;Aragón;Loarre;42.31452972;-0.626283148;776;357
22150;Loporzano;loporzano;Huesca;huesca;Aragón;Loporzano;42.16117508;-0.323681221;578;576
22151;Loscorrales;loscorrales;Huesca;huesca;Aragón;Loscorrales;42.25409042;-0.642635822;621;98
22155;Monesma y Cajigar;monesma y cajigar;Huesca;huesca;Aragón;Monesma y Cajigar;42.26056325;0.59755161;1025;68
22156;Monflorite-Lascasas;monflorite lascasas;Huesca;huesca;Aragón;Monflorite-Lascasas;42.09472684;-0.356549526;436;474
22157;Montanuy;montanuy;Huesca;huesca;Aragón;Montanuy;42.44776294;0.706635814;1213;230
22158;Monzón;monzon;Huesca;huesca;Aragón;Monzón;41.91084946;0.192458067;275;18465
22160;Naval;naval;Huesca;huesca;Aragón;Naval;42.19473436;0.150774627;627;279
22162;Novales;novales;Huesca;huesca;Aragón;Novales;42.03257421;-0.286737189;458;155
22163;Nueno;nueno;Huesca;huesca;Aragón;Nueno;42.26737518;-0.439819302;731;573
22164;Olvena;olvena;Huesca;huesca;Aragón;Olvena;42.10738747;0.26039263;525;63
22165;Ontiñena;ontinena;Huesca;huesca;Aragón;Ontiñena;41.67661568;0.087267578;215;498
22167;Osso de Cinca;osso de cinca;Huesca;huesca;Aragón;Osso de Cinca;41.665536;0.191477585;166;664
22168;Palo;palo;Huesca;huesca;Aragón;Palo;42.32316754;0.243565663;710;31
22170;Panticosa;panticosa;Huesca;huesca;Aragón;Panticosa;42.72373489;-0.284500867;1176;919
22172;Peñalba;penalba;Huesca;huesca;Aragón;Peñalba;41.50022033;-0.03968999;246;685
22173;Peñas de Riglos, Las;penas de riglos, las;Huesca;huesca;Aragón;Peñas de Riglos, Las;42.34831471;-0.72768473;636;263
22174;Peralta de Alcofea;peralta de alcofea;Huesca;huesca;Aragón;Peralta de Alcofea;41.93113548;-0.067880131;391;573
22175;Peralta de Calasanz;peralta de calasanz;Huesca;huesca;Aragón;Peralta de Calasanz;41.99264791;0.386195807;519;205
22176;Peraltilla;peraltilla;Huesca;huesca;Aragón;Peraltilla;42.05588479;-0.018269964;426;212
22177;Perarrúa;perarrua;Huesca;huesca;Aragón;Perarrúa;42.26759761;0.35155083;513;116
22178;Pertusa;pertusa;Huesca;huesca;Aragón;Pertusa;42.00296899;-0.127098313;377;129
22181;Piracés;piraces;Huesca;huesca;Aragón;Piracés;42.00515328;-0.316273972;456;91
22182;Plan;plan;Huesca;huesca;Aragón;Plan;42.58147011;0.337702054;1108;274
22184;Poleñino;polenino;Huesca;huesca;Aragón;Poleñino;41.87014792;-0.309853265;297;183
22186;Pozán de Vero;pozan de vero;Huesca;huesca;Aragón;Pozán de Vero;42.08112009;0.033090524;391;227
22187;Puebla de Castro, La;puebla de castro, la;Huesca;huesca;Aragón;Puebla de Castro, La;42.1445806;0.288230944;647;427
22188;Puente de Montañana;puente de montanana;Huesca;huesca;Aragón;Puente de Montañana;42.15112142;0.694612094;530;87
22189;Puértolas;puertolas;Huesca;huesca;Aragón;Puértolas;42.50107885;0.145301826;1173;219
22190;Pueyo de Araguás, El;pueyo de araguas, el;Huesca;huesca;Aragón;Pueyo de Araguás, El;42.44123677;0.161537317;692;178
22193;Pueyo de Santa Cruz;pueyo de santa cruz;Huesca;huesca;Aragón;Pueyo de Santa Cruz;41.85791001;0.15604142;244;333
22195;Quicena;quicena;Huesca;huesca;Aragón;Quicena;42.14676119;-0.359577578;475;391
22197;Robres;robres;Huesca;huesca;Aragón;Robres;41.86644185;-0.461029652;405;524
22199;Sabiñánigo;sabinanigo;Huesca;huesca;Aragón;Sabiñánigo;42.51789564;-0.364510736;789;9665
22200;Sahún;sahun;Huesca;huesca;Aragón;Sahún;42.57649805;0.465082857;1108;322
22201;Salas Altas;salas altas;Huesca;huesca;Aragón;Salas Altas;42.11506243;0.071400755;511;297
22202;Salas Bajas;salas bajas;Huesca;huesca;Aragón;Salas Bajas;42.10005532;0.083476115;459;184
22203;Salillas;salillas;Huesca;huesca;Aragón;Salillas;41.99349132;-0.22509197;425;93
22204;Sallent de Gállego;sallent de gallego;Huesca;huesca;Aragón;Sallent de Gállego;42.77188419;-0.331946326;1278;1540
22205;San Esteban de Litera;san esteban de litera;Huesca;huesca;Aragón;San Esteban de Litera;41.90545997;0.326066266;410;669
22206;Sangarrén;sangarren;Huesca;huesca;Aragón;Sangarrén;42.017975;-0.431774756;376;231
22207;San Juan de Plan;san juan de plan;Huesca;huesca;Aragón;San Juan de Plan;42.58833432;0.345217524;1128;145
22208;Santa Cilia;santa cilia;Huesca;huesca;Aragón;Santa Cilia;42.56039461;-0.714298641;645;242
22209;Santa Cruz de la Serós;santa cruz de la seros;Huesca;huesca;Aragón;Santa Cruz de la Serós;42.52292348;-0.674499465;788;194
22212;Santaliestra y San Quílez;santaliestra y san quilez;Huesca;huesca;Aragón;Santaliestra y San Quílez;42.3063028;0.365546081;563;78
22213;Sariñena;sarinena;Huesca;huesca;Aragón;Sariñena;41.79214589;-0.157634184;281;4119
22214;Secastilla;secastilla;Huesca;huesca;Aragón;Secastilla;42.18146066;0.266818404;614;142
22215;Seira;seira;Huesca;huesca;Aragón;Seira;42.47663052;0.430969934;805;149
22217;Sena;sena;Huesca;huesca;Aragón;Sena;41.71564579;-0.044421835;222;488
22218;Senés de Alcubierre;senes de alcubierre;Huesca;huesca;Aragón;Senés de Alcubierre;41.90706493;-0.490114082;388;49
22220;Sesa;sesa;Huesca;huesca;Aragón;Sesa;41.99553821;-0.244030594;432;168
22221;Sesué;sesue;Huesca;huesca;Aragón;Sesué;42.550172;0.471174675;977;120
22222;Siétamo;sietamo;Huesca;huesca;Aragón;Siétamo;42.12308656;-0.280212874;558;703
22223;Sopeira;sopeira;Huesca;huesca;Aragón;Sopeira;42.3164338;0.746105822;720;86
22225;Tamarite de Litera;tamarite de litera;Huesca;huesca;Aragón;Tamarite de Litera;41.86910194;0.421668199;355;3457
22226;Tardienta;tardienta;Huesca;huesca;Aragón;Tardienta;41.9792346;-0.536727437;384;951
22227;Tella-Sin;tella sin;Huesca;huesca;Aragón;Tella-Sin;42.54323583;0.195034661;683;207
22228;Tierz;tierz;Huesca;huesca;Aragón;Tierz;42.13249778;-0.353764968;467;823
22229;Tolva;tolva;Huesca;huesca;Aragón;Tolva;42.11463283;0.564014466;689;130
22230;Torla-Ordesa;torla ordesa;Huesca;huesca;Aragón;Torla-Ordesa;42.62772078;-0.112293587;1020;344
22232;Torralba de Aragón;torralba de aragon;Huesca;huesca;Aragón;Torralba de Aragón;41.93408097;-0.51035403;384;102
22233;Torre la Ribera;torre la ribera;Huesca;huesca;Aragón;Torre la Ribera;42.36705959;0.526635851;975;102
22234;Torrente de Cinca;torrente de cinca;Huesca;huesca;Aragón;Torrente de Cinca;41.47429913;0.335457388;103;1077
22235;Torres de Alcanadre;torres de alcanadre;Huesca;huesca;Aragón;Torres de Alcanadre;41.9671348;-0.111247321;389;91
22236;Torres de Barbués;torres de barbues;Huesca;huesca;Aragón;Torres de Barbués;41.9603021;-0.431198494;348;275
22239;Tramaced;tramaced;Huesca;huesca;Aragón;Tramaced;41.97291155;-0.297504693;401;108
22242;Valfarta;valfarta;Huesca;huesca;Aragón;Valfarta;41.55784584;-0.133167327;363;54
22243;Valle de Bardají;valle de bardaji;Huesca;huesca;Aragón;Valle de Bardají;42.41431592;0.44429083;1002;52
22244;Valle de Lierp;valle de lierp;Huesca;huesca;Aragón;Valle de Lierp;42.37941248;0.476806011;1015;52
22245;Velilla de Cinca;velilla de cinca;Huesca;huesca;Aragón;Velilla de Cinca;41.58659205;0.261185308;126;512
22246;Beranuy;beranuy;Huesca;huesca;Aragón;Beranuy;42.36966054;0.590400477;936;67
22247;Viacamp y Litera;viacamp y litera;Huesca;huesca;Aragón;Viacamp y Litera;42.1339794;0.619117531;850;41
22248;Vicién;vicien;Huesca;huesca;Aragón;Vicién;42.05675407;-0.441053693;394;150
22249;Villanova;villanova;Huesca;huesca;Aragón;Villanova;42.54618629;0.46177087;986;171
22250;Villanúa;villanua;Huesca;huesca;Aragón;Villanúa;42.67875256;-0.531602702;950;569
22251;Villanueva de Sigena;villanueva de sigena;Huesca;huesca;Aragón;Villanueva de Sigena;41.71541048;-0.008653925;228;342
22252;Yebra de Basa;yebra de basa;Huesca;huesca;Aragón;Yebra de Basa;42.48670818;-0.282226336;881;157
22253;Yésero;yesero;Huesca;huesca;Aragón;Yésero;42.61913735;-0.250828506;1127;60
22254;Zaidín;zaidin;Huesca;huesca;Aragón;Zaidín;41.60453872;0.263348224;155;1833
22901;Valle de Hecho;valle de hecho;Huesca;huesca;Aragón;Valle de Hecho;42.73936324;-0.750279697;835;812
22902;Puente la Reina de Jaca;puente la reina de jaca;Huesca;huesca;Aragón;Puente la Reina de Jaca;42.55949103;-0.788187128;606;270
22903;San Miguel del Cinca;san miguel del cinca;Huesca;huesca;Aragón;San Miguel del Cinca;41.85054629;0.12938798;228;777
22904;Sotonera, La;sotonera, la;Huesca;huesca;Aragón;Sotonera, La;42.25937524;-0.552695837;660;880
22905;Lupiñén-Ortilla;lupinen ortilla;Huesca;huesca;Aragón;Lupiñén-Ortilla;42.17412718;-0.582126091;468;356
22906;Santa María de Dulcis;santa maria de dulcis;Huesca;huesca;Aragón;Santa María de Dulcis;42.11486519;0.016262628;427;205
22907;Aínsa-Sobrarbe;ainsa sobrarbe;Huesca;huesca;Aragón;Aínsa-Sobrarbe;42.41710333;0.138945574;591;2315
22908;Hoz y Costean;hoz y costean;Huesca;huesca;Aragón;Hoz y Costean;42.13978637;0.133586775;657;225
22909;Vencillón;vencillon;Huesca;huesca;Aragón;Vencillón;41.70604896;0.322523166;202;402
23001;Albanchez de Mágina;albanchez de magina;Jaén;jaen;Andalucía;Albanchez de Mágina;37.79163581;-3.468166297;832;906
23002;Alcalá la Real;alcala la real;Jaén;jaen;Andalucía;Alcalá la Real;37.46347506;-3.925072294;925;21577
23003;Alcaudete;alcaudete;Jaén;jaen;Andalucía;Alcaudete;37.59097147;-4.086712238;656;10182
23004;Aldeaquemada;aldeaquemada;Jaén;jaen;Andalucía;Aldeaquemada;38.41209543;-3.371146325;696;447
23005;Andújar;andujar;Jaén;jaen;Andalucía;Andújar;38.03657725;-4.054382853;210;35677
23006;Arjona;arjona;Jaén;jaen;Andalucía;Arjona;37.93655526;-4.055308334;430;5327
23007;Arjonilla;arjonilla;Jaén;jaen;Andalucía;Arjonilla;37.97357459;-4.106732505;345;3525
23008;Arquillos;arquillos;Jaén;jaen;Andalucía;Arquillos;38.18200398;-3.431085466;380;1685
23009;Baeza;baeza;Jaén;jaen;Andalucía;Baeza;37.99352485;-3.469641566;752;15567
23010;Bailén;bailen;Jaén;jaen;Andalucía;Bailén;38.09599316;-3.77483982;348;17128
23011;Baños de la Encina;banos de la encina;Jaén;jaen;Andalucía;Baños de la Encina;38.17094899;-3.77425587;419;2542
23012;Beas de Segura;beas de segura;Jaén;jaen;Andalucía;Beas de Segura;38.25257887;-2.88985229;572;4991
23014;Begíjar;begijar;Jaén;jaen;Andalucía;Begíjar;37.98508644;-3.534383079;561;2906
23015;Bélmez de la Moraleda;belmez de la moraleda;Jaén;jaen;Andalucía;Bélmez de la Moraleda;37.72423424;-3.382341258;857;1509
23016;Benatae;benatae;Jaén;jaen;Andalucía;Benatae;38.35267367;-2.65069169;853;422
23017;Cabra del Santo Cristo;cabra del santo cristo;Jaén;jaen;Andalucía;Cabra del Santo Cristo;37.70499946;-3.28603571;945;1642
23018;Cambil;cambil;Jaén;jaen;Andalucía;Cambil;37.67694859;-3.56571613;763;2652
23019;Campillo de Arenas;campillo de arenas;Jaén;jaen;Andalucía;Campillo de Arenas;37.5557683;-3.635598406;871;1712
23020;Canena;canena;Jaén;jaen;Andalucía;Canena;38.04770898;-3.482798026;500;1710
23021;Carboneros;carboneros;Jaén;jaen;Andalucía;Carboneros;38.2295087;-3.631323724;406;624
23024;Carolina, La;carolina, la;Jaén;jaen;Andalucía;Carolina, La;38.2743808;-3.61528683;595;14692
23025;Castellar;castellar;Jaén;jaen;Andalucía;Castellar;38.25596316;-3.129308894;760;3146
23026;Castillo de Locubín;castillo de locubin;Jaén;jaen;Andalucía;Castillo de Locubín;37.5288193;-3.944333935;690;3806
23027;Cazalilla;cazalilla;Jaén;jaen;Andalucía;Cazalilla;37.98452546;-3.882171553;301;759
23028;Cazorla;cazorla;Jaén;jaen;Andalucía;Cazorla;37.91068908;-3.001851995;806;6913
23029;Chiclana de Segura;chiclana de segura;Jaén;jaen;Andalucía;Chiclana de Segura;38.31204914;-3.042270031;863;869
23030;Chilluévar;chilluevar;Jaén;jaen;Andalucía;Chilluévar;38.001477;-3.030975675;725;1309
23031;Escañuela;escanuela;Jaén;jaen;Andalucía;Escañuela;37.87865909;-4.03326421;315;902
23032;Espeluy;espeluy;Jaén;jaen;Andalucía;Espeluy;38.03310252;-3.861852685;279;598
23033;Frailes;frailes;Jaén;jaen;Andalucía;Frailes;37.48598229;-3.837217509;972;1562
23034;Fuensanta de Martos;fuensanta de martos;Jaén;jaen;Andalucía;Fuensanta de Martos;37.64763719;-3.905469965;720;3047
23035;Fuerte del Rey;fuerte del rey;Jaén;jaen;Andalucía;Fuerte del Rey;37.87410172;-3.884617625;434;1356
23037;Génave;genave;Jaén;jaen;Andalucía;Génave;38.42941782;-2.733470289;836;554
23038;Guardia de Jaén, La;guardia de jaen, la;Jaén;jaen;Andalucía;Guardia de Jaén, La;37.74141626;-3.693061812;618;5245
23039;Guarromán;guarroman;Jaén;jaen;Andalucía;Guarromán;38.18149549;-3.686663042;349;2706
23040;Lahiguera;lahiguera;Jaén;jaen;Andalucía;Lahiguera;37.97068691;-3.989233179;373;1562
23041;Higuera de Calatrava;higuera de calatrava;Jaén;jaen;Andalucía;Higuera de Calatrava;37.79747113;-4.155171864;329;590
23042;Hinojares;hinojares;Jaén;jaen;Andalucía;Hinojares;37.71545306;-2.999275468;659;342
23043;Hornos;hornos;Jaén;jaen;Andalucía;Hornos;38.21672092;-2.720481802;867;561
23044;Huelma;huelma;Jaén;jaen;Andalucía;Huelma;37.650201;-3.459519532;982;5484
23045;Huesa;huesa;Jaén;jaen;Andalucía;Huesa;37.76424487;-3.077981704;631;2409
23046;Ibros;ibros;Jaén;jaen;Andalucía;Ibros;38.02291608;-3.502346319;595;2780
23047;Iruela, La;iruela, la;Jaén;jaen;Andalucía;Iruela, La;37.92043435;-2.993956265;938;1822
23048;Iznatoraf;iznatoraf;Jaén;jaen;Andalucía;Iznatoraf;38.15735078;-3.033100637;1037;874
23049;Jabalquinto;jabalquinto;Jaén;jaen;Andalucía;Jabalquinto;38.01945097;-3.724608221;497;1943
23050;Jaén;jaen;Jaén;jaen;Andalucía;Jaén;37.7645763;-3.790869297;574;112119
23051;Jamilena;jamilena;Jaén;jaen;Andalucía;Jamilena;37.74733756;-3.912203381;748;3317
23052;Jimena;jimena;Jaén;jaen;Andalucía;Jimena;37.84140933;-3.476228936;617;1224
23053;Jódar;jodar;Jaén;jaen;Andalucía;Jódar;37.84424077;-3.352877062;646;11279
23054;Larva;larva;Jaén;jaen;Andalucía;Larva;37.75990759;-3.20218412;730;441
23055;Linares;linares;Jaén;jaen;Andalucía;Linares;38.09380401;-3.636109564;405;55689
23056;Lopera;lopera;Jaén;jaen;Andalucía;Lopera;37.94358503;-4.214734683;272;3498
23057;Lupión;lupion;Jaén;jaen;Andalucía;Lupión;37.9966827;-3.546743566;502;801
23058;Mancha Real;mancha real;Jaén;jaen;Andalucía;Mancha Real;37.78644315;-3.612587972;756;11479
23059;Marmolejo;marmolejo;Jaén;jaen;Andalucía;Marmolejo;38.04468337;-4.170981691;244;6428
23060;Martos;martos;Jaén;jaen;Andalucía;Martos;37.72282642;-3.965900495;733;24441
23061;Mengíbar;mengibar;Jaén;jaen;Andalucía;Mengíbar;37.96833969;-3.808564834;324;10278
23062;Montizón;montizon;Jaén;jaen;Andalucía;Montizón;38.34253892;-3.103199279;645;1582
23063;Navas de San Juan;navas de san juan;Jaén;jaen;Andalucía;Navas de San Juan;38.1848642;-3.315244428;655;4363
23064;Noalejo;noalejo;Jaén;jaen;Andalucía;Noalejo;37.52949961;-3.653580352;1086;1725
23065;Orcera;orcera;Jaén;jaen;Andalucía;Orcera;38.31782954;-2.659383219;797;1712
23066;Peal de Becerro;peal de becerro;Jaén;jaen;Andalucía;Peal de Becerro;37.91335568;-3.121719386;551;5290
23067;Pegalajar;pegalajar;Jaén;jaen;Andalucía;Pegalajar;37.73791026;-3.650827008;798;2832
23069;Porcuna;porcuna;Jaén;jaen;Andalucía;Porcuna;37.87111161;-4.184610244;466;5935
23070;Pozo Alcón;pozo alcon;Jaén;jaen;Andalucía;Pozo Alcón;37.70523535;-2.93423967;861;4545
23071;Puente de Génave;puente de genave;Jaén;jaen;Andalucía;Puente de Génave;38.35352648;-2.804341149;545;2190
23072;Puerta de Segura, La;puerta de segura, la;Jaén;jaen;Andalucía;Puerta de Segura, La;38.3484751;-2.736864596;580;2219
23073;Quesada;quesada;Jaén;jaen;Andalucía;Quesada;37.84524791;-3.067738329;680;4899
23074;Rus;rus;Jaén;jaen;Andalucía;Rus;38.04800415;-3.461843517;588;3393
23075;Sabiote;sabiote;Jaén;jaen;Andalucía;Sabiote;38.06919646;-3.306621102;828;3747
23076;Santa Elena;santa elena;Jaén;jaen;Andalucía;Santa Elena;38.33912408;-3.539153832;740;864
23077;Santiago de Calatrava;santiago de calatrava;Jaén;jaen;Andalucía;Santiago de Calatrava;37.75305959;-4.169455374;387;677
23079;Santisteban del Puerto;santisteban del puerto;Jaén;jaen;Andalucía;Santisteban del Puerto;38.24757858;-3.206387603;695;4450
23080;Santo Tomé;santo tome;Jaén;jaen;Andalucía;Santo Tomé;38.02835259;-3.101847467;456;2045
23081;Segura de la Sierra;segura de la sierra;Jaén;jaen;Andalucía;Segura de la Sierra;38.2977559;-2.651568521;1128;1707
23082;Siles;siles;Jaén;jaen;Andalucía;Siles;38.38709958;-2.580546265;832;2062
23084;Sorihuela del Guadalimar;sorihuela del guadalimar;Jaén;jaen;Andalucía;Sorihuela del Guadalimar;38.2396783;-3.05412734;634;1000
23085;Torreblascopedro;torreblascopedro;Jaén;jaen;Andalucía;Torreblascopedro;37.99751084;-3.636762446;333;2385
23086;Torredelcampo;torredelcampo;Jaén;jaen;Andalucía;Torredelcampo;37.7704517;-3.896955071;646;13894
23087;Torredonjimeno;torredonjimeno;Jaén;jaen;Andalucía;Torredonjimeno;37.76576161;-3.958870224;586;13217
23088;Torreperogil;torreperogil;Jaén;jaen;Andalucía;Torreperogil;38.03453954;-3.287650234;752;7123
23090;Torres;torres;Jaén;jaen;Andalucía;Torres;37.78606415;-3.509722444;882;1337
23091;Torres de Albánchez;torres de albanchez;Jaén;jaen;Andalucía;Torres de Albánchez;38.41453906;-2.677033378;828;741
23092;Úbeda;ubeda;Jaén;jaen;Andalucía;Úbeda;38.00821735;-3.368450074;730;33605
23093;Valdepeñas de Jaén;valdepenas de jaen;Jaén;jaen;Andalucía;Valdepeñas de Jaén;37.59030989;-3.819948643;920;3467
23094;Vilches;vilches;Jaén;jaen;Andalucía;Vilches;38.20460289;-3.507639828;545;4193
23095;Villacarrillo;villacarrillo;Jaén;jaen;Andalucía;Villacarrillo;38.11534606;-3.087310475;788;10323
23096;Villanueva de la Reina;villanueva de la reina;Jaén;jaen;Andalucía;Villanueva de la Reina;38.00512971;-3.919600506;220;2968
23097;Villanueva del Arzobispo;villanueva del arzobispo;Jaén;jaen;Andalucía;Villanueva del Arzobispo;38.16946188;-3.010143709;669;7767
23098;Villardompardo;villardompardo;Jaén;jaen;Andalucía;Villardompardo;37.83966309;-4.001342238;441;894
23099;Villares, Los;villares, los;Jaén;jaen;Andalucía;Villares, Los;37.68936292;-3.818343765;633;6120
23101;Villarrodrigo;villarrodrigo;Jaén;jaen;Andalucía;Villarrodrigo;38.48708732;-2.636081199;875;372
23901;Cárcheles;carcheles;Jaén;jaen;Andalucía;Cárcheles;37.63442861;-3.641110645;798;1291
23902;Bedmar y Garcíez;bedmar y garciez;Jaén;jaen;Andalucía;Bedmar y Garcíez;37.82283365;-3.411648663;647;2567
23903;Villatorres;villatorres;Jaén;jaen;Andalucía;Villatorres;37.93995581;-3.729942146;346;4257
23904;Santiago-Pontones;santiago pontones;Jaén;jaen;Andalucía;Santiago-Pontones;38.11273039;-2.551696945;1319;2624
23905;Arroyo del Ojanco;arroyo del ojanco;Jaén;jaen;Andalucía;Arroyo del Ojanco;38.32094868;-2.894939303;539;2205
24001;Acebedo;acebedo;León;leon;Castilla y León;Acebedo;43.04073212;-5.1158706;1148;178
24002;Algadefe;algadefe;León;leon;Castilla y León;Algadefe;42.21884397;-5.582911392;737;315
24003;Alija del Infantado;alija del infantado;León;leon;Castilla y León;Alija del Infantado;42.14087814;-5.829778061;734;552
24004;Almanza;almanza;León;leon;Castilla y León;Almanza;42.6564569;-5.035516462;909;567
24005;Antigua, La;antigua, la;León;leon;Castilla y León;Antigua, La;42.18039551;-5.689112926;762;322
24006;Ardón;ardon;León;leon;Castilla y León;Ardón;42.43769198;-5.563497256;776;531
24007;Arganza;arganza;León;leon;Castilla y León;Arganza;42.63921212;-6.687777904;595;805
24008;Astorga;astorga;León;leon;Castilla y León;Astorga;42.45419587;-6.052963815;865;10300
24009;Balboa;balboa;León;leon;Castilla y León;Balboa;42.70654301;-6.924273338;683;268
24010;Bañeza, La;baneza, la;León;leon;Castilla y León;Bañeza, La;42.29998283;-5.897046967;771;10326
24011;Barjas;barjas;León;leon;Castilla y León;Barjas;42.61098877;-6.978234443;839;140
24012;Barrios de Luna, Los;barrios de luna, los;León;leon;Castilla y León;Barrios de Luna, Los;42.84513628;-5.862020854;1031;300
24014;Bembibre;bembibre;León;leon;Castilla y León;Bembibre;42.61480339;-6.416294996;649;8075
24015;Benavides;benavides;León;leon;Castilla y León;Benavides;42.50190766;-5.895932478;840;2319
24016;Benuza;benuza;León;leon;Castilla y León;Benuza;42.40016086;-6.709687933;802;455
24017;Bercianos del Páramo;bercianos del paramo;León;leon;Castilla y León;Bercianos del Páramo;42.38026223;-5.704060573;818;514
24018;Bercianos del Real Camino;bercianos del real camino;León;leon;Castilla y León;Bercianos del Real Camino;42.38726271;-5.144785295;851;179
24019;Berlanga del Bierzo;berlanga del bierzo;León;leon;Castilla y León;Berlanga del Bierzo;42.72991914;-6.605203792;809;311
24020;Boca de Huérgano;boca de huergano;León;leon;Castilla y León;Boca de Huérgano;42.97396734;-4.926883298;1109;410
24021;Boñar;bonar;León;leon;Castilla y León;Boñar;42.86758225;-5.322522364;975;1729
24022;Borrenes;borrenes;León;leon;Castilla y León;Borrenes;42.49190207;-6.725992352;555;298
24023;Brazuelo;brazuelo;León;leon;Castilla y León;Brazuelo;42.49691232;-6.157401647;965;303
24024;Burgo Ranero, El;burgo ranero, el;León;leon;Castilla y León;Burgo Ranero, El;42.42361302;-5.219525751;878;698
24025;Burón;buron;León;leon;Castilla y León;Burón;43.02445619;-5.051661412;1104;282
24026;Bustillo del Páramo;bustillo del paramo;León;leon;Castilla y León;Bustillo del Páramo;42.44107078;-5.791524504;844;1058
24027;Cabañas Raras;cabanas raras;León;leon;Castilla y León;Cabañas Raras;42.62018158;-6.637929311;558;1297
24028;Cabreros del Río;cabreros del rio;León;leon;Castilla y León;Cabreros del Río;42.4016075;-5.541342545;762;406
24029;Cabrillanes;cabrillanes;León;leon;Castilla y León;Cabrillanes;42.95287941;-6.149870289;1248;689
24030;Cacabelos;cacabelos;León;leon;Castilla y León;Cacabelos;42.5987051;-6.72567619;479;4738
24031;Calzada del Coto;calzada del coto;León;leon;Castilla y León;Calzada del Coto;42.38881975;-5.080163185;818;214
24032;Campazas;campazas;León;leon;Castilla y León;Campazas;42.14178909;-5.494329826;774;111
24033;Campo de Villavidel;campo de villavidel;León;leon;Castilla y León;Campo de Villavidel;42.43921039;-5.528227107;768;206
24034;Camponaraya;camponaraya;León;leon;Castilla y León;Camponaraya;42.57955983;-6.671790337;489;4065
24036;Valle de Ancares;valle de ancares;León;leon;Castilla y León;Valle de Ancares;42.81829691;-6.727148079;876;257
24037;Cármenes;carmenes;León;leon;Castilla y León;Cármenes;42.95902129;-5.573480372;1162;356
24038;Carracedelo;carracedelo;León;leon;Castilla y León;Carracedelo;42.556061;-6.732629;456;3426
24039;Carrizo;carrizo;León;leon;Castilla y León;Carrizo;42.58479373;-5.831151811;871;2240
24040;Carrocera;carrocera;León;leon;Castilla y León;Carrocera;42.79629741;-5.743479472;1047;433
24041;Carucedo;carucedo;León;leon;Castilla y León;Carucedo;42.4897662;-6.768740066;500;478
24042;Castilfalé;castilfale;León;leon;Castilla y León;Castilfalé;42.21998287;-5.421184395;825;58
24043;Castrillo de Cabrera;castrillo de cabrera;León;leon;Castilla y León;Castrillo de Cabrera;42.34023308;-6.544906435;1069;100
24044;Castrillo de la Valduerna;castrillo de la valduerna;León;leon;Castilla y León;Castrillo de la Valduerna;42.32376026;-6.134866409;905;138
24046;Castrocalbón;castrocalbon;León;leon;Castilla y León;Castrocalbón;42.1977344;-5.984837753;812;898
24047;Castrocontrigo;castrocontrigo;León;leon;Castilla y León;Castrocontrigo;42.18477086;-6.189666405;914;627
24049;Castropodame;castropodame;León;leon;Castilla y León;Castropodame;42.58130848;-6.469577262;719;1571
24050;Castrotierra de Valmadrigal;castrotierra de valmadrigal;León;leon;Castilla y León;Castrotierra de Valmadrigal;42.3474171;-5.246587359;850;106
24051;Cea;cea;León;leon;Castilla y León;Cea;42.46340758;-5.012574908;840;373
24052;Cebanico;cebanico;León;leon;Castilla y León;Cebanico;42.72525675;-5.025692339;954;146
24053;Cebrones del Río;cebrones del rio;León;leon;Castilla y León;Cebrones del Río;42.25745628;-5.827102387;758;438
24054;Cimanes de la Vega;cimanes de la vega;León;leon;Castilla y León;Cimanes de la Vega;42.11714648;-5.597406385;718;444
24055;Cimanes del Tejar;cimanes del tejar;León;leon;Castilla y León;Cimanes del Tejar;42.61733979;-5.806781536;895;720
24056;Cistierna;cistierna;León;leon;Castilla y León;Cistierna;42.80314264;-5.125744041;944;2855
24057;Congosto;congosto;León;leon;Castilla y León;Congosto;42.61825967;-6.519306312;691;1425
24058;Corbillos de los Oteros;corbillos de los oteros;León;leon;Castilla y León;Corbillos de los Oteros;42.40776561;-5.458063484;791;173
24059;Corullón;corullon;León;leon;Castilla y León;Corullón;42.58100987;-6.818591664;518;797
24060;Crémenes;cremenes;León;leon;Castilla y León;Crémenes;42.90143167;-5.145024316;996;492
24061;Cuadros;cuadros;León;leon;Castilla y León;Cuadros;42.71053443;-5.638917657;900;2074
24062;Cubillas de los Oteros;cubillas de los oteros;León;leon;Castilla y León;Cubillas de los Oteros;42.37243922;-5.507636382;773;141
24063;Cubillas de Rueda;cubillas de rueda;León;leon;Castilla y León;Cubillas de Rueda;42.65628462;-5.176745867;881;379
24064;Cubillos del Sil;cubillos del sil;León;leon;Castilla y León;Cubillos del Sil;42.6252261;-6.563529878;584;1749
24065;Chozas de Abajo;chozas de abajo;León;leon;Castilla y León;Chozas de Abajo;42.50840867;-5.686831183;883;2721
24066;Destriana;destriana;León;leon;Castilla y León;Destriana;42.32656792;-6.092928447;876;421
24067;Encinedo;encinedo;León;leon;Castilla y León;Encinedo;42.27151828;-6.59448364;997;636
24068;Ercina, La;ercina, la;León;leon;Castilla y León;Ercina, La;42.81291316;-5.21741441;1102;413
24069;Escobar de Campos;escobar de campos;León;leon;Castilla y León;Escobar de Campos;42.31369059;-4.966320483;814;32
24070;Fabero;fabero;León;leon;Castilla y León;Fabero;42.76583492;-6.627799158;684;3980
24071;Folgoso de la Ribera;folgoso de la ribera;León;leon;Castilla y León;Folgoso de la Ribera;42.64236228;-6.321837731;764;972
24073;Fresno de la Vega;fresno de la vega;León;leon;Castilla y León;Fresno de la Vega;42.34460661;-5.535472113;752;487
24074;Fuentes de Carbajal;fuentes de carbajal;León;leon;Castilla y León;Fuentes de Carbajal;42.17727253;-5.44634306;806;72
24076;Garrafe de Torío;garrafe de torio;León;leon;Castilla y León;Garrafe de Torío;42.73101561;-5.524326917;908;1653
24077;Gordaliza del Pino;gordaliza del pino;León;leon;Castilla y León;Gordaliza del Pino;42.34426975;-5.158197757;818;241
24078;Gordoncillo;gordoncillo;León;leon;Castilla y León;Gordoncillo;42.13559609;-5.4022268;747;308
24079;Gradefes;gradefes;León;leon;Castilla y León;Gradefes;42.62384955;-5.226328553;852;886
24080;Grajal de Campos;grajal de campos;León;leon;Castilla y León;Grajal de Campos;42.32099424;-5.019197459;801;206
24081;Gusendos de los Oteros;gusendos de los oteros;León;leon;Castilla y León;Gusendos de los Oteros;42.37951885;-5.430274168;799;123
24082;Hospital de Órbigo;hospital de orbigo;León;leon;Castilla y León;Hospital de Órbigo;42.46371176;-5.882080054;818;950
24083;Igüeña;iguena;León;leon;Castilla y León;Igüeña;42.72769871;-6.278153835;910;1016
24084;Izagre;izagre;León;leon;Castilla y León;Izagre;42.2233625;-5.258237765;783;136
24086;Joarilla de las Matas;joarilla de las matas;León;leon;Castilla y León;Joarilla de las Matas;42.28805128;-5.177959089;791;245
24087;Laguna Dalga;laguna dalga;León;leon;Castilla y León;Laguna Dalga;42.33174218;-5.752738396;797;608
24088;Laguna de Negrillos;laguna de negrillos;León;leon;Castilla y León;Laguna de Negrillos;42.23916084;-5.661321637;779;1058
24089;León;leon;León;leon;Castilla y León;León;42.59762867;-5.574231879;830;124091
24090;Lucillo;lucillo;León;leon;Castilla y León;Lucillo;42.41020613;-6.30432595;1219;358
24091;Luyego;luyego;León;leon;Castilla y León;Luyego;42.37663781;-6.23630547;1071;539
24092;Llamas de la Ribera;llamas de la ribera;León;leon;Castilla y León;Llamas de la Ribera;42.63562951;-5.825632876;896;783
24093;Magaz de Cepeda;magaz de cepeda;León;leon;Castilla y León;Magaz de Cepeda;42.54212524;-6.0767752;902;345
24094;Mansilla de las Mulas;mansilla de las mulas;León;leon;Castilla y León;Mansilla de las Mulas;42.49867879;-5.417915689;797;1703
24095;Mansilla Mayor;mansilla mayor;León;leon;Castilla y León;Mansilla Mayor;42.50943973;-5.443537634;790;318
24096;Maraña;marana;León;leon;Castilla y León;Maraña;43.04905617;-5.177904421;1239;104
24097;Matadeón de los Oteros;matadeon de los oteros;León;leon;Castilla y León;Matadeón de los Oteros;42.33670706;-5.368820931;862;213
24098;Matallana de Torío;matallana de torio;León;leon;Castilla y León;Matallana de Torío;42.86629061;-5.52111944;1022;1222
24099;Matanza;matanza;León;leon;Castilla y León;Matanza;42.23971422;-5.376550674;830;158
24100;Molinaseca;molinaseca;León;leon;Castilla y León;Molinaseca;42.53839297;-6.51987498;580;866
24101;Murias de Paredes;murias de paredes;León;leon;Castilla y León;Murias de Paredes;42.84998637;-6.191294639;1253;338
24102;Noceda del Bierzo;noceda del bierzo;León;leon;Castilla y León;Noceda del Bierzo;42.71260771;-6.399214443;835;603
24103;Oencia;oencia;León;leon;Castilla y León;Oencia;42.54863375;-6.970381138;892;271
24104;Omañas, Las;omanas, las;León;leon;Castilla y León;Omañas, Las;42.67963805;-5.870310004;934;271
24105;Onzonilla;onzonilla;León;leon;Castilla y León;Onzonilla;42.5247586;-5.582380741;806;1964
24106;Oseja de Sajambre;oseja de sajambre;León;leon;Castilla y León;Oseja de Sajambre;43.13694603;-5.038521248;740;214
24107;Pajares de los Oteros;pajares de los oteros;León;leon;Castilla y León;Pajares de los Oteros;42.32842947;-5.471691917;791;245
24108;Palacios de la Valduerna;palacios de la valduerna;León;leon;Castilla y León;Palacios de la Valduerna;42.32776924;-5.936755239;794;346
24109;Palacios del Sil;palacios del sil;León;leon;Castilla y León;Palacios del Sil;42.87538201;-6.43387303;864;861
24110;Páramo del Sil;paramo del sil;León;leon;Castilla y León;Páramo del Sil;42.81972502;-6.488710318;872;1148
24112;Peranzanes;peranzanes;León;leon;Castilla y León;Peranzanes;42.87750323;-6.633631337;956;276
24113;Pobladura de Pelayo García;pobladura de pelayo garcia;León;leon;Castilla y León;Pobladura de Pelayo García;42.30569973;-5.685877787;795;369
24114;Pola de Gordón, La;pola de gordon, la;León;leon;Castilla y León;Pola de Gordón, La;42.85485566;-5.670264289;1003;2834
24115;Ponferrada;ponferrada;León;leon;Castilla y León;Ponferrada;42.54549954;-6.590654529;543;63112
24116;Posada de Valdeón;posada de valdeon;León;leon;Castilla y León;Posada de Valdeón;43.15113963;-4.918420919;919;394
24117;Pozuelo del Páramo;pozuelo del paramo;León;leon;Castilla y León;Pozuelo del Páramo;42.17051342;-5.771701627;758;373
24118;Prado de la Guzpeña;prado de la guzpena;León;leon;Castilla y León;Prado de la Guzpeña;42.78360531;-5.02528446;1046;109
24119;Priaranza del Bierzo;priaranza del bierzo;León;leon;Castilla y León;Priaranza del Bierzo;42.50897362;-6.671928262;513;684
24120;Prioro;prioro;León;leon;Castilla y León;Prioro;42.89339609;-4.96212701;1120;340
24121;Puebla de Lillo;puebla de lillo;León;leon;Castilla y León;Puebla de Lillo;43.00635166;-5.272851776;1135;640
24122;Puente de Domingo Flórez;puente de domingo florez;León;leon;Castilla y León;Puente de Domingo Flórez;42.41101039;-6.819911613;370;1380
24123;Quintana del Castillo;quintana del castillo;León;leon;Castilla y León;Quintana del Castillo;42.66085699;-6.046899632;1016;700
24124;Quintana del Marco;quintana del marco;León;leon;Castilla y León;Quintana del Marco;42.20669105;-5.849944703;746;295
24125;Quintana y Congosto;quintana y congosto;León;leon;Castilla y León;Quintana y Congosto;42.25547668;-6.036436274;815;402
24127;Regueras de Arriba;regueras de arriba;León;leon;Castilla y León;Regueras de Arriba;42.29214607;-5.860183041;766;263
24129;Reyero;reyero;León;leon;Castilla y León;Reyero;42.94890222;-5.199134335;1149;120
24130;Riaño;riano;León;leon;Castilla y León;Riaño;42.97580055;-5.005864008;1138;476
24131;Riego de la Vega;riego de la vega;León;leon;Castilla y León;Riego de la Vega;42.38920011;-5.982388085;810;700
24132;Riello;riello;León;leon;Castilla y León;Riello;42.77332586;-5.945984968;1042;574
24133;Rioseco de Tapia;rioseco de tapia;León;leon;Castilla y León;Rioseco de Tapia;42.729572;-5.792285806;949;408
24134;Robla, La;robla, la;León;leon;Castilla y León;Robla, La;42.80302001;-5.628557207;953;3591
24136;Roperuelos del Páramo;roperuelos del paramo;León;leon;Castilla y León;Roperuelos del Páramo;42.23766505;-5.781050959;772;502
24137;Sabero;sabero;León;leon;Castilla y León;Sabero;42.83739853;-5.152701549;981;1018
24139;Sahagún;sahagun;León;leon;Castilla y León;Sahagún;42.37210271;-5.031281292;814;2380
24141;San Adrián del Valle;san adrian del valle;León;leon;Castilla y León;San Adrián del Valle;42.12911221;-5.728607421;732;82
24142;San Andrés del Rabanedo;san andres del rabanedo;León;leon;Castilla y León;San Andrés del Rabanedo;42.60715197;-5.604904605;833;29996
24143;Sancedo;sancedo;León;leon;Castilla y León;Sancedo;42.66788785;-6.634678051;680;529
24144;San Cristóbal de la Polantera;san cristobal de la polantera;León;leon;Castilla y León;San Cristóbal de la Polantera;42.39088527;-5.906721291;797;611
24145;San Emiliano;san emiliano;León;leon;Castilla y León;San Emiliano;42.97134552;-6.000647312;1177;587
24146;San Esteban de Nogales;san esteban de nogales;León;leon;Castilla y León;San Esteban de Nogales;42.15932157;-5.930766151;782;239
24148;San Justo de la Vega;san justo de la vega;León;leon;Castilla y León;San Justo de la Vega;42.45444413;-6.015517428;849;1765
24149;San Millán de los Caballeros;san millan de los caballeros;León;leon;Castilla y León;San Millán de los Caballeros;42.28431382;-5.561356563;750;193
24150;San Pedro Bercianos;san pedro bercianos;León;leon;Castilla y León;San Pedro Bercianos;42.3899375;-5.709891811;821;217
24151;Santa Colomba de Curueño;santa colomba de curueno;León;leon;Castilla y León;Santa Colomba de Curueño;42.75059546;-5.412728243;926;504
24152;Santa Colomba de Somoza;santa colomba de somoza;León;leon;Castilla y León;Santa Colomba de Somoza;42.44426989;-6.242101319;992;468
24153;Santa Cristina de Valmadrigal;santa cristina de valmadrigal;León;leon;Castilla y León;Santa Cristina de Valmadrigal;42.35602555;-5.309786421;806;284
24154;Santa Elena de Jamuz;santa elena de jamuz;León;leon;Castilla y León;Santa Elena de Jamuz;42.25971558;-5.886388648;763;1026
24155;Santa María de la Isla;santa maria de la isla;León;leon;Castilla y León;Santa María de la Isla;42.35718949;-5.928624126;789;435
24156;Santa María del Monte de Cea;santa maria del monte de cea;León;leon;Castilla y León;Santa María del Monte de Cea;42.49131701;-5.11695409;885;207
24157;Santa María del Páramo;santa maria del paramo;León;leon;Castilla y León;Santa María del Páramo;42.3534464;-5.749308937;808;2998
24158;Santa María de Ordás;santa maria de ordas;León;leon;Castilla y León;Santa María de Ordás;42.72623555;-5.823981043;946;327
24159;Santa Marina del Rey;santa marina del rey;León;leon;Castilla y León;Santa Marina del Rey;42.51395282;-5.860824338;844;1716
24160;Santas Martas;santas martas;León;leon;Castilla y León;Santas Martas;42.43095095;-5.369340511;836;763
24161;Santiago Millas;santiago millas;León;leon;Castilla y León;Santiago Millas;42.38290475;-6.105461497;931;356
24162;Santovenia de la Valdoncina;santovenia de la valdoncina;León;leon;Castilla y León;Santovenia de la Valdoncina;42.54265228;-5.624768049;833;2065
24163;Sariegos;sariegos;León;leon;Castilla y León;Sariegos;42.64906194;-5.626792472;856;5482
24164;Sena de Luna;sena de luna;León;leon;Castilla y León;Sena de Luna;42.92973881;-5.953502105;1140;371
24165;Sobrado;sobrado;León;leon;Castilla y León;Sobrado;42.52085538;-6.850970549;426;273
24166;Soto de la Vega;soto de la vega;León;leon;Castilla y León;Soto de la Vega;42.33242572;-5.881149812;777;1482
24167;Soto y Amío;soto y amio;León;leon;Castilla y León;Soto y Amío;42.77862923;-5.886402537;1054;702
24168;Toral de los Guzmanes;toral de los guzmanes;León;leon;Castilla y León;Toral de los Guzmanes;42.24090111;-5.569965179;742;485
24169;Toreno;toreno;León;leon;Castilla y León;Toreno;42.6976777;-6.51310547;682;2846
24170;Torre del Bierzo;torre del bierzo;León;leon;Castilla y León;Torre del Bierzo;42.59594963;-6.322879153;726;1923
24171;Trabadelo;trabadelo;León;leon;Castilla y León;Trabadelo;42.64928828;-6.881904509;567;323
24172;Truchas;truchas;León;leon;Castilla y León;Truchas;42.25997583;-6.433827569;1116;369
24173;Turcia;turcia;León;leon;Castilla y León;Turcia;42.53415008;-5.877471463;850;976
24174;Urdiales del Páramo;urdiales del paramo;León;leon;Castilla y León;Urdiales del Páramo;42.37156885;-5.773788687;808;453
24175;Valdefresno;valdefresno;León;leon;Castilla y León;Valdefresno;42.59644389;-5.496401507;867;2362
24176;Valdefuentes del Páramo;valdefuentes del paramo;León;leon;Castilla y León;Valdefuentes del Páramo;42.32399827;-5.829314207;785;305
24177;Valdelugueros;valdelugueros;León;leon;Castilla y León;Valdelugueros;42.97298322;-5.412576358;1179;485
24178;Valdemora;valdemora;León;leon;Castilla y León;Valdemora;42.19557048;-5.427296689;777;58
24179;Valdepiélago;valdepielago;León;leon;Castilla y León;Valdepiélago;42.87034532;-5.400774324;1027;311
24180;Valdepolo;valdepolo;León;leon;Castilla y León;Valdepolo;42.57715849;-5.22395574;881;1177
24181;Valderas;valderas;León;leon;Castilla y León;Valderas;42.0786193;-5.445518883;755;1491
24182;Valderrey;valderrey;León;leon;Castilla y León;Valderrey;42.40729903;-6.006376198;841;423
24183;Valderrueda;valderrueda;León;leon;Castilla y León;Valderrueda;42.81575321;-4.94743825;1033;817
24184;Valdesamario;valdesamario;León;leon;Castilla y León;Valdesamario;42.72150836;-5.9514448;1022;168
24185;Val de San Lorenzo;val de san lorenzo;León;leon;Castilla y León;Val de San Lorenzo;42.41664908;-6.122985687;888;493
24187;Valdevimbre;valdevimbre;León;leon;Castilla y León;Valdevimbre;42.42044538;-5.617403494;804;899
24188;Valencia de Don Juan;valencia de don juan;León;leon;Castilla y León;Valencia de Don Juan;42.29376079;-5.520315084;762;5139
24189;Valverde de la Virgen;valverde de la virgen;León;leon;Castilla y León;Valverde de la Virgen;42.56812922;-5.685475482;894;7943
24190;Valverde-Enrique;valverde enrique;León;leon;Castilla y León;Valverde-Enrique;42.30385286;-5.29918603;833;148
24191;Vallecillo;vallecillo;León;leon;Castilla y León;Vallecillo;42.35615605;-5.210726187;842;102
24193;Vecilla, La;vecilla, la;León;leon;Castilla y León;Vecilla, La;42.8485681;-5.405958008;1006;382
24194;Vegacervera;vegacervera;León;leon;Castilla y León;Vegacervera;42.88646087;-5.531765755;1034;248
24196;Vega de Espinareda;vega de espinareda;León;leon;Castilla y León;Vega de Espinareda;42.72552176;-6.656213647;603;2002
24197;Vega de Infanzones;vega de infanzones;León;leon;Castilla y León;Vega de Infanzones;42.48298608;-5.533906332;780;842
24198;Vega de Valcarce;vega de valcarce;León;leon;Castilla y León;Vega de Valcarce;42.66379079;-6.946393829;628;555
24199;Vegaquemada;vegaquemada;León;leon;Castilla y León;Vegaquemada;42.81872994;-5.331519881;936;432
24201;Vegas del Condado;vegas del condado;León;leon;Castilla y León;Vegas del Condado;42.68444375;-5.364462819;860;1172
24202;Villablino;villablino;León;leon;Castilla y León;Villablino;42.94005658;-6.321897903;995;7587
24203;Villabraz;villabraz;León;leon;Castilla y León;Villabraz;42.24686414;-5.446578713;846;85
24205;Villadangos del Páramo;villadangos del paramo;León;leon;Castilla y León;Villadangos del Páramo;42.51706801;-5.767014869;896;1267
24206;Toral de los Vados;toral de los vados;León;leon;Castilla y León;Toral de los Vados;42.54198523;-6.774693717;428;1749
24207;Villademor de la Vega;villademor de la vega;León;leon;Castilla y León;Villademor de la Vega;42.26941759;-5.569328158;747;290
24209;Villafranca del Bierzo;villafranca del bierzo;León;leon;Castilla y León;Villafranca del Bierzo;42.60643952;-6.809777929;509;2596
24210;Villagatón;villagaton;León;leon;Castilla y León;Villagatón;42.63400965;-6.1611773;1012;629
24211;Villamandos;villamandos;León;leon;Castilla y León;Villamandos;42.17916877;-5.592522471;728;269
24212;Villamañán;villamanan;León;leon;Castilla y León;Villamañán;42.32194034;-5.584585721;762;1087
24213;Villamartín de Don Sancho;villamartin de don sancho;León;leon;Castilla y León;Villamartín de Don Sancho;42.56883827;-5.058371238;891;131
24214;Villamejil;villamejil;León;leon;Castilla y León;Villamejil;42.56265236;-6.020194749;912;653
24215;Villamol;villamol;León;leon;Castilla y León;Villamol;42.42855243;-5.04907054;829;134
24216;Villamontán de la Valduerna;villamontan de la valduerna;León;leon;Castilla y León;Villamontán de la Valduerna;42.30964228;-5.999907519;820;676
24217;Villamoratiel de las Matas;villamoratiel de las matas;León;leon;Castilla y León;Villamoratiel de las Matas;42.39623926;-5.302869346;844;121
24218;Villanueva de las Manzanas;villanueva de las manzanas;León;leon;Castilla y León;Villanueva de las Manzanas;42.47000242;-5.480522787;779;488
24219;Villaobispo de Otero;villaobispo de otero;León;leon;Castilla y León;Villaobispo de Otero;42.50082168;-6.059604858;876;516
24221;Villaquejida;villaquejida;León;leon;Castilla y León;Villaquejida;42.14638351;-5.596046986;723;763
24222;Villaquilambre;villaquilambre;León;leon;Castilla y León;Villaquilambre;42.63889522;-5.557681523;860;18968
24223;Villarejo de Órbigo;villarejo de orbigo;León;leon;Castilla y León;Villarejo de Órbigo;42.44429419;-5.903422799;814;2864
24224;Villares de Órbigo;villares de orbigo;León;leon;Castilla y León;Villares de Órbigo;42.47034459;-5.908860736;826;556
24225;Villasabariego;villasabariego;León;leon;Castilla y León;Villasabariego;42.53094161;-5.414227058;847;1155
24226;Villaselán;villaselan;León;leon;Castilla y León;Villaselán;42.5611342;-5.04889668;861;180
24227;Villaturiel;villaturiel;León;leon;Castilla y León;Villaturiel;42.51605929;-5.486490567;792;1812
24228;Villazala;villazala;León;leon;Castilla y León;Villazala;42.36122104;-5.856553414;797;560
24229;Villazanzo de Valderaduey;villazanzo de valderaduey;León;leon;Castilla y León;Villazanzo de Valderaduey;42.53656187;-4.96465214;914;363
24230;Zotes del Páramo;zotes del paramo;León;leon;Castilla y León;Zotes del Páramo;42.27230789;-5.736180876;781;383
24901;Villamanín;villamanin;León;leon;Castilla y León;Villamanín;42.93758042;-5.655687783;1135;867
24902;Villaornate y Castro;villaornate y castro;León;leon;Castilla y León;Villaornate y Castro;42.18475648;-5.550615526;735;354
25001;Abella de la Conca;abella de la conca;Lleida;lleida;Cataluña/Catalunya;Abella de la Conca;42.16142117;1.09177173;954;162
25002;Àger;ager;Lleida;lleida;Cataluña/Catalunya;Àger;41.99923936;0.76346726;610;635
25003;Agramunt;agramunt;Lleida;lleida;Cataluña/Catalunya;Agramunt;41.78702144;1.09885304;336;5638
25004;Alamús, Els;alamus, els;Lleida;lleida;Cataluña/Catalunya;Alamús, Els;41.61563682;0.73859297;211;837
25005;Alàs i Cerc;alas i cerc;Lleida;lleida;Cataluña/Catalunya;Alàs i Cerc;42.35188046;1.50829107;762;320
25006;Albagés, L';albages, l';Lleida;lleida;Cataluña/Catalunya;Albagés, L';41.44891766;0.73910786;372;339
25007;Albatàrrec;albatarrec;Lleida;lleida;Cataluña/Catalunya;Albatàrrec;41.57198597;0.605075175;145;2312
25008;Albesa;albesa;Lleida;lleida;Cataluña/Catalunya;Albesa;41.75082299;0.659630561;235;1582
25009;Albi, L';albi, l';Lleida;lleida;Cataluña/Catalunya;Albi, L';41.42299734;0.93620054;520;764
25010;Alcanó;alcano;Lleida;lleida;Cataluña/Catalunya;Alcanó;41.48048356;0.617208104;215;247
25011;Alcarràs;alcarras;Lleida;lleida;Cataluña/Catalunya;Alcarràs;41.56283475;0.52437092;129;10556
25012;Alcoletge;alcoletge;Lleida;lleida;Cataluña/Catalunya;Alcoletge;41.64700767;0.694343049;206;3679
25013;Alfarràs;alfarras;Lleida;lleida;Cataluña/Catalunya;Alfarràs;41.82958625;0.569744529;288;2790
25014;Alfés;alfes;Lleida;lleida;Cataluña/Catalunya;Alfés;41.5214445;0.619324269;228;284
25015;Algerri;algerri;Lleida;lleida;Cataluña/Catalunya;Algerri;41.81617479;0.638441729;345;424
25016;Alguaire;alguaire;Lleida;lleida;Cataluña/Catalunya;Alguaire;41.73617917;0.58371281;303;3057
25017;Alins;alins;Lleida;lleida;Cataluña/Catalunya;Alins;42.54842311;1.3173308;1048;270
25019;Almacelles;almacelles;Lleida;lleida;Cataluña/Catalunya;Almacelles;41.73145586;0.43687627;244;7197
25020;Almatret;almatret;Lleida;lleida;Cataluña/Catalunya;Almatret;41.30563305;0.423618362;463;292
25021;Almenar;almenar;Lleida;lleida;Cataluña/Catalunya;Almenar;41.79791441;0.567666763;329;3357
25022;Alòs de Balaguer;alos de balaguer;Lleida;lleida;Cataluña/Catalunya;Alòs de Balaguer;41.91229911;0.961036196;300;117
25023;Alpicat;alpicat;Lleida;lleida;Cataluña/Catalunya;Alpicat;41.66588594;0.555574971;255;6556
25024;Alt Àneu;alt aneu;Lleida;lleida;Cataluña/Catalunya;Alt Àneu;42.63436767;1.11090417;1084;456
25025;Naut Aran;naut aran;Lleida;lleida;Cataluña/Catalunya;Naut Aran;42.70721195;0.902417278;1262;1893
25027;Anglesola;anglesola;Lleida;lleida;Cataluña/Catalunya;Anglesola;41.65899726;1.081436688;332;1395
25029;Arbeca;arbeca;Lleida;lleida;Cataluña/Catalunya;Arbeca;41.54229931;0.92491607;333;2166
25030;Pont de Bar, El;pont de bar, el;Lleida;lleida;Cataluña/Catalunya;Pont de Bar, El;42.37213029;1.60457002;860;167
25031;Arres;arres;Lleida;lleida;Cataluña/Catalunya;Arres;42.7547625;0.711115195;1221;58
25032;Arsèguel;arseguel;Lleida;lleida;Cataluña/Catalunya;Arsèguel;42.35069695;1.58273238;944;85
25033;Artesa de Lleida;artesa de lleida;Lleida;lleida;Cataluña/Catalunya;Artesa de Lleida;41.55171702;0.703262384;204;1545
25034;Artesa de Segre;artesa de segre;Lleida;lleida;Cataluña/Catalunya;Artesa de Segre;41.89540405;1.04549928;319;3594
25035;Sentiu de Sió, La;sentiu de sio, la;Lleida;lleida;Cataluña/Catalunya;Sentiu de Sió, La;41.80547288;0.87815395;280;448
25036;Aspa;aspa;Lleida;lleida;Cataluña/Catalunya;Aspa;41.49537799;0.672290371;258;232
25037;Avellanes i Santa Linya, Les;avellanes i santa linya, les;Lleida;lleida;Cataluña/Catalunya;Avellanes i Santa Linya, Les;41.90816844;0.7649364;570;434
25038;Aitona;aitona;Lleida;lleida;Cataluña/Catalunya;Aitona;41.49439181;0.458504342;103;2575
25039;Baix Pallars;baix pallars;Lleida;lleida;Cataluña/Catalunya;Baix Pallars;42.32221038;1.06322669;608;350
25040;Balaguer;balaguer;Lleida;lleida;Cataluña/Catalunya;Balaguer;41.78952227;0.80459159;217;17667
25041;Barbens;barbens;Lleida;lleida;Cataluña/Catalunya;Barbens;41.67911756;1.018529828;283;910
25042;Baronia de Rialb, La;baronia de rialb, la;Lleida;lleida;Cataluña/Catalunya;Baronia de Rialb, La;41.92786576;1.198289;360;216
25043;Vall de Boí, La;vall de boi, la;Lleida;lleida;Cataluña/Catalunya;Vall de Boí, La;42.50478384;0.80275461;1096;1129
25044;Bassella;bassella;Lleida;lleida;Cataluña/Catalunya;Bassella;42.00593228;1.294477359;434;215
25045;Bausen;bausen;Lleida;lleida;Cataluña/Catalunya;Bausen;42.83483694;0.715778161;904;62
25046;Belianes;belianes;Lleida;lleida;Cataluña/Catalunya;Belianes;41.56184914;1.017680669;373;512
25047;Bellcaire d'Urgell;bellcaire d'urgell;Lleida;lleida;Cataluña/Catalunya;Bellcaire d'Urgell;41.75944832;0.90595465;268;1272
25048;Bell-lloc d'Urgell;bell lloc d'urgell;Lleida;lleida;Cataluña/Catalunya;Bell-lloc d'Urgell;41.62999027;0.77947882;196;2359
25049;Bellmunt d'Urgell;bellmunt d'urgell;Lleida;lleida;Cataluña/Catalunya;Bellmunt d'Urgell;41.77439711;0.952589672;380;174
25050;Bellpuig;bellpuig;Lleida;lleida;Cataluña/Catalunya;Bellpuig;41.62542064;1.011693037;298;5531
25051;Bellver de Cerdanya;bellver de cerdanya;Lleida;lleida;Cataluña/Catalunya;Bellver de Cerdanya;42.37076018;1.774435312;1058;2289
25052;Bellvís;bellvis;Lleida;lleida;Cataluña/Catalunya;Bellvís;41.67219286;0.81750818;203;2239
25053;Benavent de Segrià;benavent de segria;Lleida;lleida;Cataluña/Catalunya;Benavent de Segrià;41.69447847;0.634510135;227;1565
25055;Biosca;biosca;Lleida;lleida;Cataluña/Catalunya;Biosca;41.84179866;1.358330258;444;185
25056;Bovera;bovera;Lleida;lleida;Cataluña/Catalunya;Bovera;41.3265609;0.638283434;303;252
25057;Bòrdes, Es;bordes, es;Lleida;lleida;Cataluña/Catalunya;Bòrdes, Es;42.737955;0.720098299;842;281
25058;Borges Blanques, Les;borges blanques, les;Lleida;lleida;Cataluña/Catalunya;Borges Blanques, Les;41.52075525;0.86909153;303;6458
25059;Bossòst;bossost;Lleida;lleida;Cataluña/Catalunya;Bossòst;42.78565681;0.692363751;707;1178
25060;Cabanabona;cabanabona;Lleida;lleida;Cataluña/Catalunya;Cabanabona;41.85159257;1.217175791;424;70
25061;Cabó;cabo;Lleida;lleida;Cataluña/Catalunya;Cabó;42.23719151;1.2469685;744;87
25062;Camarasa;camarasa;Lleida;lleida;Cataluña/Catalunya;Camarasa;41.8752106;0.877656579;279;800
25063;Canejan;canejan;Lleida;lleida;Cataluña/Catalunya;Canejan;42.83813341;0.74006262;908;96
25064;Castellar de la Ribera;castellar de la ribera;Lleida;lleida;Cataluña/Catalunya;Castellar de la Ribera;42.02279847;1.41574665;656;131
25067;Castelldans;castelldans;Lleida;lleida;Cataluña/Catalunya;Castelldans;41.49638468;0.765507535;347;955
25068;Castellnou de Seana;castellnou de seana;Lleida;lleida;Cataluña/Catalunya;Castellnou de Seana;41.64820775;0.971247713;272;733
25069;Castelló de Farfanya;castello de farfanya;Lleida;lleida;Cataluña/Catalunya;Castelló de Farfanya;41.82049665;0.72736903;328;548
25070;Castellserà;castellsera;Lleida;lleida;Cataluña/Catalunya;Castellserà;41.74693222;0.985717524;266;987
25071;Cava;cava;Lleida;lleida;Cataluña/Catalunya;Cava;42.32474152;1.60516558;1293;38
25072;Cervera;cervera;Lleida;lleida;Cataluña/Catalunya;Cervera;41.66552773;1.27095203;542;9630
25073;Cervià de les Garrigues;cervia de les garrigues;Lleida;lleida;Cataluña/Catalunya;Cervià de les Garrigues;41.42456166;0.85922115;439;637
25074;Ciutadilla;ciutadilla;Lleida;lleida;Cataluña/Catalunya;Ciutadilla;41.56153335;1.139101755;509;186
25075;Clariana de Cardener;clariana de cardener;Lleida;lleida;Cataluña/Catalunya;Clariana de Cardener;41.93392365;1.62474129;506;160
25076;Cogul, El;cogul, el;Lleida;lleida;Cataluña/Catalunya;Cogul, El;41.46717287;0.68954108;280;162
25077;Coll de Nargó;coll de nargo;Lleida;lleida;Cataluña/Catalunya;Coll de Nargó;42.17352735;1.315672793;561;585
25078;Corbins;corbins;Lleida;lleida;Cataluña/Catalunya;Corbins;41.69068403;0.69289584;207;1490
25079;Cubells;cubells;Lleida;lleida;Cataluña/Catalunya;Cubells;41.85277979;0.95714315;468;354
25081;Espluga Calba, L';espluga calba, l';Lleida;lleida;Cataluña/Catalunya;Espluga Calba, L';41.49498994;1.00521505;433;324
25082;Espot;espot;Lleida;lleida;Cataluña/Catalunya;Espot;42.5755494;1.089945078;1309;377
25085;Estaràs;estaras;Lleida;lleida;Cataluña/Catalunya;Estaràs;41.69171666;1.37849951;592;161
25086;Esterri d'Àneu;esterri d'aneu;Lleida;lleida;Cataluña/Catalunya;Esterri d'Àneu;42.62868541;1.122846555;956;914
25087;Esterri de Cardós;esterri de cardos;Lleida;lleida;Cataluña/Catalunya;Esterri de Cardós;42.5923019;1.261883805;1196;63
25088;Estamariu;estamariu;Lleida;lleida;Cataluña/Catalunya;Estamariu;42.37293572;1.5224945;1086;134
25089;Farrera;farrera;Lleida;lleida;Cataluña/Catalunya;Farrera;42.49640494;1.27292917;1351;120
25092;Floresta, La;floresta, la;Lleida;lleida;Cataluña/Catalunya;Floresta, La;41.5098092;0.92010806;329;159
25093;Fondarella;fondarella;Lleida;lleida;Cataluña/Catalunya;Fondarella;41.63505293;0.873630537;244;828
25094;Foradada;foradada;Lleida;lleida;Cataluña/Catalunya;Foradada;41.87690004;1.012402452;455;194
25096;Fuliola, La;fuliola, la;Lleida;lleida;Cataluña/Catalunya;Fuliola, La;41.7145365;1.01895614;272;1277
25097;Fulleda;fulleda;Lleida;lleida;Cataluña/Catalunya;Fulleda;41.46361617;1.02400271;587;87
25098;Gavet de la Conca;gavet de la conca;Lleida;lleida;Cataluña/Catalunya;Gavet de la Conca;42.12360771;0.920137941;420;257
25099;Golmés;golmes;Lleida;lleida;Cataluña/Catalunya;Golmés;41.63225232;0.932779419;273;1914
25100;Gósol;gosol;Lleida;lleida;Cataluña/Catalunya;Gósol;42.23713576;1.66055392;1420;207
25101;Granadella, La;granadella, la;Lleida;lleida;Cataluña/Catalunya;Granadella, La;41.35574794;0.66445492;525;751
25102;Granja d'Escarp, La;granja d'escarp, la;Lleida;lleida;Cataluña/Catalunya;Granja d'Escarp, La;41.41835081;0.35212657;80;994
25103;Granyanella;granyanella;Lleida;lleida;Cataluña/Catalunya;Granyanella;41.64886467;1.22488302;498;154
25104;Granyena de Segarra;granyena de segarra;Lleida;lleida;Cataluña/Catalunya;Granyena de Segarra;41.62373386;1.24687721;597;149
25105;Granyena de les Garrigues;granyena de les garrigues;Lleida;lleida;Cataluña/Catalunya;Granyena de les Garrigues;41.43258425;0.650133376;350;174
25109;Guimerà;guimera;Lleida;lleida;Cataluña/Catalunya;Guimerà;41.56422381;1.183632802;501;253
25110;Guissona;guissona;Lleida;lleida;Cataluña/Catalunya;Guissona;41.7845585;1.28790814;485;7715
25111;Guixers;guixers;Lleida;lleida;Cataluña/Catalunya;Guixers;42.13579272;1.64344187;938;125
25112;Ivars de Noguera;ivars de noguera;Lleida;lleida;Cataluña/Catalunya;Ivars de Noguera;41.85042304;0.586016538;333;318
25113;Ivars d'Urgell;ivars d'urgell;Lleida;lleida;Cataluña/Catalunya;Ivars d'Urgell;41.68194814;0.98677946;261;1598
25114;Ivorra;ivorra;Lleida;lleida;Cataluña/Catalunya;Ivorra;41.77174651;1.396123779;568;101
25115;Isona i Conca Dellà;isona i conca della;Lleida;lleida;Cataluña/Catalunya;Isona i Conca Dellà;42.11696286;1.043950786;660;1034
25118;Juncosa;juncosa;Lleida;lleida;Cataluña/Catalunya;Juncosa;41.37143957;0.775569851;573;379
25119;Juneda;juneda;Lleida;lleida;Cataluña/Catalunya;Juneda;41.54895253;0.825192825;263;3523
25120;Lleida;lleida;Lleida;lleida;Cataluña/Catalunya;Lleida;41.61470371;0.6267342;150;147369
25121;Les;les;Lleida;lleida;Cataluña/Catalunya;Les;42.80993374;0.710391742;636;1052
25122;Linyola;linyola;Lleida;lleida;Cataluña/Catalunya;Linyola;41.71024031;0.90435175;247;2755
25123;Lladorre;lladorre;Lleida;lleida;Cataluña/Catalunya;Lladorre;42.6211087;1.249830706;1039;246
25124;Lladurs;lladurs;Lleida;lleida;Cataluña/Catalunya;Lladurs;42.04471347;1.50769569;827;186
25125;Llardecans;llardecans;Lleida;lleida;Cataluña/Catalunya;Llardecans;41.37410439;0.550546025;390;444
25126;Llavorsí;llavorsi;Lleida;lleida;Cataluña/Catalunya;Llavorsí;42.49748789;1.208809725;814;343
25127;Lles de Cerdanya;lles de cerdanya;Lleida;lleida;Cataluña/Catalunya;Lles de Cerdanya;42.39045155;1.687653658;1466;294
25128;Llimiana;llimiana;Lleida;lleida;Cataluña/Catalunya;Llimiana;42.07488358;0.915829948;785;130
25129;Llobera;llobera;Lleida;lleida;Cataluña/Catalunya;Llobera;41.92240529;1.46319149;825;201
25130;Maldà;malda;Lleida;lleida;Cataluña/Catalunya;Maldà;41.55114739;1.04018429;413;240
25131;Massalcoreig;massalcoreig;Lleida;lleida;Cataluña/Catalunya;Massalcoreig;41.45926628;0.359154568;94;589
25132;Massoteres;massoteres;Lleida;lleida;Cataluña/Catalunya;Massoteres;41.79742754;1.31052035;501;226
25133;Maials;maials;Lleida;lleida;Cataluña/Catalunya;Maials;41.36489523;0.504171659;381;945
25134;Menàrguens;menarguens;Lleida;lleida;Cataluña/Catalunya;Menàrguens;41.72946072;0.743291662;204;802
25135;Miralcamp;miralcamp;Lleida;lleida;Cataluña/Catalunya;Miralcamp;41.60609213;0.879522815;268;1359
25136;Molsosa, La;molsosa, la;Lleida;lleida;Cataluña/Catalunya;Molsosa, La;41.78567905;1.54379042;670;101
25137;Mollerussa;mollerussa;Lleida;lleida;Cataluña/Catalunya;Mollerussa;41.62987134;0.894138582;249;16016
25138;Montgai;montgai;Lleida;lleida;Cataluña/Catalunya;Montgai;41.79960575;0.960932661;284;643
25139;Montellà i Martinet;montella i martinet;Lleida;lleida;Cataluña/Catalunya;Montellà i Martinet;42.36006461;1.695086256;963;605
25140;Montferrer i Castellbò;montferrer i castellbo;Lleida;lleida;Cataluña/Catalunya;Montferrer i Castellbò;42.34638294;1.42421333;688;1161
25141;Montoliu de Segarra;montoliu de segarra;Lleida;lleida;Cataluña/Catalunya;Montoliu de Segarra;41.59028066;1.26999752;692;182
25142;Montoliu de Lleida;montoliu de lleida;Lleida;lleida;Cataluña/Catalunya;Montoliu de Lleida;41.56054091;0.588492684;158;491
25143;Montornès de Segarra;montornes de segarra;Lleida;lleida;Cataluña/Catalunya;Montornès de Segarra;41.60083127;1.229984865;583;87
25145;Nalec;nalec;Lleida;lleida;Cataluña/Catalunya;Nalec;41.55983698;1.115160359;480;91
25146;Navès;naves;Lleida;lleida;Cataluña/Catalunya;Navès;41.99230101;1.63679184;608;297
25148;Odèn;oden;Lleida;lleida;Cataluña/Catalunya;Odèn;42.13336936;1.455420891;1321;230
25149;Oliana;oliana;Lleida;lleida;Cataluña/Catalunya;Oliana;42.06613843;1.31186511;441;1869
25150;Oliola;oliola;Lleida;lleida;Cataluña/Catalunya;Oliola;41.87565733;1.17384447;437;192
25151;Olius;olius;Lleida;lleida;Cataluña/Catalunya;Olius;42.00912627;1.564766211;564;989
25152;Oluges, Les;oluges, les;Lleida;lleida;Cataluña/Catalunya;Oluges, Les;41.69710422;1.31934565;528;167
25153;Omellons, Els;omellons, els;Lleida;lleida;Cataluña/Catalunya;Omellons, Els;41.50110621;0.95989884;372;187
25154;Omells de na Gaia, Els;omells de na gaia, els;Lleida;lleida;Cataluña/Catalunya;Omells de na Gaia, Els;41.4999635;1.07483512;563;126
25155;Organyà;organya;Lleida;lleida;Cataluña/Catalunya;Organyà;42.21063601;1.327346879;556;851
25156;Os de Balaguer;os de balaguer;Lleida;lleida;Cataluña/Catalunya;Os de Balaguer;41.87174109;0.719174227;452;1094
25157;Ossó de Sió;osso de sio;Lleida;lleida;Cataluña/Catalunya;Ossó de Sió;41.75459487;1.159369514;390;200
25158;Palau d'Anglesola, El;palau d'anglesola, el;Lleida;lleida;Cataluña/Catalunya;Palau d'Anglesola, El;41.65161844;0.8808049;235;2225
25161;Conca de Dalt;conca de dalt;Lleida;lleida;Cataluña/Catalunya;Conca de Dalt;42.24313889;0.97147739;510;439
25163;Coma i la Pedra, La;coma i la pedra, la;Lleida;lleida;Cataluña/Catalunya;Coma i la Pedra, La;42.17523531;1.59102192;1000;278
25164;Penelles;penelles;Lleida;lleida;Cataluña/Catalunya;Penelles;41.75804422;0.965555461;281;431
25165;Peramola;peramola;Lleida;lleida;Cataluña/Catalunya;Peramola;42.05783758;1.268255989;567;339
25166;Pinell de Solsonès;pinell de solsones;Lleida;lleida;Cataluña/Catalunya;Pinell de Solsonès;41.94991119;1.418230073;804;198
25167;Pinós;pinos;Lleida;lleida;Cataluña/Catalunya;Pinós;41.83797513;1.54025826;901;274
25168;Poal, El;poal, el;Lleida;lleida;Cataluña/Catalunya;Poal, El;41.67836674;0.85685787;215;648
25169;Pobla de Cérvoles, La;pobla de cervoles, la;Lleida;lleida;Cataluña/Catalunya;Pobla de Cérvoles, La;41.36815197;0.9152962;663;208
25170;Bellaguarda;bellaguarda;Lleida;lleida;Cataluña/Catalunya;Bellaguarda;41.33675436;0.738531044;632;287
25171;Pobla de Segur, La;pobla de segur, la;Lleida;lleida;Cataluña/Catalunya;Pobla de Segur, La;42.24997014;0.96915681;533;3179
25172;Ponts;ponts;Lleida;lleida;Cataluña/Catalunya;Ponts;41.91540068;1.18637133;359;2639
25173;Pont de Suert, El;pont de suert, el;Lleida;lleida;Cataluña/Catalunya;Pont de Suert, El;42.40756733;0.74031197;838;2425
25174;Portella, La;portella, la;Lleida;lleida;Cataluña/Catalunya;Portella, La;41.73975744;0.63900931;259;730
25175;Prats i Sansor;prats i sansor;Lleida;lleida;Cataluña/Catalunya;Prats i Sansor;42.36514941;1.836840789;1103;252
25176;Preixana;preixana;Lleida;lleida;Cataluña/Catalunya;Preixana;41.60627992;1.038801105;304;400
25177;Preixens;preixens;Lleida;lleida;Cataluña/Catalunya;Preixens;41.79314735;1.04839664;306;399
25179;Prullans;prullans;Lleida;lleida;Cataluña/Catalunya;Prullans;42.37822692;1.73838567;1098;270
25180;Puiggròs;puiggros;Lleida;lleida;Cataluña/Catalunya;Puiggròs;41.55167245;0.889431341;318;270
25181;Puigverd d'Agramunt;puigverd d'agramunt;Lleida;lleida;Cataluña/Catalunya;Puigverd d'Agramunt;41.77778086;1.121656898;365;239
25182;Puigverd de Lleida;puigverd de lleida;Lleida;lleida;Cataluña/Catalunya;Puigverd de Lleida;41.54345371;0.733212088;218;1416
25183;Rialp;rialp;Lleida;lleida;Cataluña/Catalunya;Rialp;42.44395993;1.136046411;717;651
25185;Ribera d'Urgellet;ribera d'urgellet;Lleida;lleida;Cataluña/Catalunya;Ribera d'Urgellet;42.31615803;1.38463778;660;982
25186;Riner;riner;Lleida;lleida;Cataluña/Catalunya;Riner;41.94148705;1.56385957;606;270
25189;Rosselló;rossello;Lleida;lleida;Cataluña/Catalunya;Rosselló;41.69583751;0.596086199;252;3398
25190;Salàs de Pallars;salas de pallars;Lleida;lleida;Cataluña/Catalunya;Salàs de Pallars;42.21202341;0.932336998;569;368
25191;Sanaüja;sanauja;Lleida;lleida;Cataluña/Catalunya;Sanaüja;41.8757188;1.309523298;405;388
25192;Sant Guim de Freixenet;sant guim de freixenet;Lleida;lleida;Cataluña/Catalunya;Sant Guim de Freixenet;41.65574552;1.419026315;738;1233
25193;Sant Llorenç de Morunys;sant llorenc de morunys;Lleida;lleida;Cataluña/Catalunya;Sant Llorenç de Morunys;42.13719747;1.59004709;928;982
25194;Sant Ramon;sant ramon;Lleida;lleida;Cataluña/Catalunya;Sant Ramon;41.72470991;1.359080174;637;483
25196;Sant Esteve de la Sarga;sant esteve de la sarga;Lleida;lleida;Cataluña/Catalunya;Sant Esteve de la Sarga;42.07967814;0.763758167;893;118
25197;Sant Guim de la Plana;sant guim de la plana;Lleida;lleida;Cataluña/Catalunya;Sant Guim de la Plana;41.76300051;1.324352788;553;192
25200;Sarroca de Lleida;sarroca de lleida;Lleida;lleida;Cataluña/Catalunya;Sarroca de Lleida;41.45882639;0.560792728;194;383
25201;Sarroca de Bellera;sarroca de bellera;Lleida;lleida;Cataluña/Catalunya;Sarroca de Bellera;42.36006637;0.88162988;998;111
25202;Senterada;senterada;Lleida;lleida;Cataluña/Catalunya;Senterada;42.32603432;0.936768175;731;161
25203;Seu d'Urgell, La;seu d'urgell, la;Lleida;lleida;Cataluña/Catalunya;Seu d'Urgell, La;42.35802009;1.46245207;692;13003
25204;Seròs;seros;Lleida;lleida;Cataluña/Catalunya;Seròs;41.46379571;0.41103624;101;1922
25205;Sidamon;sidamon;Lleida;lleida;Cataluña/Catalunya;Sidamon;41.62858722;0.832198393;231;757
25206;Soleràs, El;soleras, el;Lleida;lleida;Cataluña/Catalunya;Soleràs, El;41.41412313;0.68282918;382;313
25207;Solsona;solsona;Lleida;lleida;Cataluña/Catalunya;Solsona;41.99473658;1.517121668;679;9741
25208;Soriguera;soriguera;Lleida;lleida;Cataluña/Catalunya;Soriguera;42.37988347;1.16145013;1259;449
25209;Sort;sort;Lleida;lleida;Cataluña/Catalunya;Sort;42.41302073;1.13120133;690;2287
25210;Soses;soses;Lleida;lleida;Cataluña/Catalunya;Soses;41.53297628;0.48731849;117;1884
25211;Sudanell;sudanell;Lleida;lleida;Cataluña/Catalunya;Sudanell;41.5577098;0.567039045;152;920
25212;Sunyer;sunyer;Lleida;lleida;Cataluña/Catalunya;Sunyer;41.52326092;0.592572184;211;310
25215;Talarn;talarn;Lleida;lleida;Cataluña/Catalunya;Talarn;42.18538919;0.899931109;567;559
25216;Talavera;talavera;Lleida;lleida;Cataluña/Catalunya;Talavera;41.58192112;1.338136521;777;281
25217;Tàrrega;tarrega;Lleida;lleida;Cataluña/Catalunya;Tàrrega;41.6463488;1.13894591;371;18991
25218;Tarrés;tarres;Lleida;lleida;Cataluña/Catalunya;Tarrés;41.42301969;1.019334007;590;125
25219;Tarroja de Segarra;tarroja de segarra;Lleida;lleida;Cataluña/Catalunya;Tarroja de Segarra;41.73039563;1.276560036;454;163
25220;Térmens;termens;Lleida;lleida;Cataluña/Catalunya;Térmens;41.71720402;0.760182684;206;1345
25221;Tírvia;tirvia;Lleida;lleida;Cataluña/Catalunya;Tírvia;42.51494929;1.243030315;991;139
25222;Tiurana;tiurana;Lleida;lleida;Cataluña/Catalunya;Tiurana;41.97603609;1.255375186;650;69
25223;Torà;tora;Lleida;lleida;Cataluña/Catalunya;Torà;41.81297851;1.402819366;436;1230
25224;Torms, Els;torms, els;Lleida;lleida;Cataluña/Catalunya;Torms, Els;41.39418808;0.71990465;478;135
25225;Tornabous;tornabous;Lleida;lleida;Cataluña/Catalunya;Tornabous;41.70167083;1.05285395;289;828
25226;Torrebesses;torrebesses;Lleida;lleida;Cataluña/Catalunya;Torrebesses;41.42653612;0.594555228;275;280
25227;Torre de Cabdella, La;torre de cabdella, la;Lleida;lleida;Cataluña/Catalunya;Torre de Cabdella, La;42.42138955;0.98223676;1075;760
25228;Torrefarrera;torrefarrera;Lleida;lleida;Cataluña/Catalunya;Torrefarrera;41.6731484;0.60688681;215;4950
25230;Torregrossa;torregrossa;Lleida;lleida;Cataluña/Catalunya;Torregrossa;41.58011501;0.831896854;230;2285
25231;Torrelameu;torrelameu;Lleida;lleida;Cataluña/Catalunya;Torrelameu;41.70440975;0.703403098;200;816
25232;Torres de Segre;torres de segre;Lleida;lleida;Cataluña/Catalunya;Torres de Segre;41.5352121;0.513626051;120;2295
25233;Torre-serona;torre serona;Lleida;lleida;Cataluña/Catalunya;Torre-serona;41.67298189;0.631008207;196;419
25234;Tremp;tremp;Lleida;lleida;Cataluña/Catalunya;Tremp;42.16693817;0.89593436;468;6156
25238;Vallbona de les Monges;vallbona de les monges;Lleida;lleida;Cataluña/Catalunya;Vallbona de les Monges;41.52509796;1.08805659;471;224
25239;Valls de Valira, Les;valls de valira, les;Lleida;lleida;Cataluña/Catalunya;Valls de Valira, Les;42.37908579;1.45647779;739;848
25240;Vallfogona de Balaguer;vallfogona de balaguer;Lleida;lleida;Cataluña/Catalunya;Vallfogona de Balaguer;41.75238235;0.81568471;234;2008
25242;Verdú;verdu;Lleida;lleida;Cataluña/Catalunya;Verdú;41.61039078;1.143100764;430;874
25243;Vielha e Mijaran;vielha e mijaran;Lleida;lleida;Cataluña/Catalunya;Vielha e Mijaran;42.70178357;0.795492519;970;5857
25244;Vilagrassa;vilagrassa;Lleida;lleida;Cataluña/Catalunya;Vilagrassa;41.64814063;1.106706121;355;627
25245;Vilaller;vilaller;Lleida;lleida;Cataluña/Catalunya;Vilaller;42.47629091;0.716926159;977;497
25247;Vilamòs;vilamos;Lleida;lleida;Cataluña/Catalunya;Vilamòs;42.74734767;0.726810552;1253;174
25248;Vilanova de Bellpuig;vilanova de bellpuig;Lleida;lleida;Cataluña/Catalunya;Vilanova de Bellpuig;41.6148218;0.961210782;291;1149
25249;Vilanova de l'Aguda;vilanova de l'aguda;Lleida;lleida;Cataluña/Catalunya;Vilanova de l'Aguda;41.91145836;1.25271125;409;194
25250;Vilanova de Meià;vilanova de meia;Lleida;lleida;Cataluña/Catalunya;Vilanova de Meià;41.99557749;1.023504445;616;478
25251;Vilanova de Segrià;vilanova de segria;Lleida;lleida;Cataluña/Catalunya;Vilanova de Segrià;41.71244644;0.618993335;254;1088
25252;Vila-sana;vila sana;Lleida;lleida;Cataluña/Catalunya;Vila-sana;41.66343236;0.92724278;248;754
25253;Vilosell, El;vilosell, el;Lleida;lleida;Cataluña/Catalunya;Vilosell, El;41.38329089;0.94658216;652;178
25254;Vilanova de la Barca;vilanova de la barca;Lleida;lleida;Cataluña/Catalunya;Vilanova de la Barca;41.69128036;0.729134344;194;1160
25255;Vinaixa;vinaixa;Lleida;lleida;Cataluña/Catalunya;Vinaixa;41.42812884;0.975022831;473;435
25901;Vall de Cardós;vall de cardos;Lleida;lleida;Cataluña/Catalunya;Vall de Cardós;42.5636153;1.227629871;899;391
25902;Sant Martí de Riucorb;sant marti de riucorb;Lleida;lleida;Cataluña/Catalunya;Sant Martí de Riucorb;41.55982532;1.05417885;410;675
25903;Guingueta d'Àneu, La;guingueta d'aneu, la;Lleida;lleida;Cataluña/Catalunya;Guingueta d'Àneu, La;42.59506117;1.13135498;940;276
25904;Castell de Mur;castell de mur;Lleida;lleida;Cataluña/Catalunya;Castell de Mur;42.09175752;0.87672254;536;159
25905;Ribera d'Ondara;ribera d'ondara;Lleida;lleida;Cataluña/Catalunya;Ribera d'Ondara;41.62799867;1.34190308;545;436
25906;Valls d'Aguilar, Les;valls d'aguilar, les;Lleida;lleida;Cataluña/Catalunya;Valls d'Aguilar, Les;42.29393301;1.34174351;673;259
25907;Torrefeta i Florejacs;torrefeta i florejacs;Lleida;lleida;Cataluña/Catalunya;Torrefeta i Florejacs;41.75443317;1.27487166;473;593
25908;Fígols i Alinyà;figols i alinya;Lleida;lleida;Cataluña/Catalunya;Fígols i Alinyà;42.20242261;1.33877248;602;235
25909;Vansa i Fórnols, La;vansa i fornols, la;Lleida;lleida;Cataluña/Catalunya;Vansa i Fórnols, La;42.23371636;1.48046014;992;189
25910;Josa i Tuixén;josa i tuixen;Lleida;lleida;Cataluña/Catalunya;Josa i Tuixén;42.23125772;1.566458266;1194;110
25911;Plans de Sió, Els;plans de sio, els;Lleida;lleida;Cataluña/Catalunya;Plans de Sió, Els;41.76136144;1.19705823;409;512
25912;Gimenells i el Pla de la Font;gimenells i el pla de la font;Lleida;lleida;Cataluña/Catalunya;Gimenells i el Pla de la Font;41.65253453;0.389513737;258;1072
25913;Riu de Cerdanya;riu de cerdanya;Lleida;lleida;Cataluña/Catalunya;Riu de Cerdanya;42.34570937;1.826251423;1177;96
26001;Ábalos;abalos;La Rioja;la rioja;La Rioja;Ábalos;42.57378043;-2.710603564;590;266
26002;Agoncillo;agoncillo;La Rioja;la rioja;La Rioja;Agoncillo;42.44630039;-2.291578118;347;1463
26003;Aguilar del Río Alhama;aguilar del rio alhama;La Rioja;la rioja;La Rioja;Aguilar del Río Alhama;41.96159134;-1.993475467;641;430
26004;Ajamil de Cameros;ajamil de cameros;La Rioja;la rioja;La Rioja;Ajamil de Cameros;42.16745755;-2.487824142;1041;79
26005;Albelda de Iregua;albelda de iregua;La Rioja;la rioja;La Rioja;Albelda de Iregua;42.35833029;-2.473387159;524;3953
26006;Alberite;alberite;La Rioja;la rioja;La Rioja;Alberite;42.40596878;-2.441253077;452;2758
26007;Alcanadre;alcanadre;La Rioja;la rioja;La Rioja;Alcanadre;42.40501755;-2.120045049;347;683
26008;Aldeanueva de Ebro;aldeanueva de ebro;La Rioja;la rioja;La Rioja;Aldeanueva de Ebro;42.2292074;-1.887198433;343;2770
26009;Alesanco;alesanco;La Rioja;la rioja;La Rioja;Alesanco;42.41400364;-2.817288461;566;483
26010;Alesón;aleson;La Rioja;la rioja;La Rioja;Alesón;42.40514235;-2.690793465;575;93
26011;Alfaro;alfaro;La Rioja;la rioja;La Rioja;Alfaro;42.17931427;-1.750091999;297;9969
26012;Almarza de Cameros;almarza de cameros;La Rioja;la rioja;La Rioja;Almarza de Cameros;42.21607212;-2.597747804;1059;41
26013;Anguciana;anguciana;La Rioja;la rioja;La Rioja;Anguciana;42.57551682;-2.902815653;472;448
26014;Anguiano;anguiano;La Rioja;la rioja;La Rioja;Anguiano;42.26129503;-2.764756676;653;489
26015;Arenzana de Abajo;arenzana de abajo;La Rioja;la rioja;La Rioja;Arenzana de Abajo;42.38663309;-2.719269936;546;255
26016;Arenzana de Arriba;arenzana de arriba;La Rioja;la rioja;La Rioja;Arenzana de Arriba;42.38754607;-2.694217011;595;37
26017;Arnedillo;arnedillo;La Rioja;la rioja;La Rioja;Arnedillo;42.2119355;-2.234958572;654;437
26018;Arnedo;arnedo;La Rioja;la rioja;La Rioja;Arnedo;42.22780485;-2.100121281;522;15076
26019;Arrúbal;arrubal;La Rioja;la rioja;La Rioja;Arrúbal;42.43563963;-2.251387513;356;587
26020;Ausejo;ausejo;La Rioja;la rioja;La Rioja;Ausejo;42.34568722;-2.170088613;555;782
26021;Autol;autol;La Rioja;la rioja;La Rioja;Autol;42.21542697;-2.006640626;436;4925
26022;Azofra;azofra;La Rioja;la rioja;La Rioja;Azofra;42.42400234;-2.800938863;549;195
26023;Badarán;badaran;La Rioja;la rioja;La Rioja;Badarán;42.36790722;-2.808611235;625;471
26024;Bañares;banares;La Rioja;la rioja;La Rioja;Bañares;42.46845642;-2.911148516;596;198
26025;Baños de Rioja;banos de rioja;La Rioja;la rioja;La Rioja;Baños de Rioja;42.51248291;-2.944032317;547;86
26026;Baños de Río Tobía;banos de rio tobia;La Rioja;la rioja;La Rioja;Baños de Río Tobía;42.3348281;-2.761470192;580;1599
26027;Berceo;berceo;La Rioja;la rioja;La Rioja;Berceo;42.33807996;-2.852243398;723;143
26028;Bergasa;bergasa;La Rioja;la rioja;La Rioja;Bergasa;42.25301062;-2.130798241;645;172
26029;Bergasillas Bajera;bergasillas bajera;La Rioja;la rioja;La Rioja;Bergasillas Bajera;42.24441813;-2.158532786;825;32
26030;Bezares;bezares;La Rioja;la rioja;La Rioja;Bezares;42.37012763;-2.670797312;693;19
26031;Bobadilla;bobadilla;La Rioja;la rioja;La Rioja;Bobadilla;42.31757657;-2.759411992;576;103
26032;Brieva de Cameros;brieva de cameros;La Rioja;la rioja;La Rioja;Brieva de Cameros;42.16476128;-2.794540061;967;38
26033;Briñas;brinas;La Rioja;la rioja;La Rioja;Briñas;42.60121164;-2.830587927;450;190
26034;Briones;briones;La Rioja;la rioja;La Rioja;Briones;42.54358342;-2.78492136;502;753
26035;Cabezón de Cameros;cabezon de cameros;La Rioja;la rioja;La Rioja;Cabezón de Cameros;42.19684565;-2.520497432;915;23
26036;Calahorra;calahorra;La Rioja;la rioja;La Rioja;Calahorra;42.30360846;-1.965182678;346;25292
26037;Camprovín;camprovin;La Rioja;la rioja;La Rioja;Camprovín;42.35390456;-2.722632278;669;158
26038;Canales de la Sierra;canales de la sierra;La Rioja;la rioja;La Rioja;Canales de la Sierra;42.14164911;-3.024496151;1020;84
26039;Canillas de Río Tuerto;canillas de rio tuerto;La Rioja;la rioja;La Rioja;Canillas de Río Tuerto;42.39919045;-2.841340469;625;38
26040;Cañas;canas;La Rioja;la rioja;La Rioja;Cañas;42.39149473;-2.848251491;645;95
26041;Cárdenas;cardenas;La Rioja;la rioja;La Rioja;Cárdenas;42.37420431;-2.767219476;568;132
26042;Casalarreina;casalarreina;La Rioja;la rioja;La Rioja;Casalarreina;42.54828151;-2.912976261;497;1091
26043;Castañares de Rioja;castanares de rioja;La Rioja;la rioja;La Rioja;Castañares de Rioja;42.5120215;-2.931880641;543;440
26044;Castroviejo;castroviejo;La Rioja;la rioja;La Rioja;Castroviejo;42.32974785;-2.661621159;957;58
26045;Cellorigo;cellorigo;La Rioja;la rioja;La Rioja;Cellorigo;42.62686126;-3.00088364;775;15
26046;Cenicero;cenicero;La Rioja;la rioja;La Rioja;Cenicero;42.4817102;-2.64223335;435;2176
26047;Cervera del Río Alhama;cervera del rio alhama;La Rioja;la rioja;La Rioja;Cervera del Río Alhama;42.00690539;-1.951956506;521;2249
26048;Cidamón;cidamon;La Rioja;la rioja;La Rioja;Cidamón;42.49489649;-2.879138797;584;18
26049;Cihuri;cihuri;La Rioja;la rioja;La Rioja;Cihuri;42.56440441;-2.922403319;486;206
26050;Cirueña;ciruena;La Rioja;la rioja;La Rioja;Cirueña;42.41083834;-2.896023293;753;193
26051;Clavijo;clavijo;La Rioja;la rioja;La Rioja;Clavijo;42.34969839;-2.426357026;873;293
26052;Cordovín;cordovin;La Rioja;la rioja;La Rioja;Cordovín;42.38476083;-2.814697003;595;155
26053;Corera;corera;La Rioja;la rioja;La Rioja;Corera;42.34283584;-2.21934997;522;283
26054;Cornago;cornago;La Rioja;la rioja;La Rioja;Cornago;42.06476716;-2.095549901;715;300
26055;Corporales;corporales;La Rioja;la rioja;La Rioja;Corporales;42.43275653;-2.994966097;733;40
26056;Cuzcurrita de Río Tirón;cuzcurrita de rio tiron;La Rioja;la rioja;La Rioja;Cuzcurrita de Río Tirón;42.54172259;-2.963364416;519;561
26057;Daroca de Rioja;daroca de rioja;La Rioja;la rioja;La Rioja;Daroca de Rioja;42.37118069;-2.581697463;727;63
26058;Enciso;enciso;La Rioja;la rioja;La Rioja;Enciso;42.14860103;-2.268850607;788;167
26059;Entrena;entrena;La Rioja;la rioja;La Rioja;Entrena;42.38828463;-2.531079873;557;1657
26060;Estollo;estollo;La Rioja;la rioja;La Rioja;Estollo;42.329187;-2.850982901;751;89
26061;Ezcaray;ezcaray;La Rioja;la rioja;La Rioja;Ezcaray;42.32708078;-3.013268302;808;2057
26062;Foncea;foncea;La Rioja;la rioja;La Rioja;Foncea;42.61449545;-3.037614951;686;86
26063;Fonzaleche;fonzaleche;La Rioja;la rioja;La Rioja;Fonzaleche;42.58156143;-3.012639817;558;141
26064;Fuenmayor;fuenmayor;La Rioja;la rioja;La Rioja;Fuenmayor;42.46696484;-2.562614268;435;3270
26065;Galbárruli;galbarruli;La Rioja;la rioja;La Rioja;Galbárruli;42.62158217;-2.960715717;650;74
26066;Galilea;galilea;La Rioja;la rioja;La Rioja;Galilea;42.34808219;-2.235636518;557;416
26067;Gallinero de Cameros;gallinero de cameros;La Rioja;la rioja;La Rioja;Gallinero de Cameros;42.17180906;-2.617769819;1045;16
26068;Gimileo;gimileo;La Rioja;la rioja;La Rioja;Gimileo;42.54907572;-2.823370746;476;126
26069;Grañón;granon;La Rioja;la rioja;La Rioja;Grañón;42.45057476;-3.027222867;724;210
26070;Grávalos;gravalos;La Rioja;la rioja;La Rioja;Grávalos;42.1074527;-2.000865398;734;199
26071;Haro;haro;La Rioja;la rioja;La Rioja;Haro;42.57711915;-2.84634409;471;12153
26072;Herce;herce;La Rioja;la rioja;La Rioja;Herce;42.21451132;-2.164838258;584;336
26073;Herramélluri;herramelluri;La Rioja;la rioja;La Rioja;Herramélluri;42.50227729;-3.019722017;570;110
26074;Hervías;hervias;La Rioja;la rioja;La Rioja;Hervías;42.44816019;-2.888798641;637;142
26075;Hormilla;hormilla;La Rioja;la rioja;La Rioja;Hormilla;42.43831766;-2.775740467;526;440
26076;Hormilleja;hormilleja;La Rioja;la rioja;La Rioja;Hormilleja;42.45537659;-2.730408869;489;148
26077;Hornillos de Cameros;hornillos de cameros;La Rioja;la rioja;La Rioja;Hornillos de Cameros;42.20992314;-2.41958954;1143;14
26078;Hornos de Moncalvillo;hornos de moncalvillo;La Rioja;la rioja;La Rioja;Hornos de Moncalvillo;42.39169803;-2.585265275;683;92
26079;Huércanos;huercanos;La Rioja;la rioja;La Rioja;Huércanos;42.4289914;-2.694162017;512;852
26080;Igea;igea;La Rioja;la rioja;La Rioja;Igea;42.06843003;-2.008763203;557;643
26081;Jalón de Cameros;jalon de cameros;La Rioja;la rioja;La Rioja;Jalón de Cameros;42.21775659;-2.490291399;865;23
26082;Laguna de Cameros;laguna de cameros;La Rioja;la rioja;La Rioja;Laguna de Cameros;42.17446311;-2.543427366;1045;111
26083;Lagunilla del Jubera;lagunilla del jubera;La Rioja;la rioja;La Rioja;Lagunilla del Jubera;42.33387403;-2.321417662;631;384
26084;Lardero;lardero;La Rioja;la rioja;La Rioja;Lardero;42.42785493;-2.462610392;438;12100
26086;Ledesma de la Cogolla;ledesma de la cogolla;La Rioja;la rioja;La Rioja;Ledesma de la Cogolla;42.32001072;-2.717387543;759;16
26087;Leiva;leiva;La Rioja;la rioja;La Rioja;Leiva;42.50290839;-3.046595988;587;229
26088;Leza de Río Leza;leza de rio leza;La Rioja;la rioja;La Rioja;Leza de Río Leza;42.32913493;-2.406351571;568;40
26089;Logroño;logrono;La Rioja;la rioja;La Rioja;Logroño;42.46630675;-2.439098065;381;151681
26091;Lumbreras de Cameros;lumbreras de cameros;La Rioja;la rioja;La Rioja;Lumbreras de Cameros;42.10450771;-2.623231151;1181;144
26092;Manjarrés;manjarres;La Rioja;la rioja;La Rioja;Manjarrés;42.3925144;-2.675256308;630;97
26093;Mansilla de la Sierra;mansilla de la sierra;La Rioja;la rioja;La Rioja;Mansilla de la Sierra;42.15323074;-2.945374227;956;59
26094;Manzanares de Rioja;manzanares de rioja;La Rioja;la rioja;La Rioja;Manzanares de Rioja;42.39575082;-2.893959006;806;68
26095;Matute;matute;La Rioja;la rioja;La Rioja;Matute;42.29827691;-2.795444289;681;90
26096;Medrano;medrano;La Rioja;la rioja;La Rioja;Medrano;42.38263217;-2.554074658;599;350
26098;Munilla;munilla;La Rioja;la rioja;La Rioja;Munilla;42.18833416;-2.295229629;785;93
26099;Murillo de Río Leza;murillo de rio leza;La Rioja;la rioja;La Rioja;Murillo de Río Leza;42.40158794;-2.325321354;414;1675
26100;Muro de Aguas;muro de aguas;La Rioja;la rioja;La Rioja;Muro de Aguas;42.13385173;-2.110916501;881;57
26101;Muro en Cameros;muro en cameros;La Rioja;la rioja;La Rioja;Muro en Cameros;42.22453934;-2.529582891;1102;41
26102;Nájera;najera;La Rioja;la rioja;La Rioja;Nájera;42.41585772;-2.7344644;487;8313
26103;Nalda;nalda;La Rioja;la rioja;La Rioja;Nalda;42.33404175;-2.487811061;613;1315
26104;Navajún;navajun;La Rioja;la rioja;La Rioja;Navajún;41.96393829;-2.098933822;928;8
26105;Navarrete;navarrete;La Rioja;la rioja;La Rioja;Navarrete;42.42920473;-2.561729859;508;3066
26106;Nestares;nestares;La Rioja;la rioja;La Rioja;Nestares;42.27056472;-2.61887993;868;85
26107;Nieva de Cameros;nieva de cameros;La Rioja;la rioja;La Rioja;Nieva de Cameros;42.21845156;-2.667369138;1004;88
26108;Ocón;ocon;La Rioja;la rioja;La Rioja;Ocón;42.3134603;-2.210636956;898;315
26109;Ochánduri;ochanduri;La Rioja;la rioja;La Rioja;Ochánduri;42.52489751;-3.002774978;547;78
26110;Ojacastro;ojacastro;La Rioja;la rioja;La Rioja;Ojacastro;42.34647119;-3.00515606;788;199
26111;Ollauri;ollauri;La Rioja;la rioja;La Rioja;Ollauri;42.54235218;-2.833223563;496;322
26112;Ortigosa de Cameros;ortigosa de cameros;La Rioja;la rioja;La Rioja;Ortigosa de Cameros;42.17581636;-2.705365446;1045;215
26113;Pazuengos;pazuengos;La Rioja;la rioja;La Rioja;Pazuengos;42.31764376;-2.925746637;1160;24
26114;Pedroso;pedroso;La Rioja;la rioja;La Rioja;Pedroso;42.30042872;-2.718492772;779;88
26115;Pinillos;pinillos;La Rioja;la rioja;La Rioja;Pinillos;42.19935712;-2.597276813;998;18
26117;Pradejón;pradejon;La Rioja;la rioja;La Rioja;Pradejón;42.33380467;-2.068745581;356;3715
26118;Pradillo;pradillo;La Rioja;la rioja;La Rioja;Pradillo;42.17765688;-2.640739815;880;64
26119;Préjano;prejano;La Rioja;la rioja;La Rioja;Préjano;42.18871116;-2.17791229;691;205
26120;Quel;quel;La Rioja;la rioja;La Rioja;Quel;42.22873002;-2.048157332;472;2113
26121;Rabanera;rabanera;La Rioja;la rioja;La Rioja;Rabanera;42.18935139;-2.48608257;972;29
26122;Rasillo de Cameros, El;rasillo de cameros, el;La Rioja;la rioja;La Rioja;Rasillo de Cameros, El;42.19456691;-2.697806295;1093;153
26123;Redal, El;redal, el;La Rioja;la rioja;La Rioja;Redal, El;42.33717483;-2.202423187;532;139
26124;Ribafrecha;ribafrecha;La Rioja;la rioja;La Rioja;Ribafrecha;42.35477049;-2.387696763;494;1076
26125;Rincón de Soto;rincon de soto;La Rioja;la rioja;La Rioja;Rincón de Soto;42.2350785;-1.851135535;283;4035
26126;Robres del Castillo;robres del castillo;La Rioja;la rioja;La Rioja;Robres del Castillo;42.27430989;-2.292326143;728;21
26127;Rodezno;rodezno;La Rioja;la rioja;La Rioja;Rodezno;42.52579634;-2.845012324;546;235
26128;Sajazarra;sajazarra;La Rioja;la rioja;La Rioja;Sajazarra;42.58862956;-2.960517381;517;124
26129;San Asensio;san asensio;La Rioja;la rioja;La Rioja;San Asensio;42.49743395;-2.748912953;534;1098
26130;San Millán de la Cogolla;san millan de la cogolla;La Rioja;la rioja;La Rioja;San Millán de la Cogolla;42.32902505;-2.86184611;729;213
26131;San Millán de Yécora;san millan de yecora;La Rioja;la rioja;La Rioja;San Millán de Yécora;42.54671238;-3.096578103;657;35
26132;San Román de Cameros;san roman de cameros;La Rioja;la rioja;La Rioja;San Román de Cameros;42.23185794;-2.475330659;843;129
26134;Santa Coloma;santa coloma;La Rioja;la rioja;La Rioja;Santa Coloma;42.3668141;-2.655720769;765;105
26135;Santa Engracia del Jubera;santa engracia del jubera;La Rioja;la rioja;La Rioja;Santa Engracia del Jubera;42.31484523;-2.303999442;655;188
26136;Santa Eulalia Bajera;santa eulalia bajera;La Rioja;la rioja;La Rioja;Santa Eulalia Bajera;42.21016054;-2.192579971;617;117
26138;Santo Domingo de la Calzada;santo domingo de la calzada;La Rioja;la rioja;La Rioja;Santo Domingo de la Calzada;42.44186728;-2.952762357;638;6428
26139;San Torcuato;san torcuato;La Rioja;la rioja;La Rioja;San Torcuato;42.48229655;-2.88997294;600;62
26140;Santurde de Rioja;santurde de rioja;La Rioja;la rioja;La Rioja;Santurde de Rioja;42.38936231;-2.979838109;713;260
26141;Santurdejo;santurdejo;La Rioja;la rioja;La Rioja;Santurdejo;42.37834302;-2.954823625;777;96
26142;San Vicente de la Sonsierra;san vicente de la sonsierra;La Rioja;la rioja;La Rioja;San Vicente de la Sonsierra;42.56254225;-2.759020883;498;1054
26143;Sojuela;sojuela;La Rioja;la rioja;La Rioja;Sojuela;42.36988763;-2.545075462;667;697
26144;Sorzano;sorzano;La Rioja;la rioja;La Rioja;Sorzano;42.34246017;-2.527692387;720;235
26145;Sotés;sotes;La Rioja;la rioja;La Rioja;Sotés;42.39993955;-2.60224292;672;266
26146;Soto en Cameros;soto en cameros;La Rioja;la rioja;La Rioja;Soto en Cameros;42.28600877;-2.425962596;706;81
26147;Terroba;terroba;La Rioja;la rioja;La Rioja;Terroba;42.25730987;-2.443385449;789;31
26148;Tirgo;tirgo;La Rioja;la rioja;La Rioja;Tirgo;42.54584194;-2.94963087;522;167
26149;Tobía;tobia;La Rioja;la rioja;La Rioja;Tobía;42.2978854;-2.815765847;681;41
26150;Tormantos;tormantos;La Rioja;la rioja;La Rioja;Tormantos;42.4944451;-3.074270861;609;124
26151;Torrecilla en Cameros;torrecilla en cameros;La Rioja;la rioja;La Rioja;Torrecilla en Cameros;42.25568991;-2.629680574;740;471
26152;Torrecilla sobre Alesanco;torrecilla sobre alesanco;La Rioja;la rioja;La Rioja;Torrecilla sobre Alesanco;42.40846077;-2.833189118;613;58
26153;Torre en Cameros;torre en cameros;La Rioja;la rioja;La Rioja;Torre en Cameros;42.24167651;-2.51813692;1160;8
26154;Torremontalbo;torremontalbo;La Rioja;la rioja;La Rioja;Torremontalbo;42.50156611;-2.685148599;428;7
26155;Treviana;treviana;La Rioja;la rioja;La Rioja;Treviana;42.55825798;-3.051370311;590;142
26157;Tricio;tricio;La Rioja;la rioja;La Rioja;Tricio;42.40118521;-2.719606058;564;375
26158;Tudelilla;tudelilla;La Rioja;la rioja;La Rioja;Tudelilla;42.29950663;-2.116122375;543;364
26160;Uruñuela;urunuela;La Rioja;la rioja;La Rioja;Uruñuela;42.44260358;-2.707963081;497;1009
26161;Valdemadera;valdemadera;La Rioja;la rioja;La Rioja;Valdemadera;41.98412577;-2.074362785;970;15
26162;Valgañón;valganon;La Rioja;la rioja;La Rioja;Valgañón;42.31757602;-3.067346126;933;133
26163;Ventosa;ventosa;La Rioja;la rioja;La Rioja;Ventosa;42.40376107;-2.62657532;636;198
26164;Ventrosa;ventrosa;La Rioja;la rioja;La Rioja;Ventrosa;42.1559943;-2.852547616;961;48
26165;Viguera;viguera;La Rioja;la rioja;La Rioja;Viguera;42.30794011;-2.533752512;684;379
26166;Villalba de Rioja;villalba de rioja;La Rioja;la rioja;La Rioja;Villalba de Rioja;42.61024764;-2.886853462;570;156
26167;Villalobar de Rioja;villalobar de rioja;La Rioja;la rioja;La Rioja;Villalobar de Rioja;42.49125396;-2.963232234;583;84
26168;Villamediana de Iregua;villamediana de iregua;La Rioja;la rioja;La Rioja;Villamediana de Iregua;42.42629488;-2.419234172;443;9243
26169;Villanueva de Cameros;villanueva de cameros;La Rioja;la rioja;La Rioja;Villanueva de Cameros;42.16733991;-2.65012893;892;68
26170;Villar de Arnedo, El;villar de arnedo, el;La Rioja;la rioja;La Rioja;Villar de Arnedo, El;42.32081092;-2.095375818;434;642
26171;Villar de Torre;villar de torre;La Rioja;la rioja;La Rioja;Villar de Torre;42.37033984;-2.866175089;768;143
26172;Villarejo;villarejo;La Rioja;la rioja;La Rioja;Villarejo;42.37275438;-2.887945469;835;30
26173;Villarroya;villarroya;La Rioja;la rioja;La Rioja;Villarroya;42.13196284;-2.06796218;927;9
26174;Villarta-Quintana;villarta quintana;La Rioja;la rioja;La Rioja;Villarta-Quintana;42.42975113;-3.049233507;753;129
26175;Villavelayo;villavelayo;La Rioja;la rioja;La Rioja;Villavelayo;42.13117111;-2.984726389;933;43
26176;Villaverde de Rioja;villaverde de rioja;La Rioja;la rioja;La Rioja;Villaverde de Rioja;42.32070519;-2.81391533;801;67
26177;Villoslada de Cameros;villoslada de cameros;La Rioja;la rioja;La Rioja;Villoslada de Cameros;42.11304151;-2.673187032;1037;351
26178;Viniegra de Abajo;viniegra de abajo;La Rioja;la rioja;La Rioja;Viniegra de Abajo;42.15179056;-2.888262164;882;82
26179;Viniegra de Arriba;viniegra de arriba;La Rioja;la rioja;La Rioja;Viniegra de Arriba;42.09579105;-2.833525047;1196;40
26180;Zarratón;zarraton;La Rioja;la rioja;La Rioja;Zarratón;42.51624457;-2.880511097;551;254
26181;Zarzosa;zarzosa;La Rioja;la rioja;La Rioja;Zarzosa;42.1814087;-2.342365682;952;14
26183;Zorraquín;zorraquin;La Rioja;la rioja;La Rioja;Zorraquín;42.32539543;-3.039603073;858;89
27001;Abadín;abadin;Lugo;lugo;Galicia;Abadín;43.36358653;-7.474995967;512;2238
27002;Alfoz;alfoz;Lugo;lugo;Galicia;Alfoz;43.52709498;-7.418091367;80;1493
27003;Antas de Ulla;antas de ulla;Lugo;lugo;Galicia;Antas de Ulla;42.78264171;-7.890354261;555;1823
27004;Baleira;baleira;Lugo;lugo;Galicia;Baleira;43.01545659;-7.245980275;720;1096
27005;Barreiros;barreiros;Lugo;lugo;Galicia;Barreiros;43.54048059;-7.233441183;68;3038
27006;Becerreá;becerrea;Lugo;lugo;Galicia;Becerreá;42.85315143;-7.161554483;638;2828
27007;Begonte;begonte;Lugo;lugo;Galicia;Begonte;43.14996043;-7.685861819;399;2892
27008;Bóveda;boveda;Lugo;lugo;Galicia;Bóveda;42.62359012;-7.484944839;356;1374
27009;Carballedo;carballedo;Lugo;lugo;Galicia;Carballedo;42.53871361;-7.813409447;637;1985
27010;Castro de Rei;castro de rei;Lugo;lugo;Galicia;Castro de Rei;43.20732709;-7.398831947;438;4998
27011;Castroverde;castroverde;Lugo;lugo;Galicia;Castroverde;43.02953224;-7.327239492;592;2476
27012;Cervantes;cervantes;Lugo;lugo;Galicia;Cervantes;42.87290315;-7.063501831;616;1142
27013;Cervo;cervo;Lugo;lugo;Galicia;Cervo;43.67155829;-7.411212375;71;4130
27014;Corgo, O;corgo, o;Lugo;lugo;Galicia;Corgo, O;42.94094444;-7.423694444;433;3368
27015;Cospeito;cospeito;Lugo;lugo;Galicia;Cospeito;43.23644419;-7.55713916;416;4188
27016;Chantada;chantada;Lugo;lugo;Galicia;Chantada;42.60746956;-7.768863225;481;8149
27017;Folgoso do Courel;folgoso do courel;Lugo;lugo;Galicia;Folgoso do Courel;42.58765421;-7.192789889;611;924
27018;Fonsagrada, A;fonsagrada, a;Lugo;lugo;Galicia;Fonsagrada, A;43.12638889;-7.067361111;949;3082
27019;Foz;foz;Lugo;lugo;Galicia;Foz;43.56849893;-7.259716642;37;10415
27020;Friol;friol;Lugo;lugo;Galicia;Friol;43.02889151;-7.791281442;482;3619
27021;Xermade;xermade;Lugo;lugo;Galicia;Xermade;43.35478495;-7.813336881;470;1665
27022;Guitiriz;guitiriz;Lugo;lugo;Galicia;Guitiriz;43.18089716;-7.894119233;454;5178
27023;Guntín;guntin;Lugo;lugo;Galicia;Guntín;42.89080404;-7.698064872;473;2506
27024;Incio, O;incio, o;Lugo;lugo;Galicia;Incio, O;42.65647891;-7.363922339;740;1511
27025;Xove;xove;Lugo;lugo;Galicia;Xove;43.68622222;-7.509222222;61;3254
27026;Láncara;lancara;Lugo;lugo;Galicia;Láncara;42.86524581;-7.443999875;370;2487
27027;Lourenzá;lourenza;Lugo;lugo;Galicia;Lourenzá;43.47091601;-7.2987936;57;2082
27028;Lugo;lugo;Lugo;lugo;Galicia;Lugo;43.01002323;-7.555631945;460;100071
27029;Meira;meira;Lugo;lugo;Galicia;Meira;43.21280627;-7.292075967;486;1768
27030;Mondoñedo;mondonedo;Lugo;lugo;Galicia;Mondoñedo;43.42972589;-7.363834875;141;3301
27031;Monforte de Lemos;monforte de lemos;Lugo;lugo;Galicia;Monforte de Lemos;42.52283979;-7.516844378;295;18989
27032;Monterroso;monterroso;Lugo;lugo;Galicia;Monterroso;42.79308484;-7.836525467;542;3767
27033;Muras;muras;Lugo;lugo;Galicia;Muras;43.46720201;-7.722895472;482;576
27034;Navia de Suarna;navia de suarna;Lugo;lugo;Galicia;Navia de Suarna;42.96430903;-7.006221686;295;969
27035;Negueira de Muñiz;negueira de muniz;Lugo;lugo;Galicia;Negueira de Muñiz;43.13441667;-6.893888889;366;237
27037;Nogais, As;nogais, as;Lugo;lugo;Galicia;Nogais, As;42.80915776;-7.109325925;509;913
27038;Ourol;ourol;Lugo;lugo;Galicia;Ourol;43.56466078;-7.642234017;278;965
27039;Outeiro de Rei;outeiro de rei;Lugo;lugo;Galicia;Outeiro de Rei;43.10188889;-7.613666667;414;5431
27040;Palas de Rei;palas de rei;Lugo;lugo;Galicia;Palas de Rei;42.87311805;-7.869267642;553;3245
27041;Pantón;panton;Lugo;lugo;Galicia;Pantón;42.50578767;-7.62328355;382;2351
27042;Paradela;paradela;Lugo;lugo;Galicia;Paradela;42.76141448;-7.565183272;597;1556
27043;Páramo, O;paramo, o;Lugo;lugo;Galicia;Páramo, O;42.84437871;-7.499127547;404;1266
27044;Pastoriza, A;pastoriza, a;Lugo;lugo;Galicia;Pastoriza, A;43.30024095;-7.351704158;548;2802
27045;Pedrafita do Cebreiro;pedrafita do cebreiro;Lugo;lugo;Galicia;Pedrafita do Cebreiro;42.72686364;-7.02157755;1106;869
27046;Pol;pol;Lugo;lugo;Galicia;Pol;43.1298103;-7.353424681;512;1546
27047;Pobra do Brollón, A;pobra do brollon, a;Lugo;lugo;Galicia;Pobra do Brollón, A;42.55731338;-7.393326758;387;1602
27048;Pontenova, A;pontenova, a;Lugo;lugo;Galicia;Pontenova, A;43.34755556;-7.1925;80;2100
27049;Portomarín;portomarin;Lugo;lugo;Galicia;Portomarín;42.80768725;-7.615982844;391;1296
27050;Quiroga;quiroga;Lugo;lugo;Galicia;Quiroga;42.47601316;-7.27271497;271;3035
27051;Ribadeo;ribadeo;Lugo;lugo;Galicia;Ribadeo;43.53629223;-7.039512003;47;9996
27052;Ribas de Sil;ribas de sil;Lugo;lugo;Galicia;Ribas de Sil;42.46637521;-7.287606547;247;895
27053;Ribeira de Piquín;ribeira de piquin;Lugo;lugo;Galicia;Ribeira de Piquín;43.20033137;-7.202523706;246;546
27054;Riotorto;riotorto;Lugo;lugo;Galicia;Riotorto;43.3420391;-7.261117819;198;1181
27055;Samos;samos;Lugo;lugo;Galicia;Samos;42.73077223;-7.326522433;531;1162
27056;Rábade;rabade;Lugo;lugo;Galicia;Rábade;43.12081156;-7.622281878;410;1509
27057;Sarria;sarria;Lugo;lugo;Galicia;Sarria;42.77697592;-7.416287433;462;13776
27058;Saviñao, O;savinao, o;Lugo;lugo;Galicia;Saviñao, O;42.5860932;-7.64010255;613;3468
27059;Sober;sober;Lugo;lugo;Galicia;Sober;42.4621143;-7.586633572;400;2088
27060;Taboada;taboada;Lugo;lugo;Galicia;Taboada;42.71622528;-7.761891414;546;2614
27061;Trabada;trabada;Lugo;lugo;Galicia;Trabada;43.44703826;-7.194380219;209;1069
27062;Triacastela;triacastela;Lugo;lugo;Galicia;Triacastela;42.75455759;-7.243142736;653;593
27063;Valadouro, O;valadouro, o;Lugo;lugo;Galicia;Valadouro, O;43.54920345;-7.437988439;104;1868
27064;Vicedo, O;vicedo, o;Lugo;lugo;Galicia;Vicedo, O;43.73251132;-7.675139453;21;1556
27065;Vilalba;vilalba;Lugo;lugo;Galicia;Vilalba;43.29710869;-7.680761317;487;13946
27066;Viveiro;viveiro;Lugo;lugo;Galicia;Viveiro;43.66214151;-7.595224784;9;15091
27901;Baralla;baralla;Lugo;lugo;Galicia;Baralla;42.89386111;-7.251083333;494;2410
27902;Burela;burela;Lugo;lugo;Galicia;Burela;43.65912386;-7.357704019;15;9658
28001;Acebeda, La;acebeda, la;Madrid;madrid;Comunidad de Madrid;Acebeda, La;41.08685277;-3.624793326;1266;70
28002;Ajalvir;ajalvir;Madrid;madrid;Comunidad de Madrid;Ajalvir;40.53427096;-3.480941661;677;5007
28003;Alameda del Valle;alameda del valle;Madrid;madrid;Comunidad de Madrid;Alameda del Valle;40.91805632;-3.843636319;1108;267
28004;Álamo, El;alamo, el;Madrid;madrid;Comunidad de Madrid;Álamo, El;40.23031206;-3.990672328;600;10590
28005;Alcalá de Henares;alcala de henares;Madrid;madrid;Comunidad de Madrid;Alcalá de Henares;40.48179286;-3.364867022;586;202549
28006;Alcobendas;alcobendas;Madrid;madrid;Comunidad de Madrid;Alcobendas;40.54745906;-3.64187111;687;123222
28007;Alcorcón;alcorcon;Madrid;madrid;Comunidad de Madrid;Alcorcón;40.34949949;-3.828794481;713;176806
28008;Aldea del Fresno;aldea del fresno;Madrid;madrid;Comunidad de Madrid;Aldea del Fresno;40.32491324;-4.203837772;470;3534
28009;Algete;algete;Madrid;madrid;Comunidad de Madrid;Algete;40.59625449;-3.497838361;705;21194
28010;Alpedrete;alpedrete;Madrid;madrid;Comunidad de Madrid;Alpedrete;40.65886957;-4.023479111;916;15831
28011;Ambite;ambite;Madrid;madrid;Comunidad de Madrid;Ambite;40.32899737;-3.181564698;656;736
28012;Anchuelo;anchuelo;Madrid;madrid;Comunidad de Madrid;Anchuelo;40.4655168;-3.268667936;758;1413
28013;Aranjuez;aranjuez;Madrid;madrid;Comunidad de Madrid;Aranjuez;40.03219208;-3.603524966;497;63838
28014;Arganda del Rey;arganda del rey;Madrid;madrid;Comunidad de Madrid;Arganda del Rey;40.30079363;-3.437457474;617;60105
28015;Arroyomolinos;arroyomolinos;Madrid;madrid;Comunidad de Madrid;Arroyomolinos;40.26770955;-3.920199355;604;38185
28016;Atazar, El;atazar, el;Madrid;madrid;Comunidad de Madrid;Atazar, El;40.93396402;-3.4715824;976;110
28017;Batres;batres;Madrid;madrid;Comunidad de Madrid;Batres;40.20912454;-3.920789019;606;1978
28018;Becerril de la Sierra;becerril de la sierra;Madrid;madrid;Comunidad de Madrid;Becerril de la Sierra;40.71626362;-3.989401413;1079;6731
28019;Belmonte de Tajo;belmonte de tajo;Madrid;madrid;Comunidad de Madrid;Belmonte de Tajo;40.13374653;-3.339568922;732;1952
28020;Berzosa del Lozoya;berzosa del lozoya;Madrid;madrid;Comunidad de Madrid;Berzosa del Lozoya;40.97539498;-3.523852362;1091;244
28021;Berrueco, El;berrueco, el;Madrid;madrid;Comunidad de Madrid;Berrueco, El;40.88756903;-3.56134651;933;811
28022;Boadilla del Monte;boadilla del monte;Madrid;madrid;Comunidad de Madrid;Boadilla del Monte;40.40782161;-3.879174285;684;66319
28023;Boalo, El;boalo, el;Madrid;madrid;Comunidad de Madrid;Boalo, El;40.71710553;-3.920170778;951;8766
28024;Braojos;braojos;Madrid;madrid;Comunidad de Madrid;Braojos;41.03944001;-3.642385174;1178;233
28025;Brea de Tajo;brea de tajo;Madrid;madrid;Comunidad de Madrid;Brea de Tajo;40.23002043;-3.109661588;714;579
28026;Brunete;brunete;Madrid;madrid;Comunidad de Madrid;Brunete;40.40543263;-3.9977407;650;11261
28027;Buitrago del Lozoya;buitrago del lozoya;Madrid;madrid;Comunidad de Madrid;Buitrago del Lozoya;40.99348063;-3.636446841;975;2026
28028;Bustarviejo;bustarviejo;Madrid;madrid;Comunidad de Madrid;Bustarviejo;40.85908309;-3.709861585;1221;2867
28029;Cabanillas de la Sierra;cabanillas de la sierra;Madrid;madrid;Comunidad de Madrid;Cabanillas de la Sierra;40.81959964;-3.625928271;916;963
28030;Cabrera, La;cabrera, la;Madrid;madrid;Comunidad de Madrid;Cabrera, La;40.86419421;-3.615634572;1037;2936
28031;Cadalso de los Vidrios;cadalso de los vidrios;Madrid;madrid;Comunidad de Madrid;Cadalso de los Vidrios;40.30162147;-4.441459764;800;3387
28032;Camarma de Esteruelas;camarma de esteruelas;Madrid;madrid;Comunidad de Madrid;Camarma de Esteruelas;40.54912598;-3.378682715;637;8342
28033;Campo Real;campo real;Madrid;madrid;Comunidad de Madrid;Campo Real;40.33802681;-3.381597811;757;6965
28034;Canencia;canencia;Madrid;madrid;Comunidad de Madrid;Canencia;40.90977395;-3.737669264;1142;479
28035;Carabaña;carabana;Madrid;madrid;Comunidad de Madrid;Carabaña;40.25716244;-3.237934493;633;2470
28036;Casarrubuelos;casarrubuelos;Madrid;madrid;Comunidad de Madrid;Casarrubuelos;40.17117127;-3.833194272;622;4357
28037;Cenicientos;cenicientos;Madrid;madrid;Comunidad de Madrid;Cenicientos;40.26344962;-4.467560991;762;2147
28038;Cercedilla;cercedilla;Madrid;madrid;Comunidad de Madrid;Cercedilla;40.7416083;-4.055287611;1185;7782
28039;Cervera de Buitrago;cervera de buitrago;Madrid;madrid;Comunidad de Madrid;Cervera de Buitrago;40.92250806;-3.5298112;924;165
28040;Ciempozuelos;ciempozuelos;Madrid;madrid;Comunidad de Madrid;Ciempozuelos;40.15895288;-3.618284189;572;26254
28041;Cobeña;cobena;Madrid;madrid;Comunidad de Madrid;Cobeña;40.56790548;-3.50499033;679;7655
28042;Colmenar del Arroyo;colmenar del arroyo;Madrid;madrid;Comunidad de Madrid;Colmenar del Arroyo;40.41833814;-4.198607034;675;2053
28043;Colmenar de Oreja;colmenar de oreja;Madrid;madrid;Comunidad de Madrid;Colmenar de Oreja;40.10772128;-3.387465024;750;9231
28044;Colmenarejo;colmenarejo;Madrid;madrid;Comunidad de Madrid;Colmenarejo;40.56092663;-4.016774065;873;9755
28045;Colmenar Viejo;colmenar viejo;Madrid;madrid;Comunidad de Madrid;Colmenar Viejo;40.65880805;-3.766149541;875;58654
28046;Collado Mediano;collado mediano;Madrid;madrid;Comunidad de Madrid;Collado Mediano;40.69365743;-4.024391261;1024;7749
28047;Collado Villalba;collado villalba;Madrid;madrid;Comunidad de Madrid;Collado Villalba;40.64579798;-3.991592449;916;67956
28048;Corpa;corpa;Madrid;madrid;Comunidad de Madrid;Corpa;40.42479435;-3.2630119;815;835
28049;Coslada;coslada;Madrid;madrid;Comunidad de Madrid;Coslada;40.42627874;-3.565560449;620;80365
28050;Cubas de la Sagra;cubas de la sagra;Madrid;madrid;Comunidad de Madrid;Cubas de la Sagra;40.19126364;-3.838344946;646;7217
28051;Chapinería;chapineria;Madrid;madrid;Comunidad de Madrid;Chapinería;40.37919177;-4.209808521;680;2700
28052;Chinchón;chinchon;Madrid;madrid;Comunidad de Madrid;Chinchón;40.13994193;-3.423102611;731;5826
28053;Daganzo de Arriba;daganzo de arriba;Madrid;madrid;Comunidad de Madrid;Daganzo de Arriba;40.54493947;-3.457894414;662;10758
28054;Escorial, El;escorial, el;Madrid;madrid;Comunidad de Madrid;Escorial, El;40.58510059;-4.129576412;911;17322
28055;Estremera;estremera;Madrid;madrid;Comunidad de Madrid;Estremera;40.18465976;-3.106621023;639;1465
28056;Fresnedillas de la Oliva;fresnedillas de la oliva;Madrid;madrid;Comunidad de Madrid;Fresnedillas de la Oliva;40.48651273;-4.172037839;892;1895
28057;Fresno de Torote;fresno de torote;Madrid;madrid;Comunidad de Madrid;Fresno de Torote;40.59279221;-3.41188083;653;2558
28058;Fuenlabrada;fuenlabrada;Madrid;madrid;Comunidad de Madrid;Fuenlabrada;40.2840315;-3.799802615;670;189814
28059;Fuente el Saz de Jarama;fuente el saz de jarama;Madrid;madrid;Comunidad de Madrid;Fuente el Saz de Jarama;40.63417163;-3.513870374;641;7426
28060;Fuentidueña de Tajo;fuentiduena de tajo;Madrid;madrid;Comunidad de Madrid;Fuentidueña de Tajo;40.1186079;-3.159544122;563;2368
28061;Galapagar;galapagar;Madrid;madrid;Comunidad de Madrid;Galapagar;40.5805253;-4.006090877;877;36805
28062;Garganta de los Montes;garganta de los montes;Madrid;madrid;Comunidad de Madrid;Garganta de los Montes;40.92152682;-3.687765764;1131;442
28063;Gargantilla del Lozoya y Pinilla de Buitrago;gargantilla del lozoya y pinilla de buitrago;Madrid;madrid;Comunidad de Madrid;Gargantilla del Lozoya y Pinilla de Buitrago;40.96483533;-3.718589973;1136;405
28064;Gascones;gascones;Madrid;madrid;Comunidad de Madrid;Gascones;41.01788428;-3.641804864;1043;250
28065;Getafe;getafe;Madrid;madrid;Comunidad de Madrid;Getafe;40.30555125;-3.732332146;623;195628
28066;Griñón;grinon;Madrid;madrid;Comunidad de Madrid;Griñón;40.213132;-3.852888775;671;10785
28067;Guadalix de la Sierra;guadalix de la sierra;Madrid;madrid;Comunidad de Madrid;Guadalix de la Sierra;40.78487273;-3.692752779;837;7010
28068;Guadarrama;guadarrama;Madrid;madrid;Comunidad de Madrid;Guadarrama;40.67252357;-4.08879044;962;17545
28069;Hiruela, La;hiruela, la;Madrid;madrid;Comunidad de Madrid;Hiruela, La;41.07784659;-3.454639221;1254;88
28070;Horcajo de la Sierra-Aoslos;horcajo de la sierra aoslos;Madrid;madrid;Comunidad de Madrid;Horcajo de la Sierra-Aoslos;41.06668362;-3.585785446;1076;221
28071;Horcajuelo de la Sierra;horcajuelo de la sierra;Madrid;madrid;Comunidad de Madrid;Horcajuelo de la Sierra;41.06020767;-3.545381006;1136;106
28072;Hoyo de Manzanares;hoyo de manzanares;Madrid;madrid;Comunidad de Madrid;Hoyo de Manzanares;40.62286422;-3.907251019;1003;9323
28073;Humanes de Madrid;humanes de madrid;Madrid;madrid;Comunidad de Madrid;Humanes de Madrid;40.25080593;-3.829042325;675;20549
28074;Leganés;leganes;Madrid;madrid;Comunidad de Madrid;Leganés;40.32705474;-3.758378081;648;195946
28075;Loeches;loeches;Madrid;madrid;Comunidad de Madrid;Loeches;40.38383529;-3.409335111;633;9321
28076;Lozoya;lozoya;Madrid;madrid;Comunidad de Madrid;Lozoya;40.95134133;-3.791818898;1108;600
28078;Madarcos;madarcos;Madrid;madrid;Comunidad de Madrid;Madarcos;41.04751453;-3.582031279;1062;69
28079;Madrid;madrid;Madrid;madrid;Comunidad de Madrid;Madrid;40.41902552;-3.691978194;646;3477497
28080;Majadahonda;majadahonda;Madrid;madrid;Comunidad de Madrid;Majadahonda;40.47286293;-3.872524621;738;73662
28082;Manzanares el Real;manzanares el real;Madrid;madrid;Comunidad de Madrid;Manzanares el Real;40.72681157;-3.865187;910;9670
28083;Meco;meco;Madrid;madrid;Comunidad de Madrid;Meco;40.55256404;-3.324451639;657;15979
28084;Mejorada del Campo;mejorada del campo;Madrid;madrid;Comunidad de Madrid;Mejorada del Campo;40.39607182;-3.484676669;573;24976
28085;Miraflores de la Sierra;miraflores de la sierra;Madrid;madrid;Comunidad de Madrid;Miraflores de la Sierra;40.8138022;-3.766720793;1144;7335
28086;Molar, El;molar, el;Madrid;madrid;Comunidad de Madrid;Molar, El;40.73277096;-3.582152842;815;9970
28087;Molinos, Los;molinos, los;Madrid;madrid;Comunidad de Madrid;Molinos, Los;40.71480945;-4.073654968;1043;4869
28088;Montejo de la Sierra;montejo de la sierra;Madrid;madrid;Comunidad de Madrid;Montejo de la Sierra;41.05958943;-3.53002601;1149;408
28089;Moraleja de Enmedio;moraleja de enmedio;Madrid;madrid;Comunidad de Madrid;Moraleja de Enmedio;40.26023605;-3.861668895;678;5646
28090;Moralzarzal;moralzarzal;Madrid;madrid;Comunidad de Madrid;Moralzarzal;40.67907394;-3.971736269;974;14725
28091;Morata de Tajuña;morata de tajuna;Madrid;madrid;Comunidad de Madrid;Morata de Tajuña;40.22951017;-3.437003485;561;8394
28092;Móstoles;mostoles;Madrid;madrid;Comunidad de Madrid;Móstoles;40.32271371;-3.865398528;658;214293
28093;Navacerrada;navacerrada;Madrid;madrid;Comunidad de Madrid;Navacerrada;40.72896591;-4.014591371;1189;3338
28094;Navalafuente;navalafuente;Madrid;madrid;Comunidad de Madrid;Navalafuente;40.82334194;-3.676124515;907;1722
28095;Navalagamella;navalagamella;Madrid;madrid;Comunidad de Madrid;Navalagamella;40.46930953;-4.122788384;753;3170
28096;Navalcarnero;navalcarnero;Madrid;madrid;Comunidad de Madrid;Navalcarnero;40.29082426;-4.015144008;662;33352
28097;Navarredonda y San Mamés;navarredonda y san mames;Madrid;madrid;Comunidad de Madrid;Navarredonda y San Mamés;40.9908428;-3.725678697;1212;165
28099;Navas del Rey;navas del rey;Madrid;madrid;Comunidad de Madrid;Navas del Rey;40.38409945;-4.251577277;713;3424
28100;Nuevo Baztán;nuevo baztan;Madrid;madrid;Comunidad de Madrid;Nuevo Baztán;40.36545175;-3.243414513;830;7494
28101;Olmeda de las Fuentes;olmeda de las fuentes;Madrid;madrid;Comunidad de Madrid;Olmeda de las Fuentes;40.36882737;-3.222243159;764;434
28102;Orusco de Tajuña;orusco de tajuna;Madrid;madrid;Comunidad de Madrid;Orusco de Tajuña;40.28516521;-3.208495422;652;1535
28104;Paracuellos de Jarama;paracuellos de jarama;Madrid;madrid;Comunidad de Madrid;Paracuellos de Jarama;40.50513082;-3.531862851;688;27649
28106;Parla;parla;Madrid;madrid;Comunidad de Madrid;Parla;40.23759437;-3.772703433;646;138012
28107;Patones;patones;Madrid;madrid;Comunidad de Madrid;Patones;40.85568739;-3.485073302;897;618
28108;Pedrezuela;pedrezuela;Madrid;madrid;Comunidad de Madrid;Pedrezuela;40.7453269;-3.603094616;864;6604
28109;Pelayos de la Presa;pelayos de la presa;Madrid;madrid;Comunidad de Madrid;Pelayos de la Presa;40.35927087;-4.334255954;560;3192
28110;Perales de Tajuña;perales de tajuna;Madrid;madrid;Comunidad de Madrid;Perales de Tajuña;40.23454444;-3.352146158;572;3257
28111;Pezuela de las Torres;pezuela de las torres;Madrid;madrid;Comunidad de Madrid;Pezuela de las Torres;40.41867136;-3.177530532;849;1003
28112;Pinilla del Valle;pinilla del valle;Madrid;madrid;Comunidad de Madrid;Pinilla del Valle;40.92642839;-3.818417487;1092;200
28113;Pinto;pinto;Madrid;madrid;Comunidad de Madrid;Pinto;40.24099183;-3.700096402;607;56592
28114;Piñuécar-Gandullas;pinuecar gandullas;Madrid;madrid;Comunidad de Madrid;Piñuécar-Gandullas;41.03322328;-3.599558647;1060;184
28115;Pozuelo de Alarcón;pozuelo de alarcon;Madrid;madrid;Comunidad de Madrid;Pozuelo de Alarcón;40.43437971;-3.813932585;694;89474
28116;Pozuelo del Rey;pozuelo del rey;Madrid;madrid;Comunidad de Madrid;Pozuelo del Rey;40.36622537;-3.3219801;807;1312
28117;Prádena del Rincón;pradena del rincon;Madrid;madrid;Comunidad de Madrid;Prádena del Rincón;41.04380608;-3.540870896;1114;146
28118;Puebla de la Sierra;puebla de la sierra;Madrid;madrid;Comunidad de Madrid;Puebla de la Sierra;41.01221249;-3.4450022;1160;99
28119;Quijorna;quijorna;Madrid;madrid;Comunidad de Madrid;Quijorna;40.4264011;-4.057076706;577;4014
28120;Rascafría;rascafria;Madrid;madrid;Comunidad de Madrid;Rascafría;40.90404891;-3.880406282;1155;1698
28121;Redueña;reduena;Madrid;madrid;Comunidad de Madrid;Redueña;40.81643852;-3.60370074;823;287
28122;Ribatejada;ribatejada;Madrid;madrid;Comunidad de Madrid;Ribatejada;40.66666076;-3.392729961;758;925
28123;Rivas-Vaciamadrid;rivas vaciamadrid;Madrid;madrid;Comunidad de Madrid;Rivas-Vaciamadrid;40.35497882;-3.547793323;563;103243
28124;Robledillo de la Jara;robledillo de la jara;Madrid;madrid;Comunidad de Madrid;Robledillo de la Jara;40.95260632;-3.525088398;1019;119
28125;Robledo de Chavela;robledo de chavela;Madrid;madrid;Comunidad de Madrid;Robledo de Chavela;40.50079633;-4.238261978;888;4874
28126;Robregordo;robregordo;Madrid;madrid;Comunidad de Madrid;Robregordo;41.1056387;-3.594005123;1284;79
28127;Rozas de Madrid, Las;rozas de madrid, las;Madrid;madrid;Comunidad de Madrid;Rozas de Madrid, Las;40.49313057;-3.874368545;708;99579
28128;Rozas de Puerto Real;rozas de puerto real;Madrid;madrid;Comunidad de Madrid;Rozas de Puerto Real;40.3102359;-4.49076927;873;582
28129;San Agustín del Guadalix;san agustin del guadalix;Madrid;madrid;Comunidad de Madrid;San Agustín del Guadalix;40.67838206;-3.615755214;664;13947
28130;San Fernando de Henares;san fernando de henares;Madrid;madrid;Comunidad de Madrid;San Fernando de Henares;40.42499329;-3.535159932;585;39033
28131;San Lorenzo de El Escorial;san lorenzo de el escorial;Madrid;madrid;Comunidad de Madrid;San Lorenzo de El Escorial;40.5914354;-4.148963237;1038;18942
28132;San Martín de la Vega;san martin de la vega;Madrid;madrid;Comunidad de Madrid;San Martín de la Vega;40.20783903;-3.568595468;514;20936
28133;San Martín de Valdeiglesias;san martin de valdeiglesias;Madrid;madrid;Comunidad de Madrid;San Martín de Valdeiglesias;40.36193144;-4.397571425;675;9302
28134;San Sebastián de los Reyes;san sebastian de los reyes;Madrid;madrid;Comunidad de Madrid;San Sebastián de los Reyes;40.54756328;-3.626396693;675;97330
28135;Santa María de la Alameda;santa maria de la alameda;Madrid;madrid;Comunidad de Madrid;Santa María de la Alameda;40.59570644;-4.257917119;1404;1596
28136;Santorcaz;santorcaz;Madrid;madrid;Comunidad de Madrid;Santorcaz;40.47217079;-3.233115437;857;1015
28137;Santos de la Humosa, Los;santos de la humosa, los;Madrid;madrid;Comunidad de Madrid;Santos de la Humosa, Los;40.50167604;-3.257621305;860;2890
28138;Serna del Monte, La;serna del monte, la;Madrid;madrid;Comunidad de Madrid;Serna del Monte, La;41.02985786;-3.625110949;1072;110
28140;Serranillos del Valle;serranillos del valle;Madrid;madrid;Comunidad de Madrid;Serranillos del Valle;40.20468921;-3.885783906;647;4681
28141;Sevilla la Nueva;sevilla la nueva;Madrid;madrid;Comunidad de Madrid;Sevilla la Nueva;40.3476546;-4.027234933;672;9823
28143;Somosierra;somosierra;Madrid;madrid;Comunidad de Madrid;Somosierra;41.13315474;-3.581783523;1431;93
28144;Soto del Real;soto del real;Madrid;madrid;Comunidad de Madrid;Soto del Real;40.75317934;-3.786895514;918;9459
28145;Talamanca de Jarama;talamanca de jarama;Madrid;madrid;Comunidad de Madrid;Talamanca de Jarama;40.74526137;-3.511037569;652;4621
28146;Tielmes;tielmes;Madrid;madrid;Comunidad de Madrid;Tielmes;40.24599531;-3.31515503;584;2940
28147;Titulcia;titulcia;Madrid;madrid;Comunidad de Madrid;Titulcia;40.13715419;-3.570814139;510;1398
28148;Torrejón de Ardoz;torrejon de ardoz;Madrid;madrid;Comunidad de Madrid;Torrejón de Ardoz;40.45917387;-3.479824013;585;144211
28149;Torrejón de la Calzada;torrejon de la calzada;Madrid;madrid;Comunidad de Madrid;Torrejón de la Calzada;40.20089163;-3.799326427;629;10618
28150;Torrejón de Velasco;torrejon de velasco;Madrid;madrid;Comunidad de Madrid;Torrejón de Velasco;40.1870625;-3.777333233;601;4895
28151;Torrelaguna;torrelaguna;Madrid;madrid;Comunidad de Madrid;Torrelaguna;40.8279008;-3.53853988;738;5076
28152;Torrelodones;torrelodones;Madrid;madrid;Comunidad de Madrid;Torrelodones;40.5756;-3.929300988;843;25324
28153;Torremocha de Jarama;torremocha de jarama;Madrid;madrid;Comunidad de Madrid;Torremocha de Jarama;40.83535883;-3.496090931;705;1155
28154;Torres de la Alameda;torres de la alameda;Madrid;madrid;Comunidad de Madrid;Torres de la Alameda;40.40594627;-3.362815239;658;7829
28155;Valdaracete;valdaracete;Madrid;madrid;Comunidad de Madrid;Valdaracete;40.2112259;-3.194509863;731;664
28156;Valdeavero;valdeavero;Madrid;madrid;Comunidad de Madrid;Valdeavero;40.63105497;-3.333043809;708;1892
28157;Valdelaguna;valdelaguna;Madrid;madrid;Comunidad de Madrid;Valdelaguna;40.16198843;-3.367288318;695;1120
28158;Valdemanco;valdemanco;Madrid;madrid;Comunidad de Madrid;Valdemanco;40.87255394;-3.662971702;1131;1119
28159;Valdemaqueda;valdemaqueda;Madrid;madrid;Comunidad de Madrid;Valdemaqueda;40.51115053;-4.295726845;858;871
28160;Valdemorillo;valdemorillo;Madrid;madrid;Comunidad de Madrid;Valdemorillo;40.50104224;-4.068353325;804;14395
28161;Valdemoro;valdemoro;Madrid;madrid;Comunidad de Madrid;Valdemoro;40.19076502;-3.677001827;602;86078
28162;Valdeolmos-Alalpardo;valdeolmos alalpardo;Madrid;madrid;Comunidad de Madrid;Valdeolmos-Alalpardo;40.62880859;-3.474985453;672;4633
28163;Valdepiélagos;valdepielagos;Madrid;madrid;Comunidad de Madrid;Valdepiélagos;40.76060923;-3.465943835;744;615
28164;Valdetorres de Jarama;valdetorres de jarama;Madrid;madrid;Comunidad de Madrid;Valdetorres de Jarama;40.69517203;-3.512412692;653;5209
28165;Valdilecha;valdilecha;Madrid;madrid;Comunidad de Madrid;Valdilecha;40.29577347;-3.30317143;709;3313
28166;Valverde de Alcalá;valverde de alcala;Madrid;madrid;Comunidad de Madrid;Valverde de Alcalá;40.41964481;-3.298831097;722;567
28167;Velilla de San Antonio;velilla de san antonio;Madrid;madrid;Comunidad de Madrid;Velilla de San Antonio;40.3669571;-3.487861929;552;14467
28168;Vellón, El;vellon, el;Madrid;madrid;Comunidad de Madrid;Vellón, El;40.76602917;-3.582102703;889;2273
28169;Venturada;venturada;Madrid;madrid;Comunidad de Madrid;Venturada;40.79848811;-3.620972358;871;2633
28170;Villaconejos;villaconejos;Madrid;madrid;Comunidad de Madrid;Villaconejos;40.10416049;-3.485095835;630;3565
28171;Villa del Prado;villa del prado;Madrid;madrid;Comunidad de Madrid;Villa del Prado;40.27671721;-4.305499766;510;7743
28172;Villalbilla;villalbilla;Madrid;madrid;Comunidad de Madrid;Villalbilla;40.43250956;-3.2986884;738;18661
28173;Villamanrique de Tajo;villamanrique de tajo;Madrid;madrid;Comunidad de Madrid;Villamanrique de Tajo;40.06880932;-3.240183623;547;863
28174;Villamanta;villamanta;Madrid;madrid;Comunidad de Madrid;Villamanta;40.29955569;-4.110128825;550;2929
28175;Villamantilla;villamantilla;Madrid;madrid;Comunidad de Madrid;Villamantilla;40.3380572;-4.130706814;546;1674
28176;Villanueva de la Cañada;villanueva de la canada;Madrid;madrid;Comunidad de Madrid;Villanueva de la Cañada;40.44657586;-4.005406479;654;23784
28177;Villanueva del Pardillo;villanueva del pardillo;Madrid;madrid;Comunidad de Madrid;Villanueva del Pardillo;40.49069576;-3.964270176;651;18415
28178;Villanueva de Perales;villanueva de perales;Madrid;madrid;Comunidad de Madrid;Villanueva de Perales;40.34659925;-4.101505844;588;1762
28179;Villar del Olmo;villar del olmo;Madrid;madrid;Comunidad de Madrid;Villar del Olmo;40.33657025;-3.235648326;676;2333
28180;Villarejo de Salvanés;villarejo de salvanes;Madrid;madrid;Comunidad de Madrid;Villarejo de Salvanés;40.16888746;-3.276156348;753;8035
28181;Villaviciosa de Odón;villaviciosa de odon;Madrid;madrid;Comunidad de Madrid;Villaviciosa de Odón;40.358607;-3.901882;639;30068
28182;Villavieja del Lozoya;villavieja del lozoya;Madrid;madrid;Comunidad de Madrid;Villavieja del Lozoya;41.0064813;-3.671650622;1064;335
28183;Zarzalejo;zarzalejo;Madrid;madrid;Comunidad de Madrid;Zarzalejo;40.54730901;-4.181377779;1106;1937
28901;Lozoyuela-Navas-Sieteiglesias;lozoyuela navas sieteiglesias;Madrid;madrid;Comunidad de Madrid;Lozoyuela-Navas-Sieteiglesias;40.92630201;-3.617704644;1018;1475
28902;Puentes Viejas;puentes viejas;Madrid;madrid;Comunidad de Madrid;Puentes Viejas;40.96528478;-3.584357909;1013;762
28903;Tres Cantos;tres cantos;Madrid;madrid;Comunidad de Madrid;Tres Cantos;40.5990676;-3.712207081;737;54506
29001;Alameda;alameda;Málaga;malaga;Andalucía;Alameda;37.20767645;-4.658198437;428;5434
29002;Alcaucín;alcaucin;Málaga;malaga;Andalucía;Alcaucín;36.90245364;-4.114021693;502;2713
29003;Alfarnate;alfarnate;Málaga;malaga;Andalucía;Alfarnate;36.99509262;-4.260807795;887;1036
29004;Alfarnatejo;alfarnatejo;Málaga;malaga;Andalucía;Alfarnatejo;36.97930282;-4.272496492;851;363
29005;Algarrobo;algarrobo;Málaga;malaga;Andalucía;Algarrobo;36.77246187;-4.039126901;82;7096
29006;Algatocín;algatocin;Málaga;malaga;Andalucía;Algatocín;36.57281794;-5.276553856;704;815
29007;Alhaurín de la Torre;alhaurin de la torre;Málaga;malaga;Andalucía;Alhaurín de la Torre;36.66166579;-4.565558575;116;45324
29008;Alhaurín el Grande;alhaurin el grande;Málaga;malaga;Andalucía;Alhaurín el Grande;36.641919;-4.691613;267;27610
29009;Almáchar;almachar;Málaga;malaga;Andalucía;Almáchar;36.80870682;-4.217351837;239;1958
29010;Almargen;almargen;Málaga;malaga;Andalucía;Almargen;37.00400119;-5.021043667;513;1885
29011;Almogía;almogia;Málaga;malaga;Andalucía;Almogía;36.82539221;-4.540497226;363;4263
29012;Álora;alora;Málaga;malaga;Andalucía;Álora;36.82287575;-4.706981574;212;13639
29013;Alozaina;alozaina;Málaga;malaga;Andalucía;Alozaina;36.72805526;-4.856461582;375;2130
29014;Alpandeire;alpandeire;Málaga;malaga;Andalucía;Alpandeire;36.63337698;-5.202269678;695;241
29015;Antequera;antequera;Málaga;malaga;Andalucía;Antequera;37.01944263;-4.562458774;512;41823
29016;Árchez;archez;Málaga;malaga;Andalucía;Árchez;36.83878881;-3.991620521;421;444
29017;Archidona;archidona;Málaga;malaga;Andalucía;Archidona;37.09481318;-4.390917537;680;8098
29018;Ardales;ardales;Málaga;malaga;Andalucía;Ardales;36.87795893;-4.846525406;410;2520
29019;Arenas;arenas;Málaga;malaga;Andalucía;Arenas;36.81666804;-4.047138278;405;1317
29020;Arriate;arriate;Málaga;malaga;Andalucía;Arriate;36.79564708;-5.138012795;620;4047
29021;Atajate;atajate;Málaga;malaga;Andalucía;Atajate;36.64011139;-5.245125562;744;176
29022;Benadalid;benadalid;Málaga;malaga;Andalucía;Benadalid;36.6058565;-5.268925645;689;224
29023;Benahavís;benahavis;Málaga;malaga;Andalucía;Benahavís;36.51863555;-5.045313315;149;9765
29024;Benalauría;benalauria;Málaga;malaga;Andalucía;Benalauría;36.59417338;-5.261111548;660;464
29025;Benalmádena;benalmadena;Málaga;malaga;Andalucía;Benalmádena;36.5950052;-4.573374967;240;78787
29026;Benamargosa;benamargosa;Málaga;malaga;Andalucía;Benamargosa;36.83499352;-4.194108884;106;1562
29027;Benamocarra;benamocarra;Málaga;malaga;Andalucía;Benamocarra;36.79120489;-4.159999046;124;3186
29028;Benaoján;benaojan;Málaga;malaga;Andalucía;Benaoján;36.71878304;-5.253091165;560;1429
29029;Benarrabá;benarraba;Málaga;malaga;Andalucía;Benarrabá;36.55179803;-5.276504252;520;459
29030;Borge, El;borge, el;Málaga;malaga;Andalucía;Borge, El;36.81450428;-4.234577617;254;951
29031;Burgo, El;burgo, el;Málaga;malaga;Andalucía;Burgo, El;36.78920393;-4.947675785;566;1758
29032;Campillos;campillos;Málaga;malaga;Andalucía;Campillos;37.04500604;-4.861329201;457;8553
29033;Canillas de Aceituno;canillas de aceituno;Málaga;malaga;Andalucía;Canillas de Aceituno;36.87333659;-4.08174465;647;1786
29034;Canillas de Albaida;canillas de albaida;Málaga;malaga;Andalucía;Canillas de Albaida;36.84612093;-3.98751033;582;820
29035;Cañete la Real;canete la real;Málaga;malaga;Andalucía;Cañete la Real;36.95155408;-5.02444968;745;1577
29036;Carratraca;carratraca;Málaga;malaga;Andalucía;Carratraca;36.85158201;-4.818139301;522;800
29037;Cartajima;cartajima;Málaga;malaga;Andalucía;Cartajima;36.64542761;-5.153987155;836;235
29038;Cártama;cartama;Málaga;malaga;Andalucía;Cártama;36.71056767;-4.632378815;100;29264
29039;Casabermeja;casabermeja;Málaga;malaga;Andalucía;Casabermeja;36.89415514;-4.429119174;543;4186
29040;Casarabonela;casarabonela;Málaga;malaga;Andalucía;Casarabonela;36.78509728;-4.842519535;469;2823
29041;Casares;casares;Málaga;malaga;Andalucía;Casares;36.44331792;-5.273273032;387;8984
29042;Coín;coin;Málaga;malaga;Andalucía;Coín;36.65830207;-4.761026732;212;26474
29043;Colmenar;colmenar;Málaga;malaga;Andalucía;Colmenar;36.9052039;-4.335204917;670;3645
29044;Comares;comares;Málaga;malaga;Andalucía;Comares;36.84874173;-4.246819187;703;1345
29045;Cómpeta;competa;Málaga;malaga;Andalucía;Cómpeta;36.83288071;-3.975392529;616;3728
29046;Cortes de la Frontera;cortes de la frontera;Málaga;malaga;Andalucía;Cortes de la Frontera;36.61690136;-5.342510062;617;3054
29047;Cuevas Bajas;cuevas bajas;Málaga;malaga;Andalucía;Cuevas Bajas;37.2358305;-4.486982578;312;1343
29048;Cuevas del Becerro;cuevas del becerro;Málaga;malaga;Andalucía;Cuevas del Becerro;36.87639756;-5.045456849;732;1618
29049;Cuevas de San Marcos;cuevas de san marcos;Málaga;malaga;Andalucía;Cuevas de San Marcos;37.26948231;-4.414232372;409;3644
29050;Cútar;cutar;Málaga;malaga;Andalucía;Cútar;36.83074861;-4.227959702;297;604
29051;Estepona;estepona;Málaga;malaga;Andalucía;Estepona;36.42477999;-5.149818107;5;79593
29052;Faraján;farajan;Málaga;malaga;Andalucía;Faraján;36.61636915;-5.188804984;642;287
29053;Frigiliana;frigiliana;Málaga;malaga;Andalucía;Frigiliana;36.79257333;-3.898206153;322;3459
29054;Fuengirola;fuengirola;Málaga;malaga;Andalucía;Fuengirola;36.53712379;-4.626921233;8;84857
29055;Fuente de Piedra;fuente de piedra;Málaga;malaga;Andalucía;Fuente de Piedra;37.13531014;-4.729729114;448;3044
29056;Gaucín;gaucin;Málaga;malaga;Andalucía;Gaucín;36.51836681;-5.317525302;614;1616
29057;Genalguacil;genalguacil;Málaga;malaga;Andalucía;Genalguacil;36.54444197;-5.235908975;522;363
29058;Guaro;guaro;Málaga;malaga;Andalucía;Guaro;36.65654804;-4.833296464;343;2658
29059;Humilladero;humilladero;Málaga;malaga;Andalucía;Humilladero;37.11485781;-4.70334336;447;3385
29060;Igualeja;igualeja;Málaga;malaga;Andalucía;Igualeja;36.63045082;-5.122397758;691;728
29061;Istán;istan;Málaga;malaga;Andalucía;Istán;36.58022259;-4.947849529;310;1704
29062;Iznate;iznate;Málaga;malaga;Andalucía;Iznate;36.77601041;-4.183416792;310;951
29063;Jimera de Líbar;jimera de libar;Málaga;malaga;Andalucía;Jimera de Líbar;36.65186196;-5.274063297;547;400
29064;Jubrique;jubrique;Málaga;malaga;Andalucía;Jubrique;36.56433784;-5.215188955;551;593
29065;Júzcar;juzcar;Málaga;malaga;Andalucía;Júzcar;36.62553271;-5.170852457;635;210
29066;Macharaviaya;macharaviaya;Málaga;malaga;Andalucía;Macharaviaya;36.76206098;-4.215304109;249;522
29067;Málaga;malaga;Málaga;malaga;Andalucía;Málaga;36.72026192;-4.41498039;7;597173
29068;Manilva;manilva;Málaga;malaga;Andalucía;Manilva;36.3768953;-5.249233007;137;18044
29069;Marbella;marbella;Málaga;malaga;Andalucía;Marbella;36.51051957;-4.885136119;22;160478
29070;Mijas;mijas;Málaga;malaga;Andalucía;Mijas;36.59658015;-4.63674892;415;94320
29071;Moclinejo;moclinejo;Málaga;malaga;Andalucía;Moclinejo;36.77119722;-4.254084582;450;1229
29072;Mollina;mollina;Málaga;malaga;Andalucía;Mollina;37.12562475;-4.656670823;479;5582
29073;Monda;monda;Málaga;malaga;Andalucía;Monda;36.63019108;-4.832319626;368;3034
29074;Montejaque;montejaque;Málaga;malaga;Andalucía;Montejaque;36.73370735;-5.251457689;686;946
29075;Nerja;nerja;Málaga;malaga;Andalucía;Nerja;36.74546323;-3.876782873;23;22062
29076;Ojén;ojen;Málaga;malaga;Andalucía;Ojén;36.563714;-4.857328;290;4812
29077;Parauta;parauta;Málaga;malaga;Andalucía;Parauta;36.65532525;-5.129556641;827;270
29079;Periana;periana;Málaga;malaga;Andalucía;Periana;36.92660787;-4.188566694;557;3410
29080;Pizarra;pizarra;Málaga;malaga;Andalucía;Pizarra;36.76537976;-4.708750508;76;10383
29081;Pujerra;pujerra;Málaga;malaga;Andalucía;Pujerra;36.61274274;-5.149362546;774;285
29082;Rincón de la Victoria;rincon de la victoria;Málaga;malaga;Andalucía;Rincón de la Victoria;36.71603679;-4.28535925;5;52355
29083;Riogordo;riogordo;Málaga;malaga;Andalucía;Riogordo;36.91483156;-4.293248763;391;2832
29084;Ronda;ronda;Málaga;malaga;Andalucía;Ronda;36.73702786;-5.164911752;725;33708
29085;Salares;salares;Málaga;malaga;Andalucía;Salares;36.8540388;-4.024357567;568;196
29086;Sayalonga;sayalonga;Málaga;malaga;Andalucía;Sayalonga;36.79805145;-4.011797535;360;1635
29087;Sedella;sedella;Málaga;malaga;Andalucía;Sedella;36.86302878;-4.035055198;684;612
29088;Sierra de Yeguas;sierra de yeguas;Málaga;malaga;Andalucía;Sierra de Yeguas;37.1247285;-4.868790476;448;3419
29089;Teba;teba;Málaga;malaga;Andalucía;Teba;36.9833168;-4.920405185;537;3686
29090;Tolox;tolox;Málaga;malaga;Andalucía;Tolox;36.68708048;-4.904456166;298;2482
29091;Torrox;torrox;Málaga;malaga;Andalucía;Torrox;36.75846957;-3.952651985;147;21795
29092;Totalán;totalan;Málaga;malaga;Andalucía;Totalán;36.7643892;-4.297475843;285;798
29093;Valle de Abdalajís;valle de abdalajis;Málaga;malaga;Andalucía;Valle de Abdalajís;36.93126696;-4.682981603;344;2457
29094;Vélez-Málaga;velez malaga;Málaga;malaga;Andalucía;Vélez-Málaga;36.78133591;-4.104302211;46;87798
29095;Villanueva de Algaidas;villanueva de algaidas;Málaga;malaga;Andalucía;Villanueva de Algaidas;37.1858778;-4.450865676;540;4075
29096;Villanueva del Rosario;villanueva del rosario;Málaga;malaga;Andalucía;Villanueva del Rosario;36.99645328;-4.364843943;691;3469
29097;Villanueva del Trabuco;villanueva del trabuco;Málaga;malaga;Andalucía;Villanueva del Trabuco;37.02793849;-4.338745507;682;5550
29098;Villanueva de Tapia;villanueva de tapia;Málaga;malaga;Andalucía;Villanueva de Tapia;37.18178758;-4.33552069;652;1392
29099;Viñuela;vinuela;Málaga;malaga;Andalucía;Viñuela;36.8627215;-4.141405295;160;2042
29100;Yunquera;yunquera;Málaga;malaga;Andalucía;Yunquera;36.73420332;-4.917332409;695;2865
29901;Torremolinos;torremolinos;Málaga;malaga;Andalucía;Torremolinos;36.62136191;-4.507746956;66;71270
29902;Villanueva de la Concepción;villanueva de la concepcion;Málaga;malaga;Andalucía;Villanueva de la Concepción;36.93273552;-4.528681097;612;3294
29903;Montecorto;montecorto;Málaga;malaga;Andalucía;Montecorto;36.81568711;-5.296740982;497;590
29904;Serrato;serrato;Málaga;malaga;Andalucía;Serrato;36.88606571;-4.981272196;508;465
30001;Abanilla;abanilla;Murcia;murcia;Región de Murcia;Abanilla;38.2072607;-1.041529867;219;6283
30002;Abarán;abaran;Murcia;murcia;Región de Murcia;Abarán;38.20281153;-1.400343732;174;13225
30003;Águilas;aguilas;Murcia;murcia;Región de Murcia;Águilas;37.40417865;-1.582179976;4;37761
30004;Albudeite;albudeite;Murcia;murcia;Región de Murcia;Albudeite;38.02842132;-1.385336816;178;1400
30005;Alcantarilla;alcantarilla;Murcia;murcia;Región de Murcia;Alcantarilla;37.97203775;-1.209537195;61;43791
30006;Aledo;aledo;Murcia;murcia;Región de Murcia;Aledo;37.79190625;-1.573378998;623;1122
30007;Alguazas;alguazas;Murcia;murcia;Región de Murcia;Alguazas;38.05129838;-1.24181511;80;10419
30008;Alhama de Murcia;alhama de murcia;Murcia;murcia;Región de Murcia;Alhama de Murcia;37.8515109;-1.426431311;200;24227
30009;Archena;archena;Murcia;murcia;Región de Murcia;Archena;38.11416391;-1.298715963;105;20795
30010;Beniel;beniel;Murcia;murcia;Región de Murcia;Beniel;38.04633624;-1.001442649;28;11548
30011;Blanca;blanca;Murcia;murcia;Región de Murcia;Blanca;38.18042114;-1.376695704;149;6836
30012;Bullas;bullas;Murcia;murcia;Región de Murcia;Bullas;38.04955305;-1.670843855;645;11999
30013;Calasparra;calasparra;Murcia;murcia;Región de Murcia;Calasparra;38.23125224;-1.69753347;341;10384
30014;Campos del Río;campos del rio;Murcia;murcia;Región de Murcia;Campos del Río;38.03979455;-1.350969513;178;2161
30015;Caravaca de la Cruz;caravaca de la cruz;Murcia;murcia;Región de Murcia;Caravaca de la Cruz;38.10766803;-1.859876543;630;26236
30016;Cartagena;cartagena;Murcia;murcia;Región de Murcia;Cartagena;37.60088828;-0.984930263;7;220400
30017;Cehegín;cehegin;Murcia;murcia;Región de Murcia;Cehegín;38.09601091;-1.798669973;569;14650
30018;Ceutí;ceuti;Murcia;murcia;Región de Murcia;Ceutí;38.07801553;-1.27445807;90;13152
30019;Cieza;cieza;Murcia;murcia;Región de Murcia;Cieza;38.23659383;-1.42772981;187;35452
30020;Fortuna;fortuna;Murcia;murcia;Región de Murcia;Fortuna;38.17987276;-1.123225384;193;11563
30021;Fuente Álamo de Murcia;fuente alamo de murcia;Murcia;murcia;Región de Murcia;Fuente Álamo de Murcia;37.72335766;-1.170094669;128;19088
30022;Jumilla;jumilla;Murcia;murcia;Región de Murcia;Jumilla;38.4746837;-1.329097884;503;27434
30023;Librilla;librilla;Murcia;murcia;Región de Murcia;Librilla;37.8868045;-1.350628554;168;5894
30024;Lorca;lorca;Murcia;murcia;Región de Murcia;Lorca;37.67648743;-1.69989086;342;98613
30025;Lorquí;lorqui;Murcia;murcia;Región de Murcia;Lorquí;38.0804267;-1.256800557;82;7932
30026;Mazarrón;mazarron;Murcia;murcia;Región de Murcia;Mazarrón;37.59735501;-1.316492441;56;35642
30027;Molina de Segura;molina de segura;Murcia;murcia;Región de Murcia;Molina de Segura;38.05500495;-1.213097655;84;78210
30028;Moratalla;moratalla;Murcia;murcia;Región de Murcia;Moratalla;38.18843793;-1.890934487;635;7515
30029;Mula;mula;Murcia;murcia;Región de Murcia;Mula;38.0416054;-1.491088876;311;17986
30030;Murcia;murcia;Murcia;murcia;Región de Murcia;Murcia;37.98345552;-1.13020828;43;477631
30031;Ojós;ojos;Murcia;murcia;Región de Murcia;Ojós;38.14710765;-1.342077409;119;549
30032;Pliego;pliego;Murcia;murcia;Región de Murcia;Pliego;37.9906132;-1.505771762;380;4062
30033;Puerto Lumbreras;puerto lumbreras;Murcia;murcia;Región de Murcia;Puerto Lumbreras;37.56125531;-1.808621905;462;18240
30034;Ricote;ricote;Murcia;murcia;Región de Murcia;Ricote;38.15277039;-1.362982983;283;1203
30035;San Javier;san javier;Murcia;murcia;Región de Murcia;San Javier;37.80550117;-0.834746361;27;36385
30036;San Pedro del Pinatar;san pedro del pinatar;Murcia;murcia;Región de Murcia;San Pedro del Pinatar;37.83616391;-0.791855156;16;29726
30037;Torre-Pacheco;torre pacheco;Murcia;murcia;Región de Murcia;Torre-Pacheco;37.74120111;-0.953765463;41;41158
30038;Torres de Cotillas, Las;torres de cotillas, las;Murcia;murcia;Región de Murcia;Torres de Cotillas, Las;38.02770739;-1.239719689;83;22814
30039;Totana;totana;Murcia;murcia;Región de Murcia;Totana;37.76993032;-1.502796221;254;34162
30040;Ulea;ulea;Murcia;murcia;Región de Murcia;Ulea;38.13800094;-1.332229037;119;922
30041;Unión, La;union, la;Murcia;murcia;Región de Murcia;Unión, La;37.61723475;-0.878133879;111;21318
30042;Villanueva del Río Segura;villanueva del rio segura;Murcia;murcia;Región de Murcia;Villanueva del Río Segura;38.13724519;-1.323932029;120;4146
30043;Yecla;yecla;Murcia;murcia;Región de Murcia;Yecla;38.61253598;-1.116670977;619;36398
30901;Santomera;santomera;Murcia;murcia;Región de Murcia;Santomera;38.06163556;-1.048843795;36;16394
30902;Alcázares, Los;alcazares, los;Murcia;murcia;Región de Murcia;Alcázares, Los;37.739226;-0.851936;3;20163
31001;Abáigar;abaigar;Navarra;navarra;Comunidad Foral de Navarra;Abáigar;42.64855908;-2.141324287;496;77
31002;Abárzuza/Abartzuza;abarzuza/abartzuza;Navarra;navarra;Comunidad Foral de Navarra;Abárzuza/Abartzuza;42.7259285;-2.021780933;567;509
31003;Abaurregaina/Abaurrea Alta;abaurregaina/abaurrea alta;Navarra;navarra;Comunidad Foral de Navarra;Abaurregaina/Abaurrea Alta;42.90348856;-1.207910543;1039;122
31004;Abaurrepea/Abaurrea Baja;abaurrepea/abaurrea baja;Navarra;navarra;Comunidad Foral de Navarra;Abaurrepea/Abaurrea Baja;42.90981948;-1.216845806;855;30
31005;Aberin;aberin;Navarra;navarra;Comunidad Foral de Navarra;Aberin;42.61936854;-2.00761923;507;408
31006;Ablitas;ablitas;Navarra;navarra;Comunidad Foral de Navarra;Ablitas;41.97248506;-1.642891478;386;2647
31007;Adiós;adios;Navarra;navarra;Comunidad Foral de Navarra;Adiós;42.68729911;-1.735419837;481;193
31008;Aguilar de Codés;aguilar de codes;Navarra;navarra;Comunidad Foral de Navarra;Aguilar de Codés;42.61307848;-2.389611325;730;74
31009;Aibar/Oibar;aibar/oibar;Navarra;navarra;Comunidad Foral de Navarra;Aibar/Oibar;42.59132211;-1.360350457;527;759
31010;Altsasu/Alsasua;altsasu/alsasua;Navarra;navarra;Comunidad Foral de Navarra;Altsasu/Alsasua;42.89497353;-2.168818473;528;7705
31011;Allín/Allin;allin/allin;Navarra;navarra;Comunidad Foral de Navarra;Allín/Allin;42.7084816;-2.075931256;455;884
31012;Allo;allo;Navarra;navarra;Comunidad Foral de Navarra;Allo;42.56786091;-2.019624765;428;1025
31013;Améscoa Baja;amescoa baja;Navarra;navarra;Comunidad Foral de Navarra;Améscoa Baja;42.7725864;-2.133506981;564;729
31014;Ancín/Antzin;ancin/antzin;Navarra;navarra;Comunidad Foral de Navarra;Ancín/Antzin;42.66123443;-2.190101013;488;368
31015;Andosilla;andosilla;Navarra;navarra;Comunidad Foral de Navarra;Andosilla;42.37795241;-1.944129376;316;2931
31016;Ansoáin/Antsoain;ansoain/antsoain;Navarra;navarra;Comunidad Foral de Navarra;Ansoáin/Antsoain;42.8339141;-1.638643865;427;10656
31017;Anue;anue;Navarra;navarra;Comunidad Foral de Navarra;Anue;42.96069536;-1.61722089;542;499
31018;Añorbe;anorbe;Navarra;navarra;Comunidad Foral de Navarra;Añorbe;42.65808696;-1.714023371;562;621
31019;Aoiz/Agoitz;aoiz/agoitz;Navarra;navarra;Comunidad Foral de Navarra;Aoiz/Agoitz;42.78584887;-1.367872623;504;3083
31020;Araitz;araitz;Navarra;navarra;Comunidad Foral de Navarra;Araitz;43.03486332;-1.983965795;228;510
31021;Aranarache/Aranaratxe;aranarache/aranaratxe;Navarra;navarra;Comunidad Foral de Navarra;Aranarache/Aranaratxe;42.7790534;-2.228616855;775;70
31022;Arantza;arantza;Navarra;navarra;Comunidad Foral de Navarra;Arantza;43.1964773;-1.726376206;271;627
31023;Aranguren;aranguren;Navarra;navarra;Comunidad Foral de Navarra;Aranguren;42.7890571;-1.53542804;617;13200
31024;Arano;arano;Navarra;navarra;Comunidad Foral de Navarra;Arano;43.19940923;-1.895172084;439;108
31025;Arakil;arakil;Navarra;navarra;Comunidad Foral de Navarra;Arakil;42.92492655;-1.86401818;465;990
31026;Aras;aras;Navarra;navarra;Comunidad Foral de Navarra;Aras;42.56227643;-2.354954143;632;151
31027;Arbizu;arbizu;Navarra;navarra;Comunidad Foral de Navarra;Arbizu;42.91406271;-2.039417622;496;1106
31028;Arce/Artzi;arce/artzi;Navarra;navarra;Comunidad Foral de Navarra;Arce/Artzi;42.85240223;-1.37525562;605;295
31029;Arcos, Los;arcos, los;Navarra;navarra;Comunidad Foral de Navarra;Arcos, Los;42.57036916;-2.192785977;448;1173
31030;Arellano;arellano;Navarra;navarra;Comunidad Foral de Navarra;Arellano;42.60645272;-2.04682168;645;164
31031;Areso;areso;Navarra;navarra;Comunidad Foral de Navarra;Areso;43.08113762;-1.951984127;462;260
31032;Arguedas;arguedas;Navarra;navarra;Comunidad Foral de Navarra;Arguedas;42.17666712;-1.598326029;263;2310
31033;Aria;aria;Navarra;navarra;Comunidad Foral de Navarra;Aria;42.95284661;-1.265601745;853;51
31034;Aribe;aribe;Navarra;navarra;Comunidad Foral de Navarra;Aribe;42.94389055;-1.263763392;702;34
31035;Armañanzas;armananzas;Navarra;navarra;Comunidad Foral de Navarra;Armañanzas;42.55989746;-2.285237109;490;47
31036;Arróniz;arroniz;Navarra;navarra;Comunidad Foral de Navarra;Arróniz;42.58900059;-2.091116429;560;1063
31037;Arruazu;arruazu;Navarra;navarra;Comunidad Foral de Navarra;Arruazu;42.92199323;-1.998800715;469;122
31038;Artajona;artajona;Navarra;navarra;Comunidad Foral de Navarra;Artajona;42.59004378;-1.764299106;427;1777
31039;Artazu;artazu;Navarra;navarra;Comunidad Foral de Navarra;Artazu;42.6921001;-1.839046254;451;125
31040;Atetz;atetz;Navarra;navarra;Comunidad Foral de Navarra;Atetz;42.939637;-1.709931;573;229
31041;Ayegui/Aiegi;ayegui/aiegi;Navarra;navarra;Comunidad Foral de Navarra;Ayegui/Aiegi;42.65670349;-2.038427832;489;2582
31042;Azagra;azagra;Navarra;navarra;Comunidad Foral de Navarra;Azagra;42.30785136;-1.894407684;291;3740
31043;Azuelo;azuelo;Navarra;navarra;Comunidad Foral de Navarra;Azuelo;42.60872504;-2.349598724;609;29
31044;Bakaiku;bakaiku;Navarra;navarra;Comunidad Foral de Navarra;Bakaiku;42.89243912;-2.102118633;516;342
31045;Barásoain;barasoain;Navarra;navarra;Comunidad Foral de Navarra;Barásoain;42.60346278;-1.64642349;529;603
31046;Barbarin;barbarin;Navarra;navarra;Comunidad Foral de Navarra;Barbarin;42.60202443;-2.10294467;605;46
31047;Bargota;bargota;Navarra;navarra;Comunidad Foral de Navarra;Bargota;42.56131617;-2.312130154;589;237
31048;Barillas;barillas;Navarra;navarra;Comunidad Foral de Navarra;Barillas;41.97015672;-1.663487437;389;238
31049;Basaburua;basaburua;Navarra;navarra;Comunidad Foral de Navarra;Basaburua;42.99948797;-1.802478848;545;819
31050;Baztan;baztan;Navarra;navarra;Comunidad Foral de Navarra;Baztan;43.146732;-1.517025232;197;7837
31051;Beire;beire;Navarra;navarra;Comunidad Foral de Navarra;Beire;42.45481752;-1.621622009;367;276
31052;Belascoáin;belascoain;Navarra;navarra;Comunidad Foral de Navarra;Belascoáin;42.75595328;-1.83224347;419;124
31053;Berbinzana;berbinzana;Navarra;navarra;Comunidad Foral de Navarra;Berbinzana;42.52633745;-1.833791781;316;667
31054;Bertizarana;bertizarana;Navarra;navarra;Comunidad Foral de Navarra;Bertizarana;43.13350734;-1.627117215;135;679
31055;Betelu;betelu;Navarra;navarra;Comunidad Foral de Navarra;Betelu;43.02543975;-1.980803975;235;379
31056;Biurrun-Olcoz;biurrun olcoz;Navarra;navarra;Comunidad Foral de Navarra;Biurrun-Olcoz;42.69267565;-1.679301905;601;227
31057;Buñuel;bunuel;Navarra;navarra;Comunidad Foral de Navarra;Buñuel;41.98033322;-1.442373851;242;2314
31058;Auritz/Burguete;auritz/burguete;Navarra;navarra;Comunidad Foral de Navarra;Auritz/Burguete;42.98942578;-1.335653809;894;235
31059;Burgui/Burgi;burgui/burgi;Navarra;navarra;Comunidad Foral de Navarra;Burgui/Burgi;42.72058182;-1.004636449;631;190
31060;Burlada/Burlata;burlada/burlata;Navarra;navarra;Comunidad Foral de Navarra;Burlada/Burlata;42.82290372;-1.61400242;423;21229
31061;Busto, El;busto, el;Navarra;navarra;Comunidad Foral de Navarra;Busto, El;42.5485432;-2.241544046;427;56
31062;Cabanillas;cabanillas;Navarra;navarra;Comunidad Foral de Navarra;Cabanillas;42.03031095;-1.523983772;260;1366
31063;Cabredo;cabredo;Navarra;navarra;Comunidad Foral de Navarra;Cabredo;42.62942627;-2.412559146;658;73
31064;Cadreita;cadreita;Navarra;navarra;Comunidad Foral de Navarra;Cadreita;42.21749525;-1.695543614;288;2181
31065;Caparroso;caparroso;Navarra;navarra;Comunidad Foral de Navarra;Caparroso;42.33849108;-1.654349642;304;2913
31066;Cárcar;carcar;Navarra;navarra;Comunidad Foral de Navarra;Cárcar;42.39338899;-1.977019073;413;1159
31067;Carcastillo;carcastillo;Navarra;navarra;Comunidad Foral de Navarra;Carcastillo;42.37975212;-1.445111166;351;2411
31068;Cascante;cascante;Navarra;navarra;Comunidad Foral de Navarra;Cascante;41.99907073;-1.679000957;356;4221
31069;Cáseda;caseda;Navarra;navarra;Comunidad Foral de Navarra;Cáseda;42.52316121;-1.367618535;427;912
31070;Castejón;castejon;Navarra;navarra;Comunidad Foral de Navarra;Castejón;42.17070624;-1.692653618;278;4751
31071;Castillonuevo/Gazteluberri;castillonuevo/gazteluberri;Navarra;navarra;Comunidad Foral de Navarra;Castillonuevo/Gazteluberri;42.6792556;-1.04465318;804;14
31072;Cintruénigo;cintruenigo;Navarra;navarra;Comunidad Foral de Navarra;Cintruénigo;42.08211546;-1.807965437;393;8554
31073;Ziordia;ziordia;Navarra;navarra;Comunidad Foral de Navarra;Ziordia;42.8708135;-2.228934999;552;364
31074;Cirauqui/Zirauki;cirauqui/zirauki;Navarra;navarra;Comunidad Foral de Navarra;Cirauqui/Zirauki;42.67537282;-1.891241472;490;474
31075;Ciriza/Ziritza;ciriza/ziritza;Navarra;navarra;Comunidad Foral de Navarra;Ciriza/Ziritza;42.79107654;-1.825683698;460;168
31076;Cizur;cizur;Navarra;navarra;Comunidad Foral de Navarra;Cizur;42.79188674;-1.717787094;456;3947
31077;Corella;corella;Navarra;navarra;Comunidad Foral de Navarra;Corella;42.11426697;-1.784569774;370;8734
31078;Cortes;cortes;Navarra;navarra;Comunidad Foral de Navarra;Cortes;41.92133397;-1.420299832;256;3164
31079;Desojo;desojo;Navarra;navarra;Comunidad Foral de Navarra;Desojo;42.58707962;-2.273535864;515;69
31080;Dicastillo;dicastillo;Navarra;navarra;Comunidad Foral de Navarra;Dicastillo;42.5958442;-2.028161922;556;561
31081;Donamaria;donamaria;Navarra;navarra;Comunidad Foral de Navarra;Donamaria;43.11136525;-1.67984746;190;445
31082;Etxalar;etxalar;Navarra;navarra;Comunidad Foral de Navarra;Etxalar;43.23416415;-1.63696253;98;803
31083;Echarri/Etxarri;echarri/etxarri;Navarra;navarra;Comunidad Foral de Navarra;Echarri/Etxarri;42.78028954;-1.826212716;397;78
31084;Etxarri Aranatz;etxarri aranatz;Navarra;navarra;Comunidad Foral de Navarra;Etxarri Aranatz;42.90742473;-2.064583047;508;2551
31085;Etxauri;etxauri;Navarra;navarra;Comunidad Foral de Navarra;Etxauri;42.79419106;-1.79211869;411;674
31086;Valle de Egüés/Eguesibar;valle de egues/eguesibar;Navarra;navarra;Comunidad Foral de Navarra;Valle de Egüés/Eguesibar;42.81149049;-1.593910794;450;22785
31087;Elgorriaga;elgorriaga;Navarra;navarra;Comunidad Foral de Navarra;Elgorriaga;43.13839659;-1.687115942;137;210
31088;Valle de Elorz/Elortzibar;valle de elorz/elortzibar;Navarra;navarra;Comunidad Foral de Navarra;Valle de Elorz/Elortzibar;42.76248058;-1.635819622;455;8447
31089;Enériz/Eneritz;eneriz/eneritz;Navarra;navarra;Comunidad Foral de Navarra;Enériz/Eneritz;42.67085501;-1.728548695;424;328
31090;Eratsun;eratsun;Navarra;navarra;Comunidad Foral de Navarra;Eratsun;43.08260084;-1.796689901;523;154
31091;Ergoiena;ergoiena;Navarra;navarra;Comunidad Foral de Navarra;Ergoiena;42.87387106;-2.033693851;594;390
31092;Erro;erro;Navarra;navarra;Comunidad Foral de Navarra;Erro;42.94255282;-1.44967943;666;814
31093;Ezcároz/Ezkaroze;ezcaroz/ezkaroze;Navarra;navarra;Comunidad Foral de Navarra;Ezcároz/Ezkaroze;42.886283;-1.097453748;733;297
31094;Eslava;eslava;Navarra;navarra;Comunidad Foral de Navarra;Eslava;42.56411268;-1.458744048;527;97
31095;Esparza de Salazar/Espartza Zaraitzu;esparza de salazar/espartza zaraitzu;Navarra;navarra;Comunidad Foral de Navarra;Esparza de Salazar/Espartza Zaraitzu;42.85385356;-1.0999424;698;75
31096;Espronceda;espronceda;Navarra;navarra;Comunidad Foral de Navarra;Espronceda;42.5970145;-2.303788582;538;102
31097;Estella-Lizarra;estella lizarra;Navarra;navarra;Comunidad Foral de Navarra;Estella-Lizarra;42.67046318;-2.030593254;420;14356
31098;Esteribar;esteribar;Navarra;navarra;Comunidad Foral de Navarra;Esteribar;42.92678511;-1.507272107;528;2916
31099;Etayo;etayo;Navarra;navarra;Comunidad Foral de Navarra;Etayo;42.61719959;-2.153640733;594;72
31100;Eulate;eulate;Navarra;navarra;Comunidad Foral de Navarra;Eulate;42.7766386;-2.207999548;729;278
31101;Ezcabarte;ezcabarte;Navarra;navarra;Comunidad Foral de Navarra;Ezcabarte;42.85013718;-1.622683182;546;1902
31102;Ezkurra;ezkurra;Navarra;navarra;Comunidad Foral de Navarra;Ezkurra;43.0846471;-1.825264667;520;125
31103;Ezprogui;ezprogui;Navarra;navarra;Comunidad Foral de Navarra;Ezprogui;42.57141513;-1.421749365;573;48
31104;Falces;falces;Navarra;navarra;Comunidad Foral de Navarra;Falces;42.38835162;-1.795879383;293;2383
31105;Fitero;fitero;Navarra;navarra;Comunidad Foral de Navarra;Fitero;42.05604193;-1.856350779;421;2366
31106;Fontellas;fontellas;Navarra;navarra;Comunidad Foral de Navarra;Fontellas;42.02818019;-1.575296728;274;1047
31107;Funes;funes;Navarra;navarra;Comunidad Foral de Navarra;Funes;42.313888;-1.802945704;301;2586
31108;Fustiñana;fustinana;Navarra;navarra;Comunidad Foral de Navarra;Fustiñana;42.020046;-1.486241155;258;2427
31109;Galar;galar;Navarra;navarra;Comunidad Foral de Navarra;Galar;42.762149;-1.69930358;551;2424
31110;Gallipienzo/Galipentzu;gallipienzo/galipentzu;Navarra;navarra;Comunidad Foral de Navarra;Gallipienzo/Galipentzu;42.52365954;-1.40967825;535;100
31111;Gallués/Galoze;gallues/galoze;Navarra;navarra;Comunidad Foral de Navarra;Gallués/Galoze;42.78432319;-1.095927549;638;95
31112;Garaioa;garaioa;Navarra;navarra;Comunidad Foral de Navarra;Garaioa;42.92972094;-1.244259839;777;91
31113;Garde;garde;Navarra;navarra;Comunidad Foral de Navarra;Garde;42.78854369;-0.924153661;735;132
31114;Garínoain;garinoain;Navarra;navarra;Comunidad Foral de Navarra;Garínoain;42.59983207;-1.644554041;530;529
31115;Garralda;garralda;Navarra;navarra;Comunidad Foral de Navarra;Garralda;42.94831193;-1.28628698;846;183
31116;Genevilla;genevilla;Navarra;navarra;Comunidad Foral de Navarra;Genevilla;42.644616;-2.390866445;624;71
31117;Goizueta;goizueta;Navarra;navarra;Comunidad Foral de Navarra;Goizueta;43.17098427;-1.864162714;156;682
31118;Val de Goñi/Goñerri;val de goni/gonerri;Navarra;navarra;Comunidad Foral de Navarra;Val de Goñi/Goñerri;42.85203379;-1.90332717;881;166
31119;Güesa/Gorza;guesa/gorza;Navarra;navarra;Comunidad Foral de Navarra;Güesa/Gorza;42.80621609;-1.095910996;656;38
31120;Guesálaz/Gesalatz;guesalaz/gesalatz;Navarra;navarra;Comunidad Foral de Navarra;Guesálaz/Gesalatz;42.75379016;-1.933536371;519;462
31121;Guirguillano;guirguillano;Navarra;navarra;Comunidad Foral de Navarra;Guirguillano;42.72466594;-1.87860997;550;76
31122;Huarte/Uharte;huarte/uharte;Navarra;navarra;Comunidad Foral de Navarra;Huarte/Uharte;42.83139411;-1.590939094;441;7900
31123;Uharte Arakil;uharte arakil;Navarra;navarra;Comunidad Foral de Navarra;Uharte Arakil;42.92063839;-1.969514678;470;772
31124;Ibargoiti;ibargoiti;Navarra;navarra;Comunidad Foral de Navarra;Ibargoiti;42.68815014;-1.472223435;596;279
31125;Igúzquiza;iguzquiza;Navarra;navarra;Comunidad Foral de Navarra;Igúzquiza;42.64683622;-2.0844012;515;307
31126;Imotz;imotz;Navarra;navarra;Comunidad Foral de Navarra;Imotz;42.96896804;-1.793734952;590;433
31127;Irañeta;iraneta;Navarra;navarra;Comunidad Foral de Navarra;Irañeta;42.92224103;-1.944842486;462;172
31128;Isaba/Izaba;isaba/izaba;Navarra;navarra;Comunidad Foral de Navarra;Isaba/Izaba;42.8612899;-0.92304567;807;385
31129;Ituren;ituren;Navarra;navarra;Comunidad Foral de Navarra;Ituren;43.1289518;-1.707041598;156;542
31130;Iturmendi;iturmendi;Navarra;navarra;Comunidad Foral de Navarra;Iturmendi;42.88945834;-2.118833906;528;429
31131;Iza/Itza;iza/itza;Navarra;navarra;Comunidad Foral de Navarra;Iza/Itza;42.8376635;-1.72944687;443;1456
31132;Izagaondoa;izagaondoa;Navarra;navarra;Comunidad Foral de Navarra;Izagaondoa;42.73532315;-1.421805991;647;154
31133;Izalzu/Itzaltzu;izalzu/itzaltzu;Navarra;navarra;Comunidad Foral de Navarra;Izalzu/Itzaltzu;42.91351026;-1.053647958;801;36
31134;Jaurrieta;jaurrieta;Navarra;navarra;Comunidad Foral de Navarra;Jaurrieta;42.88719898;-1.135817174;911;179
31135;Javier;javier;Navarra;navarra;Comunidad Foral de Navarra;Javier;42.59165168;-1.21004037;447;103
31136;Juslapeña/Txulapain;juslapena/txulapain;Navarra;navarra;Comunidad Foral de Navarra;Juslapeña/Txulapain;42.89767119;-1.695565288;526;565
31137;Beintza-Labaien;beintza labaien;Navarra;navarra;Comunidad Foral de Navarra;Beintza-Labaien;43.08722176;-1.743311424;448;229
31138;Lakuntza;lakuntza;Navarra;navarra;Comunidad Foral de Navarra;Lakuntza;42.92203075;-2.022793503;488;1336
31139;Lana;lana;Navarra;navarra;Comunidad Foral de Navarra;Lana;42.70813332;-2.248418436;580;151
31140;Lantz;lantz;Navarra;navarra;Comunidad Foral de Navarra;Lantz;42.99771784;-1.620768147;629;150
31141;Lapoblación;lapoblacion;Navarra;navarra;Comunidad Foral de Navarra;Lapoblación;42.60501738;-2.45990622;961;124
31142;Larraga;larraga;Navarra;navarra;Comunidad Foral de Navarra;Larraga;42.55863714;-1.848871471;392;2160
31143;Larraona;larraona;Navarra;navarra;Comunidad Foral de Navarra;Larraona;42.77948774;-2.257463982;771;100
31144;Larraun;larraun;Navarra;navarra;Comunidad Foral de Navarra;Larraun;42.99938828;-1.889231404;564;924
31145;Lazagurría;lazagurria;Navarra;navarra;Comunidad Foral de Navarra;Lazagurría;42.49274704;-2.2404117;388;171
31146;Leache/Leatxe;leache/leatxe;Navarra;navarra;Comunidad Foral de Navarra;Leache/Leatxe;42.60684002;-1.408206893;588;36
31147;Legarda;legarda;Navarra;navarra;Comunidad Foral de Navarra;Legarda;42.71137047;-1.771723466;479;143
31148;Legaria;legaria;Navarra;navarra;Comunidad Foral de Navarra;Legaria;42.64847246;-2.173675882;476;114
31149;Leitza;leitza;Navarra;navarra;Comunidad Foral de Navarra;Leitza;43.07876573;-1.914559483;475;3025
31150;Leoz/Leotz;leoz/leotz;Navarra;navarra;Comunidad Foral de Navarra;Leoz/Leotz;42.64500607;-1.51907988;764;202
31151;Lerga;lerga;Navarra;navarra;Comunidad Foral de Navarra;Lerga;42.56621493;-1.501006051;615;46
31152;Lerín;lerin;Navarra;navarra;Comunidad Foral de Navarra;Lerín;42.48413968;-1.971081543;435;1817
31153;Lesaka;lesaka;Navarra;navarra;Comunidad Foral de Navarra;Lesaka;43.24673625;-1.703838165;71;2715
31154;Lezaun;lezaun;Navarra;navarra;Comunidad Foral de Navarra;Lezaun;42.77800115;-1.994251628;820;248
31155;Liédena;liedena;Navarra;navarra;Comunidad Foral de Navarra;Liédena;42.62019075;-1.275406852;432;352
31156;Lizoain-Arriasgoiti/Lizoainibar-Arriasgoiti;lizoain arriasgoiti/lizoainibar arriasgoiti;Navarra;navarra;Comunidad Foral de Navarra;Lizoain-Arriasgoiti/Lizoainibar-Arriasgoiti;42.79928602;-1.467596035;538;287
31157;Lodosa;lodosa;Navarra;navarra;Comunidad Foral de Navarra;Lodosa;42.42438669;-2.078112759;319;4942
31158;Lónguida/Longida;longuida/longida;Navarra;navarra;Comunidad Foral de Navarra;Lónguida/Longida;42.75613781;-1.386791272;476;310
31159;Lumbier;lumbier;Navarra;navarra;Comunidad Foral de Navarra;Lumbier;42.65253399;-1.306406319;461;1345
31160;Luquin;luquin;Navarra;navarra;Comunidad Foral de Navarra;Luquin;42.6126158;-2.099659984;602;135
31161;Mañeru;maneru;Navarra;navarra;Comunidad Foral de Navarra;Mañeru;42.66887141;-1.863874259;449;454
31162;Marañón;maranon;Navarra;navarra;Comunidad Foral de Navarra;Marañón;42.62956496;-2.439228219;621;50
31163;Marcilla;marcilla;Navarra;navarra;Comunidad Foral de Navarra;Marcilla;42.32641587;-1.739240734;291;2934
31164;Mélida;melida;Navarra;navarra;Comunidad Foral de Navarra;Mélida;42.35923829;-1.547165867;349;740
31165;Mendavia;mendavia;Navarra;navarra;Comunidad Foral de Navarra;Mendavia;42.44185653;-2.200108182;344;3591
31166;Mendaza;mendaza;Navarra;navarra;Comunidad Foral de Navarra;Mendaza;42.64156035;-2.235351275;631;287
31167;Mendigorria;mendigorria;Navarra;navarra;Comunidad Foral de Navarra;Mendigorria;42.62842447;-1.835490338;391;1275
31168;Metauten;metauten;Navarra;navarra;Comunidad Foral de Navarra;Metauten;42.67749526;-2.126769624;522;263
31169;Milagro;milagro;Navarra;navarra;Comunidad Foral de Navarra;Milagro;42.2404034;-1.762425396;295;3728
31170;Mirafuentes;mirafuentes;Navarra;navarra;Comunidad Foral de Navarra;Mirafuentes;42.62214893;-2.278089173;648;56
31171;Miranda de Arga;miranda de arga;Navarra;navarra;Comunidad Foral de Navarra;Miranda de Arga;42.48318311;-1.827361271;316;902
31172;Monreal/Elo;monreal/elo;Navarra;navarra;Comunidad Foral de Navarra;Monreal/Elo;42.70516283;-1.507808703;544;512
31173;Monteagudo;monteagudo;Navarra;navarra;Comunidad Foral de Navarra;Monteagudo;41.96267942;-1.691571673;397;1082
31174;Morentin;morentin;Navarra;navarra;Comunidad Foral de Navarra;Morentin;42.61316375;-2.013860528;539;109
31175;Mues;mues;Navarra;navarra;Comunidad Foral de Navarra;Mues;42.60632811;-2.227023881;513;86
31176;Murchante;murchante;Navarra;navarra;Comunidad Foral de Navarra;Murchante;42.02905985;-1.657163418;318;4247
31177;Murieta;murieta;Navarra;navarra;Comunidad Foral de Navarra;Murieta;42.65839076;-2.157873856;486;363
31178;Murillo el Cuende;murillo el cuende;Navarra;navarra;Comunidad Foral de Navarra;Murillo el Cuende;42.39818663;-1.62939632;341;699
31179;Murillo el Fruto;murillo el fruto;Navarra;navarra;Comunidad Foral de Navarra;Murillo el Fruto;42.3925336;-1.462291714;361;681
31180;Muruzábal;muruzabal;Navarra;navarra;Comunidad Foral de Navarra;Muruzábal;42.68953026;-1.771462597;441;280
31181;Navascués/Nabaskoze;navascues/nabaskoze;Navarra;navarra;Comunidad Foral de Navarra;Navascués/Nabaskoze;42.71820722;-1.11579963;642;117
31182;Nazar;nazar;Navarra;navarra;Comunidad Foral de Navarra;Nazar;42.63680674;-2.279447376;735;40
31183;Obanos;obanos;Navarra;navarra;Comunidad Foral de Navarra;Obanos;42.67954281;-1.78572768;412;921
31184;Oco;oco;Navarra;navarra;Comunidad Foral de Navarra;Oco;42.63880656;-2.164981383;499;64
31185;Ochagavía/Otsagabia;ochagavia/otsagabia;Navarra;navarra;Comunidad Foral de Navarra;Ochagavía/Otsagabia;42.90579459;-1.090659427;759;493
31186;Odieta;odieta;Navarra;navarra;Comunidad Foral de Navarra;Odieta;42.93855888;-1.639286819;517;366
31187;Oiz;oiz;Navarra;navarra;Comunidad Foral de Navarra;Oiz;43.10934275;-1.686849643;189;129
31188;Olaibar;olaibar;Navarra;navarra;Comunidad Foral de Navarra;Olaibar;42.88551783;-1.603593139;470;400
31189;Olazti/Olazagutía;olazti/olazagutia;Navarra;navarra;Comunidad Foral de Navarra;Olazti/Olazagutía;42.87676933;-2.196006791;541;1442
31190;Olejua;olejua;Navarra;navarra;Comunidad Foral de Navarra;Olejua;42.62315291;-2.141474026;577;49
31191;Olite/Erriberri;olite/erriberri;Navarra;navarra;Comunidad Foral de Navarra;Olite/Erriberri;42.48140846;-1.651575491;391;4091
31192;Olóriz/Oloritz;oloriz/oloritz;Navarra;navarra;Comunidad Foral de Navarra;Olóriz/Oloritz;42.63526509;-1.613240787;594;209
31193;Cendea de Olza/Oltza Zendea;cendea de olza/oltza zendea;Navarra;navarra;Comunidad Foral de Navarra;Cendea de Olza/Oltza Zendea;42.81625359;-1.747047389;395;1873
31194;Valle de Ollo/Ollaran;valle de ollo/ollaran;Navarra;navarra;Comunidad Foral de Navarra;Valle de Ollo/Ollaran;42.86657334;-1.8587532;506;453
31195;Orbaizeta;orbaizeta;Navarra;navarra;Comunidad Foral de Navarra;Orbaizeta;42.97448393;-1.229427482;761;186
31196;Orbara;orbara;Navarra;navarra;Comunidad Foral de Navarra;Orbara;42.96639495;-1.241702021;762;28
31197;Orísoain;orisoain;Navarra;navarra;Comunidad Foral de Navarra;Orísoain;42.60115265;-1.604383026;577;72
31198;Oronz/Orontze;oronz/orontze;Navarra;navarra;Comunidad Foral de Navarra;Oronz/Orontze;42.86819381;-1.096771962;724;51
31199;Oroz-Betelu/Orotz-Betelu;oroz betelu/orotz betelu;Navarra;navarra;Comunidad Foral de Navarra;Oroz-Betelu/Orotz-Betelu;42.89542785;-1.30425464;599;144
31200;Oteiza;oteiza;Navarra;navarra;Comunidad Foral de Navarra;Oteiza;42.61914963;-1.953404348;511;970
31201;Pamplona/Iruña;pamplona/iruna;Navarra;navarra;Comunidad Foral de Navarra;Pamplona/Iruña;42.818565;-1.644406262;442;209676
31202;Peralta/Azkoien;peralta/azkoien;Navarra;navarra;Comunidad Foral de Navarra;Peralta/Azkoien;42.33862556;-1.797281849;291;6063
31203;Petilla de Aragón;petilla de aragon;Navarra;navarra;Comunidad Foral de Navarra;Petilla de Aragón;42.46153901;-1.092537262;839;29
31204;Piedramillera;piedramillera;Navarra;navarra;Comunidad Foral de Navarra;Piedramillera;42.63174944;-2.204001437;610;47
31205;Pitillas;pitillas;Navarra;navarra;Comunidad Foral de Navarra;Pitillas;42.42136395;-1.622715644;351;522
31206;Puente la Reina/Gares;puente la reina/gares;Navarra;navarra;Comunidad Foral de Navarra;Puente la Reina/Gares;42.67159653;-1.815672313;344;2969
31207;Pueyo/Puiu;pueyo/puiu;Navarra;navarra;Comunidad Foral de Navarra;Pueyo/Puiu;42.5647183;-1.647663002;528;383
31208;Ribaforada;ribaforada;Navarra;navarra;Comunidad Foral de Navarra;Ribaforada;41.99786958;-1.509073899;261;3691
31209;Romanzado/Erromantzatua;romanzado/erromantzatua;Navarra;navarra;Comunidad Foral de Navarra;Romanzado/Erromantzatua;42.67505376;-1.239368048;489;181
31210;Roncal/Erronkari;roncal/erronkari;Navarra;navarra;Comunidad Foral de Navarra;Roncal/Erronkari;42.80749157;-0.955904929;695;208
31211;Orreaga/Roncesvalles;orreaga/roncesvalles;Navarra;navarra;Comunidad Foral de Navarra;Orreaga/Roncesvalles;43.00954618;-1.320066316;952;25
31212;Sada;sada;Navarra;navarra;Comunidad Foral de Navarra;Sada;42.58582455;-1.397667588;479;137
31213;Saldías;saldias;Navarra;navarra;Comunidad Foral de Navarra;Saldías;43.08884815;-1.780019937;554;125
31214;Salinas de Oro/Jaitz;salinas de oro/jaitz;Navarra;navarra;Comunidad Foral de Navarra;Salinas de Oro/Jaitz;42.77438917;-1.889585789;667;110
31215;San Adrián;san adrian;Navarra;navarra;Comunidad Foral de Navarra;San Adrián;42.33175612;-1.933282103;293;6500
31216;Sangüesa/Zangoza;sanguesa/zangoza;Navarra;navarra;Comunidad Foral de Navarra;Sangüesa/Zangoza;42.57668812;-1.283880414;400;4876
31217;San Martín de Unx;san martin de unx;Navarra;navarra;Comunidad Foral de Navarra;San Martín de Unx;42.52352627;-1.561742841;598;352
31219;Sansol;sansol;Navarra;navarra;Comunidad Foral de Navarra;Sansol;42.55362454;-2.265693516;486;91
31220;Santacara;santacara;Navarra;navarra;Comunidad Foral de Navarra;Santacara;42.37545621;-1.552989124;347;868
31221;Doneztebe/Santesteban;doneztebe/santesteban;Navarra;navarra;Comunidad Foral de Navarra;Doneztebe/Santesteban;43.13093668;-1.668722204;126;1852
31222;Sarriés/Sartze;sarries/sartze;Navarra;navarra;Comunidad Foral de Navarra;Sarriés/Sartze;42.83530569;-1.100230151;691;58
31223;Sartaguda;sartaguda;Navarra;navarra;Comunidad Foral de Navarra;Sartaguda;42.3809809;-2.058509201;336;1364
31224;Sesma;sesma;Navarra;navarra;Comunidad Foral de Navarra;Sesma;42.4791178;-2.084414422;433;1257
31225;Sorlada;sorlada;Navarra;navarra;Comunidad Foral de Navarra;Sorlada;42.61531708;-2.216365424;572;41
31226;Sunbilla;sunbilla;Navarra;navarra;Comunidad Foral de Navarra;Sunbilla;43.1635089;-1.669653893;103;685
31227;Tafalla;tafalla;Navarra;navarra;Comunidad Foral de Navarra;Tafalla;42.52785373;-1.674841483;421;10867
31228;Tiebas-Muruarte de Reta;tiebas muruarte de reta;Navarra;navarra;Comunidad Foral de Navarra;Tiebas-Muruarte de Reta;42.693109;-1.640618791;575;690
31229;Tirapu;tirapu;Navarra;navarra;Comunidad Foral de Navarra;Tirapu;42.6574611;-1.702644017;503;49
31230;Torralba del Río;torralba del rio;Navarra;navarra;Comunidad Foral de Navarra;Torralba del Río;42.607703;-2.330989546;620;97
31231;Torres del Río;torres del rio;Navarra;navarra;Comunidad Foral de Navarra;Torres del Río;42.55173956;-2.27072122;459;113
31232;Tudela;tudela;Navarra;navarra;Comunidad Foral de Navarra;Tudela;42.06369024;-1.60604545;262;38773
31233;Tulebras;tulebras;Navarra;navarra;Comunidad Foral de Navarra;Tulebras;41.97672596;-1.676437019;371;160
31234;Ucar;ucar;Navarra;navarra;Comunidad Foral de Navarra;Ucar;42.67568169;-1.706677976;503;194
31235;Ujué/Uxue;ujue/uxue;Navarra;navarra;Comunidad Foral de Navarra;Ujué/Uxue;42.50526496;-1.498360422;775;169
31236;Ultzama;ultzama;Navarra;navarra;Comunidad Foral de Navarra;Ultzama;42.97971983;-1.689508717;541;1597
31237;Unciti;unciti;Navarra;navarra;Comunidad Foral de Navarra;Unciti;42.74799843;-1.500292312;600;257
31238;Unzué/Untzue;unzue/untzue;Navarra;navarra;Comunidad Foral de Navarra;Unzué/Untzue;42.6518757;-1.625956619;649;164
31239;Urdazubi/Urdax;urdazubi/urdax;Navarra;navarra;Comunidad Foral de Navarra;Urdazubi/Urdax;43.26781185;-1.504012938;93;372
31240;Urdiain;urdiain;Navarra;navarra;Comunidad Foral de Navarra;Urdiain;42.88690777;-2.136708181;555;651
31241;Urraul Alto;urraul alto;Navarra;navarra;Comunidad Foral de Navarra;Urraul Alto;42.75807286;-1.255860605;561;136
31242;Urraul Bajo;urraul bajo;Navarra;navarra;Comunidad Foral de Navarra;Urraul Bajo;42.68659991;-1.32496055;472;330
31243;Urroz-Villa;urroz villa;Navarra;navarra;Comunidad Foral de Navarra;Urroz-Villa;42.77740497;-1.458610542;526;406
31244;Urroz;urroz;Navarra;navarra;Comunidad Foral de Navarra;Urroz;43.10032993;-1.707399275;322;175
31245;Urzainqui/Urzainki;urzainqui/urzainki;Navarra;navarra;Comunidad Foral de Navarra;Urzainqui/Urzainki;42.83163183;-0.945698966;724;77
31246;Uterga;uterga;Navarra;navarra;Comunidad Foral de Navarra;Uterga;42.71001289;-1.759719217;492;177
31247;Uztárroz/Uztarroze;uztarroz/uztarroze;Navarra;navarra;Comunidad Foral de Navarra;Uztárroz/Uztarroze;42.89188543;-0.940534843;856;139
31248;Luzaide/Valcarlos;luzaide/valcarlos;Navarra;navarra;Comunidad Foral de Navarra;Luzaide/Valcarlos;43.091967;-1.302433;361.39;327
31249;Valtierra;valtierra;Navarra;navarra;Comunidad Foral de Navarra;Valtierra;42.19504643;-1.633926171;263;2496
31250;Bera;bera;Navarra;navarra;Comunidad Foral de Navarra;Bera;43.28174854;-1.687191016;44;3817
31251;Viana;viana;Navarra;navarra;Comunidad Foral de Navarra;Viana;42.51503913;-2.372143255;469;4459
31252;Vidángoz/Bidankoze;vidangoz/bidankoze;Navarra;navarra;Comunidad Foral de Navarra;Vidángoz/Bidankoze;42.80222369;-1.013962942;783;74
31253;Bidaurreta;bidaurreta;Navarra;navarra;Comunidad Foral de Navarra;Bidaurreta;42.77569806;-1.834122652;425;178
31254;Villafranca;villafranca;Navarra;navarra;Comunidad Foral de Navarra;Villafranca;42.27926755;-1.750179164;291;3169
31255;Villamayor de Monjardín;villamayor de monjardin;Navarra;navarra;Comunidad Foral de Navarra;Villamayor de Monjardín;42.62882633;-2.103914734;670;113
31256;Hiriberri/Villanueva de Aezkoa;hiriberri/villanueva de aezkoa;Navarra;navarra;Comunidad Foral de Navarra;Hiriberri/Villanueva de Aezkoa;42.94546276;-1.230663326;916;96
31257;Villatuerta;villatuerta;Navarra;navarra;Comunidad Foral de Navarra;Villatuerta;42.65862905;-1.993048809;424;1260
31258;Villava/Atarrabia;villava/atarrabia;Navarra;navarra;Comunidad Foral de Navarra;Villava/Atarrabia;42.8322105;-1.607351275;430;9918
31259;Igantzi;igantzi;Navarra;navarra;Comunidad Foral de Navarra;Igantzi;43.22483342;-1.700515469;208;578
31260;Valle de Yerri/Deierri;valle de yerri/deierri;Navarra;navarra;Comunidad Foral de Navarra;Valle de Yerri/Deierri;42.72736141;-2.000065024;527;1546
31261;Yesa;yesa;Navarra;navarra;Comunidad Foral de Navarra;Yesa;42.62036835;-1.201532466;491;294
31262;Zabalza/Zabaltza;zabalza/zabaltza;Navarra;navarra;Comunidad Foral de Navarra;Zabalza/Zabaltza;42.77860058;-1.79884609;438;285
31263;Zubieta;zubieta;Navarra;navarra;Comunidad Foral de Navarra;Zubieta;43.12483679;-1.742350238;204;290
31264;Zugarramurdi;zugarramurdi;Navarra;navarra;Comunidad Foral de Navarra;Zugarramurdi;43.26948942;-1.540952699;204;223
31265;Zúñiga;zuniga;Navarra;navarra;Comunidad Foral de Navarra;Zúñiga;42.69327925;-2.300598077;573;78
31901;Barañáin/Barañain;baranain/baranain;Navarra;navarra;Comunidad Foral de Navarra;Barañáin/Barañain;42.80472626;-1.684322694;434;19588
31902;Berrioplano/Berriobeiti;berrioplano/berriobeiti;Navarra;navarra;Comunidad Foral de Navarra;Berrioplano/Berriobeiti;42.85293834;-1.693240073;455;7624
31903;Berriozar;berriozar;Navarra;navarra;Comunidad Foral de Navarra;Berriozar;42.83555994;-1.674436209;428;11317
31904;Irurtzun;irurtzun;Navarra;navarra;Comunidad Foral de Navarra;Irurtzun;42.91857336;-1.828976272;463;2298
31905;Beriáin;beriain;Navarra;navarra;Comunidad Foral de Navarra;Beriáin;42.73427624;-1.644047064;491;4180
31906;Orkoien;orkoien;Navarra;navarra;Comunidad Foral de Navarra;Orkoien;42.82292745;-1.695892841;445;4097
31907;Zizur Mayor/Zizur Nagusia;zizur mayor/zizur nagusia;Navarra;navarra;Comunidad Foral de Navarra;Zizur Mayor/Zizur Nagusia;42.78722871;-1.692479849;444;16466
31908;Lekunberri;lekunberri;Navarra;navarra;Comunidad Foral de Navarra;Lekunberri;43.00527611;-1.8957009;568;1747
32001;Allariz;allariz;Ourense;ourense;Galicia;Allariz;42.19016918;-7.801553271;454;6505
32002;Amoeiro;amoeiro;Ourense;ourense;Galicia;Amoeiro;42.4147608;-7.947325811;440;2441
32003;Arnoia, A;arnoia, a;Ourense;ourense;Galicia;Arnoia, A;42.25306577;-8.135751194;101;946
32004;Avión;avion;Ourense;ourense;Galicia;Avión;42.37592083;-8.251438858;447;1704
32005;Baltar;baltar;Ourense;ourense;Galicia;Baltar;41.95375505;-7.714343956;823;864
32006;Bande;bande;Ourense;ourense;Galicia;Bande;42.03162122;-7.9752718;730;1459
32007;Baños de Molgas;banos de molgas;Ourense;ourense;Galicia;Baños de Molgas;42.24472787;-7.668392125;517;1470
32008;Barbadás;barbadas;Ourense;ourense;Galicia;Barbadás;42.29905445;-7.887469714;244;11192
32009;Barco de Valdeorras, O;barco de valdeorras, o;Ourense;ourense;Galicia;Barco de Valdeorras, O;42.41644671;-6.984649378;325;13370
32010;Beade;beade;Ourense;ourense;Galicia;Beade;42.32556034;-8.123278289;95;363
32011;Beariz;beariz;Ourense;ourense;Galicia;Beariz;42.46705567;-8.273015461;642;893
32012;Blancos, Os;blancos, os;Ourense;ourense;Galicia;Blancos, Os;41.99716266;-7.75231021;799;700
32013;Boborás;boboras;Ourense;ourense;Galicia;Boborás;42.43156764;-8.143259558;425;2159
32014;Bola, A;bola, a;Ourense;ourense;Galicia;Bola, A;42.14093687;-7.928518433;479;1132
32015;Bolo, O;bolo, o;Ourense;ourense;Galicia;Bolo, O;42.30718816;-7.099419525;746;784
32016;Calvos de Randín;calvos de randin;Ourense;ourense;Galicia;Calvos de Randín;41.94716678;-7.896541208;916;647
32017;Carballeda de Valdeorras;carballeda de valdeorras;Ourense;ourense;Galicia;Carballeda de Valdeorras;42.4158443;-6.912270489;370;1345
32018;Carballeda de Avia;carballeda de avia;Ourense;ourense;Galicia;Carballeda de Avia;42.31997591;-8.164192061;248;1172
32019;Carballiño, O;carballino, o;Ourense;ourense;Galicia;Carballiño, O;42.42972473;-8.077541083;398;14238
32020;Cartelle;cartelle;Ourense;ourense;Galicia;Cartelle;42.249613;-8.070722;367.11;2463
32021;Castrelo do Val;castrelo do val;Ourense;ourense;Galicia;Castrelo do Val;41.98797154;-7.421367208;419;947
32022;Castrelo de Miño;castrelo de mino;Ourense;ourense;Galicia;Castrelo de Miño;42.29583674;-8.096141361;96;1286
32023;Castro Caldelas;castro caldelas;Ourense;ourense;Galicia;Castro Caldelas;42.37451851;-7.415400344;783;1237
32024;Celanova;celanova;Ourense;ourense;Galicia;Celanova;42.15200115;-7.957830399;518;5695
32025;Cenlle;cenlle;Ourense;ourense;Galicia;Cenlle;42.32612244;-8.072247586;124;1067
32026;Coles;coles;Ourense;ourense;Galicia;Coles;42.41166903;-7.839749097;395;3227
32027;Cortegada;cortegada;Ourense;ourense;Galicia;Cortegada;42.20658098;-8.1718666;124;1023
32028;Cualedro;cualedro;Ourense;ourense;Galicia;Cualedro;41.98813634;-7.594053736;833;1530
32029;Chandrexa de Queixa;chandrexa de queixa;Ourense;ourense;Galicia;Chandrexa de Queixa;42.26013024;-7.379593467;997;471
32030;Entrimo;entrimo;Ourense;ourense;Galicia;Entrimo;41.93273127;-8.118727786;502;1092
32031;Esgos;esgos;Ourense;ourense;Galicia;Esgos;42.32533827;-7.696415306;581;1105
32032;Xinzo de Limia;xinzo de limia;Ourense;ourense;Galicia;Xinzo de Limia;42.06362249;-7.7246752;622;9655
32033;Gomesende;gomesende;Ourense;ourense;Galicia;Gomesende;42.19279759;-8.091640217;473;640
32034;Gudiña, A;gudina, a;Ourense;ourense;Galicia;Gudiña, A;42.06063452;-7.139000186;985;1197
32035;Irixo, O;irixo, o;Ourense;ourense;Galicia;Irixo, O;42.51298288;-8.119823347;510;1344
32036;Xunqueira de Ambía;xunqueira de ambia;Ourense;ourense;Galicia;Xunqueira de Ambía;42.20411096;-7.735274608;542;1342
32037;Xunqueira de Espadanedo;xunqueira de espadanedo;Ourense;ourense;Galicia;Xunqueira de Espadanedo;42.31795915;-7.629107608;684;694
32038;Larouco;larouco;Ourense;ourense;Galicia;Larouco;42.34673749;-7.163275681;542;484
32039;Laza;laza;Ourense;ourense;Galicia;Laza;42.06127325;-7.460450936;475;1151
32040;Leiro;leiro;Ourense;ourense;Galicia;Leiro;42.36953015;-8.12517773;89;1515
32041;Lobeira;lobeira;Ourense;ourense;Galicia;Lobeira;41.98721623;-8.039507767;697;700
32042;Lobios;lobios;Ourense;ourense;Galicia;Lobios;41.90363192;-8.083224156;418;1777
32043;Maceda;maceda;Ourense;ourense;Galicia;Maceda;42.26996396;-7.650775756;587;2872
32044;Manzaneda;manzaneda;Ourense;ourense;Galicia;Manzaneda;42.30970282;-7.234143092;661;767
32045;Maside;maside;Ourense;ourense;Galicia;Maside;42.4116705;-8.025507701;377;2762
32046;Melón;melon;Ourense;ourense;Galicia;Melón;42.25725038;-8.216183569;458;1079
32047;Merca, A;merca, a;Ourense;ourense;Galicia;Merca, A;42.2191561;-7.908477431;495;1976
32048;Mezquita, A;mezquita, a;Ourense;ourense;Galicia;Mezquita, A;42.01369589;-7.045362953;996;991
32049;Montederramo;montederramo;Ourense;ourense;Galicia;Montederramo;42.27521866;-7.502389778;902;659
32050;Monterrei;monterrei;Ourense;ourense;Galicia;Monterrei;41.9515423;-7.496611783;398;2415
32051;Muíños;muinos;Ourense;ourense;Galicia;Muíños;41.95783553;-7.971773014;620;1380
32052;Nogueira de Ramuín;nogueira de ramuin;Ourense;ourense;Galicia;Nogueira de Ramuín;42.41177442;-7.727476442;632;2070
32053;Oímbra;oimbra;Ourense;ourense;Galicia;Oímbra;41.88494565;-7.476576175;387;1681
32054;Ourense;ourense;Ourense;ourense;Galicia;Ourense;42.33553117;-7.863836656;135;105609
32055;Paderne de Allariz;paderne de allariz;Ourense;ourense;Galicia;Paderne de Allariz;42.27958401;-7.751084528;434;1341
32056;Padrenda;padrenda;Ourense;ourense;Galicia;Padrenda;42.13863906;-8.158473425;371;1537
32057;Parada de Sil;parada de sil;Ourense;ourense;Galicia;Parada de Sil;42.3832785;-7.571421228;672;499
32058;Pereiro de Aguiar, O;pereiro de aguiar, o;Ourense;ourense;Galicia;Pereiro de Aguiar, O;42.34655247;-7.799997247;330;6786
32059;Peroxa, A;peroxa, a;Ourense;ourense;Galicia;Peroxa, A;42.44049592;-7.794303069;513;1795
32060;Petín;petin;Ourense;ourense;Galicia;Petín;42.38262727;-7.124488325;304;854
32061;Piñor;pinor;Ourense;ourense;Galicia;Piñor;42.49952423;-8.006938564;568;1103
32062;Porqueira;porqueira;Ourense;ourense;Galicia;Porqueira;42.01874423;-7.847330586;631;806
32063;Pobra de Trives, A;pobra de trives, a;Ourense;ourense;Galicia;Pobra de Trives, A;42.34069393;-7.251921653;748;1925
32064;Pontedeva;pontedeva;Ourense;ourense;Galicia;Pontedeva;42.16509424;-8.133547853;118;459
32065;Punxín;punxin;Ourense;ourense;Galicia;Punxín;42.36965589;-8.000278942;144;744
32066;Quintela de Leirado;quintela de leirado;Ourense;ourense;Galicia;Quintela de Leirado;42.12989071;-8.089635792;563;586
32067;Rairiz de Veiga;rairiz de veiga;Ourense;ourense;Galicia;Rairiz de Veiga;42.08175648;-7.831646453;622;1153
32068;Ramirás;ramiras;Ourense;ourense;Galicia;Ramirás;42.18538244;-8.025433258;363;1480
32069;Ribadavia;ribadavia;Ourense;ourense;Galicia;Ribadavia;42.28758161;-8.143527486;102;4917
32070;San Xoán de Río;san xoan de rio;Ourense;ourense;Galicia;San Xoán de Río;42.37116777;-7.298503036;888;516
32071;Riós;rios;Ourense;ourense;Galicia;Riós;41.97419795;-7.282548267;807;1374
32072;Rúa, A;rua, a;Ourense;ourense;Galicia;Rúa, A;42.39513716;-7.114128794;308;4217
32073;Rubiá;rubia;Ourense;ourense;Galicia;Rubiá;42.44749358;-6.946384892;512;1391
32074;San Amaro;san amaro;Ourense;ourense;Galicia;San Amaro;42.37429612;-8.072316169;490;1032
32075;San Cibrao das Viñas;san cibrao das vinas;Ourense;ourense;Galicia;San Cibrao das Viñas;42.29830161;-7.874005061;267;5777
32076;San Cristovo de Cea;san cristovo de cea;Ourense;ourense;Galicia;San Cristovo de Cea;42.47478341;-7.985127975;530;1963
32077;Sandiás;sandias;Ourense;ourense;Galicia;Sandiás;42.10956342;-7.757488092;645;1087
32078;Sarreaus;sarreaus;Ourense;ourense;Galicia;Sarreaus;42.08740537;-7.603011336;665;1068
32079;Taboadela;taboadela;Ourense;ourense;Galicia;Taboadela;42.24125359;-7.825168947;387;1479
32080;Teixeira, A;teixeira, a;Ourense;ourense;Galicia;Teixeira, A;42.39122444;-7.472469217;583;329
32081;Toén;toen;Ourense;ourense;Galicia;Toén;42.31416758;-7.951612883;387;2333
32082;Trasmiras;trasmiras;Ourense;ourense;Galicia;Trasmiras;42.02077631;-7.611138183;644;1215
32083;Veiga, A;veiga, a;Ourense;ourense;Galicia;Veiga, A;42.25006869;-7.026102961;874;873
32084;Verea;verea;Ourense;ourense;Galicia;Verea;42.09912236;-7.951135789;738;971
32085;Verín;verin;Ourense;ourense;Galicia;Verín;41.93841117;-7.437282661;383;13921
32086;Viana do Bolo;viana do bolo;Ourense;ourense;Galicia;Viana do Bolo;42.18034277;-7.114775503;715;2717
32087;Vilamarín;vilamarin;Ourense;ourense;Galicia;Vilamarín;42.46485283;-7.88835775;511;1838
32088;Vilamartín de Valdeorras;vilamartin de valdeorras;Ourense;ourense;Galicia;Vilamartín de Valdeorras;42.41548759;-7.064309483;318;1821
32089;Vilar de Barrio;vilar de barrio;Ourense;ourense;Galicia;Vilar de Barrio;42.16112178;-7.610481475;677;1175
32090;Vilar de Santos;vilar de santos;Ourense;ourense;Galicia;Vilar de Santos;42.08741366;-7.794326483;641;786
32091;Vilardevós;vilardevos;Ourense;ourense;Galicia;Vilardevós;41.90603409;-7.311419436;754;1622
32092;Vilariño de Conso;vilarino de conso;Ourense;ourense;Galicia;Vilariño de Conso;42.16591899;-7.181942067;740;501
33001;Allande;allande;Asturias;asturias;Principado de Asturias;Allande;43.27135616;-6.610624537;532;1507
33002;Aller;aller;Asturias;asturias;Principado de Asturias;Aller;43.161048;-5.62242;423;10007
33003;Amieva;amieva;Asturias;asturias;Principado de Asturias;Amieva;43.24515524;-5.07253728;621;591
33004;Avilés;aviles;Asturias;asturias;Principado de Asturias;Avilés;43.55569307;-5.921890417;10;75915
33005;Belmonte de Miranda;belmonte de miranda;Asturias;asturias;Principado de Asturias;Belmonte de Miranda;43.28192657;-6.217828858;198;1366
33006;Bimenes;bimenes;Asturias;asturias;Principado de Asturias;Bimenes;43.33050169;-5.565561303;308;1632
33007;Boal;boal;Asturias;asturias;Principado de Asturias;Boal;43.42850156;-6.818490712;456;1372
33008;Cabrales;cabrales;Asturias;asturias;Principado de Asturias;Cabrales;43.31601711;-4.845804672;181;1902
33009;Cabranes;cabranes;Asturias;asturias;Principado de Asturias;Cabranes;43.41670518;-5.410438144;258;1095
33010;Candamo;candamo;Asturias;asturias;Principado de Asturias;Candamo;43.43737802;-6.058794066;116;1902
33011;Cangas del Narcea;cangas del narcea;Asturias;asturias;Principado de Asturias;Cangas del Narcea;43.17610206;-6.548952303;383;11290
33012;Cangas de Onís;cangas de onis;Asturias;asturias;Principado de Asturias;Cangas de Onís;43.3512565;-5.128146733;63;6366
33013;Caravia;caravia;Asturias;asturias;Principado de Asturias;Caravia;43.46188083;-5.188030601;127;487
33014;Carreño;carreno;Asturias;asturias;Principado de Asturias;Carreño;43.59021624;-5.763634588;11;10296
33015;Caso;caso;Asturias;asturias;Principado de Asturias;Caso;43.18220475;-5.344337192;580;1444
33016;Castrillón;castrillon;Asturias;asturias;Principado de Asturias;Castrillón;43.55955712;-5.977688137;27;21986
33017;Castropol;castropol;Asturias;asturias;Principado de Asturias;Castropol;43.52777053;-7.030127244;35;3201
33018;Coaña;coana;Asturias;asturias;Principado de Asturias;Coaña;43.51706456;-6.747162386;83;3314
33019;Colunga;colunga;Asturias;asturias;Principado de Asturias;Colunga;43.48551838;-5.272661071;33;3168
33020;Corvera de Asturias;corvera de asturias;Asturias;asturias;Principado de Asturias;Corvera de Asturias;43.52601504;-5.873947578;65;15793
33021;Cudillero;cudillero;Asturias;asturias;Principado de Asturias;Cudillero;43.56305874;-6.145716755;8;4896
33022;Degaña;degana;Asturias;asturias;Principado de Asturias;Degaña;42.94094354;-6.57310269;850;767
33023;Franco, El;franco, el;Asturias;asturias;Principado de Asturias;Franco, El;43.5588408;-6.87250815;53;3740
33024;Gijón;gijon;Asturias;asturias;Principado de Asturias;Gijón;43.5450518;-5.662125399;6;271259
33025;Gozón;gozon;Asturias;asturias;Principado de Asturias;Gozón;43.61349311;-5.793829248;7;10396
33026;Grado;grado;Asturias;asturias;Principado de Asturias;Grado;43.38943946;-6.068146433;59;9656
33027;Grandas de Salime;grandas de salime;Asturias;asturias;Principado de Asturias;Grandas de Salime;43.2174965;-6.875704263;558;767
33028;Ibias;ibias;Asturias;asturias;Principado de Asturias;Ibias;43.03779604;-6.872503311;303;1084
33029;Illano;illano;Asturias;asturias;Principado de Asturias;Illano;43.33312737;-6.865163259;378;278
33030;Illas;illas;Asturias;asturias;Principado de Asturias;Illas;43.49551731;-5.969253038;169;1049
33031;Langreo;langreo;Asturias;asturias;Principado de Asturias;Langreo;43.29542921;-5.684018409;211;38615
33032;Laviana;laviana;Asturias;asturias;Principado de Asturias;Laviana;43.24712327;-5.56393683;293;12393
33033;Lena;lena;Asturias;asturias;Principado de Asturias;Lena;43.15783836;-5.829139145;308;10411
33034;Valdés;valdes;Asturias;asturias;Principado de Asturias;Valdés;43.54405934;-6.536024964;4;10763
33035;Llanera;llanera;Asturias;asturias;Principado de Asturias;Llanera;43.43966349;-5.850750602;170;14010
33036;Llanes;llanes;Asturias;asturias;Principado de Asturias;Llanes;43.42119218;-4.755636876;10;13529
33037;Mieres;mieres;Asturias;asturias;Principado de Asturias;Mieres;43.24879409;-5.772656931;210;36368
33038;Morcín;morcin;Asturias;asturias;Principado de Asturias;Morcín;43.28028066;-5.880465113;144;2459
33039;Muros de Nalón;muros de nalon;Asturias;asturias;Principado de Asturias;Muros de Nalón;43.54209066;-6.104708983;124;1953
33040;Nava;nava;Asturias;asturias;Principado de Asturias;Nava;43.35824874;-5.505669479;242;5257
33041;Navia;navia;Asturias;asturias;Principado de Asturias;Navia;43.53904222;-6.723463459;12;8039
33042;Noreña;norena;Asturias;asturias;Principado de Asturias;Noreña;43.39295006;-5.706851277;199;5127
33043;Onís;onis;Asturias;asturias;Principado de Asturias;Onís;43.33461183;-4.969024731;200;746
33044;Oviedo;oviedo;Asturias;asturias;Principado de Asturias;Oviedo;43.36051838;-5.844628833;233;223576
33045;Parres;parres;Asturias;asturias;Principado de Asturias;Parres;43.38942722;-5.184675861;29;5141
33046;Peñamellera Alta;penamellera alta;Asturias;asturias;Principado de Asturias;Peñamellera Alta;43.33240637;-4.703763346;260;496
33047;Peñamellera Baja;penamellera baja;Asturias;asturias;Principado de Asturias;Peñamellera Baja;43.32495005;-4.583470747;24;1195
33048;Pesoz;pesoz;Asturias;asturias;Principado de Asturias;Pesoz;43.25758415;-6.876511598;329;134
33049;Piloña;pilona;Asturias;asturias;Principado de Asturias;Piloña;43.34770037;-5.363148053;147;6729
33050;Ponga;ponga;Asturias;asturias;Principado de Asturias;Ponga;43.19075813;-5.16611609;605;573
33051;Pravia;pravia;Asturias;asturias;Principado de Asturias;Pravia;43.48891242;-6.111369986;39;7786
33052;Proaza;proaza;Asturias;asturias;Principado de Asturias;Proaza;43.25065935;-6.016839255;202;690
33053;Quirós;quiros;Asturias;asturias;Principado de Asturias;Quirós;43.16031366;-5.973886098;459;1141
33054;Regueras, Las;regueras, las;Asturias;asturias;Principado de Asturias;Regueras, Las;43.41442238;-5.969134167;172;1881
33055;Ribadedeva;ribadedeva;Asturias;asturias;Principado de Asturias;Ribadedeva;43.3745863;-4.540808073;111;1700
33056;Ribadesella;ribadesella;Asturias;asturias;Principado de Asturias;Ribadesella;43.46168257;-5.05873743;5;5629
33057;Ribera de Arriba;ribera de arriba;Asturias;asturias;Principado de Asturias;Ribera de Arriba;43.30716132;-5.88010608;171;1852
33058;Riosa;riosa;Asturias;asturias;Principado de Asturias;Riosa;43.23003717;-5.881294635;337;1684
33059;Salas;salas;Asturias;asturias;Principado de Asturias;Salas;43.40897;-6.26079;240;4766
33060;San Martín del Rey Aurelio;san martin del rey aurelio;Asturias;asturias;Principado de Asturias;San Martín del Rey Aurelio;43.27534669;-5.60490044;256;15526
33061;San Martín de Oscos;san martin de oscos;Asturias;asturias;Principado de Asturias;San Martín de Oscos;43.26467347;-6.962456282;698;336
33062;Santa Eulalia de Oscos;santa eulalia de oscos;Asturias;asturias;Principado de Asturias;Santa Eulalia de Oscos;43.25895537;-7.020476894;548;423
33063;San Tirso de Abres;san tirso de abres;Asturias;asturias;Principado de Asturias;San Tirso de Abres;43.40919641;-7.142888351;43;397
33064;Santo Adriano;santo adriano;Asturias;asturias;Principado de Asturias;Santo Adriano;43.27229906;-6.001147105;170;283
33065;Sariego;sariego;Asturias;asturias;Principado de Asturias;Sariego;43.40905869;-5.558257667;281;1251
33066;Siero;siero;Asturias;asturias;Principado de Asturias;Siero;43.39257524;-5.660561037;213;52997
33067;Sobrescobio;sobrescobio;Asturias;asturias;Principado de Asturias;Sobrescobio;43.22083334;-5.454674036;383;842
33068;Somiedo;somiedo;Asturias;asturias;Principado de Asturias;Somiedo;43.09268059;-6.255630255;695;1045
33069;Soto del Barco;soto del barco;Asturias;asturias;Principado de Asturias;Soto del Barco;43.5309246;-6.072965095;35;3816
33070;Tapia de Casariego;tapia de casariego;Asturias;asturias;Principado de Asturias;Tapia de Casariego;43.57006488;-6.944030488;22;3535
33071;Taramundi;taramundi;Asturias;asturias;Principado de Asturias;Taramundi;43.36100438;-7.108311421;259;545
33072;Teverga;teverga;Asturias;asturias;Principado de Asturias;Teverga;43.1589266;-6.10291272;469;1504
33073;Tineo;tineo;Asturias;asturias;Principado de Asturias;Tineo;43.33409542;-6.416402432;649;8705
33074;Vegadeo;vegadeo;Asturias;asturias;Principado de Asturias;Vegadeo;43.46456262;-7.049817591;3;3938
33075;Villanueva de Oscos;villanueva de oscos;Asturias;asturias;Principado de Asturias;Villanueva de Oscos;43.31150155;-6.986890407;642;244
33076;Villaviciosa;villaviciosa;Asturias;asturias;Principado de Asturias;Villaviciosa;43.48143043;-5.433127259;7;15386
33077;Villayón;villayon;Asturias;asturias;Principado de Asturias;Villayón;43.4477119;-6.705035053;373;1052
33078;Yernes y Tameza;yernes y tameza;Asturias;asturias;Principado de Asturias;Yernes y Tameza;43.25146311;-6.127881438;621;134
34001;Abarca de Campos;abarca de campos;Palencia;palencia;Castilla y León;Abarca de Campos;42.06224318;-4.840566502;758;38
34003;Abia de las Torres;abia de las torres;Palencia;palencia;Castilla y León;Abia de las Torres;42.42022006;-4.421901599;836;165
34004;Aguilar de Campoo;aguilar de campoo;Palencia;palencia;Castilla y León;Aguilar de Campoo;42.79333364;-4.262146532;899;6932
34005;Alar del Rey;alar del rey;Palencia;palencia;Castilla y León;Alar del Rey;42.65908366;-4.310682752;852;912
34006;Alba de Cerrato;alba de cerrato;Palencia;palencia;Castilla y León;Alba de Cerrato;41.81280738;-4.365285393;775;80
34009;Amayuelas de Arriba;amayuelas de arriba;Palencia;palencia;Castilla y León;Amayuelas de Arriba;42.21086882;-4.488892811;787;36
34010;Ampudia;ampudia;Palencia;palencia;Castilla y León;Ampudia;41.91581353;-4.780882833;790;589
34011;Amusco;amusco;Palencia;palencia;Castilla y León;Amusco;42.17285742;-4.469673393;774;418
34012;Antigüedad;antiguedad;Palencia;palencia;Castilla y León;Antigüedad;41.94527905;-4.118017057;831;332
34015;Arconada;arconada;Palencia;palencia;Castilla y León;Arconada;42.32881901;-4.496472435;804;45
34017;Astudillo;astudillo;Palencia;palencia;Castilla y León;Astudillo;42.19257449;-4.293492879;784;1043
34018;Autilla del Pino;autilla del pino;Palencia;palencia;Castilla y León;Autilla del Pino;41.99161311;-4.632560398;871;226
34019;Autillo de Campos;autillo de campos;Palencia;palencia;Castilla y León;Autillo de Campos;42.08810259;-4.831967648;762;125
34020;Ayuela;ayuela;Palencia;palencia;Castilla y León;Ayuela;42.62712748;-4.659031654;956;48
34022;Baltanás;baltanas;Palencia;palencia;Castilla y León;Baltanás;41.93795112;-4.246442463;780;1225
34023;Venta de Baños;venta de banos;Palencia;palencia;Castilla y León;Venta de Baños;41.92104655;-4.489467696;721;6379
34024;Baquerín de Campos;baquerin de campos;Palencia;palencia;Castilla y León;Baquerín de Campos;42.01634299;-4.782132244;749;21
34025;Bárcena de Campos;barcena de campos;Palencia;palencia;Castilla y León;Bárcena de Campos;42.48364622;-4.499156879;846;52
34027;Barruelo de Santullán;barruelo de santullan;Palencia;palencia;Castilla y León;Barruelo de Santullán;42.90754814;-4.287134716;1047;1168
34028;Báscones de Ojeda;bascones de ojeda;Palencia;palencia;Castilla y León;Báscones de Ojeda;42.67071108;-4.526921383;962;136
34029;Becerril de Campos;becerril de campos;Palencia;palencia;Castilla y León;Becerril de Campos;42.10809948;-4.640161112;770;738
34031;Belmonte de Campos;belmonte de campos;Palencia;palencia;Castilla y León;Belmonte de Campos;41.94157994;-4.99016251;740;28
34032;Berzosilla;berzosilla;Palencia;palencia;Castilla y León;Berzosilla;42.78167055;-4.03684808;812;45
34033;Boada de Campos;boada de campos;Palencia;palencia;Castilla y León;Boada de Campos;41.98838343;-4.87698436;746;17
34034;Boadilla del Camino;boadilla del camino;Palencia;palencia;Castilla y León;Boadilla del Camino;42.25922833;-4.347407311;784;109
34035;Boadilla de Rioseco;boadilla de rioseco;Palencia;palencia;Castilla y León;Boadilla de Rioseco;42.17998101;-4.967908275;775;95
34036;Brañosera;branosera;Palencia;palencia;Castilla y León;Brañosera;42.93596726;-4.307936503;1215;253
34037;Buenavista de Valdavia;buenavista de valdavia;Palencia;palencia;Castilla y León;Buenavista de Valdavia;42.63680909;-4.614069108;925;291
34038;Bustillo de la Vega;bustillo de la vega;Palencia;palencia;Castilla y León;Bustillo de la Vega;42.4559157;-4.740589339;879;258
34039;Bustillo del Páramo de Carrión;bustillo del paramo de carrion;Palencia;palencia;Castilla y León;Bustillo del Páramo de Carrión;42.35516941;-4.73946256;852;58
34041;Calahorra de Boedo;calahorra de boedo;Palencia;palencia;Castilla y León;Calahorra de Boedo;42.57537065;-4.38604413;871;82
34042;Calzada de los Molinos;calzada de los molinos;Palencia;palencia;Castilla y León;Calzada de los Molinos;42.3280749;-4.650780658;824;307
34045;Capillas;capillas;Palencia;palencia;Castilla y León;Capillas;42.01268658;-4.889185467;754;68
34046;Cardeñosa de Volpejera;cardenosa de volpejera;Palencia;palencia;Castilla y León;Cardeñosa de Volpejera;42.23190418;-4.701570117;827;64
34047;Carrión de los Condes;carrion de los condes;Palencia;palencia;Castilla y León;Carrión de los Condes;42.33766973;-4.604350558;828;1993
34048;Castil de Vela;castil de vela;Palencia;palencia;Castilla y León;Castil de Vela;41.98427308;-4.959130195;758;54
34049;Castrejón de la Peña;castrejon de la pena;Palencia;palencia;Castilla y León;Castrejón de la Peña;42.80784601;-4.598854272;1120;322
34050;Castrillo de Don Juan;castrillo de don juan;Palencia;palencia;Castilla y León;Castrillo de Don Juan;41.79137188;-4.070551724;830;184
34051;Castrillo de Onielo;castrillo de onielo;Palencia;palencia;Castilla y León;Castrillo de Onielo;41.85798225;-4.301878779;821;91
34052;Castrillo de Villavega;castrillo de villavega;Palencia;palencia;Castilla y León;Castrillo de Villavega;42.45587518;-4.481411315;846;167
34053;Castromocho;castromocho;Palencia;palencia;Castilla y León;Castromocho;42.0315502;-4.824991312;751;193
34055;Cervatos de la Cueza;cervatos de la cueza;Palencia;palencia;Castilla y León;Cervatos de la Cueza;42.29140856;-4.768450799;842;242
34056;Cervera de Pisuerga;cervera de pisuerga;Palencia;palencia;Castilla y León;Cervera de Pisuerga;42.86234542;-4.498777893;997;2276
34057;Cevico de la Torre;cevico de la torre;Palencia;palencia;Castilla y León;Cevico de la Torre;41.85148187;-4.409391453;749;466
34058;Cevico Navero;cevico navero;Palencia;palencia;Castilla y León;Cevico Navero;41.86183213;-4.185162939;822;175
34059;Cisneros;cisneros;Palencia;palencia;Castilla y León;Cisneros;42.22157048;-4.858986416;793;426
34060;Cobos de Cerrato;cobos de cerrato;Palencia;palencia;Castilla y León;Cobos de Cerrato;42.02919234;-4.001854849;812;129
34061;Collazos de Boedo;collazos de boedo;Palencia;palencia;Castilla y León;Collazos de Boedo;42.61976374;-4.483577476;918;89
34062;Congosto de Valdavia;congosto de valdavia;Palencia;palencia;Castilla y León;Congosto de Valdavia;42.71565026;-4.632368335;975;132
34063;Cordovilla la Real;cordovilla la real;Palencia;palencia;Castilla y León;Cordovilla la Real;42.07997241;-4.259556112;744;134
34066;Cubillas de Cerrato;cubillas de cerrato;Palencia;palencia;Castilla y León;Cubillas de Cerrato;41.79903908;-4.46697204;743;59
34067;Dehesa de Montejo;dehesa de montejo;Palencia;palencia;Castilla y León;Dehesa de Montejo;42.81904208;-4.50934574;1090;130
34068;Dehesa de Romanos;dehesa de romanos;Palencia;palencia;Castilla y León;Dehesa de Romanos;42.63840666;-4.435960105;949;40
34069;Dueñas;duenas;Palencia;palencia;Castilla y León;Dueñas;41.87739834;-4.546948414;725;2604
34070;Espinosa de Cerrato;espinosa de cerrato;Palencia;palencia;Castilla y León;Espinosa de Cerrato;41.96802196;-3.951862639;871;119
34071;Espinosa de Villagonzalo;espinosa de villagonzalo;Palencia;palencia;Castilla y León;Espinosa de Villagonzalo;42.47879771;-4.372688319;829;164
34072;Frechilla;frechilla;Palencia;palencia;Castilla y León;Frechilla;42.1376893;-4.84109272;769;137
34073;Fresno del Río;fresno del rio;Palencia;palencia;Castilla y León;Fresno del Río;42.68140966;-4.817944263;1015;169
34074;Frómista;fromista;Palencia;palencia;Castilla y León;Frómista;42.26829943;-4.406174295;784;725
34076;Fuentes de Nava;fuentes de nava;Palencia;palencia;Castilla y León;Fuentes de Nava;42.0832163;-4.783100594;755;582
34077;Fuentes de Valdepero;fuentes de valdepero;Palencia;palencia;Castilla y León;Fuentes de Valdepero;42.07407111;-4.501359586;796;494
34079;Grijota;grijota;Palencia;palencia;Castilla y León;Grijota;42.05379527;-4.581782967;749;2838
34080;Guardo;guardo;Palencia;palencia;Castilla y León;Guardo;42.78947691;-4.845065882;1091;5500
34081;Guaza de Campos;guaza de campos;Palencia;palencia;Castilla y León;Guaza de Campos;42.13492742;-4.908207864;788;57
34082;Hérmedes de Cerrato;hermedes de cerrato;Palencia;palencia;Castilla y León;Hérmedes de Cerrato;41.81914676;-4.174309631;894;72
34083;Herrera de Pisuerga;herrera de pisuerga;Palencia;palencia;Castilla y León;Herrera de Pisuerga;42.59554903;-4.329186061;849;1873
34084;Herrera de Valdecañas;herrera de valdecanas;Palencia;palencia;Castilla y León;Herrera de Valdecañas;42.04835641;-4.200845602;770;150
34086;Hontoria de Cerrato;hontoria de cerrato;Palencia;palencia;Castilla y León;Hontoria de Cerrato;41.91058157;-4.442276537;740;107
34087;Hornillos de Cerrato;hornillos de cerrato;Palencia;palencia;Castilla y León;Hornillos de Cerrato;41.98855552;-4.273419124;784;172
34088;Husillos;husillos;Palencia;palencia;Castilla y León;Husillos;42.09036061;-4.527149505;745;413
34089;Itero de la Vega;itero de la vega;Palencia;palencia;Castilla y León;Itero de la Vega;42.28770338;-4.257880044;772;147
34091;Lagartos;lagartos;Palencia;palencia;Castilla y León;Lagartos;42.40610575;-4.90415932;914;117
34092;Lantadilla;lantadilla;Palencia;palencia;Castilla y León;Lantadilla;42.34067958;-4.276640174;790;278
34093;Vid de Ojeda, La;vid de ojeda, la;Palencia;palencia;Castilla y León;Vid de Ojeda, La;42.65977555;-4.384919438;877;85
34094;Ledigos;ledigos;Palencia;palencia;Castilla y León;Ledigos;42.35431331;-4.865039119;872;59
34096;Lomas;lomas;Palencia;palencia;Castilla y León;Lomas;42.27414463;-4.55143124;825;40
34098;Magaz de Pisuerga;magaz de pisuerga;Palencia;palencia;Castilla y León;Magaz de Pisuerga;41.98302267;-4.427108947;728;1065
34099;Manquillos;manquillos;Palencia;palencia;Castilla y León;Manquillos;42.20558104;-4.570318849;775;62
34100;Mantinos;mantinos;Palencia;palencia;Castilla y León;Mantinos;42.75273368;-4.840963671;1073;142
34101;Marcilla de Campos;marcilla de campos;Palencia;palencia;Castilla y León;Marcilla de Campos;42.31741559;-4.39602342;818;60
34102;Mazariegos;mazariegos;Palencia;palencia;Castilla y León;Mazariegos;42.02619318;-4.715656156;739;202
34103;Mazuecos de Valdeginate;mazuecos de valdeginate;Palencia;palencia;Castilla y León;Mazuecos de Valdeginate;42.16839307;-4.840338362;777;78
34104;Melgar de Yuso;melgar de yuso;Palencia;palencia;Castilla y León;Melgar de Yuso;42.25364384;-4.253816183;770;273
34106;Meneses de Campos;meneses de campos;Palencia;palencia;Castilla y León;Meneses de Campos;41.94177341;-4.920184631;748;109
34107;Micieces de Ojeda;micieces de ojeda;Palencia;palencia;Castilla y León;Micieces de Ojeda;42.69016896;-4.461386037;937;67
34108;Monzón de Campos;monzon de campos;Palencia;palencia;Castilla y León;Monzón de Campos;42.11676262;-4.494079759;752;609
34109;Moratinos;moratinos;Palencia;palencia;Castilla y León;Moratinos;42.36060851;-4.926433372;856;55
34110;Mudá;muda;Palencia;palencia;Castilla y León;Mudá;42.87680604;-4.395293629;993;81
34112;Nogal de las Huertas;nogal de las huertas;Palencia;palencia;Castilla y León;Nogal de las Huertas;42.39122388;-4.640413244;843;47
34113;Olea de Boedo;olea de boedo;Palencia;palencia;Castilla y León;Olea de Boedo;42.60897058;-4.449411633;933;39
34114;Olmos de Ojeda;olmos de ojeda;Palencia;palencia;Castilla y León;Olmos de Ojeda;42.72215483;-4.424453526;923;165
34116;Osornillo;osornillo;Palencia;palencia;Castilla y León;Osornillo;42.36962366;-4.291378343;816;57
34120;Palencia;palencia;Palencia;palencia;Castilla y León;Palencia;42.01111958;-4.532801015;737;77369
34121;Palenzuela;palenzuela;Palencia;palencia;Castilla y León;Palenzuela;42.09635406;-4.129532439;801;213
34122;Páramo de Boedo;paramo de boedo;Palencia;palencia;Castilla y León;Páramo de Boedo;42.57827818;-4.399396777;877;104
34123;Paredes de Nava;paredes de nava;Palencia;palencia;Castilla y León;Paredes de Nava;42.15384544;-4.692171214;786;1929
34124;Payo de Ojeda;payo de ojeda;Palencia;palencia;Castilla y León;Payo de Ojeda;42.71954575;-4.478594558;997;59
34125;Pedraza de Campos;pedraza de campos;Palencia;palencia;Castilla y León;Pedraza de Campos;41.98360536;-4.73440562;757;73
34126;Pedrosa de la Vega;pedrosa de la vega;Palencia;palencia;Castilla y León;Pedrosa de la Vega;42.48195385;-4.746383703;889;281
34127;Perales;perales;Palencia;palencia;Castilla y León;Perales;42.19415218;-4.580748262;777;112
34129;Pino del Río;pino del rio;Palencia;palencia;Castilla y León;Pino del Río;42.64412105;-4.808258252;993;162
34130;Piña de Campos;pina de campos;Palencia;palencia;Castilla y León;Piña de Campos;42.21464253;-4.437515123;765;186
34131;Población de Arroyo;poblacion de arroyo;Palencia;palencia;Castilla y León;Población de Arroyo;42.33645343;-4.874206407;851;44
34132;Población de Campos;poblacion de campos;Palencia;palencia;Castilla y León;Población de Campos;42.26894764;-4.445963856;777;119
34133;Población de Cerrato;poblacion de cerrato;Palencia;palencia;Castilla y León;Población de Cerrato;41.79298183;-4.427656369;755;104
34134;Polentinos;polentinos;Palencia;palencia;Castilla y León;Polentinos;42.9394639;-4.527954951;1278;41
34135;Pomar de Valdivia;pomar de valdivia;Palencia;palencia;Castilla y León;Pomar de Valdivia;42.77466678;-4.167808813;943;487
34136;Poza de la Vega;poza de la vega;Palencia;palencia;Castilla y León;Poza de la Vega;42.57804205;-4.798878386;948;161
34137;Pozo de Urama;pozo de urama;Palencia;palencia;Castilla y León;Pozo de Urama;42.25360955;-4.893932083;818;21
34139;Prádanos de Ojeda;pradanos de ojeda;Palencia;palencia;Castilla y León;Prádanos de Ojeda;42.6805599;-4.346958415;926;180
34140;Puebla de Valdavia, La;puebla de valdavia, la;Palencia;palencia;Castilla y León;Puebla de Valdavia, La;42.67559101;-4.609401714;945;79
34141;Quintana del Puente;quintana del puente;Palencia;palencia;Castilla y León;Quintana del Puente;42.08493937;-4.207955073;750;255
34143;Quintanilla de Onsoña;quintanilla de onsona;Palencia;palencia;Castilla y León;Quintanilla de Onsoña;42.46879834;-4.664751979;887;168
34146;Reinoso de Cerrato;reinoso de cerrato;Palencia;palencia;Castilla y León;Reinoso de Cerrato;41.97701574;-4.384214993;733;58
34147;Renedo de la Vega;renedo de la vega;Palencia;palencia;Castilla y León;Renedo de la Vega;42.45273104;-4.703369417;871;194
34149;Requena de Campos;requena de campos;Palencia;palencia;Castilla y León;Requena de Campos;42.30889693;-4.342274921;795;27
34151;Respenda de la Peña;respenda de la pena;Palencia;palencia;Castilla y León;Respenda de la Peña;42.76434394;-4.686477062;1013;140
34152;Revenga de Campos;revenga de campos;Palencia;palencia;Castilla y León;Revenga de Campos;42.28563872;-4.48131665;785;127
34154;Revilla de Collazos;revilla de collazos;Palencia;palencia;Castilla y León;Revilla de Collazos;42.62941624;-4.503745451;933;75
34155;Ribas de Campos;ribas de campos;Palencia;palencia;Castilla y León;Ribas de Campos;42.15326531;-4.516689678;777;149
34156;Riberos de la Cueza;riberos de la cueza;Palencia;palencia;Castilla y León;Riberos de la Cueza;42.27715358;-4.72738608;840;52
34157;Saldaña;saldana;Palencia;palencia;Castilla y León;Saldaña;42.52247133;-4.736074581;912;2848
34158;Salinas de Pisuerga;salinas de pisuerga;Palencia;palencia;Castilla y León;Salinas de Pisuerga;42.85045992;-4.377875485;945;346
34159;San Cebrián de Campos;san cebrian de campos;Palencia;palencia;Castilla y León;San Cebrián de Campos;42.20155561;-4.530487178;792;402
34160;San Cebrián de Mudá;san cebrian de muda;Palencia;palencia;Castilla y León;San Cebrián de Mudá;42.89233436;-4.3863237;1037;142
34161;San Cristóbal de Boedo;san cristobal de boedo;Palencia;palencia;Castilla y León;San Cristóbal de Boedo;42.54207548;-4.352423688;872;20
34163;San Mamés de Campos;san mames de campos;Palencia;palencia;Castilla y León;San Mamés de Campos;42.35591959;-4.565349704;817;44
34165;San Román de la Cuba;san roman de la cuba;Palencia;palencia;Castilla y León;San Román de la Cuba;42.26308752;-4.856700243;803;53
34167;Santa Cecilia del Alcor;santa cecilia del alcor;Palencia;palencia;Castilla y León;Santa Cecilia del Alcor;41.93346344;-4.659047624;838;91
34168;Santa Cruz de Boedo;santa cruz de boedo;Palencia;palencia;Castilla y León;Santa Cruz de Boedo;42.52446447;-4.373327198;851;51
34169;Santervás de la Vega;santervas de la vega;Palencia;palencia;Castilla y León;Santervás de la Vega;42.50678696;-4.798733375;920;391
34170;Santibáñez de Ecla;santibanez de ecla;Palencia;palencia;Castilla y León;Santibáñez de Ecla;42.70812922;-4.373217007;952;42
34171;Santibáñez de la Peña;santibanez de la pena;Palencia;palencia;Castilla y León;Santibáñez de la Peña;42.80919509;-4.729972855;1114;892
34174;Santoyo;santoyo;Palencia;palencia;Castilla y León;Santoyo;42.21457981;-4.34261364;794;186
34175;Serna, La;serna, la;Palencia;palencia;Castilla y León;Serna, La;42.41678273;-4.664124221;864;90
34176;Sotobañado y Priorato;sotobanado y priorato;Palencia;palencia;Castilla y León;Sotobañado y Priorato;42.59041128;-4.441663648;895;154
34177;Soto de Cerrato;soto de cerrato;Palencia;palencia;Castilla y León;Soto de Cerrato;41.9536252;-4.429272116;725;167
34178;Tabanera de Cerrato;tabanera de cerrato;Palencia;palencia;Castilla y León;Tabanera de Cerrato;42.0258883;-4.123491444;839;132
34179;Tabanera de Valdavia;tabanera de valdavia;Palencia;palencia;Castilla y León;Tabanera de Valdavia;42.64711574;-4.693055457;978;21
34180;Támara de Campos;tamara de campos;Palencia;palencia;Castilla y León;Támara de Campos;42.20263645;-4.393430777;807;71
34181;Tariego de Cerrato;tariego de cerrato;Palencia;palencia;Castilla y León;Tariego de Cerrato;41.90507546;-4.481762716;724;506
34182;Torquemada;torquemada;Palencia;palencia;Castilla y León;Torquemada;42.03461372;-4.318831495;745;967
34184;Torremormojón;torremormojon;Palencia;palencia;Castilla y León;Torremormojón;41.96009385;-4.777758389;774;41
34185;Triollo;triollo;Palencia;palencia;Castilla y León;Triollo;42.92443001;-4.68128221;1301;73
34186;Valbuena de Pisuerga;valbuena de pisuerga;Palencia;palencia;Castilla y León;Valbuena de Pisuerga;42.14608448;-4.238404479;772;49
34189;Valdeolmillos;valdeolmillos;Palencia;palencia;Castilla y León;Valdeolmillos;42.04125931;-4.399486979;781;57
34190;Valderrábano;valderrabano;Palencia;palencia;Castilla y León;Valderrábano;42.60591026;-4.654570572;955;47
34192;Valde-Ucieza;valde ucieza;Palencia;palencia;Castilla y León;Valde-Ucieza;42.39935065;-4.575368074;841;77
34196;Valle de Cerrato;valle de cerrato;Palencia;palencia;Castilla y León;Valle de Cerrato;41.87996139;-4.362249172;814;77
34199;Velilla del Río Carrión;velilla del rio carrion;Palencia;palencia;Castilla y León;Velilla del Río Carrión;42.82765796;-4.843841134;1121;1104
34201;Vertavillo;vertavillo;Palencia;palencia;Castilla y León;Vertavillo;41.83221985;-4.327058442;813;162
34202;Villabasta de Valdavia;villabasta de valdavia;Palencia;palencia;Castilla y León;Villabasta de Valdavia;42.56072836;-4.603228064;925;32
34204;Villacidaler;villacidaler;Palencia;palencia;Castilla y León;Villacidaler;42.2214001;-4.977131403;795;44
34205;Villaconancio;villaconancio;Palencia;palencia;Castilla y León;Villaconancio;41.87219127;-4.222881967;814;48
34206;Villada;villada;Palencia;palencia;Castilla y León;Villada;42.25098393;-4.967721397;795;862
34208;Villaeles de Valdavia;villaeles de valdavia;Palencia;palencia;Castilla y León;Villaeles de Valdavia;42.56560143;-4.584046373;886;47
34210;Villahán;villahan;Palencia;palencia;Castilla y León;Villahán;42.05065174;-4.132757446;806;96
34211;Villaherreros;villaherreros;Palencia;palencia;Castilla y León;Villaherreros;42.38939085;-4.46242059;825;214
34213;Villalaco;villalaco;Palencia;palencia;Castilla y León;Villalaco;42.15472912;-4.258753401;759;67
34214;Villalba de Guardo;villalba de guardo;Palencia;palencia;Castilla y León;Villalba de Guardo;42.72321991;-4.824347277;1044;194
34215;Villalcázar de Sirga;villalcazar de sirga;Palencia;palencia;Castilla y León;Villalcázar de Sirga;42.31627111;-4.542681067;805;160
34216;Villalcón;villalcon;Palencia;palencia;Castilla y León;Villalcón;42.29298924;-4.855778211;823;45
34217;Villalobón;villalobon;Palencia;palencia;Castilla y León;Villalobón;42.03036961;-4.503217383;754;1956
34218;Villaluenga de la Vega;villaluenga de la vega;Palencia;palencia;Castilla y León;Villaluenga de la Vega;42.52383205;-4.765371341;913;519
34220;Villamartín de Campos;villamartin de campos;Palencia;palencia;Castilla y León;Villamartín de Campos;42.01582282;-4.663221958;748;168
34221;Villamediana;villamediana;Palencia;palencia;Castilla y León;Villamediana;42.05066284;-4.36178466;783;177
34222;Villameriel;villameriel;Palencia;palencia;Castilla y León;Villameriel;42.52788789;-4.475047163;903;109
34223;Villamoronta;villamoronta;Palencia;palencia;Castilla y León;Villamoronta;42.4032926;-4.700162105;853;241
34224;Villamuera de la Cueza;villamuera de la cueza;Palencia;palencia;Castilla y León;Villamuera de la Cueza;42.25971923;-4.688105881;832;36
34225;Villamuriel de Cerrato;villamuriel de cerrato;Palencia;palencia;Castilla y León;Villamuriel de Cerrato;41.94961123;-4.514337669;720;6496
34227;Villanueva del Rebollar;villanueva del rebollar;Palencia;palencia;Castilla y León;Villanueva del Rebollar;42.2407622;-4.742982241;835;67
34228;Villanuño de Valdavia;villanuno de valdavia;Palencia;palencia;Castilla y León;Villanuño de Valdavia;42.50830289;-4.518353099;865;92
34229;Villaprovedo;villaprovedo;Palencia;palencia;Castilla y León;Villaprovedo;42.51676198;-4.397307596;876;46
34230;Villarmentero de Campos;villarmentero de campos;Palencia;palencia;Castilla y León;Villarmentero de Campos;42.29750069;-4.499255805;790;26
34231;Villarrabé;villarrabe;Palencia;palencia;Castilla y León;Villarrabé;42.42146368;-4.783736669;898;171
34232;Villarramiel;villarramiel;Palencia;palencia;Castilla y León;Villarramiel;42.04261385;-4.911434519;765;781
34233;Villasarracino;villasarracino;Palencia;palencia;Castilla y León;Villasarracino;42.41210137;-4.496964788;843;127
34234;Villasila de Valdavia;villasila de valdavia;Palencia;palencia;Castilla y León;Villasila de Valdavia;42.53205726;-4.559612409;870;64
34236;Villaturde;villaturde;Palencia;palencia;Castilla y León;Villaturde;42.37927319;-4.672297791;841;148
34237;Villaumbrales;villaumbrales;Palencia;palencia;Castilla y León;Villaumbrales;42.08891035;-4.614456857;761;629
34238;Villaviudas;villaviudas;Palencia;palencia;Castilla y León;Villaviudas;41.962167;-4.34170258;760;358
34240;Villerías de Campos;villerias de campos;Palencia;palencia;Castilla y León;Villerías de Campos;41.94476824;-4.855720597;755;74
34241;Villodre;villodre;Palencia;palencia;Castilla y León;Villodre;42.21176066;-4.24728154;772;22
34242;Villodrigo;villodrigo;Palencia;palencia;Castilla y León;Villodrigo;42.14421271;-4.095272966;764;100
34243;Villoldo;villoldo;Palencia;palencia;Castilla y León;Villoldo;42.24384795;-4.597620791;791;334
34245;Villota del Páramo;villota del paramo;Palencia;palencia;Castilla y León;Villota del Páramo;42.55275767;-4.848178886;999;295
34246;Villovieco;villovieco;Palencia;palencia;Castilla y León;Villovieco;42.29573982;-4.482226795;788;62
34901;Osorno la Mayor;osorno la mayor;Palencia;palencia;Castilla y León;Osorno la Mayor;42.41170796;-4.362096324;815;1178
34902;Valle del Retortillo;valle del retortillo;Palencia;palencia;Castilla y León;Valle del Retortillo;42.19007877;-4.771952573;774;155
34903;Loma de Ucieza;loma de ucieza;Palencia;palencia;Castilla y León;Loma de Ucieza;42.44202298;-4.577588623;845;196
34904;Pernía, La;pernia, la;Palencia;palencia;Castilla y León;Pernía, La;42.9648317;-4.49795142;1108;296
35001;Agaete;agaete;Las Palmas;las palmas;Canarias;Agaete;28.09908023;-15.69847239;51;5711
35002;Agüimes;aguimes;Las Palmas;las palmas;Canarias;Agüimes;27.90383204;-15.44577191;270;33875
35003;Antigua;antigua;Las Palmas;las palmas;Canarias;Antigua;28.42344159;-14.01394909;258;14027
35004;Arrecife;arrecife;Las Palmas;las palmas;Canarias;Arrecife;28.95942694;-13.54666111;2;70265
35005;Artenara;artenara;Las Palmas;las palmas;Canarias;Artenara;28.02026475;-15.64629559;1230;1027
35006;Arucas;arucas;Las Palmas;las palmas;Canarias;Arucas;28.11861034;-15.52538007;249;39193
35007;Betancuria;betancuria;Las Palmas;las palmas;Canarias;Betancuria;28.42471951;-14.05777779;405;805
35008;Firgas;firgas;Las Palmas;las palmas;Canarias;Firgas;28.10776202;-15.56336515;499;7757
35009;Gáldar;galdar;Las Palmas;las palmas;Canarias;Gáldar;28.14562435;-15.65320522;112;25167
35010;Haría;haria;Las Palmas;las palmas;Canarias;Haría;29.1458666;-13.50010278;281;5650
35011;Ingenio;ingenio;Las Palmas;las palmas;Canarias;Ingenio;27.91960019;-15.44358565;333;32846
35012;Mogán;mogan;Las Palmas;las palmas;Canarias;Mogán;27.88393804;-15.72383785;256;21403
35013;Moya;moya;Las Palmas;las palmas;Canarias;Moya;28.1108983;-15.58331954;480;8002
35014;Oliva, La;oliva, la;Las Palmas;las palmas;Canarias;Oliva, La;28.61023622;-13.92772895;220;29864
35015;Pájara;pajara;Las Palmas;las palmas;Canarias;Pájara;28.35098162;-14.10786639;198;21254
35016;Palmas de Gran Canaria, Las;palmas de gran canaria, las;Las Palmas;las palmas;Canarias;Palmas de Gran Canaria, Las;28.12492399;-15.42846997;4;384023
35017;Puerto del Rosario;puerto del rosario;Las Palmas;las palmas;Canarias;Puerto del Rosario;28.4987677;-13.85971312;15;46182
35018;San Bartolomé;san bartolome;Las Palmas;las palmas;Canarias;San Bartolomé;29.00144356;-13.61406607;276;19744
35019;San Bartolomé de Tirajana;san bartolome de tirajana;Las Palmas;las palmas;Canarias;San Bartolomé de Tirajana;27.92498769;-15.57288107;887;54925
35020;Aldea de San Nicolás, La;aldea de san nicolas, la;Las Palmas;las palmas;Canarias;Aldea de San Nicolás, La;27.98474712;-15.78029606;64;7425
35021;Santa Brígida;santa brigida;Las Palmas;las palmas;Canarias;Santa Brígida;28.03384141;-15.49917756;505;18790
35022;Santa Lucía de Tirajana;santa lucia de tirajana;Las Palmas;las palmas;Canarias;Santa Lucía de Tirajana;27.91206145;-15.54064054;690;79506
35023;Santa María de Guía de Gran Canaria;santa maria de guia de gran canaria;Las Palmas;las palmas;Canarias;Santa María de Guía de Gran Canaria;28.13894232;-15.63290384;182;14334
35024;Teguise;teguise;Las Palmas;las palmas;Canarias;Teguise;29.05722629;-13.56132916;297;23946
35025;Tejeda;tejeda;Las Palmas;las palmas;Canarias;Tejeda;27.99506576;-15.61570612;1041;1816
35026;Telde;telde;Las Palmas;las palmas;Canarias;Telde;28.00321531;-15.41469543;115;104933
35027;Teror;teror;Las Palmas;las palmas;Canarias;Teror;28.05955073;-15.54841984;590;13244
35028;Tías;tias;Las Palmas;las palmas;Canarias;Tías;28.95221093;-13.65435451;202;21671
35029;Tinajo;tinajo;Las Palmas;las palmas;Canarias;Tinajo;29.06655786;-13.67645608;200;6904
35030;Tuineje;tuineje;Las Palmas;las palmas;Canarias;Tuineje;28.32474398;-14.04948381;188;16948
35031;Valsequillo de Gran Canaria;valsequillo de gran canaria;Las Palmas;las palmas;Canarias;Valsequillo de Gran Canaria;27.99099368;-15.49929592;567;9919
35032;Valleseco;valleseco;Las Palmas;las palmas;Canarias;Valleseco;28.05057192;-15.57419782;970;3789
35033;Vega de San Mateo;vega de san mateo;Las Palmas;las palmas;Canarias;Vega de San Mateo;28.01115412;-15.53276605;834;7904
35034;Yaiza;yaiza;Las Palmas;las palmas;Canarias;Yaiza;28.95247817;-13.7644852;179;18698
36001;Arbo;arbo;Pontevedra;pontevedra;Galicia;Arbo;42.11072066;-8.312807786;109;2630
36002;Barro;barro;Pontevedra;pontevedra;Galicia;Barro;42.52418433;-8.637160914;94;3686
36003;Baiona;baiona;Pontevedra;pontevedra;Galicia;Baiona;42.11920952;-8.849618106;7;12366
36004;Bueu;bueu;Pontevedra;pontevedra;Galicia;Bueu;42.32662932;-8.784617008;7;11829
36005;Caldas de Reis;caldas de reis;Pontevedra;pontevedra;Galicia;Caldas de Reis;42.60258458;-8.642382294;23;9631
36006;Cambados;cambados;Pontevedra;pontevedra;Galicia;Cambados;42.51547459;-8.814658997;6;13863
36007;Campo Lameiro;campo lameiro;Pontevedra;pontevedra;Galicia;Campo Lameiro;42.54042883;-8.544039361;248;1659
36008;Cangas;cangas;Pontevedra;pontevedra;Galicia;Cangas;42.26367867;-8.780430858;6;26698
36009;Cañiza, A;caniza, a;Pontevedra;pontevedra;Galicia;Cañiza, A;42.21275362;-8.273358578;568;5007
36010;Catoira;catoira;Pontevedra;pontevedra;Galicia;Catoira;42.66627913;-8.722751367;21;3275
36013;Covelo;covelo;Pontevedra;pontevedra;Galicia;Covelo;42.23211121;-8.363300306;384;2466
36014;Crecente;crecente;Pontevedra;pontevedra;Galicia;Crecente;42.15200916;-8.222977175;222;1924
36015;Cuntis;cuntis;Pontevedra;pontevedra;Galicia;Cuntis;42.63288354;-8.562993922;166;4450
36016;Dozón;dozon;Pontevedra;pontevedra;Galicia;Dozón;42.56679894;-8.046405883;745;949
36017;Estrada, A;estrada, a;Pontevedra;pontevedra;Galicia;Estrada, A;42.68852024;-8.489019317;297;20101
36018;Forcarei;forcarei;Pontevedra;pontevedra;Galicia;Forcarei;42.59199219;-8.350910786;592;3065
36019;Fornelos de Montes;fornelos de montes;Pontevedra;pontevedra;Galicia;Fornelos de Montes;42.34058507;-8.452987056;336;1606
36020;Agolada;agolada;Pontevedra;pontevedra;Galicia;Agolada;42.76267156;-8.019000742;581;2225
36021;Gondomar;gondomar;Pontevedra;pontevedra;Galicia;Gondomar;42.11063919;-8.761521242;17;15109
36022;Grove, O;grove, o;Pontevedra;pontevedra;Galicia;Grove, O;42.4965068;-8.865219619;5;10877
36023;Guarda, A;guarda, a;Pontevedra;pontevedra;Galicia;Guarda, A;41.90117013;-8.874218844;35;9994
36024;Lalín;lalin;Pontevedra;pontevedra;Galicia;Lalín;42.66061168;-8.11660872;536;20255
36025;Lama, A;lama, a;Pontevedra;pontevedra;Galicia;Lama, A;42.3975886;-8.442650242;431;2451
36026;Marín;marin;Pontevedra;pontevedra;Galicia;Marín;42.39282938;-8.698978231;6;23976
36027;Meaño;meano;Pontevedra;pontevedra;Galicia;Meaño;42.44427005;-8.781782572;91;5235
36028;Meis;meis;Pontevedra;pontevedra;Galicia;Meis;42.51841126;-8.703611017;54;4682
36029;Moaña;moana;Pontevedra;pontevedra;Galicia;Moaña;42.28717347;-8.733298533;8;19316
36030;Mondariz;mondariz;Pontevedra;pontevedra;Galicia;Mondariz;42.23441333;-8.455310697;122;4452
36031;Mondariz-Balneario;mondariz balneario;Pontevedra;pontevedra;Galicia;Mondariz-Balneario;42.22514445;-8.470391822;73;740
36032;Moraña;morana;Pontevedra;pontevedra;Galicia;Moraña;42.5892188;-8.590855639;161;4139
36033;Mos;mos;Pontevedra;pontevedra;Galicia;Mos;42.19133538;-8.640131789;131;15221
36034;Neves, As;neves, as;Pontevedra;pontevedra;Galicia;Neves, As;42.08834982;-8.415414983;161;3655
36035;Nigrán;nigran;Pontevedra;pontevedra;Galicia;Nigrán;42.14158005;-8.806531958;39;18156
36036;Oia;oia;Pontevedra;pontevedra;Galicia;Oia;42.00200903;-8.873694414;49;3062
36037;Pazos de Borbén;pazos de borben;Pontevedra;pontevedra;Galicia;Pazos de Borbén;42.29355226;-8.531697219;242;3048
36038;Pontevedra;pontevedra;Pontevedra;pontevedra;Galicia;Pontevedra;42.43199391;-8.646859346;17;83339
36039;Porriño, O;porrino, o;Pontevedra;pontevedra;Galicia;Porriño, O;42.16178441;-8.620777937;31;20935
36040;Portas;portas;Pontevedra;pontevedra;Galicia;Portas;42.58056561;-8.657119289;53;2753
36041;Poio;poio;Pontevedra;pontevedra;Galicia;Poio;42.44613645;-8.685772728;47;17426
36042;Ponteareas;ponteareas;Pontevedra;pontevedra;Galicia;Ponteareas;42.17363999;-8.503197592;45;23206
36043;Ponte Caldelas;ponte caldelas;Pontevedra;pontevedra;Galicia;Ponte Caldelas;42.39070726;-8.503214544;304;5589
36044;Pontecesures;pontecesures;Pontevedra;pontevedra;Galicia;Pontecesures;42.72177778;-8.651138889;19;3073
36045;Redondela;redondela;Pontevedra;pontevedra;Galicia;Redondela;42.28378165;-8.608908311;5;28928
36046;Ribadumia;ribadumia;Pontevedra;pontevedra;Galicia;Ribadumia;42.50315888;-8.767605508;25;5171
36047;Rodeiro;rodeiro;Pontevedra;pontevedra;Galicia;Rodeiro;42.64950968;-7.949987914;632;2251
36048;Rosal, O;rosal, o;Pontevedra;pontevedra;Galicia;Rosal, O;41.93706086;-8.837308428;43;6573
36049;Salceda de Caselas;salceda de caselas;Pontevedra;pontevedra;Galicia;Salceda de Caselas;42.1023707;-8.557863294;73;9399
36050;Salvaterra de Miño;salvaterra de mino;Pontevedra;pontevedra;Galicia;Salvaterra de Miño;42.08320267;-8.498197058;41;10632
36051;Sanxenxo;sanxenxo;Pontevedra;pontevedra;Galicia;Sanxenxo;42.40028441;-8.806674828;9;17990
36052;Silleda;silleda;Pontevedra;pontevedra;Galicia;Silleda;42.69761087;-8.24800175;487;8908
36053;Soutomaior;soutomaior;Pontevedra;pontevedra;Galicia;Soutomaior;42.33680364;-8.571859714;57;7568
36054;Tomiño;tomino;Pontevedra;pontevedra;Galicia;Tomiño;41.99132471;-8.742831303;51;13814
36055;Tui;tui;Pontevedra;pontevedra;Galicia;Tui;42.04649983;-8.644314493;50;17499
36056;Valga;valga;Pontevedra;pontevedra;Galicia;Valga;42.69955826;-8.648553658;33;5780
36057;Vigo;vigo;Pontevedra;pontevedra;Galicia;Vigo;42.23588559;-8.726788225;62;295735
36058;Vilaboa;vilaboa;Pontevedra;pontevedra;Galicia;Vilaboa;42.35967312;-8.638079883;34;5860
36059;Vila de Cruces;vila de cruces;Pontevedra;pontevedra;Galicia;Vila de Cruces;42.79403339;-8.169983456;478;4965
36060;Vilagarcía de Arousa;vilagarcia de arousa;Pontevedra;pontevedra;Galicia;Vilagarcía de Arousa;42.59725804;-8.763574104;6;37975
36061;Vilanova de Arousa;vilanova de arousa;Pontevedra;pontevedra;Galicia;Vilanova de Arousa;42.56208043;-8.826642719;6;10182
36901;Illa de Arousa, A;illa de arousa, a;Pontevedra;pontevedra;Galicia;Illa de Arousa, A;42.56382969;-8.873912677;6;4813
36902;Cerdedo-Cotobade;cerdedo cotobade;Pontevedra;pontevedra;Galicia;Cerdedo-Cotobade;42.47192825;-8.482026058;374;5656
37001;Abusejo;abusejo;Salamanca;salamanca;Castilla y León;Abusejo;40.70814886;-6.140171706;844;148
37002;Agallas;agallas;Salamanca;salamanca;Castilla y León;Agallas;40.44953121;-6.441955198;805;123
37003;Ahigal de los Aceiteros;ahigal de los aceiteros;Salamanca;salamanca;Castilla y León;Ahigal de los Aceiteros;40.87206509;-6.747208418;630;93
37004;Ahigal de Villarino;ahigal de villarino;Salamanca;salamanca;Castilla y León;Ahigal de Villarino;41.15805483;-6.379050318;767;30
37005;Alameda de Gardón, La;alameda de gardon, la;Salamanca;salamanca;Castilla y León;Alameda de Gardón, La;40.65104642;-6.75859345;716;67
37006;Alamedilla, La;alamedilla, la;Salamanca;salamanca;Castilla y León;Alamedilla, La;40.47222655;-6.82925062;762;94
37007;Alaraz;alaraz;Salamanca;salamanca;Castilla y León;Alaraz;40.74787751;-5.28742958;884;444
37008;Alba de Tormes;alba de tormes;Salamanca;salamanca;Castilla y León;Alba de Tormes;40.82742249;-5.514766661;828;5100
37009;Alba de Yeltes;alba de yeltes;Salamanca;salamanca;Castilla y León;Alba de Yeltes;40.67209216;-6.317408656;785;204
37010;Alberca, La;alberca, la;Salamanca;salamanca;Castilla y León;Alberca, La;40.4890649;-6.110675584;1044;1035
37011;Alberguería de Argañán, La;albergueria de arganan, la;Salamanca;salamanca;Castilla y León;Alberguería de Argañán, La;40.41182092;-6.814259543;740;94
37012;Alconada;alconada;Salamanca;salamanca;Castilla y León;Alconada;40.9097475;-5.363090827;830;130
37013;Aldeacipreste;aldeacipreste;Salamanca;salamanca;Castilla y León;Aldeacipreste;40.38053893;-5.897521061;869;89
37014;Aldeadávila de la Ribera;aldeadavila de la ribera;Salamanca;salamanca;Castilla y León;Aldeadávila de la Ribera;41.21845892;-6.620070698;681;1096
37015;Aldea del Obispo;aldea del obispo;Salamanca;salamanca;Castilla y León;Aldea del Obispo;40.70723084;-6.792353553;689;247
37016;Aldealengua;aldealengua;Salamanca;salamanca;Castilla y León;Aldealengua;40.98110772;-5.549072471;784;730
37017;Aldeanueva de Figueroa;aldeanueva de figueroa;Salamanca;salamanca;Castilla y León;Aldeanueva de Figueroa;41.14806274;-5.524834607;870;237
37018;Aldeanueva de la Sierra;aldeanueva de la sierra;Salamanca;salamanca;Castilla y León;Aldeanueva de la Sierra;40.61525978;-6.100346695;979;88
37019;Aldearrodrigo;aldearrodrigo;Salamanca;salamanca;Castilla y León;Aldearrodrigo;41.10980665;-5.805870717;781;143
37020;Aldearrubia;aldearrubia;Salamanca;salamanca;Castilla y León;Aldearrubia;41.0077213;-5.498367639;810;519
37021;Aldeaseca de Alba;aldeaseca de alba;Salamanca;salamanca;Castilla y León;Aldeaseca de Alba;40.81892144;-5.447165305;863;65
37022;Aldeaseca de la Frontera;aldeaseca de la frontera;Salamanca;salamanca;Castilla y León;Aldeaseca de la Frontera;40.94205402;-5.207087683;869;243
37023;Aldeatejada;aldeatejada;Salamanca;salamanca;Castilla y León;Aldeatejada;40.921197;-5.692548;794.45;2666
37024;Aldeavieja de Tormes;aldeavieja de tormes;Salamanca;salamanca;Castilla y León;Aldeavieja de Tormes;40.58432474;-5.61736138;910;100
37025;Aldehuela de la Bóveda;aldehuela de la boveda;Salamanca;salamanca;Castilla y León;Aldehuela de la Bóveda;40.84230766;-6.048743253;794;259
37026;Aldehuela de Yeltes;aldehuela de yeltes;Salamanca;salamanca;Castilla y León;Aldehuela de Yeltes;40.66257154;-6.244354969;836;175
37027;Almenara de Tormes;almenara de tormes;Salamanca;salamanca;Castilla y León;Almenara de Tormes;41.06414124;-5.82335903;782;300
37028;Almendra;almendra;Salamanca;salamanca;Castilla y León;Almendra;41.22972676;-6.34107378;764;129
37029;Anaya de Alba;anaya de alba;Salamanca;salamanca;Castilla y León;Anaya de Alba;40.72853165;-5.492464909;880;191
37030;Añover de Tormes;anover de tormes;Salamanca;salamanca;Castilla y León;Añover de Tormes;41.13627726;-5.914887608;804;84
37031;Arabayona de Mógica;arabayona de mogica;Salamanca;salamanca;Castilla y León;Arabayona de Mógica;41.04690175;-5.383458988;854;318
37032;Arapiles;arapiles;Salamanca;salamanca;Castilla y León;Arapiles;40.89366615;-5.645952273;841;748
37033;Arcediano;arcediano;Salamanca;salamanca;Castilla y León;Arcediano;41.09335058;-5.560698188;823;89
37034;Arco, El;arco, el;Salamanca;salamanca;Castilla y León;Arco, El;41.10970379;-5.824116705;777;85
37035;Armenteros;armenteros;Salamanca;salamanca;Castilla y León;Armenteros;40.59340289;-5.44867754;1052;159
37036;San Miguel del Robledo;san miguel del robledo;Salamanca;salamanca;Castilla y León;San Miguel del Robledo;40.53759833;-6.045741418;1023;52
37037;Atalaya, La;atalaya, la;Salamanca;salamanca;Castilla y León;Atalaya, La;40.50264557;-6.413933436;797;102
37038;Babilafuente;babilafuente;Salamanca;salamanca;Castilla y León;Babilafuente;40.97740919;-5.425495284;798;933
37039;Bañobárez;banobarez;Salamanca;salamanca;Castilla y León;Bañobárez;40.85086506;-6.613059552;744;277
37040;Barbadillo;barbadillo;Salamanca;salamanca;Castilla y León;Barbadillo;40.93192298;-5.881002555;802;395
37041;Barbalos;barbalos;Salamanca;salamanca;Castilla y León;Barbalos;40.67636767;-5.942721631;905;70
37042;Barceo;barceo;Salamanca;salamanca;Castilla y León;Barceo;41.06118358;-6.453210982;721;45
37044;Barruecopardo;barruecopardo;Salamanca;salamanca;Castilla y León;Barruecopardo;41.07262576;-6.665811895;703;410
37045;Bastida, La;bastida, la;Salamanca;salamanca;Castilla y León;Bastida, La;40.58464906;-6.058044601;1117;23
37046;Béjar;bejar;Salamanca;salamanca;Castilla y León;Béjar;40.38779726;-5.772811371;930;11990
37047;Beleña;belena;Salamanca;salamanca;Castilla y León;Beleña;40.74981564;-5.628155985;884;262
37049;Bermellar;bermellar;Salamanca;salamanca;Castilla y León;Bermellar;40.99937967;-6.670707154;639;131
37050;Berrocal de Huebra;berrocal de huebra;Salamanca;salamanca;Castilla y León;Berrocal de Huebra;40.71797563;-5.999866579;902;75
37051;Berrocal de Salvatierra;berrocal de salvatierra;Salamanca;salamanca;Castilla y León;Berrocal de Salvatierra;40.63306642;-5.689128451;901;74
37052;Boada;boada;Salamanca;salamanca;Castilla y León;Boada;40.81533778;-6.308296236;786;259
37054;Bodón, El;bodon, el;Salamanca;salamanca;Castilla y León;Bodón, El;40.48842793;-6.575948379;791;247
37055;Bogajo;bogajo;Salamanca;salamanca;Castilla y León;Bogajo;40.9069047;-6.529874781;709;122
37056;Bouza, La;bouza, la;Salamanca;salamanca;Castilla y León;Bouza, La;40.83555838;-6.795199396;606;49
37057;Bóveda del Río Almar;boveda del rio almar;Salamanca;salamanca;Castilla y León;Bóveda del Río Almar;40.8571178;-5.210606311;879;187
37058;Brincones;brincones;Salamanca;salamanca;Castilla y León;Brincones;41.11214861;-6.348680168;764;56
37059;Buenamadre;buenamadre;Salamanca;salamanca;Castilla y León;Buenamadre;40.85671282;-6.250962142;758;109
37060;Buenavista;buenavista;Salamanca;salamanca;Castilla y León;Buenavista;40.768567;-5.611338804;940;369
37061;Cabaco, El;cabaco, el;Salamanca;salamanca;Castilla y León;Cabaco, El;40.56511879;-6.126767735;954;230
37062;Cabezabellosa de la Calzada;cabezabellosa de la calzada;Salamanca;salamanca;Castilla y León;Cabezabellosa de la Calzada;41.04452156;-5.489152959;854;74
37063;Cabeza de Béjar, La;cabeza de bejar, la;Salamanca;salamanca;Castilla y León;Cabeza de Béjar, La;40.49512496;-5.663536085;1025;55
37065;Cabeza del Caballo;cabeza del caballo;Salamanca;salamanca;Castilla y León;Cabeza del Caballo;41.12998176;-6.559185456;731;222
37067;Cabrerizos;cabrerizos;Salamanca;salamanca;Castilla y León;Cabrerizos;40.97698008;-5.609902314;803;4220
37068;Cabrillas;cabrillas;Salamanca;salamanca;Castilla y León;Cabrillas;40.74152274;-6.180626853;797;316
37069;Calvarrasa de Abajo;calvarrasa de abajo;Salamanca;salamanca;Castilla y León;Calvarrasa de Abajo;40.94578879;-5.551470086;798;1242
37070;Calvarrasa de Arriba;calvarrasa de arriba;Salamanca;salamanca;Castilla y León;Calvarrasa de Arriba;40.90589155;-5.593051336;850;603
37071;Calzada de Béjar, La;calzada de bejar, la;Salamanca;salamanca;Castilla y León;Calzada de Béjar, La;40.41059387;-5.816735128;794;80
37072;Calzada de Don Diego;calzada de don diego;Salamanca;salamanca;Castilla y León;Calzada de Don Diego;40.90621775;-5.901536327;813;129
37073;Calzada de Valdunciel;calzada de valdunciel;Salamanca;salamanca;Castilla y León;Calzada de Valdunciel;41.08687546;-5.703483222;798;723
37074;Campillo de Azaba;campillo de azaba;Salamanca;salamanca;Castilla y León;Campillo de Azaba;40.51087002;-6.689128554;654;145
37077;Campo de Peñaranda, El;campo de penaranda, el;Salamanca;salamanca;Castilla y León;Campo de Peñaranda, El;40.98612356;-5.257498404;839;241
37078;Candelario;candelario;Salamanca;salamanca;Castilla y León;Candelario;40.36571722;-5.7421005;1126;832
37079;Canillas de Abajo;canillas de abajo;Salamanca;salamanca;Castilla y León;Canillas de Abajo;40.9216334;-5.92972802;811;63
37080;Cantagallo;cantagallo;Salamanca;salamanca;Castilla y León;Cantagallo;40.3722127;-5.817751584;927;282
37081;Cantalapiedra;cantalapiedra;Salamanca;salamanca;Castilla y León;Cantalapiedra;41.12602315;-5.18347401;782;883
37082;Cantalpino;cantalpino;Salamanca;salamanca;Castilla y León;Cantalpino;41.05260512;-5.330225003;812;803
37083;Cantaracillo;cantaracillo;Salamanca;salamanca;Castilla y León;Cantaracillo;40.90374509;-5.163081305;910;188
37085;Carbajosa de la Sagrada;carbajosa de la sagrada;Salamanca;salamanca;Castilla y León;Carbajosa de la Sagrada;40.93260821;-5.650982134;790;7785
37086;Carpio de Azaba;carpio de azaba;Salamanca;salamanca;Castilla y León;Carpio de Azaba;40.59587961;-6.646579895;679;110
37087;Carrascal de Barregas;carrascal de barregas;Salamanca;salamanca;Castilla y León;Carrascal de Barregas;40.97869466;-5.76191292;791;1454
37088;Carrascal del Obispo;carrascal del obispo;Salamanca;salamanca;Castilla y León;Carrascal del Obispo;40.76387463;-5.999088045;898;188
37089;Casafranca;casafranca;Salamanca;salamanca;Castilla y León;Casafranca;40.59295061;-5.760763624;928;69
37090;Casas del Conde, Las;casas del conde, las;Salamanca;salamanca;Castilla y León;Casas del Conde, Las;40.50758505;-6.041466358;678;63
37091;Casillas de Flores;casillas de flores;Salamanca;salamanca;Castilla y León;Casillas de Flores;40.38277227;-6.753775854;853;169
37092;Castellanos de Moriscos;castellanos de moriscos;Salamanca;salamanca;Castilla y León;Castellanos de Moriscos;41.01876351;-5.590557902;833;3148
37096;Castillejo de Martín Viejo;castillejo de martin viejo;Salamanca;salamanca;Castilla y León;Castillejo de Martín Viejo;40.70049423;-6.644315699;670;197
37097;Castraz;castraz;Salamanca;salamanca;Castilla y León;Castraz;40.70510829;-6.334568747;761;33
37098;Cepeda;cepeda;Salamanca;salamanca;Castilla y León;Cepeda;40.46562009;-6.04030812;628;286
37099;Cereceda de la Sierra;cereceda de la sierra;Salamanca;salamanca;Castilla y León;Cereceda de la Sierra;40.56616657;-6.091218142;982;55
37100;Cerezal de Peñahorcada;cerezal de penahorcada;Salamanca;salamanca;Castilla y León;Cerezal de Peñahorcada;41.13033519;-6.653685953;700;64
37101;Cerralbo;cerralbo;Salamanca;salamanca;Castilla y León;Cerralbo;40.97462792;-6.585218341;684;108
37102;Cerro, El;cerro, el;Salamanca;salamanca;Castilla y León;Cerro, El;40.3274376;-5.916145309;986;364
37103;Cespedosa de Tormes;cespedosa de tormes;Salamanca;salamanca;Castilla y León;Cespedosa de Tormes;40.54367412;-5.580216305;1027;476
37104;Cilleros de la Bastida;cilleros de la bastida;Salamanca;salamanca;Castilla y León;Cilleros de la Bastida;40.57696588;-6.061057109;1067;22
37106;Cipérez;ciperez;Salamanca;salamanca;Castilla y León;Cipérez;40.96205274;-6.265412078;768;233
37107;Ciudad Rodrigo;ciudad rodrigo;Salamanca;salamanca;Castilla y León;Ciudad Rodrigo;40.59724038;-6.533182942;657;11733
37108;Coca de Alba;coca de alba;Salamanca;salamanca;Castilla y León;Coca de Alba;40.87655003;-5.367250243;830;96
37109;Colmenar de Montemayor;colmenar de montemayor;Salamanca;salamanca;Castilla y León;Colmenar de Montemayor;40.39992211;-5.956603595;827;178
37110;Cordovilla;cordovilla;Salamanca;salamanca;Castilla y León;Cordovilla;40.95061;-5.406542566;826;105
37112;Cristóbal;cristobal;Salamanca;salamanca;Castilla y León;Cristóbal;40.46942552;-5.889571306;871;158
37113;Cubo de Don Sancho, El;cubo de don sancho, el;Salamanca;salamanca;Castilla y León;Cubo de Don Sancho, El;40.89210503;-6.30525455;739;373
37114;Chagarcía Medianero;chagarcia medianero;Salamanca;salamanca;Castilla y León;Chagarcía Medianero;40.65007477;-5.383160473;1030;68
37115;Dios le Guarde;dios le guarde;Salamanca;salamanca;Castilla y León;Dios le Guarde;40.64208039;-6.31450778;828;116
37116;Doñinos de Ledesma;doninos de ledesma;Salamanca;salamanca;Castilla y León;Doñinos de Ledesma;41.01173177;-6.035680546;845;63
37117;Doñinos de Salamanca;doninos de salamanca;Salamanca;salamanca;Castilla y León;Doñinos de Salamanca;40.95919874;-5.74602504;824;2280
37118;Éjeme;ejeme;Salamanca;salamanca;Castilla y León;Éjeme;40.76678815;-5.538591436;815;139
37119;Encina, La;encina, la;Salamanca;salamanca;Castilla y León;Encina, La;40.49881152;-6.530531869;796;94
37120;Encina de San Silvestre;encina de san silvestre;Salamanca;salamanca;Castilla y León;Encina de San Silvestre;41.01448286;-6.092982497;805;110
37121;Encinas de Abajo;encinas de abajo;Salamanca;salamanca;Castilla y León;Encinas de Abajo;40.93356834;-5.470118809;791;615
37122;Encinas de Arriba;encinas de arriba;Salamanca;salamanca;Castilla y León;Encinas de Arriba;40.77067854;-5.556632538;816;223
37123;Encinasola de los Comendadores;encinasola de los comendadores;Salamanca;salamanca;Castilla y León;Encinasola de los Comendadores;41.03062181;-6.531515533;706;146
37124;Endrinal;endrinal;Salamanca;salamanca;Castilla y León;Endrinal;40.59061612;-5.804677602;928;201
37125;Escurial de la Sierra;escurial de la sierra;Salamanca;salamanca;Castilla y León;Escurial de la Sierra;40.61678954;-5.956772336;948;234
37126;Espadaña;espadana;Salamanca;salamanca;Castilla y León;Espadaña;41.05936301;-6.286774676;783;32
37127;Espeja;espeja;Salamanca;salamanca;Castilla y León;Espeja;40.56568466;-6.715487579;696;212
37128;Espino de la Orbada;espino de la orbada;Salamanca;salamanca;Castilla y León;Espino de la Orbada;41.10561037;-5.425239811;801;244
37129;Florida de Liébana;florida de liebana;Salamanca;salamanca;Castilla y León;Florida de Liébana;41.02435844;-5.762118846;783;247
37130;Forfoleda;forfoleda;Salamanca;salamanca;Castilla y León;Forfoleda;41.09795764;-5.750306245;791;207
37131;Frades de la Sierra;frades de la sierra;Salamanca;salamanca;Castilla y León;Frades de la Sierra;40.6574233;-5.785743018;959;163
37132;Fregeneda, La;fregeneda, la;Salamanca;salamanca;Castilla y León;Fregeneda, La;40.98784918;-6.866323924;524;296
37133;Fresnedoso;fresnedoso;Salamanca;salamanca;Castilla y León;Fresnedoso;40.43611678;-5.710517996;1015;94
37134;Fresno Alhándiga;fresno alhandiga;Salamanca;salamanca;Castilla y León;Fresno Alhándiga;40.71285405;-5.616941478;833;193
37135;Fuente de San Esteban, La;fuente de san esteban, la;Salamanca;salamanca;Castilla y León;Fuente de San Esteban, La;40.80157162;-6.257143953;770;1298
37136;Fuenteguinaldo;fuenteguinaldo;Salamanca;salamanca;Castilla y León;Fuenteguinaldo;40.42838559;-6.67591248;856;635
37137;Fuenteliante;fuenteliante;Salamanca;salamanca;Castilla y León;Fuenteliante;40.87468014;-6.572838218;723;86
37138;Fuenterroble de Salvatierra;fuenterroble de salvatierra;Salamanca;salamanca;Castilla y León;Fuenterroble de Salvatierra;40.56494736;-5.732205512;952;257
37139;Fuentes de Béjar;fuentes de bejar;Salamanca;salamanca;Castilla y León;Fuentes de Béjar;40.50769753;-5.69441491;908;238
37140;Fuentes de Oñoro;fuentes de onoro;Salamanca;salamanca;Castilla y León;Fuentes de Oñoro;40.58831751;-6.813374707;742;995
37141;Gajates;gajates;Salamanca;salamanca;Castilla y León;Gajates;40.78323183;-5.365573648;853;135
37142;Galindo y Perahuy;galindo y perahuy;Salamanca;salamanca;Castilla y León;Galindo y Perahuy;40.94299271;-5.872307921;797;721
37143;Galinduste;galinduste;Salamanca;salamanca;Castilla y León;Galinduste;40.66224682;-5.539592239;950;401
37144;Galisancho;galisancho;Salamanca;salamanca;Castilla y León;Galisancho;40.74304859;-5.554619263;820;323
37145;Gallegos de Argañán;gallegos de arganan;Salamanca;salamanca;Castilla y León;Gallegos de Argañán;40.63108723;-6.702529531;662;260
37146;Gallegos de Solmirón;gallegos de solmiron;Salamanca;salamanca;Castilla y León;Gallegos de Solmirón;40.53702038;-5.448090586;1108;109
37147;Garcibuey;garcibuey;Salamanca;salamanca;Castilla y León;Garcibuey;40.51570246;-5.994603843;695;186
37148;Garcihernández;garcihernandez;Salamanca;salamanca;Castilla y León;Garcihernández;40.86166347;-5.434047099;814;412
37149;Garcirrey;garcirrey;Salamanca;salamanca;Castilla y León;Garcirrey;40.90097922;-6.129290658;815;52
37150;Gejuelo del Barro;gejuelo del barro;Salamanca;salamanca;Castilla y León;Gejuelo del Barro;41.07524238;-6.123467695;803;30
37151;Golpejas;golpejas;Salamanca;salamanca;Castilla y León;Golpejas;40.99999518;-5.906672828;781;140
37152;Gomecello;gomecello;Salamanca;salamanca;Castilla y León;Gomecello;41.04271772;-5.533639655;843;413
37154;Guadramiro;guadramiro;Salamanca;salamanca;Castilla y León;Guadramiro;41.0166099;-6.494537912;745;120
37155;Guijo de Ávila;guijo de avila;Salamanca;salamanca;Castilla y León;Guijo de Ávila;40.53112388;-5.6398208;977;82
37156;Guijuelo;guijuelo;Salamanca;salamanca;Castilla y León;Guijuelo;40.55774919;-5.67105789;1002;5483
37157;Herguijuela de Ciudad Rodrigo;herguijuela de ciudad rodrigo;Salamanca;salamanca;Castilla y León;Herguijuela de Ciudad Rodrigo;40.45834868;-6.52088994;792;65
37158;Herguijuela de la Sierra;herguijuela de la sierra;Salamanca;salamanca;Castilla y León;Herguijuela de la Sierra;40.44509069;-6.074304461;653;222
37159;Herguijuela del Campo;herguijuela del campo;Salamanca;salamanca;Castilla y León;Herguijuela del Campo;40.63052615;-5.864189335;930;60
37160;Hinojosa de Duero;hinojosa de duero;Salamanca;salamanca;Castilla y León;Hinojosa de Duero;40.98553672;-6.796953587;606;561
37161;Horcajo de Montemayor;horcajo de montemayor;Salamanca;salamanca;Castilla y León;Horcajo de Montemayor;40.42175485;-5.894205956;737;107
37162;Horcajo Medianero;horcajo medianero;Salamanca;salamanca;Castilla y León;Horcajo Medianero;40.63995276;-5.406162952;1004;198
37163;Hoya, La;hoya, la;Salamanca;salamanca;Castilla y León;Hoya, La;40.40635607;-5.698150568;1255;32
37164;Huerta;huerta;Salamanca;salamanca;Castilla y León;Huerta;40.96794484;-5.467083825;787;285
37165;Iruelos;iruelos;Salamanca;salamanca;Castilla y León;Iruelos;41.14020468;-6.328772884;780;30
37166;Ituero de Azaba;ituero de azaba;Salamanca;salamanca;Castilla y León;Ituero de Azaba;40.48476944;-6.691634436;668;189
37167;Juzbado;juzbado;Salamanca;salamanca;Castilla y León;Juzbado;41.07734547;-5.86154552;794;179
37168;Lagunilla;lagunilla;Salamanca;salamanca;Castilla y León;Lagunilla;40.32449222;-5.972364695;927;417
37169;Larrodrigo;larrodrigo;Salamanca;salamanca;Castilla y León;Larrodrigo;40.73680736;-5.448792903;870;177
37170;Ledesma;ledesma;Salamanca;salamanca;Castilla y León;Ledesma;41.09020586;-5.998373037;779;1486
37171;Ledrada;ledrada;Salamanca;salamanca;Castilla y León;Ledrada;40.46931991;-5.720734903;879;477
37172;Linares de Riofrío;linares de riofrio;Salamanca;salamanca;Castilla y León;Linares de Riofrío;40.58341084;-5.921573782;956;926
37173;Lumbrales;lumbrales;Salamanca;salamanca;Castilla y León;Lumbrales;40.93422391;-6.720966981;665;1505
37174;Macotera;macotera;Salamanca;salamanca;Castilla y León;Macotera;40.83070177;-5.284970192;891;1009
37175;Machacón;machacon;Salamanca;salamanca;Castilla y León;Machacón;40.92505023;-5.525698868;814;443
37176;Madroñal;madronal;Salamanca;salamanca;Castilla y León;Madroñal;40.46458688;-6.063032471;684;128
37177;Maíllo, El;maillo, el;Salamanca;salamanca;Castilla y León;Maíllo, El;40.56587649;-6.180262152;987;281
37178;Malpartida;malpartida;Salamanca;salamanca;Castilla y León;Malpartida;40.76264382;-5.23199853;902;74
37179;Mancera de Abajo;mancera de abajo;Salamanca;salamanca;Castilla y León;Mancera de Abajo;40.83961044;-5.19865306;892;192
37180;Manzano, El;manzano, el;Salamanca;salamanca;Castilla y León;Manzano, El;41.17348747;-6.288276873;778;54
37181;Martiago;martiago;Salamanca;salamanca;Castilla y León;Martiago;40.45432646;-6.490179204;810;251
37182;Martinamor;martinamor;Salamanca;salamanca;Castilla y León;Martinamor;40.80617353;-5.598366346;956;91
37183;Martín de Yeltes;martin de yeltes;Salamanca;salamanca;Castilla y León;Martín de Yeltes;40.77633223;-6.29057267;761;383
37184;Masueco;masueco;Salamanca;salamanca;Castilla y León;Masueco;41.20341404;-6.589003684;683;240
37185;Castellanos de Villiquera;castellanos de villiquera;Salamanca;salamanca;Castilla y León;Castellanos de Villiquera;41.05123956;-5.694872549;827;727
37186;Mata de Ledesma, La;mata de ledesma, la;Salamanca;salamanca;Castilla y León;Mata de Ledesma, La;41.00105822;-5.972082343;815;98
37187;Matilla de los Caños del Río;matilla de los canos del rio;Salamanca;salamanca;Castilla y León;Matilla de los Caños del Río;40.82528443;-5.941964387;819;607
37188;Maya, La;maya, la;Salamanca;salamanca;Castilla y León;Maya, La;40.68651447;-5.613287955;834;163
37189;Membribe de la Sierra;membribe de la sierra;Salamanca;salamanca;Castilla y León;Membribe de la Sierra;40.69034642;-5.80614915;1025;101
37190;Mieza;mieza;Salamanca;salamanca;Castilla y León;Mieza;41.16315291;-6.69022279;645;170
37191;Milano, El;milano, el;Salamanca;salamanca;Castilla y León;Milano, El;41.09248138;-6.598712971;726;88
37192;Miranda de Azán;miranda de azan;Salamanca;salamanca;Castilla y León;Miranda de Azán;40.8860975;-5.68206443;824;449
37193;Miranda del Castañar;miranda del castanar;Salamanca;salamanca;Castilla y León;Miranda del Castañar;40.48467395;-5.999151453;642;361
37194;Mogarraz;mogarraz;Salamanca;salamanca;Castilla y León;Mogarraz;40.49186608;-6.052907708;762;234
37195;Molinillo;molinillo;Salamanca;salamanca;Castilla y León;Molinillo;40.46896576;-5.94495746;725;43
37196;Monforte de la Sierra;monforte de la sierra;Salamanca;salamanca;Castilla y León;Monforte de la Sierra;40.48287779;-6.055160529;811;50
37197;Monleón;monleon;Salamanca;salamanca;Castilla y León;Monleón;40.58429845;-5.846974237;878;89
37198;Monleras;monleras;Salamanca;salamanca;Castilla y León;Monleras;41.18630314;-6.226106396;757;241
37199;Monsagro;monsagro;Salamanca;salamanca;Castilla y León;Monsagro;40.50332603;-6.270932945;954;129
37200;Montejo;montejo;Salamanca;salamanca;Castilla y León;Montejo;40.63195378;-5.621821154;933;188
37201;Montemayor del Río;montemayor del rio;Salamanca;salamanca;Castilla y León;Montemayor del Río;40.34807621;-5.893580171;666;245
37202;Monterrubio de Armuña;monterrubio de armuna;Salamanca;salamanca;Castilla y León;Monterrubio de Armuña;41.02645132;-5.643378676;802;1325
37203;Monterrubio de la Sierra;monterrubio de la sierra;Salamanca;salamanca;Castilla y León;Monterrubio de la Sierra;40.75610925;-5.692765644;959;150
37204;Morasverdes;morasverdes;Salamanca;salamanca;Castilla y León;Morasverdes;40.60112279;-6.274287723;896;233
37205;Morille;morille;Salamanca;salamanca;Castilla y León;Morille;40.80717685;-5.698152733;930;223
37206;Moríñigo;morinigo;Salamanca;salamanca;Castilla y León;Moríñigo;40.97017367;-5.413564323;802;94
37207;Moriscos;moriscos;Salamanca;salamanca;Castilla y León;Moriscos;41.00818298;-5.582008933;844;580
37208;Moronta;moronta;Salamanca;salamanca;Castilla y León;Moronta;40.97726844;-6.430677333;758;74
37209;Mozárbez;mozarbez;Salamanca;salamanca;Castilla y León;Mozárbez;40.85680968;-5.650867308;878;517
37211;Narros de Matalayegua;narros de matalayegua;Salamanca;salamanca;Castilla y León;Narros de Matalayegua;40.69959335;-5.926225294;986;187
37212;Navacarros;navacarros;Salamanca;salamanca;Castilla y León;Navacarros;40.39891016;-5.715360039;1116;140
37213;Nava de Béjar;nava de bejar;Salamanca;salamanca;Castilla y León;Nava de Béjar;40.47482328;-5.67893893;1047;73
37214;Nava de Francia;nava de francia;Salamanca;salamanca;Castilla y León;Nava de Francia;40.53551429;-6.116554927;1042;115
37215;Nava de Sotrobal;nava de sotrobal;Salamanca;salamanca;Castilla y León;Nava de Sotrobal;40.88874169;-5.285794057;856;147
37216;Navales;navales;Salamanca;salamanca;Castilla y León;Navales;40.78805815;-5.478282716;854;313
37217;Navalmoral de Béjar;navalmoral de bejar;Salamanca;salamanca;Castilla y León;Navalmoral de Béjar;40.42268322;-5.783951322;914;63
37218;Navamorales;navamorales;Salamanca;salamanca;Castilla y León;Navamorales;40.47717846;-5.478545542;993;45
37219;Navarredonda de la Rinconada;navarredonda de la rinconada;Salamanca;salamanca;Castilla y León;Navarredonda de la Rinconada;40.60577226;-6.011579574;1020;153
37221;Navasfrías;navasfrias;Salamanca;salamanca;Castilla y León;Navasfrías;40.2958837;-6.819055282;894;364
37222;Negrilla de Palencia;negrilla de palencia;Salamanca;salamanca;Castilla y León;Negrilla de Palencia;41.0918484;-5.592268664;823;78
37223;Olmedo de Camaces;olmedo de camaces;Salamanca;salamanca;Castilla y León;Olmedo de Camaces;40.87879867;-6.623084035;713;87
37224;Orbada, La;orbada, la;Salamanca;salamanca;Castilla y León;Orbada, La;41.10248229;-5.482974039;817;177
37225;Pajares de la Laguna;pajares de la laguna;Salamanca;salamanca;Castilla y León;Pajares de la Laguna;41.08697446;-5.509614331;826;111
37226;Palacios del Arzobispo;palacios del arzobispo;Salamanca;salamanca;Castilla y León;Palacios del Arzobispo;41.16565227;-5.889712562;824;143
37228;Palaciosrubios;palaciosrubios;Salamanca;salamanca;Castilla y León;Palaciosrubios;41.05240275;-5.193603772;805;283
37229;Palencia de Negrilla;palencia de negrilla;Salamanca;salamanca;Castilla y León;Palencia de Negrilla;41.09429064;-5.60163211;821;141
37230;Parada de Arriba;parada de arriba;Salamanca;salamanca;Castilla y León;Parada de Arriba;40.98706987;-5.792774873;824;264
37231;Parada de Rubiales;parada de rubiales;Salamanca;salamanca;Castilla y León;Parada de Rubiales;41.14812968;-5.43640526;844;237
37232;Paradinas de San Juan;paradinas de san juan;Salamanca;salamanca;Castilla y León;Paradinas de San Juan;40.98397916;-5.153823765;850;381
37233;Pastores;pastores;Salamanca;salamanca;Castilla y León;Pastores;40.51519883;-6.510932311;764;52
37234;Payo, El;payo, el;Salamanca;salamanca;Castilla y León;Payo, El;40.28721608;-6.727648079;931;302
37235;Pedraza de Alba;pedraza de alba;Salamanca;salamanca;Castilla y León;Pedraza de Alba;40.75475557;-5.374818751;897;217
37236;Pedrosillo de Alba;pedrosillo de alba;Salamanca;salamanca;Castilla y León;Pedrosillo de Alba;40.82128429;-5.395313426;838;123
37237;Pedrosillo de los Aires;pedrosillo de los aires;Salamanca;salamanca;Castilla y León;Pedrosillo de los Aires;40.7152577;-5.705954897;961;315
37238;Pedrosillo el Ralo;pedrosillo el ralo;Salamanca;salamanca;Castilla y León;Pedrosillo el Ralo;41.06302624;-5.547968056;815;147
37239;Pedroso de la Armuña, El;pedroso de la armuna, el;Salamanca;salamanca;Castilla y León;Pedroso de la Armuña, El;41.08136521;-5.400169473;824;202
37240;Pelabravo;pelabravo;Salamanca;salamanca;Castilla y León;Pelabravo;40.93757649;-5.579657803;815;1426
37241;Pelarrodríguez;pelarrodriguez;Salamanca;salamanca;Castilla y León;Pelarrodríguez;40.88716848;-6.212887129;755;161
37242;Pelayos;pelayos;Salamanca;salamanca;Castilla y León;Pelayos;40.64973763;-5.575468065;928;72
37243;Peña, La;pena, la;Salamanca;salamanca;Castilla y León;Peña, La;41.17471866;-6.519309843;697;69
37244;Peñacaballera;penacaballera;Salamanca;salamanca;Castilla y León;Peñacaballera;40.34398541;-5.86116935;874;149
37245;Peñaparda;penaparda;Salamanca;salamanca;Castilla y León;Peñaparda;40.32045123;-6.670335979;857;297
37246;Peñaranda de Bracamonte;penaranda de bracamonte;Salamanca;salamanca;Castilla y León;Peñaranda de Bracamonte;40.90255971;-5.200931427;900;6164
37247;Peñarandilla;penarandilla;Salamanca;salamanca;Castilla y León;Peñarandilla;40.88188468;-5.392934205;820;171
37248;Peralejos de Abajo;peralejos de abajo;Salamanca;salamanca;Castilla y León;Peralejos de Abajo;41.0053095;-6.361106464;776;168
37249;Peralejos de Arriba;peralejos de arriba;Salamanca;salamanca;Castilla y León;Peralejos de Arriba;41.00454149;-6.333719331;788;38
37250;Pereña de la Ribera;perena de la ribera;Salamanca;salamanca;Castilla y León;Pereña de la Ribera;41.24094421;-6.524260508;697;300
37251;Peromingo;peromingo;Salamanca;salamanca;Castilla y León;Peromingo;40.46301108;-5.772394615;789;121
37252;Pinedas;pinedas;Salamanca;salamanca;Castilla y León;Pinedas;40.44519593;-5.960832971;786;88
37253;Pino de Tormes, El;pino de tormes, el;Salamanca;salamanca;Castilla y León;Pino de Tormes, El;41.03932486;-5.793915169;766;147
37254;Pitiegua;pitiegua;Salamanca;salamanca;Castilla y León;Pitiegua;41.06219214;-5.466062948;845;173
37255;Pizarral;pizarral;Salamanca;salamanca;Castilla y León;Pizarral;40.61631141;-5.65093016;912;67
37256;Poveda de las Cintas;poveda de las cintas;Salamanca;salamanca;Castilla y León;Poveda de las Cintas;41.0460642;-5.259956671;820;196
37257;Pozos de Hinojo;pozos de hinojo;Salamanca;salamanca;Castilla y León;Pozos de Hinojo;40.91380383;-6.410296321;738;48
37258;Puebla de Azaba;puebla de azaba;Salamanca;salamanca;Castilla y León;Puebla de Azaba;40.44716911;-6.745529866;668;145
37259;Puebla de San Medel;puebla de san medel;Salamanca;salamanca;Castilla y León;Puebla de San Medel;40.51141375;-5.737315282;975;32
37260;Puebla de Yeltes;puebla de yeltes;Salamanca;salamanca;Castilla y León;Puebla de Yeltes;40.62629262;-6.182405171;878;135
37261;Puente del Congosto;puente del congosto;Salamanca;salamanca;Castilla y León;Puente del Congosto;40.4897582;-5.526441607;935;235
37262;Puertas;puertas;Salamanca;salamanca;Castilla y León;Puertas;41.09699758;-6.287636185;785;66
37263;Puerto de Béjar;puerto de bejar;Salamanca;salamanca;Castilla y León;Puerto de Béjar;40.35023612;-5.836776274;949;343
37264;Puerto Seguro;puerto seguro;Salamanca;salamanca;Castilla y León;Puerto Seguro;40.82813917;-6.760656226;633;52
37265;Rágama;ragama;Salamanca;salamanca;Castilla y León;Rágama;40.99699294;-5.127458243;846;196
37266;Redonda, La;redonda, la;Salamanca;salamanca;Castilla y León;Redonda, La;40.90921432;-6.750010787;666;61
37267;Retortillo;retortillo;Salamanca;salamanca;Castilla y León;Retortillo;40.80154206;-6.359964354;730;172
37268;Rinconada de la Sierra, La;rinconada de la sierra, la;Salamanca;salamanca;Castilla y León;Rinconada de la Sierra, La;40.61248874;-6.019799557;997;97
37269;Robleda;robleda;Salamanca;salamanca;Castilla y León;Robleda;40.38492312;-6.607345308;835;452
37270;Robliza de Cojos;robliza de cojos;Salamanca;salamanca;Castilla y León;Robliza de Cojos;40.86794411;-5.977706937;818;187
37271;Rollán;rollan;Salamanca;salamanca;Castilla y León;Rollán;40.96228132;-5.917213305;800;316
37272;Saelices el Chico;saelices el chico;Salamanca;salamanca;Castilla y León;Saelices el Chico;40.67034398;-6.633578188;652;174
37273;Sagrada, La;sagrada, la;Salamanca;salamanca;Castilla y León;Sagrada, La;40.74464347;-6.073882693;860;80
37274;Salamanca;salamanca;Salamanca;salamanca;Castilla y León;Salamanca;40.96550489;-5.663629175;796;145583
37275;Saldeana;saldeana;Salamanca;salamanca;Castilla y León;Saldeana;41.01988214;-6.63912542;668;96
37276;Salmoral;salmoral;Salamanca;salamanca;Castilla y León;Salmoral;40.80110153;-5.219438601;910;106
37277;Salvatierra de Tormes;salvatierra de tormes;Salamanca;salamanca;Castilla y León;Salvatierra de Tormes;40.58868555;-5.598320516;904;66
37278;San Cristóbal de la Cuesta;san cristobal de la cuesta;Salamanca;salamanca;Castilla y León;San Cristóbal de la Cuesta;41.02938179;-5.618927894;817;1176
37279;Sancti-Spíritus;sancti spiritus;Salamanca;salamanca;Castilla y León;Sancti-Spíritus;40.70579421;-6.402453755;757;717
37280;Sanchón de la Ribera;sanchon de la ribera;Salamanca;salamanca;Castilla y León;Sanchón de la Ribera;41.08834531;-6.413869839;720;66
37281;Sanchón de la Sagrada;sanchon de la sagrada;Salamanca;salamanca;Castilla y León;Sanchón de la Sagrada;40.74292371;-6.02465137;874;41
37282;Sanchotello;sanchotello;Salamanca;salamanca;Castilla y León;Sanchotello;40.43832454;-5.752179478;935;211
37283;Sando;sando;Salamanca;salamanca;Castilla y León;Sando;40.96898515;-6.112651018;832;110
37284;San Esteban de la Sierra;san esteban de la sierra;Salamanca;salamanca;Castilla y León;San Esteban de la Sierra;40.50633306;-5.906553136;630;344
37285;San Felices de los Gallegos;san felices de los gallegos;Salamanca;salamanca;Castilla y León;San Felices de los Gallegos;40.85002851;-6.708480922;666;355
37286;San Martín del Castañar;san martin del castanar;Salamanca;salamanca;Castilla y León;San Martín del Castañar;40.52204475;-6.064724506;837;232
37287;San Miguel de Valero;san miguel de valero;Salamanca;salamanca;Castilla y León;San Miguel de Valero;40.54414189;-5.923819445;942;311
37288;San Morales;san morales;Salamanca;salamanca;Castilla y León;San Morales;40.99225784;-5.50335178;793;346
37289;San Muñoz;san munoz;Salamanca;salamanca;Castilla y León;San Muñoz;40.78274143;-6.126655388;782;198
37290;San Pedro del Valle;san pedro del valle;Salamanca;salamanca;Castilla y León;San Pedro del Valle;41.03312412;-5.860909545;787;144
37291;San Pedro de Rozados;san pedro de rozados;Salamanca;salamanca;Castilla y León;San Pedro de Rozados;40.79052268;-5.738336379;976;274
37292;San Pelayo de Guareña;san pelayo de guarena;Salamanca;salamanca;Castilla y León;San Pelayo de Guareña;41.11611763;-5.857647958;780;87
37293;Santa María de Sando;santa maria de sando;Salamanca;salamanca;Castilla y León;Santa María de Sando;40.97962729;-6.129354569;824;91
37294;Santa Marta de Tormes;santa marta de tormes;Salamanca;salamanca;Castilla y León;Santa Marta de Tormes;40.94901152;-5.630865954;782;14949
37296;Santiago de la Puebla;santiago de la puebla;Salamanca;salamanca;Castilla y León;Santiago de la Puebla;40.80182544;-5.279460677;868;280
37297;Santibáñez de Béjar;santibanez de bejar;Salamanca;salamanca;Castilla y León;Santibáñez de Béjar;40.48885682;-5.611002911;918;447
37298;Santibáñez de la Sierra;santibanez de la sierra;Salamanca;salamanca;Castilla y León;Santibáñez de la Sierra;40.49457495;-5.915879415;612;143
37299;Santiz;santiz;Salamanca;salamanca;Castilla y León;Santiz;41.20442108;-5.895588966;891;225
37300;Santos, Los;santos, los;Salamanca;salamanca;Castilla y León;Santos, Los;40.54424763;-5.79870842;933;570
37301;Sardón de los Frailes;sardon de los frailes;Salamanca;salamanca;Castilla y León;Sardón de los Frailes;41.21183931;-6.271790764;733;99
37302;Saucelle;saucelle;Salamanca;salamanca;Castilla y León;Saucelle;41.04734122;-6.752952823;664;242
37303;Sahugo, El;sahugo, el;Salamanca;salamanca;Castilla y León;Sahugo, El;40.41468875;-6.542984722;824;178
37304;Sepulcro-Hilario;sepulcro hilario;Salamanca;salamanca;Castilla y León;Sepulcro-Hilario;40.69997106;-6.186648381;832;154
37305;Sequeros;sequeros;Salamanca;salamanca;Castilla y León;Sequeros;40.51367206;-6.023773811;938;216
37306;Serradilla del Arroyo;serradilla del arroyo;Salamanca;salamanca;Castilla y León;Serradilla del Arroyo;40.52132798;-6.359816378;856;239
37307;Serradilla del Llano;serradilla del llano;Salamanca;salamanca;Castilla y León;Serradilla del Llano;40.50052107;-6.357891984;874;135
37309;Sierpe, La;sierpe, la;Salamanca;salamanca;Castilla y León;Sierpe, La;40.64455157;-5.856618827;926;41
37310;Sieteiglesias de Tormes;sieteiglesias de tormes;Salamanca;salamanca;Castilla y León;Sieteiglesias de Tormes;40.74098171;-5.579306898;823;191
37311;Sobradillo;sobradillo;Salamanca;salamanca;Castilla y León;Sobradillo;40.91757746;-6.799034935;652;171
37312;Sorihuela;sorihuela;Salamanca;salamanca;Castilla y León;Sorihuela;40.44414598;-5.677530213;998;256
37313;Sotoserrano;sotoserrano;Salamanca;salamanca;Castilla y León;Sotoserrano;40.43752752;-6.033250902;512;501
37314;Tabera de Abajo;tabera de abajo;Salamanca;salamanca;Castilla y León;Tabera de Abajo;40.90950321;-6.001468712;812;97
37315;Tala, La;tala, la;Salamanca;salamanca;Castilla y León;Tala, La;40.58994773;-5.535912741;925;77
37316;Tamames;tamames;Salamanca;salamanca;Castilla y León;Tamames;40.65808724;-6.105769456;899;784
37317;Tarazona de Guareña;tarazona de guarena;Salamanca;salamanca;Castilla y León;Tarazona de Guareña;41.17208011;-5.250238099;771;261
37318;Tardáguila;tardaguila;Salamanca;salamanca;Castilla y León;Tardáguila;41.11473206;-5.575303899;830;193
37319;Tejado, El;tejado, el;Salamanca;salamanca;Castilla y León;Tejado, El;40.44131133;-5.54135023;969;83
37320;Tejeda y Segoyuela;tejeda y segoyuela;Salamanca;salamanca;Castilla y León;Tejeda y Segoyuela;40.63120603;-6.023251064;925;97
37321;Tenebrón;tenebron;Salamanca;salamanca;Castilla y León;Tenebrón;40.62469165;-6.355284944;824;125
37322;Terradillos;terradillos;Salamanca;salamanca;Castilla y León;Terradillos;40.83896821;-5.541084648;888;3317
37323;Topas;topas;Salamanca;salamanca;Castilla y León;Topas;41.15695528;-5.633068725;821;518
37324;Tordillos;tordillos;Salamanca;salamanca;Castilla y León;Tordillos;40.85233966;-5.352689606;839;308
37325;Tornadizo, El;tornadizo, el;Salamanca;salamanca;Castilla y León;Tornadizo, El;40.54233859;-5.892739424;870;88
37327;Torresmenudas;torresmenudas;Salamanca;salamanca;Castilla y León;Torresmenudas;41.10244894;-5.784701153;787;192
37328;Trabanca;trabanca;Salamanca;salamanca;Castilla y León;Trabanca;41.23260178;-6.384081448;744;159
37329;Tremedal de Tormes;tremedal de tormes;Salamanca;salamanca;Castilla y León;Tremedal de Tormes;41.07443804;-6.180841092;768;34
37330;Valdecarros;valdecarros;Salamanca;salamanca;Castilla y León;Valdecarros;40.77079573;-5.422414215;888;296
37331;Valdefuentes de Sangusín;valdefuentes de sangusin;Salamanca;salamanca;Castilla y León;Valdefuentes de Sangusín;40.46551359;-5.833810143;890;183
37332;Valdehijaderos;valdehijaderos;Salamanca;salamanca;Castilla y León;Valdehijaderos;40.41869532;-5.849029631;780;84
37333;Valdelacasa;valdelacasa;Salamanca;salamanca;Castilla y León;Valdelacasa;40.50615495;-5.763168917;959;186
37334;Valdelageve;valdelageve;Salamanca;salamanca;Castilla y León;Valdelageve;40.36942565;-5.990811151;650;66
37335;Valdelosa;valdelosa;Salamanca;salamanca;Castilla y León;Valdelosa;41.17099848;-5.783451436;840;387
37336;Valdemierque;valdemierque;Salamanca;salamanca;Castilla y León;Valdemierque;40.82158459;-5.580747495;943;58
37337;Valderrodrigo;valderrodrigo;Salamanca;salamanca;Castilla y León;Valderrodrigo;41.06562214;-6.507729631;731;126
37338;Valdunciel;valdunciel;Salamanca;salamanca;Castilla y León;Valdunciel;41.08572157;-5.671368491;805;124
37339;Valero;valero;Salamanca;salamanca;Castilla y León;Valero;40.53449972;-5.941619706;579;273
37340;Valsalabroso;valsalabroso;Salamanca;salamanca;Castilla y León;Valsalabroso;41.11014087;-6.502961546;726;120
37341;Valverde de Valdelacasa;valverde de valdelacasa;Salamanca;salamanca;Castilla y León;Valverde de Valdelacasa;40.48209943;-5.781376304;803;57
37342;Valverdón;valverdon;Salamanca;salamanca;Castilla y León;Valverdón;41.04634242;-5.768541609;766;266
37343;Vallejera de Riofrío;vallejera de riofrio;Salamanca;salamanca;Castilla y León;Vallejera de Riofrío;40.40913857;-5.720931089;1138;67
37344;Vecinos;vecinos;Salamanca;salamanca;Castilla y León;Vecinos;40.77855629;-5.877146822;891;231
37345;Vega de Tirados;vega de tirados;Salamanca;salamanca;Castilla y León;Vega de Tirados;41.02520538;-5.886882984;779;141
37346;Veguillas, Las;veguillas, las;Salamanca;salamanca;Castilla y León;Veguillas, Las;40.71475355;-5.831624888;1052;273
37347;Vellés, La;velles, la;Salamanca;salamanca;Castilla y León;Vellés, La;41.07353565;-5.568111336;812;567
37348;Ventosa del Río Almar;ventosa del rio almar;Salamanca;salamanca;Castilla y León;Ventosa del Río Almar;40.92719423;-5.348698839;855;97
37349;Vídola, La;vidola, la;Salamanca;salamanca;Castilla y León;Vídola, La;41.15260835;-6.487776989;695;95
37350;Vilvestre;vilvestre;Salamanca;salamanca;Castilla y León;Vilvestre;41.10453269;-6.726387005;595;374
37351;Villaflores;villaflores;Salamanca;salamanca;Castilla y León;Villaflores;41.08417627;-5.233175009;794;256
37352;Villagonzalo de Tormes;villagonzalo de tormes;Salamanca;salamanca;Castilla y León;Villagonzalo de Tormes;40.89214848;-5.496921553;803;213
37353;Villalba de los Llanos;villalba de los llanos;Salamanca;salamanca;Castilla y León;Villalba de los Llanos;40.79922343;-5.975600749;831;107
37354;Villamayor;villamayor;Salamanca;salamanca;Castilla y León;Villamayor;40.99968736;-5.696169954;782;7740
37355;Villanueva del Conde;villanueva del conde;Salamanca;salamanca;Castilla y León;Villanueva del Conde;40.51050687;-6.01193405;796;174
37356;Villar de Argañán;villar de arganan;Salamanca;salamanca;Castilla y León;Villar de Argañán;40.67364204;-6.719284807;718;94
37357;Villar de Ciervo;villar de ciervo;Salamanca;salamanca;Castilla y León;Villar de Ciervo;40.73741875;-6.739469609;679;253
37358;Villar de Gallimazo;villar de gallimazo;Salamanca;salamanca;Castilla y León;Villar de Gallimazo;40.9539739;-5.288786529;856;193
37359;Villar de la Yegua;villar de la yegua;Salamanca;salamanca;Castilla y León;Villar de la Yegua;40.72476934;-6.704289485;713;152
37360;Villar de Peralonso;villar de peralonso;Salamanca;salamanca;Castilla y León;Villar de Peralonso;41.03239598;-6.222298262;820;213
37361;Villar de Samaniego;villar de samaniego;Salamanca;salamanca;Castilla y León;Villar de Samaniego;41.12323743;-6.446845772;745;79
37362;Villares de la Reina;villares de la reina;Salamanca;salamanca;Castilla y León;Villares de la Reina;41.00833367;-5.646475441;813;6784
37363;Villares de Yeltes;villares de yeltes;Salamanca;salamanca;Castilla y León;Villares de Yeltes;40.86676446;-6.412750357;722;102
37364;Villarino de los Aires;villarino de los aires;Salamanca;salamanca;Castilla y León;Villarino de los Aires;41.27005763;-6.468041805;601;727
37365;Villarmayor;villarmayor;Salamanca;salamanca;Castilla y León;Villarmayor;41.01565302;-5.971438127;827;139
37366;Villarmuerto;villarmuerto;Salamanca;salamanca;Castilla y León;Villarmuerto;41.05529989;-6.363767159;762;38
37367;Villasbuenas;villasbuenas;Salamanca;salamanca;Castilla y León;Villasbuenas;41.06253041;-6.596354661;732;158
37368;Villasdardo;villasdardo;Salamanca;salamanca;Castilla y León;Villasdardo;41.00437563;-6.160782167;822;22
37369;Villaseco de los Gamitos;villaseco de los gamitos;Salamanca;salamanca;Castilla y León;Villaseco de los Gamitos;41.03634697;-6.113224812;830;140
37370;Villaseco de los Reyes;villaseco de los reyes;Salamanca;salamanca;Castilla y León;Villaseco de los Reyes;41.16115813;-6.18601362;772;297
37371;Villasrubias;villasrubias;Salamanca;salamanca;Castilla y León;Villasrubias;40.33794228;-6.639418412;851;231
37372;Villaverde de Guareña;villaverde de guarena;Salamanca;salamanca;Castilla y León;Villaverde de Guareña;41.06448554;-5.524868076;828;129
37373;Villavieja de Yeltes;villavieja de yeltes;Salamanca;salamanca;Castilla y León;Villavieja de Yeltes;40.87567905;-6.466932234;738;676
37374;Villoria;villoria;Salamanca;salamanca;Castilla y León;Villoria;40.99546161;-5.37570686;816;1241
37375;Villoruela;villoruela;Salamanca;salamanca;Castilla y León;Villoruela;41.00854115;-5.394494937;826;732
37376;Vitigudino;vitigudino;Salamanca;salamanca;Castilla y León;Vitigudino;41.00820839;-6.436021411;766;2342
37377;Yecla de Yeltes;yecla de yeltes;Salamanca;salamanca;Castilla y León;Yecla de Yeltes;40.95950366;-6.487805983;721;223
37378;Zamarra;zamarra;Salamanca;salamanca;Castilla y León;Zamarra;40.52065406;-6.452445133;787;70
37379;Zamayón;zamayon;Salamanca;salamanca;Castilla y León;Zamayón;41.14780594;-5.830266045;808;192
37380;Zarapicos;zarapicos;Salamanca;salamanca;Castilla y León;Zarapicos;41.03825437;-5.845166732;783;50
37381;Zarza de Pumareda, La;zarza de pumareda, la;Salamanca;salamanca;Castilla y León;Zarza de Pumareda, La;41.16299975;-6.626844714;697;136
37382;Zorita de la Frontera;zorita de la frontera;Salamanca;salamanca;Castilla y León;Zorita de la Frontera;41.01569078;-5.196388917;830;139
38001;Adeje;adeje;Santa Cruz de Tenerife;santa cruz de tenerife;Canarias;Adeje;28.12265764;-16.72419872;296;50612
38002;Agulo;agulo;Santa Cruz de Tenerife;santa cruz de tenerife;Canarias;Agulo;28.18866227;-17.19407016;202;1080
38003;Alajeró;alajero;Santa Cruz de Tenerife;santa cruz de tenerife;Canarias;Alajeró;28.06372727;-17.24005949;837;2089
38004;Arafo;arafo;Santa Cruz de Tenerife;santa cruz de tenerife;Canarias;Arafo;28.34018567;-16.41849115;461;5997
38005;Arico;arico;Santa Cruz de Tenerife;santa cruz de tenerife;Canarias;Arico;28.16578793;-16.50093348;547;9510
38006;Arona;arona;Santa Cruz de Tenerife;santa cruz de tenerife;Canarias;Arona;28.09999109;-16.68068896;627;89036
38007;Barlovento;barlovento;Santa Cruz de Tenerife;santa cruz de tenerife;Canarias;Barlovento;28.82931191;-17.80325736;552;2132
38008;Breña Alta;brena alta;Santa Cruz de Tenerife;santa cruz de tenerife;Canarias;Breña Alta;28.66337401;-17.78694284;343;7476
38009;Breña Baja;brena baja;Santa Cruz de Tenerife;santa cruz de tenerife;Canarias;Breña Baja;28.6455791;-17.77552313;298;6156
38010;Buenavista del Norte;buenavista del norte;Santa Cruz de Tenerife;santa cruz de tenerife;Canarias;Buenavista del Norte;28.3717947;-16.85086015;121;4724
38011;Candelaria;candelaria;Santa Cruz de Tenerife;santa cruz de tenerife;Canarias;Candelaria;28.35523524;-16.37002705;6.5;29240
38012;Fasnia;fasnia;Santa Cruz de Tenerife;santa cruz de tenerife;Canarias;Fasnia;28.23661835;-16.44083967;443;3153
38013;Frontera;frontera;Santa Cruz de Tenerife;santa cruz de tenerife;Canarias;Frontera;27.75353862;-18.0109391;255;4648
38014;Fuencaliente de la Palma;fuencaliente de la palma;Santa Cruz de Tenerife;santa cruz de tenerife;Canarias;Fuencaliente de la Palma;28.49477552;-17.84520416;714;1965
38015;Garachico;garachico;Santa Cruz de Tenerife;santa cruz de tenerife;Canarias;Garachico;28.37293974;-16.76407451;15;4941
38016;Garafía;garafia;Santa Cruz de Tenerife;santa cruz de tenerife;Canarias;Garafía;28.82990164;-17.94508111;369;2021
38017;Granadilla de Abona;granadilla de abona;Santa Cruz de Tenerife;santa cruz de tenerife;Canarias;Granadilla de Abona;28.12267282;-16.5766072;640;59126
38018;Guancha, La;guancha, la;Santa Cruz de Tenerife;santa cruz de tenerife;Canarias;Guancha, La;28.37824063;-16.65241513;427;5674
38019;Guía de Isora;guia de isora;Santa Cruz de Tenerife;santa cruz de tenerife;Canarias;Guía de Isora;28.20927589;-16.77853264;587;22846
38020;Güímar;guimar;Santa Cruz de Tenerife;santa cruz de tenerife;Canarias;Güímar;28.31415666;-16.41137704;279;22010
38021;Hermigua;hermigua;Santa Cruz de Tenerife;santa cruz de tenerife;Canarias;Hermigua;28.16312012;-17.19853773;150;1972
38022;Icod de los Vinos;icod de los vinos;Santa Cruz de Tenerife;santa cruz de tenerife;Canarias;Icod de los Vinos;28.3677556;-16.719316;235;24675
38023;San Cristóbal de La Laguna;san cristobal de la laguna;Santa Cruz de Tenerife;santa cruz de tenerife;Canarias;San Cristóbal de La Laguna;28.48720802;-16.31403442;546;161927
38024;Llanos de Aridane, Los;llanos de aridane, los;Santa Cruz de Tenerife;santa cruz de tenerife;Canarias;Llanos de Aridane, Los;28.65858737;-17.91318861;342;20662
38025;Matanza de Acentejo, La;matanza de acentejo, la;Santa Cruz de Tenerife;santa cruz de tenerife;Canarias;Matanza de Acentejo, La;28.44801076;-16.45727931;417;9116
38026;Orotava, La;orotava, la;Santa Cruz de Tenerife;santa cruz de tenerife;Canarias;Orotava, La;28.38907419;-16.52471685;365;42669
38027;Paso, El;paso, el;Santa Cruz de Tenerife;santa cruz de tenerife;Canarias;Paso, El;28.65198502;-17.88028187;645;8291
38028;Puerto de la Cruz;puerto de la cruz;Santa Cruz de Tenerife;santa cruz de tenerife;Canarias;Puerto de la Cruz;28.41791004;-16.54830164;11;31589
38029;Puntagorda;puntagorda;Santa Cruz de Tenerife;santa cruz de tenerife;Canarias;Puntagorda;28.77330559;-17.98817782;545;2342
38030;Puntallana;puntallana;Santa Cruz de Tenerife;santa cruz de tenerife;Canarias;Puntallana;28.7395645;-17.74479598;410;2794
38031;Realejos, Los;realejos, los;Santa Cruz de Tenerife;santa cruz de tenerife;Canarias;Realejos, Los;28.38163306;-16.58398324;329;38161
38032;Rosario, El;rosario, el;Santa Cruz de Tenerife;santa cruz de tenerife;Canarias;Rosario, El;28.45097961;-16.36717818;904;18028
38033;San Andrés y Sauces;san andres y sauces;Santa Cruz de Tenerife;santa cruz de tenerife;Canarias;San Andrés y Sauces;28.80446689;-17.77416798;269;4350
38034;San Juan de la Rambla;san juan de la rambla;Santa Cruz de Tenerife;santa cruz de tenerife;Canarias;San Juan de la Rambla;28.39333841;-16.646005;95;5011
38035;San Miguel de Abona;san miguel de abona;Santa Cruz de Tenerife;santa cruz de tenerife;Canarias;San Miguel de Abona;28.09676302;-16.61600055;579;24307
38036;San Sebastián de la Gomera;san sebastian de la gomera;Santa Cruz de Tenerife;santa cruz de tenerife;Canarias;San Sebastián de la Gomera;28.09043682;-17.10960143;3;9665
38037;Santa Cruz de la Palma;santa cruz de la palma;Santa Cruz de Tenerife;santa cruz de tenerife;Canarias;Santa Cruz de la Palma;28.68334253;-17.76470276;8;15763
38038;Santa Cruz de Tenerife;santa cruz de tenerife;Santa Cruz de Tenerife;santa cruz de tenerife;Canarias;Santa Cruz de Tenerife;28.4700052;-16.2544857;40;211498
38039;Santa Úrsula;santa ursula;Santa Cruz de Tenerife;santa cruz de tenerife;Canarias;Santa Úrsula;28.42511852;-16.49151368;292;15450
38040;Santiago del Teide;santiago del teide;Santa Cruz de Tenerife;santa cruz de tenerife;Canarias;Santiago del Teide;28.29742979;-16.81548108;930;12656
38041;Sauzal, El;sauzal, el;Santa Cruz de Tenerife;santa cruz de tenerife;Canarias;Sauzal, El;28.47895615;-16.43644942;332;9354
38042;Silos, Los;silos, los;Santa Cruz de Tenerife;santa cruz de tenerife;Canarias;Silos, Los;28.36553973;-16.81693493;104;4763
38043;Tacoronte;tacoronte;Santa Cruz de Tenerife;santa cruz de tenerife;Canarias;Tacoronte;28.48091202;-16.41274616;488;24694
38044;Tanque, El;tanque, el;Santa Cruz de Tenerife;santa cruz de tenerife;Canarias;Tanque, El;28.35622202;-16.77923868;602;2805
38045;Tazacorte;tazacorte;Santa Cruz de Tenerife;santa cruz de tenerife;Canarias;Tazacorte;28.64060628;-17.93317984;109;4526
38046;Tegueste;tegueste;Santa Cruz de Tenerife;santa cruz de tenerife;Canarias;Tegueste;28.52266681;-16.33656444;399;11513
38047;Tijarafe;tijarafe;Santa Cruz de Tenerife;santa cruz de tenerife;Canarias;Tijarafe;28.71160943;-17.95598717;644;2718
38048;Valverde;valverde;Santa Cruz de Tenerife;santa cruz de tenerife;Canarias;Valverde;27.80686412;-17.91496172;582;5305
38049;Valle Gran Rey;valle gran rey;Santa Cruz de Tenerife;santa cruz de tenerife;Canarias;Valle Gran Rey;28.09525191;-17.33508897;48;4805
38050;Vallehermoso;vallehermoso;Santa Cruz de Tenerife;santa cruz de tenerife;Canarias;Vallehermoso;28.17932967;-17.26651255;179;2949
38051;Victoria de Acentejo, La;victoria de acentejo, la;Santa Cruz de Tenerife;santa cruz de tenerife;Canarias;Victoria de Acentejo, La;28.43430944;-16.46963533;395;9452
38052;Vilaflor de Chasna;vilaflor de chasna;Santa Cruz de Tenerife;santa cruz de tenerife;Canarias;Vilaflor de Chasna;28.15571368;-16.63510545;1364;1932
38053;Villa de Mazo;villa de mazo;Santa Cruz de Tenerife;santa cruz de tenerife;Canarias;Villa de Mazo;28.60612948;-17.7796402;476;5101
38901;Pinar de El Hierro, El;pinar de el hierro, el;Santa Cruz de Tenerife;santa cruz de tenerife;Canarias;Pinar de El Hierro, El;27.70903765;-17.97922115;850;2040
39001;Alfoz de Lloredo;alfoz de lloredo;Cantabria;cantabria;Cantabria;Alfoz de Lloredo;43.37869444;-4.181694444;45;2501
39002;Ampuero;ampuero;Cantabria;cantabria;Cantabria;Ampuero;43.34238889;-3.417416667;12;4513
39003;Anievas;anievas;Cantabria;cantabria;Cantabria;Anievas;43.20261111;-4.007277778;249;281
39004;Arenas de Iguña;arenas de iguna;Cantabria;cantabria;Cantabria;Arenas de Iguña;43.18558333;-4.048805556;176;1737
39005;Argoños;argonos;Cantabria;cantabria;Cantabria;Argoños;43.45563889;-3.493972222;18;1884
39006;Arnuero;arnuero;Cantabria;cantabria;Cantabria;Arnuero;43.47044444;-3.561611111;58;2296
39007;Arredondo;arredondo;Cantabria;cantabria;Cantabria;Arredondo;43.27455556;-3.6015;161;478
39008;Astillero, El;astillero, el;Cantabria;cantabria;Cantabria;Astillero, El;43.40025;-3.819111111;25;18445
39009;Bárcena de Cicero;barcena de cicero;Cantabria;cantabria;Cantabria;Bárcena de Cicero;43.42461111;-3.522916667;10;4924
39010;Bárcena de Pie de Concha;barcena de pie de concha;Cantabria;cantabria;Cantabria;Bárcena de Pie de Concha;43.1255;-4.058111111;294;674
39011;Bareyo;bareyo;Cantabria;cantabria;Cantabria;Bareyo;43.47911111;-3.612027778;49;2134
39012;Cabezón de la Sal;cabezon de la sal;Cantabria;cantabria;Cantabria;Cabezón de la Sal;43.30894444;-4.236861111;129;8329
39013;Cabezón de Liébana;cabezon de liebana;Cantabria;cantabria;Cantabria;Cabezón de Liébana;43.13355556;-4.575305556;366;532
39014;Cabuérniga;cabuerniga;Cantabria;cantabria;Cantabria;Cabuérniga;43.22658333;-4.301472222;252;980
39015;Camaleño;camaleno;Cantabria;cantabria;Cantabria;Camaleño;43.15066667;-4.695527778;419;966
39016;Camargo;camargo;Cantabria;cantabria;Cantabria;Camargo;43.42352778;-3.855083333;46;30557
39017;Campoo de Yuso;campoo de yuso;Cantabria;cantabria;Cantabria;Campoo de Yuso;43.01644444;-4.002555556;855;683
39018;Cartes;cartes;Cantabria;cantabria;Cantabria;Cartes;43.32347614;-4.070093577;37;5866
39019;Castañeda;castaneda;Cantabria;cantabria;Cantabria;Castañeda;43.31019444;-3.93;61;3288
39020;Castro-Urdiales;castro urdiales;Cantabria;cantabria;Cantabria;Castro-Urdiales;43.38375;-3.217666667;7;33392
39021;Cieza;cieza;Cantabria;cantabria;Cantabria;Cieza;43.22105556;-4.096722222;174;527
39022;Cillorigo de Liébana;cillorigo de liebana;Cantabria;cantabria;Cantabria;Cillorigo de Liébana;43.17725;-4.600472222;259;1398
39023;Colindres;colindres;Cantabria;cantabria;Cantabria;Colindres;43.39505556;-3.446888889;7;8571
39024;Comillas;comillas;Cantabria;cantabria;Cantabria;Comillas;43.38527778;-4.291583333;20;2071
39025;Corrales de Buelna, Los;corrales de buelna, los;Cantabria;cantabria;Cantabria;Corrales de Buelna, Los;43.25561111;-4.068305556;97;10950
39026;Corvera de Toranzo;corvera de toranzo;Cantabria;cantabria;Cantabria;Corvera de Toranzo;43.21258333;-3.939277778;162;2202
39027;Campoo de Enmedio;campoo de enmedio;Cantabria;cantabria;Cantabria;Campoo de Enmedio;42.98633333;-4.147305556;855;3725
39028;Entrambasaguas;entrambasaguas;Cantabria;cantabria;Cantabria;Entrambasaguas;43.37905556;-3.683055556;47;5691
39029;Escalante;escalante;Cantabria;cantabria;Cantabria;Escalante;43.43741667;-3.514083333;8;716
39030;Guriezo;guriezo;Cantabria;cantabria;Cantabria;Guriezo;43.34894444;-3.326111111;23;2488
39031;Hazas de Cesto;hazas de cesto;Cantabria;cantabria;Cantabria;Hazas de Cesto;43.41369444;-3.579333333;42;1954
39032;Hermandad de Campoo de Suso;hermandad de campoo de suso;Cantabria;cantabria;Cantabria;Hermandad de Campoo de Suso;43.022;-4.225833333;946;1619
39033;Herrerías;herrerias;Cantabria;cantabria;Cantabria;Herrerías;43.30713889;-4.471222222;76;569
39034;Lamasón;lamason;Cantabria;cantabria;Cantabria;Lamasón;43.25278888;-4.48456253;246;237
39035;Laredo;laredo;Cantabria;cantabria;Cantabria;Laredo;43.40988809;-3.414322157;4;10675
39036;Liendo;liendo;Cantabria;cantabria;Cantabria;Liendo;43.39483333;-3.378277778;30;1218
39037;Liérganes;lierganes;Cantabria;cantabria;Cantabria;Liérganes;43.34494444;-3.745638889;93;2364
39038;Limpias;limpias;Cantabria;cantabria;Cantabria;Limpias;43.36130556;-3.426833333;5;1999
39039;Luena;luena;Cantabria;cantabria;Cantabria;Luena;43.10466667;-3.902277778;376;598
39040;Marina de Cudeyo;marina de cudeyo;Cantabria;cantabria;Cantabria;Marina de Cudeyo;43.41869444;-3.757111111;35;5225
39041;Mazcuerras;mazcuerras;Cantabria;cantabria;Cantabria;Mazcuerras;43.2985805;-4.209254302;140;2065
39042;Medio Cudeyo;medio cudeyo;Cantabria;cantabria;Cantabria;Medio Cudeyo;43.37869444;-3.734444444;76;7764
39043;Meruelo;meruelo;Cantabria;cantabria;Cantabria;Meruelo;43.45667163;-3.57469;24;2312
39044;Miengo;miengo;Cantabria;cantabria;Cantabria;Miengo;43.42727515;-3.992972388;10;5273
39045;Miera;miera;Cantabria;cantabria;Cantabria;Miera;43.27558333;-3.712222222;347;398
39046;Molledo;molledo;Cantabria;cantabria;Cantabria;Molledo;43.1495;-4.041972222;266;1497
39047;Noja;noja;Cantabria;cantabria;Cantabria;Noja;43.47933333;-3.520527778;24;2658
39048;Penagos;penagos;Cantabria;cantabria;Cantabria;Penagos;43.34012611;-3.818859128;112;2259
39049;Peñarrubia;penarrubia;Cantabria;cantabria;Cantabria;Peñarrubia;43.25247735;-4.583742412;422;315
39050;Pesaguero;pesaguero;Cantabria;cantabria;Cantabria;Pesaguero;43.07630556;-4.544083333;559;275
39051;Pesquera;pesquera;Cantabria;cantabria;Cantabria;Pesquera;43.08211111;-4.080444444;616;72
39052;Piélagos;pielagos;Cantabria;cantabria;Cantabria;Piélagos;43.35605556;-3.956583333;37;26859
39053;Polaciones;polaciones;Cantabria;cantabria;Cantabria;Polaciones;43.10052778;-4.414222222;907;210
39054;Polanco;polanco;Cantabria;cantabria;Cantabria;Polanco;43.38469444;-4.018222222;52;6293
39055;Potes;potes;Cantabria;cantabria;Cantabria;Potes;43.15476858;-4.620831959;297;1318
39056;Puente Viesgo;puente viesgo;Cantabria;cantabria;Cantabria;Puente Viesgo;43.29894444;-3.964222222;73;2889
39057;Ramales de la Victoria;ramales de la victoria;Cantabria;cantabria;Cantabria;Ramales de la Victoria;43.25652778;-3.464472222;90;3097
39058;Rasines;rasines;Cantabria;cantabria;Cantabria;Rasines;43.30458333;-3.429055556;91;983
39059;Reinosa;reinosa;Cantabria;cantabria;Cantabria;Reinosa;43.00105556;-4.137972222;849;8548
39060;Reocín;reocin;Cantabria;cantabria;Cantabria;Reocín;43.35969444;-4.08725;31;8396
39061;Ribamontán al Mar;ribamontan al mar;Cantabria;cantabria;Cantabria;Ribamontán al Mar;43.45130556;-3.681055556;56;4611
39062;Ribamontán al Monte;ribamontan al monte;Cantabria;cantabria;Cantabria;Ribamontán al Monte;43.40688889;-3.663305556;49;2535
39063;Rionansa;rionansa;Cantabria;cantabria;Cantabria;Rionansa;43.25544444;-4.405972222;173;1023
39064;Riotuerto;riotuerto;Cantabria;cantabria;Cantabria;Riotuerto;43.34694444;-3.700333333;83;1677
39065;Rozas de Valdearroyo, Las;rozas de valdearroyo, las;Cantabria;cantabria;Cantabria;Rozas de Valdearroyo, Las;42.97322222;-4.029277778;851;258
39066;Ruente;ruente;Cantabria;cantabria;Cantabria;Ruente;43.25908333;-4.267333333;191;1079
39067;Ruesga;ruesga;Cantabria;cantabria;Cantabria;Ruesga;43.28144444;-3.563666667;146;810
39068;Ruiloba;ruiloba;Cantabria;cantabria;Cantabria;Ruiloba;43.38094444;-4.252111111;34;770
39069;San Felices de Buelna;san felices de buelna;Cantabria;cantabria;Cantabria;San Felices de Buelna;43.27466667;-4.050138889;111;2378
39070;San Miguel de Aguayo;san miguel de aguayo;Cantabria;cantabria;Cantabria;San Miguel de Aguayo;43.05644444;-4.024833333;830;165
39071;San Pedro del Romeral;san pedro del romeral;Cantabria;cantabria;Cantabria;San Pedro del Romeral;43.11561111;-3.818694444;748;432
39072;San Roque de Riomiera;san roque de riomiera;Cantabria;cantabria;Cantabria;San Roque de Riomiera;43.23488889;-3.702138889;432;332
39073;Santa Cruz de Bezana;santa cruz de bezana;Cantabria;cantabria;Cantabria;Santa Cruz de Bezana;43.44044444;-3.904722222;44;13886
39074;Santa María de Cayón;santa maria de cayon;Cantabria;cantabria;Cantabria;Santa María de Cayón;43.30961111;-3.852944444;95;9646
39075;Santander;santander;Cantabria;cantabria;Cantabria;Santander;43.46234344;-3.809990345;6;175082
39076;Santillana del Mar;santillana del mar;Cantabria;cantabria;Cantabria;Santillana del Mar;43.39058333;-4.108361111;91;4221
39077;Santiurde de Reinosa;santiurde de reinosa;Cantabria;cantabria;Cantabria;Santiurde de Reinosa;43.05861111;-4.083583333;659;253
39078;Santiurde de Toranzo;santiurde de toranzo;Cantabria;cantabria;Cantabria;Santiurde de Toranzo;43.23852778;-3.941638889;122;1722
39079;Santoña;santona;Cantabria;cantabria;Cantabria;Santoña;43.44486746;-3.456168877;5;10881
39080;San Vicente de la Barquera;san vicente de la barquera;Cantabria;cantabria;Cantabria;San Vicente de la Barquera;43.38438366;-4.401858397;35;3989
39081;Saro;saro;Cantabria;cantabria;Cantabria;Saro;43.26130556;-3.808111111;199;481
39082;Selaya;selaya;Cantabria;cantabria;Cantabria;Selaya;43.21669444;-3.806861111;227;1874
39083;Soba;soba;Cantabria;cantabria;Cantabria;Soba;43.18591667;-3.522138889;343;1055
39084;Solórzano;solorzano;Cantabria;cantabria;Cantabria;Solórzano;43.381;-3.587416667;84;1142
39085;Suances;suances;Cantabria;cantabria;Cantabria;Suances;43.42602778;-4.042;95;9037
39086;Tojos, Los;tojos, los;Cantabria;cantabria;Cantabria;Tojos, Los;43.16669444;-4.272638889;434;370
39087;Torrelavega;torrelavega;Cantabria;cantabria;Cantabria;Torrelavega;43.34911111;-4.050638889;21;51668
39088;Tresviso;tresviso;Cantabria;cantabria;Cantabria;Tresviso;43.25752778;-4.668583333;907;52
39089;Tudanca;tudanca;Cantabria;cantabria;Cantabria;Tudanca;43.16205556;-4.371583333;468;155
39090;Udías;udias;Cantabria;cantabria;Cantabria;Udías;43.33522222;-4.25325;224;960
39091;Valdáliga;valdaliga;Cantabria;cantabria;Cantabria;Valdáliga;43.32922222;-4.350222222;44;2137
39092;Valdeolea;valdeolea;Cantabria;cantabria;Cantabria;Valdeolea;42.87483333;-4.162138889;924;864
39093;Valdeprado del Río;valdeprado del rio;Cantabria;cantabria;Cantabria;Valdeprado del Río;42.90958333;-4.077138889;955;306
39094;Valderredible;valderredible;Cantabria;cantabria;Cantabria;Valderredible;42.80563889;-3.940694444;715;932
39095;Val de San Vicente;val de san vicente;Cantabria;cantabria;Cantabria;Val de San Vicente;43.37469444;-4.487722222;50;2786
39096;Vega de Liébana;vega de liebana;Cantabria;cantabria;Cantabria;Vega de Liébana;43.09944444;-4.647194444;463;675
39097;Vega de Pas;vega de pas;Cantabria;cantabria;Cantabria;Vega de Pas;43.1585;-3.782694444;357;775
39098;Villacarriedo;villacarriedo;Cantabria;cantabria;Cantabria;Villacarriedo;43.22866667;-3.810083333;203;1667
39099;Villaescusa;villaescusa;Cantabria;cantabria;Cantabria;Villaescusa;43.37033333;-3.856638889;35;3970
39100;Villafufre;villafufre;Cantabria;cantabria;Cantabria;Villafufre;43.25925;-3.877583333;297;1020
39101;Valle de Villaverde;valle de villaverde;Cantabria;cantabria;Cantabria;Valle de Villaverde;43.2445862;-3.260853671;195;249
39102;Voto;voto;Cantabria;cantabria;Cantabria;Voto;43.35505556;-3.496944444;30;2960
40001;Abades;abades;Segovia;segovia;Castilla y León;Abades;40.91591991;-4.267283051;971;848
40002;Adrada de Pirón;adrada de piron;Segovia;segovia;Castilla y León;Adrada de Pirón;41.05223736;-4.050803943;1022;39
40003;Adrados;adrados;Segovia;segovia;Castilla y León;Adrados;41.36842906;-4.113027567;880;114
40004;Aguilafuente;aguilafuente;Segovia;segovia;Castilla y León;Aguilafuente;41.22813021;-4.11154352;887;573
40005;Alconada de Maderuelo;alconada de maderuelo;Segovia;segovia;Castilla y León;Alconada de Maderuelo;41.44985862;-3.485367597;949;23
40006;Aldealcorvo;aldealcorvo;Segovia;segovia;Castilla y León;Aldealcorvo;41.24391618;-3.791731603;956;15
40007;Aldealengua de Pedraza;aldealengua de pedraza;Segovia;segovia;Castilla y León;Aldealengua de Pedraza;41.06437171;-3.806291586;1206;79
40008;Aldealengua de Santa María;aldealengua de santa maria;Segovia;segovia;Castilla y León;Aldealengua de Santa María;41.46157715;-3.467628709;943;52
40009;Aldeanueva de la Serrezuela;aldeanueva de la serrezuela;Segovia;segovia;Castilla y León;Aldeanueva de la Serrezuela;41.4599511;-3.779540217;1136;44
40010;Aldeanueva del Codonal;aldeanueva del codonal;Segovia;segovia;Castilla y León;Aldeanueva del Codonal;41.08217898;-4.543737606;857;105
40012;Aldea Real;aldea real;Segovia;segovia;Castilla y León;Aldea Real;41.18550991;-4.165831611;879;274
40013;Aldeasoña;aldeasona;Segovia;segovia;Castilla y León;Aldeasoña;41.47223944;-4.056261381;827;61
40014;Aldehorno;aldehorno;Segovia;segovia;Castilla y León;Aldehorno;41.51278338;-3.777629499;960;64
40015;Aldehuela del Codonal;aldehuela del codonal;Segovia;segovia;Castilla y León;Aldehuela del Codonal;41.05554009;-4.537950566;858;25
40016;Aldeonte;aldeonte;Segovia;segovia;Castilla y León;Aldeonte;41.35055933;-3.67832565;966;55
40017;Anaya;anaya;Segovia;segovia;Castilla y León;Anaya;40.99110723;-4.308107611;893;105
40018;Añe;ane;Segovia;segovia;Castilla y León;Añe;41.03813103;-4.296398366;873;68
40019;Arahuetes;arahuetes;Segovia;segovia;Castilla y León;Arahuetes;41.13764576;-3.856820272;1092;31
40020;Arcones;arcones;Segovia;segovia;Castilla y León;Arcones;41.11808903;-3.724493442;1149;179
40021;Arevalillo de Cega;arevalillo de cega;Segovia;segovia;Castilla y León;Arevalillo de Cega;41.16150816;-3.887698059;1037;18
40022;Armuña;armuna;Segovia;segovia;Castilla y León;Armuña;41.07762206;-4.319551026;904;252
40024;Ayllón;ayllon;Segovia;segovia;Castilla y León;Ayllón;41.41970917;-3.375989568;976;1100
40025;Barbolla;barbolla;Segovia;segovia;Castilla y León;Barbolla;41.32556535;-3.67311017;941;142
40026;Basardilla;basardilla;Segovia;segovia;Castilla y León;Basardilla;41.02680325;-4.025543457;1089;137
40028;Bercial;bercial;Segovia;segovia;Castilla y León;Bercial;40.90683823;-4.43670596;970;100
40029;Bercimuel;bercimuel;Segovia;segovia;Castilla y León;Bercimuel;41.39919923;-3.570832907;966;34
40030;Bernardos;bernardos;Segovia;segovia;Castilla y León;Bernardos;41.12792349;-4.350605217;899;462
40031;Bernuy de Porreros;bernuy de porreros;Segovia;segovia;Castilla y León;Bernuy de Porreros;41.00005339;-4.116917874;1016;1343
40032;Boceguillas;boceguillas;Segovia;segovia;Castilla y León;Boceguillas;41.33718449;-3.638654374;957;746
40033;Brieva;brieva;Segovia;segovia;Castilla y León;Brieva;41.03461331;-4.053192913;1088;97
40034;Caballar;caballar;Segovia;segovia;Castilla y León;Caballar;41.12133934;-3.96505981;1002;78
40035;Cabañas de Polendos;cabanas de polendos;Segovia;segovia;Castilla y León;Cabañas de Polendos;41.06715151;-4.109996499;939;203
40036;Cabezuela;cabezuela;Segovia;segovia;Castilla y León;Cabezuela;41.23552682;-3.932808456;953;655
40037;Calabazas de Fuentidueña;calabazas de fuentiduena;Segovia;segovia;Castilla y León;Calabazas de Fuentidueña;41.44503046;-4.010425973;908;23
40039;Campo de San Pedro;campo de san pedro;Segovia;segovia;Castilla y León;Campo de San Pedro;41.429234;-3.545232523;968;256
40040;Cantalejo;cantalejo;Segovia;segovia;Castilla y León;Cantalejo;41.25849578;-3.92770125;963;3615
40041;Cantimpalos;cantimpalos;Segovia;segovia;Castilla y León;Cantimpalos;41.07418732;-4.158743598;906;1527
40043;Carbonero el Mayor;carbonero el mayor;Segovia;segovia;Castilla y León;Carbonero el Mayor;41.12234161;-4.265942705;916;2461
40044;Carrascal del Río;carrascal del rio;Segovia;segovia;Castilla y León;Carrascal del Río;41.36747835;-3.897070868;856;142
40045;Casla;casla;Segovia;segovia;Castilla y León;Casla;41.16395894;-3.65767617;1079;156
40046;Castillejo de Mesleón;castillejo de mesleon;Segovia;segovia;Castilla y León;Castillejo de Mesleón;41.28037093;-3.600899946;1009;122
40047;Castro de Fuentidueña;castro de fuentiduena;Segovia;segovia;Castilla y León;Castro de Fuentidueña;41.42028905;-3.855133081;1094;41
40048;Castrojimeno;castrojimeno;Segovia;segovia;Castilla y León;Castrojimeno;41.39573411;-3.847642587;1068;27
40049;Castroserna de Abajo;castroserna de abajo;Segovia;segovia;Castilla y León;Castroserna de Abajo;41.20811826;-3.734938257;983;31
40051;Castroserracín;castroserracin;Segovia;segovia;Castilla y León;Castroserracín;41.39385568;-3.802308863;1132;24
40052;Cedillo de la Torre;cedillo de la torre;Segovia;segovia;Castilla y León;Cedillo de la Torre;41.42485423;-3.605344882;1021;80
40053;Cerezo de Abajo;cerezo de abajo;Segovia;segovia;Castilla y León;Cerezo de Abajo;41.21807363;-3.592213206;1038;152
40054;Cerezo de Arriba;cerezo de arriba;Segovia;segovia;Castilla y León;Cerezo de Arriba;41.23770292;-3.55777167;1128;119
40055;Cilleruelo de San Mamés;cilleruelo de san mames;Segovia;segovia;Castilla y León;Cilleruelo de San Mamés;41.43217681;-3.566700104;986;41
40056;Cobos de Fuentidueña;cobos de fuentiduena;Segovia;segovia;Castilla y León;Cobos de Fuentidueña;41.3828389;-3.928011397;835;25
40057;Coca;coca;Segovia;segovia;Castilla y León;Coca;41.21801372;-4.522726261;786;1710
40058;Codorniz;codorniz;Segovia;segovia;Castilla y León;Codorniz;41.06704816;-4.599377279;888;294
40059;Collado Hermoso;collado hermoso;Segovia;segovia;Castilla y León;Collado Hermoso;41.03860976;-3.919091384;1218;115
40060;Condado de Castilnovo;condado de castilnovo;Segovia;segovia;Castilla y León;Condado de Castilnovo;41.24152232;-3.742623144;999;73
40061;Corral de Ayllón;corral de ayllon;Segovia;segovia;Castilla y León;Corral de Ayllón;41.39129815;-3.459617954;1024;75
40062;Cubillo;cubillo;Segovia;segovia;Castilla y León;Cubillo;41.12341874;-3.909364429;1052;74
40063;Cuéllar;cuellar;Segovia;segovia;Castilla y León;Cuéllar;41.40061163;-4.313844696;847;9451
40065;Chañe;chane;Segovia;segovia;Castilla y León;Chañe;41.33746834;-4.428668887;765;766
40068;Domingo García;domingo garcia;Segovia;segovia;Castilla y León;Domingo García;41.11593241;-4.37903404;891;28
40069;Donhierro;donhierro;Segovia;segovia;Castilla y León;Donhierro;41.11600612;-4.695876459;802;73
40070;Duruelo;duruelo;Segovia;segovia;Castilla y León;Duruelo;41.2369162;-3.648950189;1003;172
40071;Encinas;encinas;Segovia;segovia;Castilla y León;Encinas;41.37489268;-3.667154686;1007;39
40072;Encinillas;encinillas;Segovia;segovia;Castilla y León;Encinillas;41.01783921;-4.157609264;946;363
40073;Escalona del Prado;escalona del prado;Segovia;segovia;Castilla y León;Escalona del Prado;41.16651803;-4.123160956;890;474
40074;Escarabajosa de Cabezas;escarabajosa de cabezas;Segovia;segovia;Castilla y León;Escarabajosa de Cabezas;41.10425774;-4.19443456;884;272
40075;Escobar de Polendos;escobar de polendos;Segovia;segovia;Castilla y León;Escobar de Polendos;41.09073828;-4.131112361;903;172
40076;Espinar, El;espinar, el;Segovia;segovia;Castilla y León;Espinar, El;40.71863032;-4.247460396;1190;10410
40077;Espirdo;espirdo;Segovia;segovia;Castilla y León;Espirdo;40.99719054;-4.073359856;1066;1622
40078;Fresneda de Cuéllar;fresneda de cuellar;Segovia;segovia;Castilla y León;Fresneda de Cuéllar;41.31855187;-4.450002612;764;161
40079;Fresno de Cantespino;fresno de cantespino;Segovia;segovia;Castilla y León;Fresno de Cantespino;41.36877723;-3.499352929;1029;290
40080;Fresno de la Fuente;fresno de la fuente;Segovia;segovia;Castilla y León;Fresno de la Fuente;41.39227505;-3.644084601;1036;80
40081;Frumales;frumales;Segovia;segovia;Castilla y León;Frumales;41.38382011;-4.186671642;818;121
40082;Fuente de Santa Cruz;fuente de santa cruz;Segovia;segovia;Castilla y León;Fuente de Santa Cruz;41.2091212;-4.635298543;832;105
40083;Fuente el Olmo de Fuentidueña;fuente el olmo de fuentiduena;Segovia;segovia;Castilla y León;Fuente el Olmo de Fuentidueña;41.38014545;-4.000822175;848;393
40084;Fuente el Olmo de Íscar;fuente el olmo de iscar;Segovia;segovia;Castilla y León;Fuente el Olmo de Íscar;41.27963851;-4.494369284;778;51
40086;Fuentepelayo;fuentepelayo;Segovia;segovia;Castilla y León;Fuentepelayo;41.22167142;-4.17635691;864;763
40087;Fuentepiñel;fuentepinel;Segovia;segovia;Castilla y León;Fuentepiñel;41.39998324;-4.042436312;884;64
40088;Fuenterrebollo;fuenterrebollo;Segovia;segovia;Castilla y León;Fuenterrebollo;41.29670495;-3.9326596;926;310
40089;Fuentesaúco de Fuentidueña;fuentesauco de fuentiduena;Segovia;segovia;Castilla y León;Fuentesaúco de Fuentidueña;41.42444236;-4.061883046;892;219
40091;Fuentesoto;fuentesoto;Segovia;segovia;Castilla y León;Fuentesoto;41.45619221;-3.917919448;934;96
40092;Fuentidueña;fuentiduena;Segovia;segovia;Castilla y León;Fuentidueña;41.44208438;-3.978863355;839;126
40093;Gallegos;gallegos;Segovia;segovia;Castilla y León;Gallegos;41.07358196;-3.786805979;1234;96
40094;Garcillán;garcillan;Segovia;segovia;Castilla y León;Garcillán;40.97772884;-4.265911769;915;513
40095;Gomezserracín;gomezserracin;Segovia;segovia;Castilla y León;Gomezserracín;41.28858529;-4.326541587;802;611
40097;Grajera;grajera;Segovia;segovia;Castilla y León;Grajera;41.37262796;-3.612484245;1009;253
40099;Honrubia de la Cuesta;honrubia de la cuesta;Segovia;segovia;Castilla y León;Honrubia de la Cuesta;41.51040587;-3.704735889;994;49
40100;Hontalbilla;hontalbilla;Segovia;segovia;Castilla y León;Hontalbilla;41.34610581;-4.122557369;888;276
40101;Hontanares de Eresma;hontanares de eresma;Segovia;segovia;Castilla y León;Hontanares de Eresma;40.98254522;-4.203880447;879;1678
40103;Huertos, Los;huertos, los;Segovia;segovia;Castilla y León;Huertos, Los;41.01025641;-4.218850612;877;174
40104;Ituero y Lama;ituero y lama;Segovia;segovia;Castilla y León;Ituero y Lama;40.80012203;-4.378291593;1002;492
40105;Juarros de Riomoros;juarros de riomoros;Segovia;segovia;Castilla y León;Juarros de Riomoros;40.94628345;-4.308825248;916;57
40106;Juarros de Voltoya;juarros de voltoya;Segovia;segovia;Castilla y León;Juarros de Voltoya;41.03074042;-4.519775923;852;187
40107;Labajos;labajos;Segovia;segovia;Castilla y León;Labajos;40.84317196;-4.518889224;1062;105
40108;Laguna de Contreras;laguna de contreras;Segovia;segovia;Castilla y León;Laguna de Contreras;41.49433327;-4.027959151;792;110
40109;Languilla;languilla;Segovia;segovia;Castilla y León;Languilla;41.44930324;-3.423274312;957;83
40110;Lastras de Cuéllar;lastras de cuellar;Segovia;segovia;Castilla y León;Lastras de Cuéllar;41.29741125;-4.107294137;900;298
40111;Lastras del Pozo;lastras del pozo;Segovia;segovia;Castilla y León;Lastras del Pozo;40.87912812;-4.346149111;968;55
40112;Lastrilla, La;lastrilla, la;Segovia;segovia;Castilla y León;Lastrilla, La;40.96853672;-4.102970979;1063;4770
40113;Losa, La;losa, la;Segovia;segovia;Castilla y León;Losa, La;40.85314521;-4.16406292;1091;541
40115;Maderuelo;maderuelo;Segovia;segovia;Castilla y León;Maderuelo;41.48662497;-3.521547081;954;101
40118;Marazuela;marazuela;Segovia;segovia;Castilla y León;Marazuela;40.97900168;-4.365725427;909;58
40119;Martín Miguel;martin miguel;Segovia;segovia;Castilla y León;Martín Miguel;40.95069873;-4.273007813;918;279
40120;Martín Muñoz de la Dehesa;martin munoz de la dehesa;Segovia;segovia;Castilla y León;Martín Muñoz de la Dehesa;41.0650749;-4.685144684;834;307
40121;Martín Muñoz de las Posadas;martin munoz de las posadas;Segovia;segovia;Castilla y León;Martín Muñoz de las Posadas;40.9956963;-4.59621689;893;259
40122;Marugán;marugan;Segovia;segovia;Castilla y León;Marugán;40.89669634;-4.384315835;957;774
40123;Matabuena;matabuena;Segovia;segovia;Castilla y León;Matabuena;41.09593803;-3.758722595;1148;207
40124;Mata de Cuéllar;mata de cuellar;Segovia;segovia;Castilla y León;Mata de Cuéllar;41.39603102;-4.46963549;752;261
40125;Matilla, La;matilla, la;Segovia;segovia;Castilla y León;Matilla, La;41.19172899;-3.795015049;1081;72
40126;Melque de Cercos;melque de cercos;Segovia;segovia;Castilla y León;Melque de Cercos;41.0511423;-4.469503852;858;57
40127;Membibre de la Hoz;membibre de la hoz;Segovia;segovia;Castilla y León;Membibre de la Hoz;41.44842907;-4.096860963;867;42
40128;Migueláñez;miguelanez;Segovia;segovia;Castilla y León;Migueláñez;41.12177994;-4.363899996;886;137
40129;Montejo de Arévalo;montejo de arevalo;Segovia;segovia;Castilla y León;Montejo de Arévalo;41.14047356;-4.664538533;801;157
40130;Montejo de la Vega de la Serrezuela;montejo de la vega de la serrezuela;Segovia;segovia;Castilla y León;Montejo de la Vega de la Serrezuela;41.54866706;-3.652257298;864;122
40131;Monterrubio;monterrubio;Segovia;segovia;Castilla y León;Monterrubio;40.84919819;-4.350137803;939;51
40132;Moral de Hornuez;moral de hornuez;Segovia;segovia;Castilla y León;Moral de Hornuez;41.46414087;-3.616367876;1097;37
40134;Mozoncillo;mozoncillo;Segovia;segovia;Castilla y León;Mozoncillo;41.14662109;-4.186532468;853;914
40135;Muñopedro;munopedro;Segovia;segovia;Castilla y León;Muñopedro;40.88778679;-4.472485587;1020;296
40136;Muñoveros;munoveros;Segovia;segovia;Castilla y León;Muñoveros;41.17254606;-3.951660694;958;145
40138;Nava de la Asunción;nava de la asuncion;Segovia;segovia;Castilla y León;Nava de la Asunción;41.15615619;-4.488465451;802;2787
40139;Navafría;navafria;Segovia;segovia;Castilla y León;Navafría;41.05477605;-3.824857606;1200;283
40140;Navalilla;navalilla;Segovia;segovia;Castilla y León;Navalilla;41.34057184;-3.93234723;901;90
40141;Navalmanzano;navalmanzano;Segovia;segovia;Castilla y León;Navalmanzano;41.21471748;-4.256564987;835;1047
40142;Navares de Ayuso;navares de ayuso;Segovia;segovia;Castilla y León;Navares de Ayuso;41.37480338;-3.708555706;1015;62
40143;Navares de Enmedio;navares de enmedio;Segovia;segovia;Castilla y León;Navares de Enmedio;41.38089915;-3.722023623;1039;90
40144;Navares de las Cuevas;navares de las cuevas;Segovia;segovia;Castilla y León;Navares de las Cuevas;41.41366251;-3.750359802;1109;22
40145;Navas de Oro;navas de oro;Segovia;segovia;Castilla y León;Navas de Oro;41.19515334;-4.438665423;805;1302
40146;Navas de San Antonio;navas de san antonio;Segovia;segovia;Castilla y León;Navas de San Antonio;40.76121227;-4.329826907;1158;385
40148;Nieva;nieva;Segovia;segovia;Castilla y León;Nieva;41.08064603;-4.425864093;838;258
40149;Olombrada;olombrada;Segovia;segovia;Castilla y León;Olombrada;41.41547933;-4.160713995;869;490
40150;Orejana;orejana;Segovia;segovia;Castilla y León;Orejana;41.16410518;-3.779113139;1069;61
40151;Ortigosa de Pestaño;ortigosa de pestano;Segovia;segovia;Castilla y León;Ortigosa de Pestaño;41.0872978;-4.394457106;859;51
40152;Otero de Herreros;otero de herreros;Segovia;segovia;Castilla y León;Otero de Herreros;40.82004354;-4.208957755;1137;986
40154;Pajarejos;pajarejos;Segovia;segovia;Castilla y León;Pajarejos;41.39070982;-3.589648792;987;22
40155;Palazuelos de Eresma;palazuelos de eresma;Segovia;segovia;Castilla y León;Palazuelos de Eresma;40.93095248;-4.059633563;1082;6114
40156;Pedraza;pedraza;Segovia;segovia;Castilla y León;Pedraza;41.13053023;-3.810986608;1066;334
40157;Pelayos del Arroyo;pelayos del arroyo;Segovia;segovia;Castilla y León;Pelayos del Arroyo;41.05131633;-3.941089999;1141;45
40158;Perosillo;perosillo;Segovia;segovia;Castilla y León;Perosillo;41.3922139;-4.141150746;829;23
40159;Pinarejos;pinarejos;Segovia;segovia;Castilla y León;Pinarejos;41.25978767;-4.294175244;818;205
40160;Pinarnegrillo;pinarnegrillo;Segovia;segovia;Castilla y León;Pinarnegrillo;41.1910702;-4.208490143;854;97
40161;Carabias;carabias;Segovia;segovia;Castilla y León;Carabias;41.44249009;-3.676437934;1129;57
40162;Prádena;pradena;Segovia;segovia;Castilla y León;Prádena;41.1402932;-3.688598803;1118;468
40163;Puebla de Pedraza;puebla de pedraza;Segovia;segovia;Castilla y León;Puebla de Pedraza;41.20483239;-3.913556408;953;56
40164;Rapariegos;rapariegos;Segovia;segovia;Castilla y León;Rapariegos;41.0946331;-4.653260578;854;186
40165;Rebollo;rebollo;Segovia;segovia;Castilla y León;Rebollo;41.19270214;-3.856605339;985;70
40166;Remondo;remondo;Segovia;segovia;Castilla y León;Remondo;41.34104634;-4.483627558;755;327
40168;Riaguas de San Bartolomé;riaguas de san bartolome;Segovia;segovia;Castilla y León;Riaguas de San Bartolomé;41.42572133;-3.487914715;932;28
40170;Riaza;riaza;Segovia;segovia;Castilla y León;Riaza;41.27965614;-3.477325976;1188;2131
40171;Ribota;ribota;Segovia;segovia;Castilla y León;Ribota;41.36478485;-3.42843345;1027;40
40172;Riofrío de Riaza;riofrio de riaza;Segovia;segovia;Castilla y León;Riofrío de Riaza;41.24691587;-3.449954422;1318;29
40173;Roda de Eresma;roda de eresma;Segovia;segovia;Castilla y León;Roda de Eresma;41.02822384;-4.181044867;931;260
40174;Sacramenia;sacramenia;Segovia;segovia;Castilla y León;Sacramenia;41.49469946;-3.963966195;836;334
40176;Samboal;samboal;Segovia;segovia;Castilla y León;Samboal;41.25957792;-4.418001402;793;459
40177;San Cristóbal de Cuéllar;san cristobal de cuellar;Segovia;segovia;Castilla y León;San Cristóbal de Cuéllar;41.4051173;-4.403900775;801;161
40178;San Cristóbal de la Vega;san cristobal de la vega;Segovia;segovia;Castilla y León;San Cristóbal de la Vega;41.11104318;-4.645701097;851;81
40179;Sanchonuño;sanchonuno;Segovia;segovia;Castilla y León;Sanchonuño;41.32315995;-4.306062682;802;1046
40180;Sangarcía;sangarcia;Segovia;segovia;Castilla y León;Sangarcía;40.94745549;-4.414774382;943;280
40181;Real Sitio de San Ildefonso;real sitio de san ildefonso;Segovia;segovia;Castilla y León;Real Sitio de San Ildefonso;40.90081636;-4.005215407;1166;5206
40182;San Martín y Mudrián;san martin y mudrian;Segovia;segovia;Castilla y León;San Martín y Mudrián;41.22317417;-4.332386864;816;260
40183;San Miguel de Bernuy;san miguel de bernuy;Segovia;segovia;Castilla y León;San Miguel de Bernuy;41.39964708;-3.952065535;843;120
40184;San Pedro de Gaíllos;san pedro de gaillos;Segovia;segovia;Castilla y León;San Pedro de Gaíllos;41.22653825;-3.80973096;989;314
40185;Santa María la Real de Nieva;santa maria la real de nieva;Segovia;segovia;Castilla y León;Santa María la Real de Nieva;41.07048009;-4.406510433;901;910
40186;Santa Marta del Cerro;santa marta del cerro;Segovia;segovia;Castilla y León;Santa Marta del Cerro;41.21856811;-3.685426557;1025;45
40188;Santiuste de Pedraza;santiuste de pedraza;Segovia;segovia;Castilla y León;Santiuste de Pedraza;41.09024938;-3.88587239;1104;81
40189;Santiuste de San Juan Bautista;santiuste de san juan bautista;Segovia;segovia;Castilla y León;Santiuste de San Juan Bautista;41.15701245;-4.572234962;820;534
40190;Santo Domingo de Pirón;santo domingo de piron;Segovia;segovia;Castilla y León;Santo Domingo de Pirón;41.04164085;-3.990211191;1081;51
40191;Santo Tomé del Puerto;santo tome del puerto;Segovia;segovia;Castilla y León;Santo Tomé del Puerto;41.19381537;-3.57664946;1133;232
40192;Sauquillo de Cabezas;sauquillo de cabezas;Segovia;segovia;Castilla y León;Sauquillo de Cabezas;41.19446153;-4.067354864;906;134
40193;Sebúlcor;sebulcor;Segovia;segovia;Castilla y León;Sebúlcor;41.27121039;-3.884275485;937;242
40194;Segovia;segovia;Segovia;segovia;Castilla y León;Segovia;40.95056392;-4.1242287;1002;52189
40195;Sepúlveda;sepulveda;Segovia;segovia;Castilla y León;Sepúlveda;41.29701705;-3.749045398;970;977
40196;Sequera de Fresno;sequera de fresno;Segovia;segovia;Castilla y León;Sequera de Fresno;41.36706439;-3.546946506;1000;39
40198;Sotillo;sotillo;Segovia;segovia;Castilla y León;Sotillo;41.25840147;-3.637204693;982;30
40199;Sotosalbos;sotosalbos;Segovia;segovia;Castilla y León;Sotosalbos;41.03513692;-3.942405772;1159;130
40200;Tabanera la Luenga;tabanera la luenga;Segovia;segovia;Castilla y León;Tabanera la Luenga;41.09639825;-4.237777118;904;55
40201;Tolocirio;tolocirio;Segovia;segovia;Castilla y León;Tolocirio;41.13378284;-4.650535575;809;37
40202;Torreadrada;torreadrada;Segovia;segovia;Castilla y León;Torreadrada;41.44435822;-3.839968073;1080;53
40203;Torrecaballeros;torrecaballeros;Segovia;segovia;Castilla y León;Torrecaballeros;40.99242082;-4.024114294;1154;1497
40204;Torrecilla del Pinar;torrecilla del pinar;Segovia;segovia;Castilla y León;Torrecilla del Pinar;41.37430815;-4.039206978;869;190
40205;Torreiglesias;torreiglesias;Segovia;segovia;Castilla y León;Torreiglesias;41.10181018;-4.032005258;1020;257
40206;Torre Val de San Pedro;torre val de san pedro;Segovia;segovia;Castilla y León;Torre Val de San Pedro;41.0730814;-3.870787442;1118;165
40207;Trescasas;trescasas;Segovia;segovia;Castilla y León;Trescasas;40.95848962;-4.037848295;1128;1127
40208;Turégano;turegano;Segovia;segovia;Castilla y León;Turégano;41.15641937;-4.005628195;934;1005
40210;Urueñas;uruenas;Segovia;segovia;Castilla y León;Urueñas;41.35724654;-3.77368943;1050;105
40211;Valdeprados;valdeprados;Segovia;segovia;Castilla y León;Valdeprados;40.81742079;-4.257055209;985;63
40212;Valdevacas de Montejo;valdevacas de montejo;Segovia;segovia;Castilla y León;Valdevacas de Montejo;41.52087352;-3.634914333;1112;28
40213;Valdevacas y Guijar;valdevacas y guijar;Segovia;segovia;Castilla y León;Valdevacas y Guijar;41.14583725;-3.911253032;1025;84
40214;Valseca;valseca;Segovia;segovia;Castilla y León;Valseca;41.00012384;-4.175163741;943;208
40215;Valtiendas;valtiendas;Segovia;segovia;Castilla y León;Valtiendas;41.47803907;-3.917341922;914;75
40216;Valverde del Majano;valverde del majano;Segovia;segovia;Castilla y León;Valverde del Majano;40.95676735;-4.23491708;921;1101
40218;Valle de Tabladillo;valle de tabladillo;Segovia;segovia;Castilla y León;Valle de Tabladillo;41.36275803;-3.839937665;935;79
40219;Vallelado;vallelado;Segovia;segovia;Castilla y León;Vallelado;41.40469911;-4.427265389;774;745
40220;Valleruela de Pedraza;valleruela de pedraza;Segovia;segovia;Castilla y León;Valleruela de Pedraza;41.17840119;-3.805926059;1071;61
40221;Valleruela de Sepúlveda;valleruela de sepulveda;Segovia;segovia;Castilla y León;Valleruela de Sepúlveda;41.18988917;-3.773424208;1091;48
40222;Veganzones;veganzones;Segovia;segovia;Castilla y León;Veganzones;41.19292109;-3.992934173;915;211
40223;Vegas de Matute;vegas de matute;Segovia;segovia;Castilla y León;Vegas de Matute;40.79539461;-4.27775939;1017;373
40224;Ventosilla y Tejadilla;ventosilla y tejadilla;Segovia;segovia;Castilla y León;Ventosilla y Tejadilla;41.18148042;-3.69441086;1128;17
40225;Villacastín;villacastin;Segovia;segovia;Castilla y León;Villacastín;40.78051735;-4.413708474;1095;1559
40228;Villaverde de Íscar;villaverde de iscar;Segovia;segovia;Castilla y León;Villaverde de Íscar;41.30749043;-4.526303741;761;579
40229;Villaverde de Montejo;villaverde de montejo;Segovia;segovia;Castilla y León;Villaverde de Montejo;41.5224456;-3.654425369;1047;22
40230;Villeguillo;villeguillo;Segovia;segovia;Castilla y León;Villeguillo;41.25208509;-4.578563998;769;129
40231;Yanguas de Eresma;yanguas de eresma;Segovia;segovia;Castilla y León;Yanguas de Eresma;41.0716528;-4.238660665;895;126
40233;Zarzuela del Monte;zarzuela del monte;Segovia;segovia;Castilla y León;Zarzuela del Monte;40.80908945;-4.336546988;1003;507
40234;Zarzuela del Pinar;zarzuela del pinar;Segovia;segovia;Castilla y León;Zarzuela del Pinar;41.25993525;-4.184126574;876;408
40901;Ortigosa del Monte;ortigosa del monte;Segovia;segovia;Castilla y León;Ortigosa del Monte;40.84255509;-4.175573512;1102;609
40902;Cozuelos de Fuentidueña;cozuelos de fuentiduena;Segovia;segovia;Castilla y León;Cozuelos de Fuentidueña;41.39171807;-4.095615838;872;102
40903;Marazoleja;marazoleja;Segovia;segovia;Castilla y León;Marazoleja;40.96197093;-4.338472879;912;97
40904;Navas de Riofrío;navas de riofrio;Segovia;segovia;Castilla y León;Navas de Riofrío;40.86842626;-4.136139796;1103;435
40905;Cuevas de Provanco;cuevas de provanco;Segovia;segovia;Castilla y León;Cuevas de Provanco;41.54209901;-3.962152718;866;130
40906;San Cristóbal de Segovia;san cristobal de segovia;Segovia;segovia;Castilla y León;San Cristóbal de Segovia;40.95280442;-4.078509229;1071;3154
41001;Aguadulce;aguadulce;Sevilla;sevilla;Andalucía;Aguadulce;37.2526978;-4.991368556;268;2107
41002;Alanís;alanis;Sevilla;sevilla;Andalucía;Alanís;38.03772726;-5.715160826;668;1639
41003;Albaida del Aljarafe;albaida del aljarafe;Sevilla;sevilla;Andalucía;Albaida del Aljarafe;37.42699642;-6.16598395;162;3221
41004;Alcalá de Guadaíra;alcala de guadaira;Sevilla;sevilla;Andalucía;Alcalá de Guadaíra;37.33380173;-5.84924836;35;77718
41005;Alcalá del Río;alcala del rio;Sevilla;sevilla;Andalucía;Alcalá del Río;37.51808938;-5.978563337;30;12353
41006;Alcolea del Río;alcolea del rio;Sevilla;sevilla;Andalucía;Alcolea del Río;37.61430176;-5.668812153;30;3266
41007;Algaba, La;algaba, la;Sevilla;sevilla;Andalucía;Algaba, La;37.46187328;-6.013974642;10;16862
41008;Algámitas;algamitas;Sevilla;sevilla;Andalucía;Algámitas;37.01554009;-5.149417027;418;1260
41009;Almadén de la Plata;almaden de la plata;Sevilla;sevilla;Andalucía;Almadén de la Plata;37.87352387;-6.079927692;453;1329
41010;Almensilla;almensilla;Sevilla;sevilla;Andalucía;Almensilla;37.30918537;-6.113866044;44;6670
41011;Arahal;arahal;Sevilla;sevilla;Andalucía;Arahal;37.26248673;-5.545295634;113;19558
41012;Aznalcázar;aznalcazar;Sevilla;sevilla;Andalucía;Aznalcázar;37.30349976;-6.251211967;64;4931
41013;Aznalcóllar;aznalcollar;Sevilla;sevilla;Andalucía;Aznalcóllar;37.52351234;-6.269614271;137;6106
41014;Badolatosa;badolatosa;Sevilla;sevilla;Andalucía;Badolatosa;37.30878777;-4.672949655;219;3074
41015;Benacazón;benacazon;Sevilla;sevilla;Andalucía;Benacazón;37.35337428;-6.19881006;119;7403
41016;Bollullos de la Mitación;bollullos de la mitacion;Sevilla;sevilla;Andalucía;Bollullos de la Mitación;37.34055109;-6.138799672;89;11443
41017;Bormujos;bormujos;Sevilla;sevilla;Andalucía;Bormujos;37.37226896;-6.071117419;104;23086
41018;Brenes;brenes;Sevilla;sevilla;Andalucía;Brenes;37.5507922;-5.872869088;19;12931
41019;Burguillos;burguillos;Sevilla;sevilla;Andalucía;Burguillos;37.58588291;-5.967550265;79;7505
41020;Cabezas de San Juan, Las;cabezas de san juan, las;Sevilla;sevilla;Andalucía;Cabezas de San Juan, Las;36.98160806;-5.940107107;70;16393
41021;Camas;camas;Sevilla;sevilla;Andalucía;Camas;37.40088564;-6.032904746;9;29191
41022;Campana, La;campana, la;Sevilla;sevilla;Andalucía;Campana, La;37.56705517;-5.429322022;137;5120
41023;Cantillana;cantillana;Sevilla;sevilla;Andalucía;Cantillana;37.60870443;-5.825876608;28;10768
41024;Carmona;carmona;Sevilla;sevilla;Andalucía;Carmona;37.472373;-5.638051;235;30408
41025;Carrión de los Céspedes;carrion de los cespedes;Sevilla;sevilla;Andalucía;Carrión de los Céspedes;37.36852749;-6.328950173;99;2638
41026;Casariche;casariche;Sevilla;sevilla;Andalucía;Casariche;37.294489;-4.759842736;302;5288
41027;Castilblanco de los Arroyos;castilblanco de los arroyos;Sevilla;sevilla;Andalucía;Castilblanco de los Arroyos;37.67489782;-5.990089988;327;5191
41028;Castilleja de Guzmán;castilleja de guzman;Sevilla;sevilla;Andalucía;Castilleja de Guzmán;37.40903045;-6.058081662;132;2846
41029;Castilleja de la Cuesta;castilleja de la cuesta;Sevilla;sevilla;Andalucía;Castilleja de la Cuesta;37.38696724;-6.052286751;100;17068
41030;Castilleja del Campo;castilleja del campo;Sevilla;sevilla;Andalucía;Castilleja del Campo;37.3858732;-6.334421208;114;614
41031;Castillo de las Guardas, El;castillo de las guardas, el;Sevilla;sevilla;Andalucía;Castillo de las Guardas, El;37.69173974;-6.314299772;348;1505
41032;Cazalla de la Sierra;cazalla de la sierra;Sevilla;sevilla;Andalucía;Cazalla de la Sierra;37.92961102;-5.760723727;585;4637
41033;Constantina;constantina;Sevilla;sevilla;Andalucía;Constantina;37.87249094;-5.618831471;565;5740
41034;Coria del Río;coria del rio;Sevilla;sevilla;Andalucía;Coria del Río;37.28514415;-6.051569001;7;31292
41035;Coripe;coripe;Sevilla;sevilla;Andalucía;Coripe;36.97033892;-5.440917169;324;1219
41036;Coronil, El;coronil, el;Sevilla;sevilla;Andalucía;Coronil, El;37.08215115;-5.633530821;133;4652
41037;Corrales, Los;corrales, los;Sevilla;sevilla;Andalucía;Corrales, Los;37.09705638;-4.983130258;384;4011
41038;Dos Hermanas;dos hermanas;Sevilla;sevilla;Andalucía;Dos Hermanas;37.2837513;-5.922343339;41;142463
41039;Écija;ecija;Sevilla;sevilla;Andalucía;Écija;37.54180859;-5.079666029;102;39797
41040;Espartinas;espartinas;Sevilla;sevilla;Andalucía;Espartinas;37.38017427;-6.122958449;127;16574
41041;Estepa;estepa;Sevilla;sevilla;Andalucía;Estepa;37.29168484;-4.87810442;529;12437
41042;Fuentes de Andalucía;fuentes de andalucia;Sevilla;sevilla;Andalucía;Fuentes de Andalucía;37.4622329;-5.348143843;179;7250
41043;Garrobo, El;garrobo, el;Sevilla;sevilla;Andalucía;Garrobo, El;37.62541184;-6.172541156;267;802
41044;Gelves;gelves;Sevilla;sevilla;Andalucía;Gelves;37.33403751;-6.026017546;5;10558
41045;Gerena;gerena;Sevilla;sevilla;Andalucía;Gerena;37.52544503;-6.157710338;94;7968
41046;Gilena;gilena;Sevilla;sevilla;Andalucía;Gilena;37.2512202;-4.913327755;464;3655
41047;Gines;gines;Sevilla;sevilla;Andalucía;Gines;37.38713142;-6.077993103;120;13660
41048;Guadalcanal;guadalcanal;Sevilla;sevilla;Andalucía;Guadalcanal;38.09208868;-5.82072492;662;2548
41049;Guillena;guillena;Sevilla;sevilla;Andalucía;Guillena;37.53930357;-6.052131509;21;14251
41050;Herrera;herrera;Sevilla;sevilla;Andalucía;Herrera;37.36468135;-4.850392054;247;6584
41051;Huévar del Aljarafe;huevar del aljarafe;Sevilla;sevilla;Andalucía;Huévar del Aljarafe;37.35306831;-6.279015558;81;3406
41052;Lantejuela;lantejuela;Sevilla;sevilla;Andalucía;Lantejuela;37.35376713;-5.222740682;149;3862
41053;Lebrija;lebrija;Sevilla;sevilla;Andalucía;Lebrija;36.91966894;-6.078611536;29;27767
41054;Lora de Estepa;lora de estepa;Sevilla;sevilla;Andalucía;Lora de Estepa;37.2685412;-4.827871386;442;889
41055;Lora del Río;lora del rio;Sevilla;sevilla;Andalucía;Lora del Río;37.65451581;-5.530827669;39;18215
41056;Luisiana, La;luisiana, la;Sevilla;sevilla;Andalucía;Luisiana, La;37.52634759;-5.248580158;165;4620
41057;Madroño, El;madrono, el;Sevilla;sevilla;Andalucía;Madroño, El;37.64572464;-6.512095149;356;288
41058;Mairena del Alcor;mairena del alcor;Sevilla;sevilla;Andalucía;Mairena del Alcor;37.37316554;-5.747741625;127;24354
41059;Mairena del Aljarafe;mairena del aljarafe;Sevilla;sevilla;Andalucía;Mairena del Aljarafe;37.34462331;-6.065024618;65;48032
41060;Marchena;marchena;Sevilla;sevilla;Andalucía;Marchena;37.32992091;-5.416044302;130;19416
41061;Marinaleda;marinaleda;Sevilla;sevilla;Andalucía;Marinaleda;37.37619338;-4.950559175;220;2578
41062;Martín de la Jara;martin de la jara;Sevilla;sevilla;Andalucía;Martín de la Jara;37.10658096;-4.961704086;402;2629
41063;Molares, Los;molares, los;Sevilla;sevilla;Andalucía;Molares, Los;37.15537816;-5.719775255;76;3669
41064;Montellano;montellano;Sevilla;sevilla;Andalucía;Montellano;36.99575513;-5.57094218;271;7035
41065;Morón de la Frontera;moron de la frontera;Sevilla;sevilla;Andalucía;Morón de la Frontera;37.12221466;-5.451848802;227;27200
41066;Navas de la Concepción, Las;navas de la concepcion, las;Sevilla;sevilla;Andalucía;Navas de la Concepción, Las;37.9328504;-5.465068648;430;1502
41067;Olivares;olivares;Sevilla;sevilla;Andalucía;Olivares;37.41882004;-6.155638235;169;9534
41068;Osuna;osuna;Sevilla;sevilla;Andalucía;Osuna;37.23709058;-5.102988817;286;17390
41069;Palacios y Villafranca, Los;palacios y villafranca, los;Sevilla;sevilla;Andalucía;Palacios y Villafranca, Los;37.15846016;-5.924533919;6;38778
41070;Palomares del Río;palomares del rio;Sevilla;sevilla;Andalucía;Palomares del Río;37.32278783;-6.05761321;35;9426
41071;Paradas;paradas;Sevilla;sevilla;Andalucía;Paradas;37.28990918;-5.497068006;119;6766
41072;Pedrera;pedrera;Sevilla;sevilla;Andalucía;Pedrera;37.22304941;-4.896544206;455;5098
41073;Pedroso, El;pedroso, el;Sevilla;sevilla;Andalucía;Pedroso, El;37.8423195;-5.763500581;414;2061
41074;Peñaflor;penaflor;Sevilla;sevilla;Andalucía;Peñaflor;37.70732877;-5.346582085;51;3627
41075;Pilas;pilas;Sevilla;sevilla;Andalucía;Pilas;37.30148769;-6.302424253;66;14251
41076;Pruna;pruna;Sevilla;sevilla;Andalucía;Pruna;36.97350618;-5.222717512;549;2471
41077;Puebla de Cazalla, La;puebla de cazalla, la;Sevilla;sevilla;Andalucía;Puebla de Cazalla, La;37.2224318;-5.310620062;176;10837
41078;Puebla de los Infantes, La;puebla de los infantes, la;Sevilla;sevilla;Andalucía;Puebla de los Infantes, La;37.778646;-5.388949;231.97;2941
41079;Puebla del Río, La;puebla del rio, la;Sevilla;sevilla;Andalucía;Puebla del Río, La;37.26754425;-6.06251703;17;11897
41080;Real de la Jara, El;real de la jara, el;Sevilla;sevilla;Andalucía;Real de la Jara, El;37.95021802;-6.155419602;460;1515
41081;Rinconada, La;rinconada, la;Sevilla;sevilla;Andalucía;Rinconada, La;37.48771705;-5.979427382;11;40747
41082;Roda de Andalucía, La;roda de andalucia, la;Sevilla;sevilla;Andalucía;Roda de Andalucía, La;37.20115155;-4.77940878;402;4168
41083;Ronquillo, El;ronquillo, el;Sevilla;sevilla;Andalucía;Ronquillo, El;37.72546797;-6.177059715;333;1454
41084;Rubio, El;rubio, el;Sevilla;sevilla;Andalucía;Rubio, El;37.35590096;-4.988601835;202;3296
41085;Salteras;salteras;Sevilla;sevilla;Andalucía;Salteras;37.41843392;-6.11174883;153;5619
41086;San Juan de Aznalfarache;san juan de aznalfarache;Sevilla;sevilla;Andalucía;San Juan de Aznalfarache;37.35974033;-6.027837352;10;23455
41087;Sanlúcar la Mayor;sanlucar la mayor;Sevilla;sevilla;Andalucía;Sanlúcar la Mayor;37.38571156;-6.201663809;134;14633
41088;San Nicolás del Puerto;san nicolas del puerto;Sevilla;sevilla;Andalucía;San Nicolás del Puerto;37.99362846;-5.652973891;590;602
41089;Santiponce;santiponce;Sevilla;sevilla;Andalucía;Santiponce;37.43885586;-6.038496439;12;8666
41090;Saucejo, El;saucejo, el;Sevilla;sevilla;Andalucía;Saucejo, El;37.0700279;-5.096367609;531;4195
41091;Sevilla;sevilla;Sevilla;sevilla;Andalucía;Sevilla;37.38863668;-5.994477382;9;688714
41092;Tocina;tocina;Sevilla;sevilla;Andalucía;Tocina;37.60985554;-5.733042887;26;9460
41093;Tomares;tomares;Sevilla;sevilla;Andalucía;Tomares;37.37393199;-6.045074643;66;25577
41094;Umbrete;umbrete;Sevilla;sevilla;Andalucía;Umbrete;37.36991155;-6.157992369;121;9482
41095;Utrera;utrera;Sevilla;sevilla;Andalucía;Utrera;37.18317526;-5.781238833;45;52489
41096;Valencina de la Concepción;valencina de la concepcion;Sevilla;sevilla;Andalucía;Valencina de la Concepción;37.41617835;-6.076600318;151;8051
41097;Villamanrique de la Condesa;villamanrique de la condesa;Sevilla;sevilla;Andalucía;Villamanrique de la Condesa;37.24663935;-6.306702803;29;4678
41098;Villanueva del Ariscal;villanueva del ariscal;Sevilla;sevilla;Andalucía;Villanueva del Ariscal;37.39558077;-6.141687185;150;7002
41099;Villanueva del Río y Minas;villanueva del rio y minas;Sevilla;sevilla;Andalucía;Villanueva del Río y Minas;37.65992614;-5.71415883;54;5079
41100;Villanueva de San Juan;villanueva de san juan;Sevilla;sevilla;Andalucía;Villanueva de San Juan;37.05047649;-5.175361025;463;980
41101;Villaverde del Río;villaverde del rio;Sevilla;sevilla;Andalucía;Villaverde del Río;37.58819943;-5.87359508;16;7884
41102;Viso del Alcor, El;viso del alcor, el;Sevilla;sevilla;Andalucía;Viso del Alcor, El;37.3884152;-5.718913534;142;19473
41901;Cañada Rosal;canada rosal;Sevilla;sevilla;Andalucía;Cañada Rosal;37.59892069;-5.21034278;155;3480
41902;Isla Mayor;isla mayor;Sevilla;sevilla;Andalucía;Isla Mayor;37.13126556;-6.165220964;3;5760
41903;Cuervo de Sevilla, El;cuervo de sevilla, el;Sevilla;sevilla;Andalucía;Cuervo de Sevilla, El;36.85155776;-6.04194889;56;8779
41904;Palmar de Troya, El;palmar de troya, el;Sevilla;sevilla;Andalucía;Palmar de Troya, El;37.05977775;-5.803272088;20;2297
42001;Abejar;abejar;Soria;soria;Castilla y León;Abejar;41.80731601;-2.783943913;1134;285
42003;Adradas;adradas;Soria;soria;Castilla y León;Adradas;41.350836;-2.472751655;1055;71
42004;Ágreda;agreda;Soria;soria;Castilla y León;Ágreda;41.85426994;-1.920219098;930;3121
42006;Alconaba;alconaba;Soria;soria;Castilla y León;Alconaba;41.72298497;-2.385281373;1004;197
42007;Alcubilla de Avellaneda;alcubilla de avellaneda;Soria;soria;Castilla y León;Alcubilla de Avellaneda;41.72631088;-3.302691758;925;114
42008;Alcubilla de las Peñas;alcubilla de las penas;Soria;soria;Castilla y León;Alcubilla de las Peñas;41.25197051;-2.5260411;1136;61
42009;Aldealafuente;aldealafuente;Soria;soria;Castilla y León;Aldealafuente;41.67152387;-2.325598586;1007;84
42010;Aldealices;aldealices;Soria;soria;Castilla y León;Aldealices;41.90186909;-2.309085529;1133;22
42011;Aldealpozo;aldealpozo;Soria;soria;Castilla y León;Aldealpozo;41.78182054;-2.20624244;1052;18
42012;Aldealseñor;aldealsenor;Soria;soria;Castilla y León;Aldealseñor;41.87932696;-2.315528949;1091;29
42013;Aldehuela de Periáñez;aldehuela de perianez;Soria;soria;Castilla y León;Aldehuela de Periáñez;41.80745659;-2.30691147;1054;27
42014;Aldehuelas, Las;aldehuelas, las;Soria;soria;Castilla y León;Aldehuelas, Las;41.99450281;-2.365040995;1263;59
42015;Alentisque;alentisque;Soria;soria;Castilla y León;Alentisque;41.42048657;-2.332146498;1061;23
42016;Aliud;aliud;Soria;soria;Castilla y León;Aliud;41.65477483;-2.253248349;1012;20
42017;Almajano;almajano;Soria;soria;Castilla y León;Almajano;41.85115468;-2.338537478;1051;178
42018;Almaluez;almaluez;Soria;soria;Castilla y León;Almaluez;41.28918457;-2.269326067;820;114
42019;Almarza;almarza;Soria;soria;Castilla y León;Almarza;41.94692375;-2.46847548;1152;602
42020;Almazán;almazan;Soria;soria;Castilla y León;Almazán;41.48728342;-2.533458025;949;5534
42021;Almazul;almazul;Soria;soria;Castilla y León;Almazul;41.57414254;-2.146770575;979;61
42022;Almenar de Soria;almenar de soria;Soria;soria;Castilla y León;Almenar de Soria;41.68197524;-2.20062539;1018;233
42023;Alpanseque;alpanseque;Soria;soria;Castilla y León;Alpanseque;41.26399199;-2.67075347;1111;52
42024;Arancón;arancon;Soria;soria;Castilla y León;Arancón;41.8001505;-2.280924398;1063;73
42025;Arcos de Jalón;arcos de jalon;Soria;soria;Castilla y León;Arcos de Jalón;41.21630435;-2.274246206;816;1529
42026;Arenillas;arenillas;Soria;soria;Castilla y León;Arenillas;41.34737962;-2.846236322;1098;31
42027;Arévalo de la Sierra;arevalo de la sierra;Soria;soria;Castilla y León;Arévalo de la Sierra;41.94749238;-2.400577698;1207;71
42028;Ausejo de la Sierra;ausejo de la sierra;Soria;soria;Castilla y León;Ausejo de la Sierra;41.89513532;-2.374320851;1099;115
42029;Baraona;baraona;Soria;soria;Castilla y León;Baraona;41.29548925;-2.656984944;1117;116
42030;Barca;barca;Soria;soria;Castilla y León;Barca;41.45508838;-2.62098102;957;116
42031;Barcones;barcones;Soria;soria;Castilla y León;Barcones;41.29131773;-2.816380551;1094;25
42032;Bayubas de Abajo;bayubas de abajo;Soria;soria;Castilla y León;Bayubas de Abajo;41.52734806;-2.89620193;920;150
42033;Bayubas de Arriba;bayubas de arriba;Soria;soria;Castilla y León;Bayubas de Arriba;41.5572746;-2.886793164;965;56
42034;Beratón;beraton;Soria;soria;Castilla y León;Beratón;41.71817738;-1.810897455;1389;38
42035;Berlanga de Duero;berlanga de duero;Soria;soria;Castilla y León;Berlanga de Duero;41.46586122;-2.861233476;932;812
42036;Blacos;blacos;Soria;soria;Castilla y León;Blacos;41.68089808;-2.858534419;999;36
42037;Bliecos;bliecos;Soria;soria;Castilla y León;Bliecos;41.52829767;-2.27118534;1043;25
42038;Borjabad;borjabad;Soria;soria;Castilla y León;Borjabad;41.55273261;-2.36628626;1012;29
42039;Borobia;borobia;Soria;soria;Castilla y León;Borobia;41.66458128;-1.895966783;1132;217
42041;Buberos;buberos;Soria;soria;Castilla y León;Buberos;41.6469707;-2.193811108;1012;27
42042;Buitrago;buitrago;Soria;soria;Castilla y León;Buitrago;41.84744694;-2.408929752;1032;68
42043;Burgo de Osma-Ciudad de Osma;burgo de osma ciudad de osma;Soria;soria;Castilla y León;Burgo de Osma-Ciudad de Osma;41.58659685;-3.067145819;901;5263
42044;Cabrejas del Campo;cabrejas del campo;Soria;soria;Castilla y León;Cabrejas del Campo;41.68057205;-2.269146188;989;48
42045;Cabrejas del Pinar;cabrejas del pinar;Soria;soria;Castilla y León;Cabrejas del Pinar;41.79521255;-2.851056928;1161;290
42046;Calatañazor;calatanazor;Soria;soria;Castilla y León;Calatañazor;41.69893246;-2.818632129;1062;43
42048;Caltojar;caltojar;Soria;soria;Castilla y León;Caltojar;41.40234172;-2.764304653;967;53
42049;Candilichera;candilichera;Soria;soria;Castilla y León;Candilichera;41.70409477;-2.301198748;1003;99
42050;Cañamaque;canamaque;Soria;soria;Castilla y León;Cañamaque;41.44379066;-2.237786759;951;29
42051;Carabantes;carabantes;Soria;soria;Castilla y León;Carabantes;41.55202375;-1.99816949;980;21
42052;Caracena;caracena;Soria;soria;Castilla y León;Caracena;41.38334342;-3.091548943;1084;13
42053;Carrascosa de Abajo;carrascosa de abajo;Soria;soria;Castilla y León;Carrascosa de Abajo;41.42320619;-3.089291134;1009;18
42054;Carrascosa de la Sierra;carrascosa de la sierra;Soria;soria;Castilla y León;Carrascosa de la Sierra;41.89508647;-2.28077795;1175;19
42055;Casarejos;casarejos;Soria;soria;Castilla y León;Casarejos;41.79684754;-3.031493607;1085;145
42056;Castilfrío de la Sierra;castilfrio de la sierra;Soria;soria;Castilla y León;Castilfrío de la Sierra;41.91972538;-2.305066482;1201;37
42057;Castilruiz;castilruiz;Soria;soria;Castilla y León;Castilruiz;41.87672858;-2.059489063;1011;170
42058;Castillejo de Robledo;castillejo de robledo;Soria;soria;Castilla y León;Castillejo de Robledo;41.55884044;-3.495265857;956;101
42059;Centenera de Andaluz;centenera de andaluz;Soria;soria;Castilla y León;Centenera de Andaluz;41.50651853;-2.717600761;944;19
42060;Cerbón;cerbon;Soria;soria;Castilla y León;Cerbón;41.9290977;-2.168502121;1100;27
42061;Cidones;cidones;Soria;soria;Castilla y León;Cidones;41.81578489;-2.639715798;1095;313
42062;Cigudosa;cigudosa;Soria;soria;Castilla y León;Cigudosa;41.9360538;-2.055749126;727;14
42063;Cihuela;cihuela;Soria;soria;Castilla y León;Cihuela;41.40618263;-1.999620363;817;35
42064;Ciria;ciria;Soria;soria;Castilla y León;Ciria;41.61791807;-1.96678927;1019;68
42065;Cirujales del Río;cirujales del rio;Soria;soria;Castilla y León;Cirujales del Río;41.86692137;-2.32585113;1066;21
42068;Coscurita;coscurita;Soria;soria;Castilla y León;Coscurita;41.43598133;-2.476094914;959;69
42069;Covaleda;covaleda;Soria;soria;Castilla y León;Covaleda;41.93480539;-2.883006617;1203;1562
42070;Cubilla;cubilla;Soria;soria;Castilla y León;Cubilla;41.74938607;-2.937357328;1100;22
42071;Cubo de la Solana;cubo de la solana;Soria;soria;Castilla y León;Cubo de la Solana;41.60245566;-2.423020346;987;183
42073;Cueva de Ágreda;cueva de agreda;Soria;soria;Castilla y León;Cueva de Ágreda;41.76395065;-1.887028932;1299;67
42075;Dévanos;devanos;Soria;soria;Castilla y León;Dévanos;41.90321299;-1.947194139;930;72
42076;Deza;deza;Soria;soria;Castilla y León;Deza;41.46329404;-2.021611225;882;163
42078;Duruelo de la Sierra;duruelo de la sierra;Soria;soria;Castilla y León;Duruelo de la Sierra;41.9554078;-2.931600281;1196;1036
42079;Escobosa de Almazán;escobosa de almazan;Soria;soria;Castilla y León;Escobosa de Almazán;41.48676731;-2.371144249;1082;19
42080;Espeja de San Marcelino;espeja de san marcelino;Soria;soria;Castilla y León;Espeja de San Marcelino;41.80285783;-3.221701479;1036;162
42081;Espejón;espejon;Soria;soria;Castilla y León;Espejón;41.83033705;-3.25910786;1033;127
42082;Estepa de San Juan;estepa de san juan;Soria;soria;Castilla y León;Estepa de San Juan;41.92686957;-2.333584252;1250;13
42083;Frechilla de Almazán;frechilla de almazan;Soria;soria;Castilla y León;Frechilla de Almazán;41.42653984;-2.51471407;983;21
42084;Fresno de Caracena;fresno de caracena;Soria;soria;Castilla y León;Fresno de Caracena;41.45235194;-3.09258991;962;16
42085;Fuentearmegil;fuentearmegil;Soria;soria;Castilla y León;Fuentearmegil;41.71516383;-3.183380175;985;148
42086;Fuentecambrón;fuentecambron;Soria;soria;Castilla y León;Fuentecambrón;41.50526912;-3.329054807;1022;29
42087;Fuentecantos;fuentecantos;Soria;soria;Castilla y León;Fuentecantos;41.84938689;-2.428760942;1030;65
42088;Fuentelmonge;fuentelmonge;Soria;soria;Castilla y León;Fuentelmonge;41.42160886;-2.18818245;861;58
42089;Fuentelsaz de Soria;fuentelsaz de soria;Soria;soria;Castilla y León;Fuentelsaz de Soria;41.86644481;-2.414741285;1081;66
42090;Fuentepinilla;fuentepinilla;Soria;soria;Castilla y León;Fuentepinilla;41.56686816;-2.762914863;936;73
42092;Fuentes de Magaña;fuentes de magana;Soria;soria;Castilla y León;Fuentes de Magaña;41.93582642;-2.179700126;1141;47
42093;Fuentestrún;fuentestrun;Soria;soria;Castilla y León;Fuentestrún;41.87491311;-2.082135063;1011;56
42094;Garray;garray;Soria;soria;Castilla y León;Garray;41.81488131;-2.445632706;1017;793
42095;Golmayo;golmayo;Soria;soria;Castilla y León;Golmayo;41.7658782;-2.522865327;1048;3098
42096;Gómara;gomara;Soria;soria;Castilla y León;Gómara;41.62352207;-2.224644522;1052;290
42097;Gormaz;gormaz;Soria;soria;Castilla y León;Gormaz;41.49214463;-3.005370129;960;18
42098;Herrera de Soria;herrera de soria;Soria;soria;Castilla y León;Herrera de Soria;41.76200817;-3.0121414;1093;12
42100;Hinojosa del Campo;hinojosa del campo;Soria;soria;Castilla y León;Hinojosa del Campo;41.73868043;-2.099957426;1033;24
42103;Langa de Duero;langa de duero;Soria;soria;Castilla y León;Langa de Duero;41.61016291;-3.4009331;851;695
42105;Liceras;liceras;Soria;soria;Castilla y León;Liceras;41.37968035;-3.243299815;1126;48
42106;Losilla, La;losilla, la;Soria;soria;Castilla y León;Losilla, La;41.87269085;-2.279550867;1173;12
42107;Magaña;magana;Soria;soria;Castilla y León;Magaña;41.90017418;-2.161459841;959;60
42108;Maján;majan;Soria;soria;Castilla y León;Maján;41.46973107;-2.302479396;1144;10
42110;Matalebreras;matalebreras;Soria;soria;Castilla y León;Matalebreras;41.84125287;-2.046608523;994;83
42111;Matamala de Almazán;matamala de almazan;Soria;soria;Castilla y León;Matamala de Almazán;41.50570901;-2.641305527;947;252
42113;Medinaceli;medinaceli;Soria;soria;Castilla y León;Medinaceli;41.17173495;-2.43477074;1202;683
42115;Miño de Medinaceli;mino de medinaceli;Soria;soria;Castilla y León;Miño de Medinaceli;41.18904295;-2.517887086;1156;73
42116;Miño de San Esteban;mino de san esteban;Soria;soria;Castilla y León;Miño de San Esteban;41.53589247;-3.34587671;939;43
42117;Molinos de Duero;molinos de duero;Soria;soria;Castilla y León;Molinos de Duero;41.88545538;-2.787426514;1095;162
42118;Momblona;momblona;Soria;soria;Castilla y León;Momblona;41.44389832;-2.346351566;1060;19
42119;Monteagudo de las Vicarías;monteagudo de las vicarias;Soria;soria;Castilla y León;Monteagudo de las Vicarías;41.36535223;-2.167712286;804;170
42120;Montejo de Tiermes;montejo de tiermes;Soria;soria;Castilla y León;Montejo de Tiermes;41.36853271;-3.199041814;1157;136
42121;Montenegro de Cameros;montenegro de cameros;Soria;soria;Castilla y León;Montenegro de Cameros;42.08973629;-2.75383548;1254;43
42123;Morón de Almazán;moron de almazan;Soria;soria;Castilla y León;Morón de Almazán;41.41489136;-2.413439039;1003;194
42124;Muriel de la Fuente;muriel de la fuente;Soria;soria;Castilla y León;Muriel de la Fuente;41.72467831;-2.860263315;1014;53
42125;Muriel Viejo;muriel viejo;Soria;soria;Castilla y León;Muriel Viejo;41.78238618;-2.915468025;1086;73
42127;Nafría de Ucero;nafria de ucero;Soria;soria;Castilla y León;Nafría de Ucero;41.72310541;-3.09458938;1026;35
42128;Narros;narros;Soria;soria;Castilla y León;Narros;41.84910774;-2.293712426;1111;67
42129;Navaleno;navaleno;Soria;soria;Castilla y León;Navaleno;41.83766213;-3.004614686;1105;698
42130;Nepas;nepas;Soria;soria;Castilla y León;Nepas;41.5263756;-2.397896609;1046;49
42131;Nolay;nolay;Soria;soria;Castilla y León;Nolay;41.52684558;-2.350804137;1071;45
42132;Noviercas;noviercas;Soria;soria;Castilla y León;Noviercas;41.71218606;-2.036349292;1096;154
42134;Ólvega;olvega;Soria;soria;Castilla y León;Ólvega;41.77938176;-1.982998185;1034;3769
42135;Oncala;oncala;Soria;soria;Castilla y León;Oncala;41.97076931;-2.312242372;1282;61
42139;Pinilla del Campo;pinilla del campo;Soria;soria;Castilla y León;Pinilla del Campo;41.7167224;-2.083493206;1043;17
42140;Portillo de Soria;portillo de soria;Soria;soria;Castilla y León;Portillo de Soria;41.63513979;-2.121241554;1025;11
42141;Póveda de Soria, La;poveda de soria, la;Soria;soria;Castilla y León;Póveda de Soria, La;42.01033306;-2.501104137;1276;108
42142;Pozalmuro;pozalmuro;Soria;soria;Castilla y León;Pozalmuro;41.77288744;-2.10548603;1053;49
42144;Quintana Redonda;quintana redonda;Soria;soria;Castilla y León;Quintana Redonda;41.64014788;-2.615250786;1023;497
42145;Quintanas de Gormaz;quintanas de gormaz;Soria;soria;Castilla y León;Quintanas de Gormaz;41.50862529;-2.97597014;937;123
42148;Quiñonería;quinoneria;Soria;soria;Castilla y León;Quiñonería;41.56824605;-2.038070384;1027;10
42149;Rábanos, Los;rabanos, los;Soria;soria;Castilla y León;Rábanos, Los;41.71725557;-2.476286309;1027;474
42151;Rebollar;rebollar;Soria;soria;Castilla y León;Rebollar;41.91416105;-2.504943808;1135;36
42152;Recuerda;recuerda;Soria;soria;Castilla y León;Recuerda;41.47443044;-2.994006299;896;63
42153;Rello;rello;Soria;soria;Castilla y León;Rello;41.3337921;-2.75027021;1077;20
42154;Renieblas;renieblas;Soria;soria;Castilla y León;Renieblas;41.82027983;-2.37232128;1041;107
42155;Retortillo de Soria;retortillo de soria;Soria;soria;Castilla y León;Retortillo de Soria;41.31114028;-2.981973223;1234;129
42156;Reznos;reznos;Soria;soria;Castilla y León;Reznos;41.59118337;-2.027377067;1050;21
42157;Riba de Escalote, La;riba de escalote, la;Soria;soria;Castilla y León;Riba de Escalote, La;41.35181949;-2.79618813;1031;9
42158;Rioseco de Soria;rioseco de soria;Soria;soria;Castilla y León;Rioseco de Soria;41.64290919;-2.840640013;1010;124
42159;Rollamienta;rollamienta;Soria;soria;Castilla y León;Rollamienta;41.92589146;-2.531828248;1135;49
42160;Royo, El;royo, el;Soria;soria;Castilla y León;Royo, El;41.90684994;-2.645593938;1059;249
42161;Salduero;salduero;Soria;soria;Castilla y León;Salduero;41.88900226;-2.797394098;1095;148
42162;San Esteban de Gormaz;san esteban de gormaz;Soria;soria;Castilla y León;San Esteban de Gormaz;41.57408592;-3.205451953;855;2976
42163;San Felices;san felices;Soria;soria;Castilla y León;San Felices;41.93723667;-2.02688251;939;55
42164;San Leonardo de Yagüe;san leonardo de yague;Soria;soria;Castilla y León;San Leonardo de Yagüe;41.82943541;-3.06791283;1040;1955
42165;San Pedro Manrique;san pedro manrique;Soria;soria;Castilla y León;San Pedro Manrique;42.03082627;-2.231703477;1062;622
42166;Santa Cruz de Yanguas;santa cruz de yanguas;Soria;soria;Castilla y León;Santa Cruz de Yanguas;42.06251108;-2.4487084;1211;56
42167;Santa María de Huerta;santa maria de huerta;Soria;soria;Castilla y León;Santa María de Huerta;41.26320303;-2.177021351;762;239
42168;Santa María de las Hoyas;santa maria de las hoyas;Soria;soria;Castilla y León;Santa María de las Hoyas;41.77032233;-3.14275796;1068;113
42171;Serón de Nágima;seron de nagima;Soria;soria;Castilla y León;Serón de Nágima;41.4957178;-2.202254536;941;129
42172;Soliedra;soliedra;Soria;soria;Castilla y León;Soliedra;41.4699274;-2.381971931;1100;37
42173;Soria;soria;Soria;soria;Castilla y León;Soria;41.76303392;-2.464067606;1056;40941
42174;Sotillo del Rincón;sotillo del rincon;Soria;soria;Castilla y León;Sotillo del Rincón;41.93529453;-2.60121443;1104;173
42175;Suellacabras;suellacabras;Soria;soria;Castilla y León;Suellacabras;41.85286578;-2.224113941;1196;32
42176;Tajahuerce;tajahuerce;Soria;soria;Castilla y León;Tajahuerce;41.74037537;-2.150773803;1057;22
42177;Tajueco;tajueco;Soria;soria;Castilla y León;Tajueco;41.53660515;-2.84918424;931;61
42178;Talveila;talveila;Soria;soria;Castilla y León;Talveila;41.7839555;-2.96672102;1062;106
42181;Tardelcuende;tardelcuende;Soria;soria;Castilla y León;Tardelcuende;41.59399347;-2.644371689;985;416
42182;Taroda;taroda;Soria;soria;Castilla y León;Taroda;41.34764269;-2.43392677;1027;45
42183;Tejado;tejado;Soria;soria;Castilla y León;Tejado;41.58938525;-2.26695273;985;101
42184;Torlengua;torlengua;Soria;soria;Castilla y León;Torlengua;41.45501926;-2.162945555;868;43
42185;Torreblacos;torreblacos;Soria;soria;Castilla y León;Torreblacos;41.66983183;-2.879071206;978;28
42187;Torrubia de Soria;torrubia de soria;Soria;soria;Castilla y León;Torrubia de Soria;41.63124337;-2.091218504;1040;52
42188;Trévago;trevago;Soria;soria;Castilla y León;Trévago;41.87396429;-2.10230544;1044;47
42189;Ucero;ucero;Soria;soria;Castilla y León;Ucero;41.71678263;-3.05064019;952;81
42190;Vadillo;vadillo;Soria;soria;Castilla y León;Vadillo;41.79132554;-3.008701644;1104;81
42191;Valdeavellano de Tera;valdeavellano de tera;Soria;soria;Castilla y León;Valdeavellano de Tera;41.94271234;-2.574743253;1139;222
42192;Valdegeña;valdegena;Soria;soria;Castilla y León;Valdegeña;41.81758297;-2.174079931;1070;36
42193;Valdelagua del Cerro;valdelagua del cerro;Soria;soria;Castilla y León;Valdelagua del Cerro;41.8880802;-2.115566322;1120;13
42194;Valdemaluque;valdemaluque;Soria;soria;Castilla y León;Valdemaluque;41.67382754;-3.045671697;944;139
42195;Valdenebro;valdenebro;Soria;soria;Castilla y León;Valdenebro;41.57097312;-2.964372648;933;87
42196;Valdeprado;valdeprado;Soria;soria;Castilla y León;Valdeprado;41.93799791;-2.108756947;845;8
42197;Valderrodilla;valderrodilla;Soria;soria;Castilla y León;Valderrodilla;41.56355351;-2.807263314;935;59
42198;Valtajeros;valtajeros;Soria;soria;Castilla y León;Valtajeros;41.93804534;-2.222474195;1254;16
42200;Velamazán;velamazan;Soria;soria;Castilla y León;Velamazán;41.44898022;-2.699182858;976;66
42201;Velilla de la Sierra;velilla de la sierra;Soria;soria;Castilla y León;Velilla de la Sierra;41.80933974;-2.402619728;1030;26
42202;Velilla de los Ajos;velilla de los ajos;Soria;soria;Castilla y León;Velilla de los Ajos;41.49075051;-2.255314235;1001;15
42204;Viana de Duero;viana de duero;Soria;soria;Castilla y León;Viana de Duero;41.53401387;-2.46114931;998;47
42205;Villaciervos;villaciervos;Soria;soria;Castilla y León;Villaciervos;41.76187901;-2.628073533;1179;86
42206;Villanueva de Gormaz;villanueva de gormaz;Soria;soria;Castilla y León;Villanueva de Gormaz;41.46782012;-3.06237402;965;6
42207;Villar del Ala;villar del ala;Soria;soria;Castilla y León;Villar del Ala;41.91623038;-2.565988714;1144;50
42208;Villar del Campo;villar del campo;Soria;soria;Castilla y León;Villar del Campo;41.78840523;-2.149237898;1031;29
42209;Villar del Río;villar del rio;Soria;soria;Castilla y León;Villar del Río;42.07581448;-2.350551289;1005;158
42211;Villares de Soria, Los;villares de soria, los;Soria;soria;Castilla y León;Villares de Soria, Los;41.86508932;-2.355289454;1059;72
42212;Villasayas;villasayas;Soria;soria;Castilla y León;Villasayas;41.35239706;-2.610947488;1030;59
42213;Villaseca de Arciel;villaseca de arciel;Soria;soria;Castilla y León;Villaseca de Arciel;41.62441837;-2.161580384;1004;23
42215;Vinuesa;vinuesa;Soria;soria;Castilla y León;Vinuesa;41.91146769;-2.763171613;1104;825
42216;Vizmanos;vizmanos;Soria;soria;Castilla y León;Vizmanos;42.02321988;-2.407943179;1203;31
42217;Vozmediano;vozmediano;Soria;soria;Castilla y León;Vozmediano;41.83715865;-1.855910838;894;29
42218;Yanguas;yanguas;Soria;soria;Castilla y León;Yanguas;42.10127108;-2.338669137;989;105
42219;Yelo;yelo;Soria;soria;Castilla y León;Yelo;41.21030742;-2.527125299;1126;40
43001;Aiguamúrcia;aiguamurcia;Tarragona;tarragona;Cataluña/Catalunya;Aiguamúrcia;41.32934212;1.358553558;272;1002
43002;Albinyana;albinyana;Tarragona;tarragona;Cataluña/Catalunya;Albinyana;41.24563253;1.486184747;201;2718
43003;Albiol, L';albiol, l';Tarragona;tarragona;Cataluña/Catalunya;Albiol, L';41.25215069;1.089269294;823;556
43004;Alcanar;alcanar;Tarragona;tarragona;Cataluña/Catalunya;Alcanar;40.54286081;0.48192214;60;10048
43005;Alcover;alcover;Tarragona;tarragona;Cataluña/Catalunya;Alcover;41.26306763;1.170245271;238;5357
43006;Aldover;aldover;Tarragona;tarragona;Cataluña/Catalunya;Aldover;40.87986354;0.499915147;14;910
43007;Aleixar, L';aleixar, l';Tarragona;tarragona;Cataluña/Catalunya;Aleixar, L';41.20172938;1.046111036;265;1026
43008;Alfara de Carles;alfara de carles;Tarragona;tarragona;Cataluña/Catalunya;Alfara de Carles;40.87290062;0.40031427;328;355
43009;Alforja;alforja;Tarragona;tarragona;Cataluña/Catalunya;Alforja;41.21054753;0.975389139;368;2031
43010;Alió;alio;Tarragona;tarragona;Cataluña/Catalunya;Alió;41.29516124;1.306418745;263;499
43011;Almoster;almoster;Tarragona;tarragona;Cataluña/Catalunya;Almoster;41.19828728;1.11275959;297;1383
43012;Altafulla;altafulla;Tarragona;tarragona;Cataluña/Catalunya;Altafulla;41.14232676;1.376853336;37;5856
43013;Ametlla de Mar, L';ametlla de mar, l';Tarragona;tarragona;Cataluña/Catalunya;Ametlla de Mar, L';40.88534569;0.803448689;20;7436
43014;Amposta;amposta;Tarragona;tarragona;Cataluña/Catalunya;Amposta;40.71350693;0.580917683;8;23047
43015;Arbolí;arboli;Tarragona;tarragona;Cataluña/Catalunya;Arbolí;41.24216761;0.94865821;713;138
43016;Arboç, L';arboc, l';Tarragona;tarragona;Cataluña/Catalunya;Arboç, L';41.26782857;1.603733181;165;5701
43017;Argentera, L';argentera, l';Tarragona;tarragona;Cataluña/Catalunya;Argentera, L';41.13744382;0.909223679;347;139
43018;Arnes;arnes;Tarragona;tarragona;Cataluña/Catalunya;Arnes;40.90990601;0.260804488;501;460
43019;Ascó;asco;Tarragona;tarragona;Cataluña/Catalunya;Ascó;41.18096708;0.567193621;62;1594
43020;Banyeres del Penedès;banyeres del penedes;Tarragona;tarragona;Cataluña/Catalunya;Banyeres del Penedès;41.27941447;1.580785375;170;3392
43021;Barberà de la Conca;barbera de la conca;Tarragona;tarragona;Cataluña/Catalunya;Barberà de la Conca;41.41080502;1.227455841;451;486
43022;Batea;batea;Tarragona;tarragona;Cataluña/Catalunya;Batea;41.0949279;0.310767136;362;1873
43023;Bellmunt del Priorat;bellmunt del priorat;Tarragona;tarragona;Cataluña/Catalunya;Bellmunt del Priorat;41.16398568;0.76533705;267;288
43024;Bellvei;bellvei;Tarragona;tarragona;Cataluña/Catalunya;Bellvei;41.2413387;1.576600967;104;2464
43025;Benifallet;benifallet;Tarragona;tarragona;Cataluña/Catalunya;Benifallet;40.97409386;0.51786379;19;708
43026;Benissanet;benissanet;Tarragona;tarragona;Cataluña/Catalunya;Benissanet;41.0567796;0.63512269;27;1191
43027;Bisbal de Montsant, La;bisbal de montsant, la;Tarragona;tarragona;Cataluña/Catalunya;Bisbal de Montsant, La;41.28038401;0.723177793;371;214
43028;Bisbal del Penedès, La;bisbal del penedes, la;Tarragona;tarragona;Cataluña/Catalunya;Bisbal del Penedès, La;41.28046605;1.488081089;186;4270
43029;Blancafort;blancafort;Tarragona;tarragona;Cataluña/Catalunya;Blancafort;41.4379242;1.159262711;425;392
43030;Bonastre;bonastre;Tarragona;tarragona;Cataluña/Catalunya;Bonastre;41.22112561;1.440039181;178;778
43031;Borges del Camp, Les;borges del camp, les;Tarragona;tarragona;Cataluña/Catalunya;Borges del Camp, Les;41.17201022;1.019640282;247;2313
43032;Bot;bot;Tarragona;tarragona;Cataluña/Catalunya;Bot;41.00904045;0.384804937;288;545
43033;Botarell;botarell;Tarragona;tarragona;Cataluña/Catalunya;Botarell;41.13616098;0.989050169;192;1156
43034;Bràfim;brafim;Tarragona;tarragona;Cataluña/Catalunya;Bràfim;41.26873954;1.341094095;236;705
43035;Cabacés;cabaces;Tarragona;tarragona;Cataluña/Catalunya;Cabacés;41.24815985;0.734697088;356;295
43036;Cabra del Camp;cabra del camp;Tarragona;tarragona;Cataluña/Catalunya;Cabra del Camp;41.3953872;1.276818852;493;1387
43037;Calafell;calafell;Tarragona;tarragona;Cataluña/Catalunya;Calafell;41.20099975;1.568709082;46;32429
43038;Cambrils;cambrils;Tarragona;tarragona;Cataluña/Catalunya;Cambrils;41.07100981;1.057672871;15;37068
43039;Capafonts;capafonts;Tarragona;tarragona;Cataluña/Catalunya;Capafonts;41.29490197;1.026968284;751;101
43040;Capçanes;capcanes;Tarragona;tarragona;Cataluña/Catalunya;Capçanes;41.09974672;0.781650913;222;446
43041;Caseres;caseres;Tarragona;tarragona;Cataluña/Catalunya;Caseres;41.03860177;0.250532531;322;250
43042;Castellvell del Camp;castellvell del camp;Tarragona;tarragona;Cataluña/Catalunya;Castellvell del Camp;41.18086463;1.096879453;222;3001
43043;Catllar, El;catllar, el;Tarragona;tarragona;Cataluña/Catalunya;Catllar, El;41.17541777;1.32628262;52;5387
43044;Sénia, La;senia, la;Tarragona;tarragona;Cataluña/Catalunya;Sénia, La;40.63332729;0.28521446;359;5605
43045;Colldejou;colldejou;Tarragona;tarragona;Cataluña/Catalunya;Colldejou;41.09986251;0.888317177;433;157
43046;Conesa;conesa;Tarragona;tarragona;Cataluña/Catalunya;Conesa;41.51861012;1.291059245;699;113
43047;Constantí;constanti;Tarragona;tarragona;Cataluña/Catalunya;Constantí;41.15317759;1.213790295;75;7155
43048;Corbera d'Ebre;corbera d'ebre;Tarragona;tarragona;Cataluña/Catalunya;Corbera d'Ebre;41.07773728;0.478135014;291;1024
43049;Cornudella de Montsant;cornudella de montsant;Tarragona;tarragona;Cataluña/Catalunya;Cornudella de Montsant;41.26465942;0.905151528;529;1014
43050;Creixell;creixell;Tarragona;tarragona;Cataluña/Catalunya;Creixell;41.16807462;1.44052535;46;4244
43051;Cunit;cunit;Tarragona;tarragona;Cataluña/Catalunya;Cunit;41.1981661;1.634712574;11;16304
43052;Xerta;xerta;Tarragona;tarragona;Cataluña/Catalunya;Xerta;40.90685027;0.490636855;13;1186
43053;Duesaigües;duesaigues;Tarragona;tarragona;Cataluña/Catalunya;Duesaigües;41.14609218;0.930705202;269;219
43054;Espluga de Francolí, L';espluga de francoli, l';Tarragona;tarragona;Cataluña/Catalunya;Espluga de Francolí, L';41.39655369;1.104462437;407;3892
43055;Falset;falset;Tarragona;tarragona;Cataluña/Catalunya;Falset;41.14614378;0.820125322;362;2892
43056;Fatarella, La;fatarella, la;Tarragona;tarragona;Cataluña/Catalunya;Fatarella, La;41.16237371;0.473002838;490;841
43057;Febró, La;febro, la;Tarragona;tarragona;Cataluña/Catalunya;Febró, La;41.27717222;1.004839114;742;35
43058;Figuera, La;figuera, la;Tarragona;tarragona;Cataluña/Catalunya;Figuera, La;41.21629261;0.731566789;569;116
43059;Figuerola del Camp;figuerola del camp;Tarragona;tarragona;Cataluña/Catalunya;Figuerola del Camp;41.37145468;1.264896529;490;343
43060;Flix;flix;Tarragona;tarragona;Cataluña/Catalunya;Flix;41.23118121;0.549880974;43;3342
43061;Forès;fores;Tarragona;tarragona;Cataluña/Catalunya;Forès;41.49335162;1.235496902;811;39
43062;Freginals;freginals;Tarragona;tarragona;Cataluña/Catalunya;Freginals;40.67168388;0.519778178;127;445
43063;Galera, La;galera, la;Tarragona;tarragona;Cataluña/Catalunya;Galera, La;40.68159005;0.463748355;110;731
43064;Gandesa;gandesa;Tarragona;tarragona;Cataluña/Catalunya;Gandesa;41.05201846;0.438996979;370;3151
43065;Garcia;garcia;Tarragona;tarragona;Cataluña/Catalunya;Garcia;41.13667722;0.648886318;36;555
43066;Garidells, Els;garidells, els;Tarragona;tarragona;Cataluña/Catalunya;Garidells, Els;41.2073128;1.2473957;125;211
43067;Ginestar;ginestar;Tarragona;tarragona;Cataluña/Catalunya;Ginestar;41.04226742;0.634406415;23;799
43068;Godall;godall;Tarragona;tarragona;Cataluña/Catalunya;Godall;40.65556805;0.468425607;167;600
43069;Gratallops;gratallops;Tarragona;tarragona;Cataluña/Catalunya;Gratallops;41.19336798;0.776996553;325;227
43070;Guiamets, Els;guiamets, els;Tarragona;tarragona;Cataluña/Catalunya;Guiamets, Els;41.10195984;0.752148348;223;253
43071;Horta de Sant Joan;horta de sant joan;Tarragona;tarragona;Cataluña/Catalunya;Horta de Sant Joan;40.95381907;0.316856269;544;1156
43072;Lloar, El;lloar, el;Tarragona;tarragona;Cataluña/Catalunya;Lloar, El;41.1858425;0.751011737;220;100
43073;Llorac;llorac;Tarragona;tarragona;Cataluña/Catalunya;Llorac;41.55666808;1.307595567;642;105
43074;Llorenç del Penedès;llorenc del penedes;Tarragona;tarragona;Cataluña/Catalunya;Llorenç del Penedès;41.28180814;1.55155421;161;2426
43075;Margalef;margalef;Tarragona;tarragona;Cataluña/Catalunya;Margalef;41.28444964;0.753746383;375;110
43076;Marçà;marca;Tarragona;tarragona;Cataluña/Catalunya;Marçà;41.12669356;0.803126979;299;624
43077;Mas de Barberans;mas de barberans;Tarragona;tarragona;Cataluña/Catalunya;Mas de Barberans;40.73575135;0.373912159;348;535
43078;Masdenverge;masdenverge;Tarragona;tarragona;Cataluña/Catalunya;Masdenverge;40.71550498;0.531037541;51;1145
43079;Masllorenç;masllorenc;Tarragona;tarragona;Cataluña/Catalunya;Masllorenç;41.26883765;1.413065393;297;568
43080;Masó, La;maso, la;Tarragona;tarragona;Cataluña/Catalunya;Masó, La;41.23454806;1.22201312;115;308
43081;Maspujols;maspujols;Tarragona;tarragona;Cataluña/Catalunya;Maspujols;41.18188494;1.045775898;203;917
43082;Masroig, El;masroig, el;Tarragona;tarragona;Cataluña/Catalunya;Masroig, El;41.12557017;0.731135827;176;477
43083;Milà, El;mila, el;Tarragona;tarragona;Cataluña/Catalunya;Milà, El;41.2485518;1.206515424;166;194
43084;Miravet;miravet;Tarragona;tarragona;Cataluña/Catalunya;Miravet;41.03797487;0.597706337;20;701
43085;Molar, El;molar, el;Tarragona;tarragona;Cataluña/Catalunya;Molar, El;41.16330471;0.706120349;221;301
43086;Montblanc;montblanc;Tarragona;tarragona;Cataluña/Catalunya;Montblanc;41.37672287;1.161330266;341;7568
43088;Montbrió del Camp;montbrio del camp;Tarragona;tarragona;Cataluña/Catalunya;Montbrió del Camp;41.12083488;1.003389883;133;3167
43089;Montferri;montferri;Tarragona;tarragona;Cataluña/Catalunya;Montferri;41.26543743;1.365265221;226;509
43090;Montmell, El;montmell, el;Tarragona;tarragona;Cataluña/Catalunya;Montmell, El;41.31557264;1.45354525;423;1945
43091;Mont-ral;mont ral;Tarragona;tarragona;Cataluña/Catalunya;Mont-ral;41.28690256;1.097013978;857;176
43092;Mont-roig del Camp;mont roig del camp;Tarragona;tarragona;Cataluña/Catalunya;Mont-roig del Camp;41.08284418;0.958629593;104;14652
43093;Móra d'Ebre;mora d'ebre;Tarragona;tarragona;Cataluña/Catalunya;Móra d'Ebre;41.09329379;0.64173772;28;5841
43094;Móra la Nova;mora la nova;Tarragona;tarragona;Cataluña/Catalunya;Móra la Nova;41.10026113;0.650942155;33;3365
43095;Morell, El;morell, el;Tarragona;tarragona;Cataluña/Catalunya;Morell, El;41.19215504;1.208594328;103;3811
43096;Morera de Montsant, La;morera de montsant, la;Tarragona;tarragona;Cataluña/Catalunya;Morera de Montsant, La;41.26484812;0.841870227;743;154
43097;Nou de Gaià, La;nou de gaia, la;Tarragona;tarragona;Cataluña/Catalunya;Nou de Gaià, La;41.18301741;1.373228414;89;602
43098;Nulles;nulles;Tarragona;tarragona;Cataluña/Catalunya;Nulles;41.24951644;1.295275292;231;556
43099;Palma d'Ebre, La;palma d'ebre, la;Tarragona;tarragona;Cataluña/Catalunya;Palma d'Ebre, La;41.28290079;0.665724982;336;331
43100;Pallaresos, Els;pallaresos, els;Tarragona;tarragona;Cataluña/Catalunya;Pallaresos, Els;41.17396111;1.272583538;117;5043
43101;Passanant i Belltall;passanant i belltall;Tarragona;tarragona;Cataluña/Catalunya;Passanant i Belltall;41.53188876;1.197071528;713;149
43102;Paüls;pauls;Tarragona;tarragona;Cataluña/Catalunya;Paüls;40.92246119;0.400170819;352;554
43103;Perafort;perafort;Tarragona;tarragona;Cataluña/Catalunya;Perafort;41.19013121;1.255220731;124;1353
43104;Perelló, El;perello, el;Tarragona;tarragona;Cataluña/Catalunya;Perelló, El;40.87518161;0.712378348;147;3005
43105;Piles, Les;piles, les;Tarragona;tarragona;Cataluña/Catalunya;Piles, Les;41.50381947;1.342431768;671;228
43106;Pinell de Brai, El;pinell de brai, el;Tarragona;tarragona;Cataluña/Catalunya;Pinell de Brai, El;41.0177778;0.515711952;173;948
43107;Pira;pira;Tarragona;tarragona;Cataluña/Catalunya;Pira;41.42397578;1.202320023;389;512
43108;Pla de Santa Maria, El;pla de santa maria, el;Tarragona;tarragona;Cataluña/Catalunya;Pla de Santa Maria, El;41.36537546;1.288746299;386;2412
43109;Pobla de Mafumet, La;pobla de mafumet, la;Tarragona;tarragona;Cataluña/Catalunya;Pobla de Mafumet, La;41.1877063;1.209217935;99;4187
43110;Pobla de Massaluca, La;pobla de massaluca, la;Tarragona;tarragona;Cataluña/Catalunya;Pobla de Massaluca, La;41.1803034;0.353585579;364;344
43111;Pobla de Montornès, La;pobla de montornes, la;Tarragona;tarragona;Cataluña/Catalunya;Pobla de Montornès, La;41.17882707;1.414570897;66;3470
43112;Poboleda;poboleda;Tarragona;tarragona;Cataluña/Catalunya;Poboleda;41.23262274;0.845197476;327;345
43113;Pont d'Armentera, El;pont d'armentera, el;Tarragona;tarragona;Cataluña/Catalunya;Pont d'Armentera, El;41.38376474;1.362923368;346;507
43114;Porrera;porrera;Tarragona;tarragona;Cataluña/Catalunya;Porrera;41.18876226;0.856210213;312;407
43115;Pradell de la Teixeta;pradell de la teixeta;Tarragona;tarragona;Cataluña/Catalunya;Pradell de la Teixeta;41.15627459;0.875514331;462;182
43116;Prades;prades;Tarragona;tarragona;Cataluña/Catalunya;Prades;41.30982338;0.988206283;949;644
43117;Prat de Comte;prat de comte;Tarragona;tarragona;Cataluña/Catalunya;Prat de Comte;40.98373357;0.405063633;361;180
43118;Pratdip;pratdip;Tarragona;tarragona;Cataluña/Catalunya;Pratdip;41.05153429;0.871623341;231;784
43119;Puigpelat;puigpelat;Tarragona;tarragona;Cataluña/Catalunya;Puigpelat;41.27979297;1.296983965;252;1225
43120;Querol;querol;Tarragona;tarragona;Cataluña/Catalunya;Querol;41.42268913;1.397228308;545;614
43121;Rasquera;rasquera;Tarragona;tarragona;Cataluña/Catalunya;Rasquera;41.001321;0.597191045;177;788
43122;Renau;renau;Tarragona;tarragona;Cataluña/Catalunya;Renau;41.22439552;1.311588361;169;165
43123;Reus;reus;Tarragona;tarragona;Cataluña/Catalunya;Reus;41.15544928;1.108826312;119;111911
43124;Riba, La;riba, la;Tarragona;tarragona;Cataluña/Catalunya;Riba, La;41.31837409;1.177895584;255;574
43125;Riba-roja d'Ebre;riba roja d'ebre;Tarragona;tarragona;Cataluña/Catalunya;Riba-roja d'Ebre;41.25094036;0.487747516;83;1127
43126;Riera de Gaià, La;riera de gaia, la;Tarragona;tarragona;Cataluña/Catalunya;Riera de Gaià, La;41.16495908;1.361684436;29;1831
43127;Riudecanyes;riudecanyes;Tarragona;tarragona;Cataluña/Catalunya;Riudecanyes;41.13004207;0.960931514;195;1379
43128;Riudecols;riudecols;Tarragona;tarragona;Cataluña/Catalunya;Riudecols;41.16891072;0.976340307;300;1280
43129;Riudoms;riudoms;Tarragona;tarragona;Cataluña/Catalunya;Riudoms;41.13772817;1.050837547;119;6927
43130;Rocafort de Queralt;rocafort de queralt;Tarragona;tarragona;Cataluña/Catalunya;Rocafort de Queralt;41.477445;1.280741071;561;246
43131;Roda de Berà;roda de bera;Tarragona;tarragona;Cataluña/Catalunya;Roda de Berà;41.18602861;1.45688216;58;8240
43132;Rodonyà;rodonya;Tarragona;tarragona;Cataluña/Catalunya;Rodonyà;41.27998952;1.399151091;314;518
43133;Roquetes;roquetes;Tarragona;tarragona;Cataluña/Catalunya;Roquetes;40.81844765;0.503040318;9;8606
43134;Rourell, El;rourell, el;Tarragona;tarragona;Cataluña/Catalunya;Rourell, El;41.22494723;1.217778019;116;385
43135;Salomó;salomo;Tarragona;tarragona;Cataluña/Catalunya;Salomó;41.22897476;1.374802927;163;525
43136;Ràpita, La;rapita, la;Tarragona;tarragona;Cataluña/Catalunya;Ràpita, La;40.62029937;0.592405252;9;16230
43137;Sant Jaume dels Domenys;sant jaume dels domenys;Tarragona;tarragona;Cataluña/Catalunya;Sant Jaume dels Domenys;41.29911672;1.55888267;209;2819
43138;Santa Bàrbara;santa barbara;Tarragona;tarragona;Cataluña/Catalunya;Santa Bàrbara;40.7143501;0.492825326;77;3866
43139;Santa Coloma de Queralt;santa coloma de queralt;Tarragona;tarragona;Cataluña/Catalunya;Santa Coloma de Queralt;41.53236775;1.383541608;676;2832
43140;Santa Oliva;santa oliva;Tarragona;tarragona;Cataluña/Catalunya;Santa Oliva;41.25320995;1.550921868;97;3711
43141;Pontils;pontils;Tarragona;tarragona;Cataluña/Catalunya;Pontils;41.47732184;1.387917228;548;123
43142;Sarral;sarral;Tarragona;tarragona;Cataluña/Catalunya;Sarral;41.44425827;1.248865592;464;1647
43143;Savallà del Comtat;savalla del comtat;Tarragona;tarragona;Cataluña/Catalunya;Savallà del Comtat;41.54310686;1.299592292;816;49
43144;Secuita, La;secuita, la;Tarragona;tarragona;Cataluña/Catalunya;Secuita, La;41.20324051;1.279347632;162;1848
43145;Selva del Camp, La;selva del camp, la;Tarragona;tarragona;Cataluña/Catalunya;Selva del Camp, La;41.21512631;1.136908291;235;5751
43146;Senan;senan;Tarragona;tarragona;Cataluña/Catalunya;Senan;41.46997007;1.088249857;655;47
43147;Solivella;solivella;Tarragona;tarragona;Cataluña/Catalunya;Solivella;41.45597345;1.177816675;489;639
43148;Tarragona;tarragona;Tarragona;tarragona;Cataluña/Catalunya;Tarragona;41.11745293;1.254161558;50;143260
43149;Tivenys;tivenys;Tarragona;tarragona;Cataluña/Catalunya;Tivenys;40.9069849;0.511678303;19;952
43150;Tivissa;tivissa;Tarragona;tarragona;Cataluña/Catalunya;Tivissa;41.0426031;0.73259696;312;1657
43151;Torre de Fontaubella, La;torre de fontaubella, la;Tarragona;tarragona;Cataluña/Catalunya;Torre de Fontaubella, La;41.12439499;0.864170883;371;120
43152;Torre de l'Espanyol, La;torre de l'espanyol, la;Tarragona;tarragona;Cataluña/Catalunya;Torre de l'Espanyol, La;41.19135989;0.624844563;154;642
43153;Torredembarra;torredembarra;Tarragona;tarragona;Cataluña/Catalunya;Torredembarra;41.14607366;1.396030969;22;18190
43154;Torroja del Priorat;torroja del priorat;Tarragona;tarragona;Cataluña/Catalunya;Torroja del Priorat;41.21387233;0.810157783;337;128
43155;Tortosa;tortosa;Tarragona;tarragona;Cataluña/Catalunya;Tortosa;40.81090147;0.521016574;9;36258
43156;Ulldecona;ulldecona;Tarragona;tarragona;Cataluña/Catalunya;Ulldecona;40.59813915;0.448618268;134;6814
43157;Ulldemolins;ulldemolins;Tarragona;tarragona;Cataluña/Catalunya;Ulldemolins;41.32268954;0.876289086;650;390
43158;Vallclara;vallclara;Tarragona;tarragona;Cataluña/Catalunya;Vallclara;41.37705763;0.981697793;622;91
43159;Vallfogona de Riucorb;vallfogona de riucorb;Tarragona;tarragona;Cataluña/Catalunya;Vallfogona de Riucorb;41.56271379;1.236168447;578;97
43160;Vallmoll;vallmoll;Tarragona;tarragona;Cataluña/Catalunya;Vallmoll;41.24262108;1.248895108;161;1997
43161;Valls;valls;Tarragona;tarragona;Cataluña/Catalunya;Valls;41.28437359;1.247648332;215;25540
43162;Vandellòs i l'Hospitalet de l'Infant;vandellos i l'hospitalet de l'infant;Tarragona;tarragona;Cataluña/Catalunya;Vandellòs i l'Hospitalet de l'Infant;41.01996293;0.831566998;275;7151
43163;Vendrell, El;vendrell, el;Tarragona;tarragona;Cataluña/Catalunya;Vendrell, El;41.22002643;1.534844121;49;41195
43164;Vespella de Gaià;vespella de gaia;Tarragona;tarragona;Cataluña/Catalunya;Vespella de Gaià;41.19527279;1.362385516;92;502
43165;Vilabella;vilabella;Tarragona;tarragona;Cataluña/Catalunya;Vilabella;41.24677045;1.32981996;255;731
43166;Vilallonga del Camp;vilallonga del camp;Tarragona;tarragona;Cataluña/Catalunya;Vilallonga del Camp;41.21139131;1.205914073;123;2494
43167;Vilanova d'Escornalbou;vilanova d'escornalbou;Tarragona;tarragona;Cataluña/Catalunya;Vilanova d'Escornalbou;41.11296827;0.936631631;232;615
43168;Vilanova de Prades;vilanova de prades;Tarragona;tarragona;Cataluña/Catalunya;Vilanova de Prades;41.34807974;0.956001414;887;110
43169;Vilaplana;vilaplana;Tarragona;tarragona;Cataluña/Catalunya;Vilaplana;41.22852571;1.033038138;366;558
43170;Vila-rodona;vila rodona;Tarragona;tarragona;Cataluña/Catalunya;Vila-rodona;41.31090708;1.357873948;254;1388
43171;Vila-seca;vila seca;Tarragona;tarragona;Cataluña/Catalunya;Vila-seca;41.11083778;1.144840666;40;24158
43172;Vilaverd;vilaverd;Tarragona;tarragona;Cataluña/Catalunya;Vilaverd;41.33738132;1.177311143;263;494
43173;Vilella Alta, La;vilella alta, la;Tarragona;tarragona;Cataluña/Catalunya;Vilella Alta, La;41.22456094;0.781136167;324;130
43174;Vilella Baixa, La;vilella baixa, la;Tarragona;tarragona;Cataluña/Catalunya;Vilella Baixa, La;41.2205555;0.761877637;217;202
43175;Vilalba dels Arcs;vilalba dels arcs;Tarragona;tarragona;Cataluña/Catalunya;Vilalba dels Arcs;41.12106338;0.410080267;451;613
43176;Vimbodí i Poblet;vimbodi i poblet;Tarragona;tarragona;Cataluña/Catalunya;Vimbodí i Poblet;41.40028022;1.050973609;477;889
43177;Vinebre;vinebre;Tarragona;tarragona;Cataluña/Catalunya;Vinebre;41.18422557;0.590653767;44;428
43178;Vinyols i els Arcs;vinyols i els arcs;Tarragona;tarragona;Cataluña/Catalunya;Vinyols i els Arcs;41.11374441;1.039249547;95;2470
43901;Deltebre;deltebre;Tarragona;tarragona;Cataluña/Catalunya;Deltebre;40.71929502;0.722579638;3;12074
43902;Sant Jaume d'Enveja;sant jaume d'enveja;Tarragona;tarragona;Cataluña/Catalunya;Sant Jaume d'Enveja;40.70706994;0.71916221;3;3759
43903;Camarles;camarles;Tarragona;tarragona;Cataluña/Catalunya;Camarles;40.77173889;0.670982163;8;3499
43904;Aldea, L';aldea, l';Tarragona;tarragona;Cataluña/Catalunya;Aldea, L';40.74576625;0.620134438;10;4725
43905;Salou;salou;Tarragona;tarragona;Cataluña/Catalunya;Salou;41.08194938;1.135396881;8;31018
43906;Ampolla, L';ampolla, l';Tarragona;tarragona;Cataluña/Catalunya;Ampolla, L';40.81437919;0.714511089;11;3809
43907;Canonja, La;canonja, la;Tarragona;tarragona;Cataluña/Catalunya;Canonja, La;41.12289322;1.179004794;48;5993
44001;Ababuj;ababuj;Teruel;teruel;Aragón;Ababuj;40.54890448;-0.807969672;1372;74
44002;Abejuela;abejuela;Teruel;teruel;Aragón;Abejuela;39.9097812;-0.893336242;1169;63
44003;Aguatón;aguaton;Teruel;teruel;Aragón;Aguatón;40.67136822;-1.234568228;1224;18
44004;Aguaviva;aguaviva;Teruel;teruel;Aragón;Aguaviva;40.82269831;-0.196589769;540;563
44005;Aguilar del Alfambra;aguilar del alfambra;Teruel;teruel;Aragón;Aguilar del Alfambra;40.58931831;-0.795648457;1280;84
44006;Alacón;alacon;Teruel;teruel;Aragón;Alacón;41.02317541;-0.696909127;694;204
44007;Alba;alba;Teruel;teruel;Aragón;Alba;40.6179665;-1.346269801;976;183
44008;Albalate del Arzobispo;albalate del arzobispo;Teruel;teruel;Aragón;Albalate del Arzobispo;41.12106472;-0.511226554;343;1948
44009;Albarracín;albarracin;Teruel;teruel;Aragón;Albarracín;40.40766985;-1.443274023;1129;1001
44010;Albentosa;albentosa;Teruel;teruel;Aragón;Albentosa;40.10362233;-0.768786774;951;287
44011;Alcaine;alcaine;Teruel;teruel;Aragón;Alcaine;40.95310925;-0.705020285;650;38
44012;Alcalá de la Selva;alcala de la selva;Teruel;teruel;Aragón;Alcalá de la Selva;40.37230224;-0.720111354;1403;381
44013;Alcañiz;alcaniz;Teruel;teruel;Aragón;Alcañiz;41.05032329;-0.132663702;342;16447
44014;Alcorisa;alcorisa;Teruel;teruel;Aragón;Alcorisa;40.89198189;-0.38119045;627;3242
44016;Alfambra;alfambra;Teruel;teruel;Aragón;Alfambra;40.54750316;-1.032884806;1034;485
44017;Aliaga;aliaga;Teruel;teruel;Aragón;Aliaga;40.67472478;-0.70228002;1105;343
44018;Almohaja;almohaja;Teruel;teruel;Aragón;Almohaja;40.60545527;-1.437912652;1198;10
44019;Alobras;alobras;Teruel;teruel;Aragón;Alobras;40.18114113;-1.387949261;1098;63
44020;Alpeñés;alpenes;Teruel;teruel;Aragón;Alpeñés;40.7988568;-1.065847496;1224;27
44021;Allepuz;allepuz;Teruel;teruel;Aragón;Allepuz;40.49207016;-0.728104036;1424;123
44022;Alloza;alloza;Teruel;teruel;Aragón;Alloza;40.96757235;-0.5300743;655;556
44023;Allueva;allueva;Teruel;teruel;Aragón;Allueva;40.98620773;-1.043458688;1204;31
44024;Anadón;anadon;Teruel;teruel;Aragón;Anadón;40.98269926;-0.983371535;1113;35
44025;Andorra;andorra;Teruel;teruel;Aragón;Andorra;40.97497468;-0.444052179;717;7192
44026;Arcos de las Salinas;arcos de las salinas;Teruel;teruel;Aragón;Arcos de las Salinas;39.99248882;-1.042999714;1067;105
44027;Arens de Lledó;arens de lledo;Teruel;teruel;Aragón;Arens de Lledó;40.99253156;0.270928221;364;188
44028;Argente;argente;Teruel;teruel;Aragón;Argente;40.68846363;-1.162851264;1251;204
44029;Ariño;arino;Teruel;teruel;Aragón;Ariño;41.03029513;-0.591544709;517;608
44031;Azaila;azaila;Teruel;teruel;Aragón;Azaila;41.29202003;-0.493528934;277;94
44032;Bádenas;badenas;Teruel;teruel;Aragón;Bádenas;41.092309;-1.121401545;994;28
44033;Báguena;baguena;Teruel;teruel;Aragón;Báguena;41.0404076;-1.357091198;801;277
44034;Bañón;banon;Teruel;teruel;Aragón;Bañón;40.839314;-1.190534304;1123;152
44035;Barrachina;barrachina;Teruel;teruel;Aragón;Barrachina;40.89718045;-1.139717937;1038;113
44036;Bea;bea;Teruel;teruel;Aragón;Bea;41.03585769;-1.148342763;1112;30
44037;Beceite;beceite;Teruel;teruel;Aragón;Beceite;40.83176235;0.182513228;575;574
44038;Belmonte de San José;belmonte de san jose;Teruel;teruel;Aragón;Belmonte de San José;40.87461402;-0.062844473;656;114
44039;Bello;bello;Teruel;teruel;Aragón;Bello;40.92210565;-1.499488541;1005;203
44040;Berge;berge;Teruel;teruel;Aragón;Berge;40.85732586;-0.426482678;713;220
44041;Bezas;bezas;Teruel;teruel;Aragón;Bezas;40.33064736;-1.32376229;1150;73
44042;Blancas;blancas;Teruel;teruel;Aragón;Blancas;40.81411939;-1.481606631;1047;132
44043;Blesa;blesa;Teruel;teruel;Aragón;Blesa;41.05168381;-0.885167575;773;74
44044;Bordón;bordon;Teruel;teruel;Aragón;Bordón;40.68659891;-0.321620689;830;116
44045;Bronchales;bronchales;Teruel;teruel;Aragón;Bronchales;40.50974758;-1.588284905;1569;475
44046;Bueña;buena;Teruel;teruel;Aragón;Bueña;40.7085442;-1.267347083;1213;65
44047;Burbáguena;burbaguena;Teruel;teruel;Aragón;Burbáguena;41.01838751;-1.339950694;811;397
44048;Cabra de Mora;cabra de mora;Teruel;teruel;Aragón;Cabra de Mora;40.31736467;-0.807346497;1088;66
44049;Calaceite;calaceite;Teruel;teruel;Aragón;Calaceite;41.01629921;0.187723968;507;961
44050;Calamocha;calamocha;Teruel;teruel;Aragón;Calamocha;40.91991779;-1.300229927;884;4628
44051;Calanda;calanda;Teruel;teruel;Aragón;Calanda;40.93899307;-0.231169093;446;3803
44052;Calomarde;calomarde;Teruel;teruel;Aragón;Calomarde;40.37270918;-1.575615725;1312;76
44053;Camañas;camanas;Teruel;teruel;Aragón;Camañas;40.64317368;-1.138246141;1238;136
44054;Camarena de la Sierra;camarena de la sierra;Teruel;teruel;Aragón;Camarena de la Sierra;40.14853573;-1.040881976;1299;139
44055;Camarillas;camarillas;Teruel;teruel;Aragón;Camarillas;40.61121113;-0.754623239;1310;100
44056;Caminreal;caminreal;Teruel;teruel;Aragón;Caminreal;40.83828369;-1.325249532;921;608
44059;Cantavieja;cantavieja;Teruel;teruel;Aragón;Cantavieja;40.52479556;-0.405093501;1302;727
44060;Cañada de Benatanduz;canada de benatanduz;Teruel;teruel;Aragón;Cañada de Benatanduz;40.57883874;-0.537377433;1442;40
44061;Cañada de Verich, La;canada de verich, la;Teruel;teruel;Aragón;Cañada de Verich, La;40.86598568;-0.098848236;738;72
44062;Cañada Vellida;canada vellida;Teruel;teruel;Aragón;Cañada Vellida;40.70773423;-0.915056736;1306;36
44063;Cañizar del Olivar;canizar del olivar;Teruel;teruel;Aragón;Cañizar del Olivar;40.81671538;-0.644787326;955;112
44064;Cascante del Río;cascante del rio;Teruel;teruel;Aragón;Cascante del Río;40.19534409;-1.113524013;992;73
44065;Castejón de Tornos;castejon de tornos;Teruel;teruel;Aragón;Castejón de Tornos;40.99678885;-1.427367824;1079;66
44066;Castel de Cabra;castel de cabra;Teruel;teruel;Aragón;Castel de Cabra;40.80261463;-0.695540625;1080;79
44067;Castelnou;castelnou;Teruel;teruel;Aragón;Castelnou;41.22894263;-0.363879491;191;92
44068;Castelserás;castelseras;Teruel;teruel;Aragón;Castelserás;40.98121483;-0.146182231;366;804
44070;Castellar, El;castellar, el;Teruel;teruel;Aragón;Castellar, El;40.3650686;-0.817563519;1237;54
44071;Castellote;castellote;Teruel;teruel;Aragón;Castellote;40.79976617;-0.321223916;755;666
44074;Cedrillas;cedrillas;Teruel;teruel;Aragón;Cedrillas;40.43581553;-0.85274985;1345;656
44075;Celadas;celadas;Teruel;teruel;Aragón;Celadas;40.47463179;-1.150982472;1122;335
44076;Cella;cella;Teruel;teruel;Aragón;Cella;40.45441489;-1.286789281;1035;2694
44077;Cerollera, La;cerollera, la;Teruel;teruel;Aragón;Cerollera, La;40.84000052;-0.054917273;845;78
44080;Codoñera, La;codonera, la;Teruel;teruel;Aragón;Codoñera, La;40.93356516;-0.086371039;497;313
44082;Corbalán;corbalan;Teruel;teruel;Aragón;Corbalán;40.40313957;-0.984924482;1264;118
44084;Cortes de Aragón;cortes de aragon;Teruel;teruel;Aragón;Cortes de Aragón;40.97389909;-0.835348339;927;62
44085;Cosa;cosa;Teruel;teruel;Aragón;Cosa;40.83380487;-1.135792578;1183;63
44086;Cretas;cretas;Teruel;teruel;Aragón;Cretas;40.92781943;0.210665532;567;558
44087;Crivillén;crivillen;Teruel;teruel;Aragón;Crivillén;40.88313338;-0.576738435;778;91
44088;Cuba, La;cuba, la;Teruel;teruel;Aragón;Cuba, La;40.59135247;-0.297641057;878;53
44089;Cubla;cubla;Teruel;teruel;Aragón;Cubla;40.21083444;-1.078984246;1091;57
44090;Cucalón;cucalon;Teruel;teruel;Aragón;Cucalón;41.08621884;-1.215282654;1032;78
44092;Cuervo, El;cuervo, el;Teruel;teruel;Aragón;Cuervo, El;40.15139718;-1.325041344;904;87
44093;Cuevas de Almudén;cuevas de almuden;Teruel;teruel;Aragón;Cuevas de Almudén;40.71414754;-0.830010352;1283;119
44094;Cuevas Labradas;cuevas labradas;Teruel;teruel;Aragón;Cuevas Labradas;40.45355798;-1.051347132;966;126
44096;Ejulve;ejulve;Teruel;teruel;Aragón;Ejulve;40.77527178;-0.554422617;1109;177
44097;Escorihuela;escorihuela;Teruel;teruel;Aragón;Escorihuela;40.54599503;-0.973047798;1133;130
44099;Escucha;escucha;Teruel;teruel;Aragón;Escucha;40.79383346;-0.811848944;1069;797
44100;Estercuel;estercuel;Teruel;teruel;Aragón;Estercuel;40.85501281;-0.631200393;821;201
44101;Ferreruela de Huerva;ferreruela de huerva;Teruel;teruel;Aragón;Ferreruela de Huerva;41.06363495;-1.233550432;1016;79
44102;Fonfría;fonfria;Teruel;teruel;Aragón;Fonfría;40.99560804;-1.084562516;1249;35
44103;Formiche Alto;formiche alto;Teruel;teruel;Aragón;Formiche Alto;40.32442912;-0.893744258;1108;158
44105;Fórnoles;fornoles;Teruel;teruel;Aragón;Fórnoles;40.89384425;-0.003917461;717;75
44106;Fortanete;fortanete;Teruel;teruel;Aragón;Fortanete;40.50552359;-0.52259595;1355;194
44107;Foz-Calanda;foz calanda;Teruel;teruel;Aragón;Foz-Calanda;40.92237142;-0.266982213;490;280
44108;Fresneda, La;fresneda, la;Teruel;teruel;Aragón;Fresneda, La;40.9284989;0.074362635;548;460
44109;Frías de Albarracín;frias de albarracin;Teruel;teruel;Aragón;Frías de Albarracín;40.33806692;-1.614357993;1456;109
44110;Fuenferrada;fuenferrada;Teruel;teruel;Aragón;Fuenferrada;40.86929647;-1.01204168;1118;38
44111;Fuentes Calientes;fuentes calientes;Teruel;teruel;Aragón;Fuentes Calientes;40.70068887;-0.978460184;1214;89
44112;Fuentes Claras;fuentes claras;Teruel;teruel;Aragón;Fuentes Claras;40.86496658;-1.323885299;909;427
44113;Fuentes de Rubielos;fuentes de rubielos;Teruel;teruel;Aragón;Fuentes de Rubielos;40.16936791;-0.618228744;968;146
44114;Fuentespalda;fuentespalda;Teruel;teruel;Aragón;Fuentespalda;40.80675751;0.064258131;720;306
44115;Galve;galve;Teruel;teruel;Aragón;Galve;40.65523944;-0.881360189;1180;148
44116;Gargallo;gargallo;Teruel;teruel;Aragón;Gargallo;40.83610565;-0.583954237;939;87
44117;Gea de Albarracín;gea de albarracin;Teruel;teruel;Aragón;Gea de Albarracín;40.4106984;-1.346429847;1031;458
44118;Ginebrosa, La;ginebrosa, la;Teruel;teruel;Aragón;Ginebrosa, La;40.87025649;-0.133905891;708;188
44119;Griegos;griegos;Teruel;teruel;Aragón;Griegos;40.42690305;-1.711950267;1603;152
44120;Guadalaviar;guadalaviar;Teruel;teruel;Aragón;Guadalaviar;40.38807324;-1.717793261;1522;240
44121;Gúdar;gudar;Teruel;teruel;Aragón;Gúdar;40.44139486;-0.720687959;1588;73
44122;Híjar;hijar;Teruel;teruel;Aragón;Híjar;41.1758205;-0.452701568;264;1756
44123;Hinojosa de Jarque;hinojosa de jarque;Teruel;teruel;Aragón;Hinojosa de Jarque;40.69031184;-0.786165871;1214;104
44124;Hoz de la Vieja, La;hoz de la vieja, la;Teruel;teruel;Aragón;Hoz de la Vieja, La;40.92368012;-0.843417855;923;85
44125;Huesa del Común;huesa del comun;Teruel;teruel;Aragón;Huesa del Común;41.01026744;-0.919098804;859;55
44126;Iglesuela del Cid, La;iglesuela del cid, la;Teruel;teruel;Aragón;Iglesuela del Cid, La;40.48174894;-0.319074109;1228;356
44127;Jabaloyas;jabaloyas;Teruel;teruel;Aragón;Jabaloyas;40.23991692;-1.408472395;1405;66
44128;Jarque de la Val;jarque de la val;Teruel;teruel;Aragón;Jarque de la Val;40.7027162;-0.801041261;1269;66
44129;Jatiel;jatiel;Teruel;teruel;Aragón;Jatiel;41.21883243;-0.381187131;207;48
44130;Jorcas;jorcas;Teruel;teruel;Aragón;Jorcas;40.54266521;-0.752514239;1336;42
44131;Josa;josa;Teruel;teruel;Aragón;Josa;40.95568431;-0.766699128;768;34
44132;Lagueruela;lagueruela;Teruel;teruel;Aragón;Lagueruela;41.04180306;-1.19221372;1065;71
44133;Lanzuela;lanzuela;Teruel;teruel;Aragón;Lanzuela;41.09875202;-1.205749329;1011;24
44135;Libros;libros;Teruel;teruel;Aragón;Libros;40.16194034;-1.233993847;766;102
44136;Lidón;lidon;Teruel;teruel;Aragón;Lidón;40.71712757;-1.11295336;1212;56
44137;Linares de Mora;linares de mora;Teruel;teruel;Aragón;Linares de Mora;40.3214614;-0.574752239;1300;243
44138;Loscos;loscos;Teruel;teruel;Aragón;Loscos;41.08099328;-1.043803048;978;121
44141;Lledó;lledo;Teruel;teruel;Aragón;Lledó;40.95484439;0.277095501;454;164
44142;Maicas;maicas;Teruel;teruel;Aragón;Maicas;40.96636914;-0.890474882;951;35
44143;Manzanera;manzanera;Teruel;teruel;Aragón;Manzanera;40.05723133;-0.830304268;995;530
44144;Martín del Río;martin del rio;Teruel;teruel;Aragón;Martín del Río;40.844495;-0.895096687;910;367
44145;Mas de las Matas;mas de las matas;Teruel;teruel;Aragón;Mas de las Matas;40.83319999;-0.241845456;493;1226
44146;Mata de los Olmos, La;mata de los olmos, la;Teruel;teruel;Aragón;Mata de los Olmos, La;40.86560853;-0.521104341;898;261
44147;Mazaleón;mazaleon;Teruel;teruel;Aragón;Mazaleón;41.04970142;0.103783372;342;472
44148;Mezquita de Jarque;mezquita de jarque;Teruel;teruel;Aragón;Mezquita de Jarque;40.72050605;-0.865281919;1260;83
44149;Mirambel;mirambel;Teruel;teruel;Aragón;Mirambel;40.58687329;-0.342523569;912;110
44150;Miravete de la Sierra;miravete de la sierra;Teruel;teruel;Aragón;Miravete de la Sierra;40.57685267;-0.693834432;1214;31
44151;Molinos;molinos;Teruel;teruel;Aragón;Molinos;40.8198716;-0.450011208;838;233
44152;Monforte de Moyuela;monforte de moyuela;Teruel;teruel;Aragón;Monforte de Moyuela;41.05431237;-1.014660224;1003;83
44153;Monreal del Campo;monreal del campo;Teruel;teruel;Aragón;Monreal del Campo;40.79057556;-1.352998672;936;2580
44154;Monroyo;monroyo;Teruel;teruel;Aragón;Monroyo;40.7879237;-0.032459819;869;327
44155;Montalbán;montalban;Teruel;teruel;Aragón;Montalbán;40.83264303;-0.798418386;850;1161
44156;Monteagudo del Castillo;monteagudo del castillo;Teruel;teruel;Aragón;Monteagudo del Castillo;40.45720838;-0.818030986;1451;42
44157;Monterde de Albarracín;monterde de albarracin;Teruel;teruel;Aragón;Monterde de Albarracín;40.49763031;-1.492507897;1284;62
44158;Mora de Rubielos;mora de rubielos;Teruel;teruel;Aragón;Mora de Rubielos;40.25171107;-0.752801555;1030;1755
44159;Moscardón;moscardon;Teruel;teruel;Aragón;Moscardón;40.33261117;-1.53720158;1402;63
44160;Mosqueruela;mosqueruela;Teruel;teruel;Aragón;Mosqueruela;40.36109203;-0.448840288;1470;562
44161;Muniesa;muniesa;Teruel;teruel;Aragón;Muniesa;41.03319894;-0.811560684;784;580
44163;Noguera de Albarracín;noguera de albarracin;Teruel;teruel;Aragón;Noguera de Albarracín;40.45911143;-1.597275064;1385;131
44164;Nogueras;nogueras;Teruel;teruel;Aragón;Nogueras;41.13483348;-1.066923983;856;36
44165;Nogueruelas;nogueruelas;Teruel;teruel;Aragón;Nogueruelas;40.23657053;-0.636477293;1141;188
44167;Obón;obon;Teruel;teruel;Aragón;Obón;40.90501776;-0.722904294;672;34
44168;Odón;odon;Teruel;teruel;Aragón;Odón;40.88410101;-1.567956942;1088;194
44169;Ojos Negros;ojos negros;Teruel;teruel;Aragón;Ojos Negros;40.73750476;-1.499762719;1144;321
44171;Olba;olba;Teruel;teruel;Aragón;Olba;40.1321854;-0.625498724;657;286
44172;Oliete;oliete;Teruel;teruel;Aragón;Oliete;40.99790543;-0.672365261;531;354
44173;Olmos, Los;olmos, los;Teruel;teruel;Aragón;Olmos, Los;40.87716207;-0.486412901;868;113
44174;Orihuela del Tremedal;orihuela del tremedal;Teruel;teruel;Aragón;Orihuela del Tremedal;40.54962803;-1.649478579;1425;450
44175;Orrios;orrios;Teruel;teruel;Aragón;Orrios;40.58815239;-0.987909808;1044;114
44176;Palomar de Arroyos;palomar de arroyos;Teruel;teruel;Aragón;Palomar de Arroyos;40.78000234;-0.750084192;1207;166
44177;Pancrudo;pancrudo;Teruel;teruel;Aragón;Pancrudo;40.76210821;-1.02931342;1238;118
44178;Parras de Castellote, Las;parras de castellote, las;Teruel;teruel;Aragón;Parras de Castellote, Las;40.77526017;-0.244376349;696;57
44179;Peñarroya de Tastavins;penarroya de tastavins;Teruel;teruel;Aragón;Peñarroya de Tastavins;40.7559214;0.040429977;780;470
44180;Peracense;peracense;Teruel;teruel;Aragón;Peracense;40.6407112;-1.470925798;1224;67
44181;Peralejos;peralejos;Teruel;teruel;Aragón;Peralejos;40.48400701;-1.032748447;997;91
44182;Perales del Alfambra;perales del alfambra;Teruel;teruel;Aragón;Perales del Alfambra;40.63351221;-1.002940401;1165;291
44183;Pitarque;pitarque;Teruel;teruel;Aragón;Pitarque;40.64840231;-0.592184381;993;61
44184;Plou;plou;Teruel;teruel;Aragón;Plou;40.99188258;-0.853436875;896;43
44185;Pobo, El;pobo, el;Teruel;teruel;Aragón;Pobo, El;40.50786151;-0.861441891;1396;97
44187;Portellada, La;portellada, la;Teruel;teruel;Aragón;Portellada, La;40.88272881;0.05734522;584;250
44189;Pozondón;pozondon;Teruel;teruel;Aragón;Pozondón;40.56114956;-1.470187562;1407;53
44190;Pozuel del Campo;pozuel del campo;Teruel;teruel;Aragón;Pozuel del Campo;40.77067922;-1.507947081;1113;76
44191;Puebla de Híjar, La;puebla de hijar, la;Teruel;teruel;Aragón;Puebla de Híjar, La;41.2138263;-0.446248289;250;934
44192;Puebla de Valverde, La;puebla de valverde, la;Teruel;teruel;Aragón;Puebla de Valverde, La;40.22480834;-0.930416187;1121;483
44193;Puertomingalvo;puertomingalvo;Teruel;teruel;Aragón;Puertomingalvo;40.26475868;-0.459404883;1449;135
44194;Ráfales;rafales;Teruel;teruel;Aragón;Ráfales;40.83726389;0.02055875;624;147
44195;Rillo;rillo;Teruel;teruel;Aragón;Rillo;40.72219511;-0.996060025;1269;94
44196;Riodeva;riodeva;Teruel;teruel;Aragón;Riodeva;40.11700379;-1.148092495;975;113
44197;Ródenas;rodenas;Teruel;teruel;Aragón;Ródenas;40.64072966;-1.516256346;1366;57
44198;Royuela;royuela;Teruel;teruel;Aragón;Royuela;40.3778601;-1.512633849;1210;228
44199;Rubiales;rubiales;Teruel;teruel;Aragón;Rubiales;40.27642388;-1.26998871;1164;43
44200;Rubielos de la Cérida;rubielos de la cerida;Teruel;teruel;Aragón;Rubielos de la Cérida;40.77163828;-1.211650335;1224;20
44201;Rubielos de Mora;rubielos de mora;Teruel;teruel;Aragón;Rubielos de Mora;40.19015687;-0.653003833;933;610
44203;Salcedillo;salcedillo;Teruel;teruel;Aragón;Salcedillo;40.96221589;-1.004926949;1197;14
44204;Saldón;saldon;Teruel;teruel;Aragón;Saldón;40.32509325;-1.428312586;1399;32
44205;Samper de Calanda;samper de calanda;Teruel;teruel;Aragón;Samper de Calanda;41.18981387;-0.388949563;259;733
44206;San Agustín;san agustin;Teruel;teruel;Aragón;San Agustín;40.0593879;-0.692826795;955;131
44207;San Martín del Río;san martin del rio;Teruel;teruel;Aragón;San Martín del Río;41.06590708;-1.386757263;779;137
44208;Santa Cruz de Nogueras;santa cruz de nogueras;Teruel;teruel;Aragón;Santa Cruz de Nogueras;41.11491295;-1.089068604;895;25
44209;Santa Eulalia;santa eulalia;Teruel;teruel;Aragón;Santa Eulalia;40.56581583;-1.312885397;985;1004
44210;Sarrión;sarrion;Teruel;teruel;Aragón;Sarrión;40.14074048;-0.815520182;990;1260
44211;Segura de los Baños;segura de los banos;Teruel;teruel;Aragón;Segura de los Baños;40.94067283;-0.951661905;1120;55
44212;Seno;seno;Teruel;teruel;Aragón;Seno;40.81251833;-0.336864977;789;39
44213;Singra;singra;Teruel;teruel;Aragón;Singra;40.65573853;-1.311463785;1037;76
44215;Terriente;terriente;Teruel;teruel;Aragón;Terriente;40.29764612;-1.504462256;1432;194
44216;Teruel;teruel;Teruel;teruel;Aragón;Teruel;40.34354359;-1.108028132;917;36521
44217;Toril y Masegoso;toril y masegoso;Teruel;teruel;Aragón;Toril y Masegoso;40.24873621;-1.486768339;1484;30
44218;Tormón;tormon;Teruel;teruel;Aragón;Tormón;40.20237368;-1.353631604;1051;28
44219;Tornos;tornos;Teruel;teruel;Aragón;Tornos;40.9621113;-1.433742604;1018;174
44220;Torralba de los Sisones;torralba de los sisones;Teruel;teruel;Aragón;Torralba de los Sisones;40.89137488;-1.45852704;1038;145
44221;Torrecilla de Alcañiz;torrecilla de alcaniz;Teruel;teruel;Aragón;Torrecilla de Alcañiz;40.96094599;-0.090388138;444;440
44222;Torrecilla del Rebollar;torrecilla del rebollar;Teruel;teruel;Aragón;Torrecilla del Rebollar;40.90950479;-1.071330875;1141;115
44223;Torre de Arcas;torre de arcas;Teruel;teruel;Aragón;Torre de Arcas;40.75142438;-0.068707317;747;76
44224;Torre de las Arcas;torre de las arcas;Teruel;teruel;Aragón;Torre de las Arcas;40.84212816;-0.718026017;944;19
44225;Torre del Compte;torre del compte;Teruel;teruel;Aragón;Torre del Compte;40.93655352;0.109315048;500;118
44226;Torrelacárcel;torrelacarcel;Teruel;teruel;Aragón;Torrelacárcel;40.61391543;-1.302802092;979;130
44227;Torre los Negros;torre los negros;Teruel;teruel;Aragón;Torre los Negros;40.85277668;-1.098037879;1071;77
44228;Torremocha de Jiloca;torremocha de jiloca;Teruel;teruel;Aragón;Torremocha de Jiloca;40.58964177;-1.297072919;981;117
44229;Torres de Albarracín;torres de albarracin;Teruel;teruel;Aragón;Torres de Albarracín;40.42663066;-1.530595678;1219;184
44230;Torrevelilla;torrevelilla;Teruel;teruel;Aragón;Torrevelilla;40.90264729;-0.108947024;610;161
44231;Torrijas;torrijas;Teruel;teruel;Aragón;Torrijas;40.02243305;-0.957299454;1365;36
44232;Torrijo del Campo;torrijo del campo;Teruel;teruel;Aragón;Torrijo del Campo;40.82672118;-1.337314841;923;509
44234;Tramacastiel;tramacastiel;Teruel;teruel;Aragón;Tramacastiel;40.18839254;-1.240053836;892;62
44235;Tramacastilla;tramacastilla;Teruel;teruel;Aragón;Tramacastilla;40.43044808;-1.574397094;1255;134
44236;Tronchón;tronchon;Teruel;teruel;Aragón;Tronchón;40.62094008;-0.398958538;1099;56
44237;Urrea de Gaén;urrea de gaen;Teruel;teruel;Aragón;Urrea de Gaén;41.15860686;-0.470179219;297;452
44238;Utrillas;utrillas;Teruel;teruel;Aragón;Utrillas;40.81261103;-0.843932138;941;3073
44239;Valacloche;valacloche;Teruel;teruel;Aragón;Valacloche;40.19072304;-1.091238684;984;33
44240;Valbona;valbona;Teruel;teruel;Aragón;Valbona;40.22899882;-0.81081434;949;187
44241;Valdealgorfa;valdealgorfa;Teruel;teruel;Aragón;Valdealgorfa;40.99081893;-0.034881766;510;582
44243;Valdecuenca;valdecuenca;Teruel;teruel;Aragón;Valdecuenca;40.29782738;-1.40893457;1334;33
44244;Valdelinares;valdelinares;Teruel;teruel;Aragón;Valdelinares;40.39113054;-0.605708288;1684;82
44245;Valdeltormo;valdeltormo;Teruel;teruel;Aragón;Valdeltormo;40.98656663;0.083852955;426;304
44246;Valderrobres;valderrobres;Teruel;teruel;Aragón;Valderrobres;40.87502582;0.154550281;483;2537
44247;Valjunquera;valjunquera;Teruel;teruel;Aragón;Valjunquera;40.9524431;0.025967898;552;336
44249;Vallecillo, El;vallecillo, el;Teruel;teruel;Aragón;Vallecillo, El;40.23434415;-1.566383749;1434;40
44250;Veguillas de la Sierra;veguillas de la sierra;Teruel;teruel;Aragón;Veguillas de la Sierra;40.15416123;-1.406079995;1268;27
44251;Villafranca del Campo;villafranca del campo;Teruel;teruel;Aragón;Villafranca del Campo;40.69552616;-1.346842698;959;290
44252;Villahermosa del Campo;villahermosa del campo;Teruel;teruel;Aragón;Villahermosa del Campo;41.10945382;-1.246469149;955;93
44256;Villanueva del Rebollar de la Sierra;villanueva del rebollar de la sierra;Teruel;teruel;Aragón;Villanueva del Rebollar de la Sierra;40.89108208;-1.008321791;1085;49
44257;Villar del Cobo;villar del cobo;Teruel;teruel;Aragón;Villar del Cobo;40.39459419;-1.672498481;1428;163
44258;Villar del Salz;villar del salz;Teruel;teruel;Aragón;Villar del Salz;40.68158692;-1.499898113;1211;59
44260;Villarluengo;villarluengo;Teruel;teruel;Aragón;Villarluengo;40.6484083;-0.530238233;1114;157
44261;Villarquemado;villarquemado;Teruel;teruel;Aragón;Villarquemado;40.51780952;-1.267340954;997;900
44262;Villarroya de los Pinares;villarroya de los pinares;Teruel;teruel;Aragón;Villarroya de los Pinares;40.52924037;-0.668414961;1317;160
44263;Villastar;villastar;Teruel;teruel;Aragón;Villastar;40.28075239;-1.152273639;858;566
44264;Villel;villel;Teruel;teruel;Aragón;Villel;40.23384169;-1.186557569;821;338
44265;Vinaceite;vinaceite;Teruel;teruel;Aragón;Vinaceite;41.26690521;-0.577579876;303;180
44266;Visiedo;visiedo;Teruel;teruel;Aragón;Visiedo;40.68579593;-1.096940502;1184;133
44267;Vivel del Río Martín;vivel del rio martin;Teruel;teruel;Aragón;Vivel del Río Martín;40.8698807;-0.939674362;967;63
44268;Zoma, La;zoma, la;Teruel;teruel;Aragón;Zoma, La;40.78382829;-0.619401599;1144;28
45001;Ajofrín;ajofrin;Toledo;toledo;Castilla-La Mancha;Ajofrín;39.71325807;-3.982322895;770;2379
45002;Alameda de la Sagra;alameda de la sagra;Toledo;toledo;Castilla-La Mancha;Alameda de la Sagra;40.01345502;-3.797266622;593;4344
45003;Albarreal de Tajo;albarreal de tajo;Toledo;toledo;Castilla-La Mancha;Albarreal de Tajo;39.89710585;-4.228893496;448;802
45004;Alcabón;alcabon;Toledo;toledo;Castilla-La Mancha;Alcabón;40.0022373;-4.368751314;529;796
45005;Alcañizo;alcanizo;Toledo;toledo;Castilla-La Mancha;Alcañizo;39.90363041;-5.103822345;373;260
45006;Alcaudete de la Jara;alcaudete de la jara;Toledo;toledo;Castilla-La Mancha;Alcaudete de la Jara;39.78820793;-4.870405114;411;1743
45007;Alcolea de Tajo;alcolea de tajo;Toledo;toledo;Castilla-La Mancha;Alcolea de Tajo;39.80910603;-5.14799672;353;838
45008;Aldea en Cabo;aldea en cabo;Toledo;toledo;Castilla-La Mancha;Aldea en Cabo;40.18460261;-4.457144288;487;184
45009;Aldeanueva de Barbarroya;aldeanueva de barbarroya;Toledo;toledo;Castilla-La Mancha;Aldeanueva de Barbarroya;39.75885177;-5.021958868;498;457
45010;Aldeanueva de San Bartolomé;aldeanueva de san bartolome;Toledo;toledo;Castilla-La Mancha;Aldeanueva de San Bartolomé;39.63704311;-5.112712998;571;403
45011;Almendral de la Cañada;almendral de la canada;Toledo;toledo;Castilla-La Mancha;Almendral de la Cañada;40.18349766;-4.740635725;632;342
45012;Almonacid de Toledo;almonacid de toledo;Toledo;toledo;Castilla-La Mancha;Almonacid de Toledo;39.75277697;-3.855205085;717;1012
45013;Almorox;almorox;Toledo;toledo;Castilla-La Mancha;Almorox;40.23375132;-4.390752017;532;2565
45014;Añover de Tajo;anover de tajo;Toledo;toledo;Castilla-La Mancha;Añover de Tajo;39.98900362;-3.76609975;594;5453
45015;Arcicóllar;arcicollar;Toledo;toledo;Castilla-La Mancha;Arcicóllar;40.05515861;-4.115963563;549;1089
45016;Argés;arges;Toledo;toledo;Castilla-La Mancha;Argés;39.80630967;-4.057534357;651;7200
45017;Azután;azutan;Toledo;toledo;Castilla-La Mancha;Azután;39.78596483;-5.126956112;336;286
45018;Barcience;barcience;Toledo;toledo;Castilla-La Mancha;Barcience;39.98313089;-4.236320921;513;1150
45019;Bargas;bargas;Toledo;toledo;Castilla-La Mancha;Bargas;39.94058921;-4.020523031;589;11325
45020;Belvís de la Jara;belvis de la jara;Toledo;toledo;Castilla-La Mancha;Belvís de la Jara;39.75966446;-4.949517574;449;1471
45021;Borox;borox;Toledo;toledo;Castilla-La Mancha;Borox;40.06980268;-3.74164544;580;4397
45022;Buenaventura;buenaventura;Toledo;toledo;Castilla-La Mancha;Buenaventura;40.17590533;-4.8492656;433;385
45023;Burguillos de Toledo;burguillos de toledo;Toledo;toledo;Castilla-La Mancha;Burguillos de Toledo;39.79637205;-3.992643776;676;3861
45024;Burujón;burujon;Toledo;toledo;Castilla-La Mancha;Burujón;39.90128734;-4.298155929;499;1344
45025;Cabañas de la Sagra;cabanas de la sagra;Toledo;toledo;Castilla-La Mancha;Cabañas de la Sagra;40.00808287;-3.947635089;546;2181
45026;Cabañas de Yepes;cabanas de yepes;Toledo;toledo;Castilla-La Mancha;Cabañas de Yepes;39.88942286;-3.535855476;702;316
45027;Cabezamesada;cabezamesada;Toledo;toledo;Castilla-La Mancha;Cabezamesada;39.81670765;-3.102198598;729;357
45028;Calera y Chozas;calera y chozas;Toledo;toledo;Castilla-La Mancha;Calera y Chozas;39.88169356;-4.978733436;392;4839
45029;Caleruela;caleruela;Toledo;toledo;Castilla-La Mancha;Caleruela;39.87493036;-5.255340412;371;205
45030;Calzada de Oropesa;calzada de oropesa;Toledo;toledo;Castilla-La Mancha;Calzada de Oropesa;39.89798815;-5.278733447;348;515
45031;Camarena;camarena;Toledo;toledo;Castilla-La Mancha;Camarena;40.09310611;-4.119245478;571;4840
45032;Camarenilla;camarenilla;Toledo;toledo;Castilla-La Mancha;Camarenilla;40.01766279;-4.074676813;506;612
45033;Campillo de la Jara, El;campillo de la jara, el;Toledo;toledo;Castilla-La Mancha;Campillo de la Jara, El;39.58956676;-5.054729467;650;326
45034;Camuñas;camunas;Toledo;toledo;Castilla-La Mancha;Camuñas;39.4276827;-3.45968597;667;1738
45035;Cardiel de los Montes;cardiel de los montes;Toledo;toledo;Castilla-La Mancha;Cardiel de los Montes;40.06283084;-4.653016933;399;405
45036;Carmena;carmena;Toledo;toledo;Castilla-La Mancha;Carmena;39.95584493;-4.401790615;557;797
45037;Carpio de Tajo, El;carpio de tajo, el;Toledo;toledo;Castilla-La Mancha;Carpio de Tajo, El;39.88746712;-4.454480603;480;1948
45038;Carranque;carranque;Toledo;toledo;Castilla-La Mancha;Carranque;40.16962251;-3.898606124;664;5451
45039;Carriches;carriches;Toledo;toledo;Castilla-La Mancha;Carriches;39.96371629;-4.458697641;550;265
45040;Casar de Escalona, El;casar de escalona, el;Toledo;toledo;Castilla-La Mancha;Casar de Escalona, El;40.04622001;-4.525693097;463;2281
45041;Casarrubios del Monte;casarrubios del monte;Toledo;toledo;Castilla-La Mancha;Casarrubios del Monte;40.18432945;-4.036361797;603;7498
45042;Casasbuenas;casasbuenas;Toledo;toledo;Castilla-La Mancha;Casasbuenas;39.7607424;-4.126361083;683;212
45043;Castillo de Bayuela;castillo de bayuela;Toledo;toledo;Castilla-La Mancha;Castillo de Bayuela;40.1010085;-4.685080256;541;902
45045;Cazalegas;cazalegas;Toledo;toledo;Castilla-La Mancha;Cazalegas;40.01096279;-4.67779786;441;2221
45046;Cebolla;cebolla;Toledo;toledo;Castilla-La Mancha;Cebolla;39.94599544;-4.571408094;420;3290
45047;Cedillo del Condado;cedillo del condado;Toledo;toledo;Castilla-La Mancha;Cedillo del Condado;40.11567058;-3.924266175;644;4618
45048;Cerralbos, Los;cerralbos, los;Toledo;toledo;Castilla-La Mancha;Cerralbos, Los;39.98373767;-4.569198845;465;459
45049;Cervera de los Montes;cervera de los montes;Toledo;toledo;Castilla-La Mancha;Cervera de los Montes;40.05231019;-4.810911161;533;511
45050;Ciruelos;ciruelos;Toledo;toledo;Castilla-La Mancha;Ciruelos;39.93894662;-3.613740067;706;749
45051;Cobeja;cobeja;Toledo;toledo;Castilla-La Mancha;Cobeja;40.02316521;-3.859171969;502;2717
45052;Cobisa;cobisa;Toledo;toledo;Castilla-La Mancha;Cobisa;39.8045929;-4.024728313;674;4562
45053;Consuegra;consuegra;Toledo;toledo;Castilla-La Mancha;Consuegra;39.46055614;-3.606854632;704;9806
45054;Corral de Almaguer;corral de almaguer;Toledo;toledo;Castilla-La Mancha;Corral de Almaguer;39.75923102;-3.164272919;705;5340
45055;Cuerva;cuerva;Toledo;toledo;Castilla-La Mancha;Cuerva;39.66397448;-4.210704463;771;1259
45056;Chozas de Canales;chozas de canales;Toledo;toledo;Castilla-La Mancha;Chozas de Canales;40.10035048;-4.043857951;545;5036
45057;Chueca;chueca;Toledo;toledo;Castilla-La Mancha;Chueca;39.73182806;-3.943917783;736;252
45058;Domingo Pérez;domingo perez;Toledo;toledo;Castilla-La Mancha;Domingo Pérez;39.97607636;-4.505764053;496;415
45059;Dosbarrios;dosbarrios;Toledo;toledo;Castilla-La Mancha;Dosbarrios;39.88224943;-3.483950375;711;2268
45060;Erustes;erustes;Toledo;toledo;Castilla-La Mancha;Erustes;39.95672645;-4.497319782;532;225
45061;Escalona;escalona;Toledo;toledo;Castilla-La Mancha;Escalona;40.16556513;-4.402670149;457;3986
45062;Escalonilla;escalonilla;Toledo;toledo;Castilla-La Mancha;Escalonilla;39.92508171;-4.349156069;545;1543
45063;Espinoso del Rey;espinoso del rey;Toledo;toledo;Castilla-La Mancha;Espinoso del Rey;39.65286076;-4.784231982;721;423
45064;Esquivias;esquivias;Toledo;toledo;Castilla-La Mancha;Esquivias;40.10401475;-3.767033714;610;5844
45065;Estrella, La;estrella, la;Toledo;toledo;Castilla-La Mancha;Estrella, La;39.68959474;-5.093434537;545;251
45066;Fuensalida;fuensalida;Toledo;toledo;Castilla-La Mancha;Fuensalida;40.05286068;-4.209149925;591;12662
45067;Gálvez;galvez;Toledo;toledo;Castilla-La Mancha;Gálvez;39.70031518;-4.274174754;707;3049
45068;Garciotum;garciotum;Toledo;toledo;Castilla-La Mancha;Garciotum;40.09780272;-4.648505217;452;220
45069;Gerindote;gerindote;Toledo;toledo;Castilla-La Mancha;Gerindote;39.9663744;-4.303937514;550;2851
45070;Guadamur;guadamur;Toledo;toledo;Castilla-La Mancha;Guadamur;39.81127662;-4.148660484;628;1800
45071;Guardia, La;guardia, la;Toledo;toledo;Castilla-La Mancha;Guardia, La;39.7889905;-3.478312185;698;2204
45072;Herencias, Las;herencias, las;Toledo;toledo;Castilla-La Mancha;Herencias, Las;39.86771762;-4.921823131;363;820
45073;Herreruela de Oropesa;herreruela de oropesa;Toledo;toledo;Castilla-La Mancha;Herreruela de Oropesa;39.88796806;-5.243123978;389;329
45074;Hinojosa de San Vicente;hinojosa de san vicente;Toledo;toledo;Castilla-La Mancha;Hinojosa de San Vicente;40.10489996;-4.722476453;648;370
45075;Hontanar;hontanar;Toledo;toledo;Castilla-La Mancha;Hontanar;39.61232585;-4.498081146;842;140
45076;Hormigos;hormigos;Toledo;toledo;Castilla-La Mancha;Hormigos;40.09796764;-4.444621774;462;1038
45077;Huecas;huecas;Toledo;toledo;Castilla-La Mancha;Huecas;40.01180549;-4.195817925;550;899
45078;Huerta de Valdecarábanos;huerta de valdecarabanos;Toledo;toledo;Castilla-La Mancha;Huerta de Valdecarábanos;39.86433755;-3.612965227;625;1850
45079;Iglesuela del Tiétar, La;iglesuela del tietar, la;Toledo;toledo;Castilla-La Mancha;Iglesuela del Tiétar, La;40.23286418;-4.751439456;518;448
45080;Illán de Vacas;illan de vacas;Toledo;toledo;Castilla-La Mancha;Illán de Vacas;39.97056311;-4.556853316;479;8
45081;Illescas;illescas;Toledo;toledo;Castilla-La Mancha;Illescas;40.12400447;-3.849586645;589;33167
45082;Lagartera;lagartera;Toledo;toledo;Castilla-La Mancha;Lagartera;39.90609167;-5.201009893;394;1308
45083;Layos;layos;Toledo;toledo;Castilla-La Mancha;Layos;39.77697262;-4.064047946;649;933
45084;Lillo;lillo;Toledo;toledo;Castilla-La Mancha;Lillo;39.72348398;-3.304736461;684;2535
45085;Lominchar;lominchar;Toledo;toledo;Castilla-La Mancha;Lominchar;40.08976315;-3.966838674;643;2985
45086;Lucillos;lucillos;Toledo;toledo;Castilla-La Mancha;Lucillos;39.98475818;-4.612313063;478;675
45087;Madridejos;madridejos;Toledo;toledo;Castilla-La Mancha;Madridejos;39.46966463;-3.535390649;688;10072
45088;Magán;magan;Toledo;toledo;Castilla-La Mancha;Magán;39.96216298;-3.930954746;485;4375
45089;Malpica de Tajo;malpica de tajo;Toledo;toledo;Castilla-La Mancha;Malpica de Tajo;39.89727054;-4.547265174;398;1676
45090;Manzaneque;manzaneque;Toledo;toledo;Castilla-La Mancha;Manzaneque;39.63569756;-3.79511848;715;416
45091;Maqueda;maqueda;Toledo;toledo;Castilla-La Mancha;Maqueda;40.06533994;-4.372609962;472;546
45092;Marjaliza;marjaliza;Toledo;toledo;Castilla-La Mancha;Marjaliza;39.56369711;-3.935941233;859;262
45093;Marrupe;marrupe;Toledo;toledo;Castilla-La Mancha;Marrupe;40.09046483;-4.794104238;589;166
45094;Mascaraque;mascaraque;Toledo;toledo;Castilla-La Mancha;Mascaraque;39.71605027;-3.813376956;715;444
45095;Mata, La;mata, la;Toledo;toledo;Castilla-La Mancha;Mata, La;39.94375967;-4.438157953;566;913
45096;Mazarambroz;mazarambroz;Toledo;toledo;Castilla-La Mancha;Mazarambroz;39.69473054;-4.018653066;776;1272
45097;Mejorada;mejorada;Toledo;toledo;Castilla-La Mancha;Mejorada;40.01025803;-4.883504364;548;1395
45098;Menasalbas;menasalbas;Toledo;toledo;Castilla-La Mancha;Menasalbas;39.64103385;-4.284197008;703;2495
45099;Méntrida;mentrida;Toledo;toledo;Castilla-La Mancha;Méntrida;40.23754905;-4.195208578;525;6618
45100;Mesegar de Tajo;mesegar de tajo;Toledo;toledo;Castilla-La Mancha;Mesegar de Tajo;39.92524168;-4.501928422;475;203
45101;Miguel Esteban;miguel esteban;Toledo;toledo;Castilla-La Mancha;Miguel Esteban;39.52583921;-3.076034568;680;4738
45102;Mocejón;mocejon;Toledo;toledo;Castilla-La Mancha;Mocejón;39.93969597;-3.916357447;477;5183
45103;Mohedas de la Jara;mohedas de la jara;Toledo;toledo;Castilla-La Mancha;Mohedas de la Jara;39.60400398;-5.144488676;642;385
45104;Montearagón;montearagon;Toledo;toledo;Castilla-La Mancha;Montearagón;39.96508255;-4.630297061;424;598
45105;Montesclaros;montesclaros;Toledo;toledo;Castilla-La Mancha;Montesclaros;40.10570541;-4.938323613;553;387
45106;Mora;mora;Toledo;toledo;Castilla-La Mancha;Mora;39.68470611;-3.772739434;715;10174
45107;Nambroca;nambroca;Toledo;toledo;Castilla-La Mancha;Nambroca;39.79802499;-3.944396886;678;5327
45108;Nava de Ricomalillo, La;nava de ricomalillo, la;Toledo;toledo;Castilla-La Mancha;Nava de Ricomalillo, La;39.65161274;-4.990121278;646;522
45109;Navahermosa;navahermosa;Toledo;toledo;Castilla-La Mancha;Navahermosa;39.633767;-4.472466607;735;3615
45110;Navalcán;navalcan;Toledo;toledo;Castilla-La Mancha;Navalcán;40.07003893;-5.092099939;392;1859
45111;Navalmoralejo;navalmoralejo;Toledo;toledo;Castilla-La Mancha;Navalmoralejo;39.73878797;-5.143056767;427;57
45112;Navalmorales, Los;navalmorales, los;Toledo;toledo;Castilla-La Mancha;Navalmorales, Los;39.7249819;-4.64136142;661;2118
45113;Navalucillos, Los;navalucillos, los;Toledo;toledo;Castilla-La Mancha;Navalucillos, Los;39.66621753;-4.641223859;743;1890
45114;Navamorcuende;navamorcuende;Toledo;toledo;Castilla-La Mancha;Navamorcuende;40.1572958;-4.785741444;767;579
45115;Noblejas;noblejas;Toledo;toledo;Castilla-La Mancha;Noblejas;39.98279825;-3.440997297;741;3994
45116;Noez;noez;Toledo;toledo;Castilla-La Mancha;Noez;39.74167594;-4.184395563;753;1075
45117;Nombela;nombela;Toledo;toledo;Castilla-La Mancha;Nombela;40.15690814;-4.503187581;494;909
45118;Novés;noves;Toledo;toledo;Castilla-La Mancha;Novés;40.04704575;-4.273725049;557;3612
45119;Numancia de la Sagra;numancia de la sagra;Toledo;toledo;Castilla-La Mancha;Numancia de la Sagra;40.07608875;-3.854834432;526;5729
45120;Nuño Gómez;nuno gomez;Toledo;toledo;Castilla-La Mancha;Nuño Gómez;40.11450085;-4.62068828;470;179
45121;Ocaña;ocana;Toledo;toledo;Castilla-La Mancha;Ocaña;39.95840816;-3.501109153;731;16039
45122;Olías del Rey;olias del rey;Toledo;toledo;Castilla-La Mancha;Olías del Rey;39.94705126;-3.987384809;583;9184
45123;Ontígola;ontigola;Toledo;toledo;Castilla-La Mancha;Ontígola;40.00344664;-3.572544766;605;5109
45124;Orgaz;orgaz;Toledo;toledo;Castilla-La Mancha;Orgaz;39.64688613;-3.874618486;743;2652
45125;Oropesa;oropesa;Toledo;toledo;Castilla-La Mancha;Oropesa;39.91689479;-5.174799617;408;2582
45126;Otero;otero;Toledo;toledo;Castilla-La Mancha;Otero;40.00089929;-4.515303576;461;446
45127;Palomeque;palomeque;Toledo;toledo;Castilla-La Mancha;Palomeque;40.11910976;-3.964042657;607;1237
45128;Pantoja;pantoja;Toledo;toledo;Castilla-La Mancha;Pantoja;40.04400719;-3.836608887;521;3621
45129;Paredes de Escalona;paredes de escalona;Toledo;toledo;Castilla-La Mancha;Paredes de Escalona;40.20506598;-4.430846511;495;133
45130;Parrillas;parrillas;Toledo;toledo;Castilla-La Mancha;Parrillas;40.06289393;-5.063186562;396;323
45131;Pelahustán;pelahustan;Toledo;toledo;Castilla-La Mancha;Pelahustán;40.17655063;-4.597956222;673;341
45132;Pepino;pepino;Toledo;toledo;Castilla-La Mancha;Pepino;40.03169389;-4.803211491;440;3421
45133;Polán;polan;Toledo;toledo;Castilla-La Mancha;Polán;39.78901161;-4.168451499;649;3948
45134;Portillo de Toledo;portillo de toledo;Toledo;toledo;Castilla-La Mancha;Portillo de Toledo;40.06392769;-4.229043959;592;2389
45135;Puebla de Almoradiel, La;puebla de almoradiel, la;Toledo;toledo;Castilla-La Mancha;Puebla de Almoradiel, La;39.59843312;-3.118287745;693;4948
45136;Puebla de Montalbán, La;puebla de montalban, la;Toledo;toledo;Castilla-La Mancha;Puebla de Montalbán, La;39.86450424;-4.359570455;488;8172
45137;Pueblanueva, La;pueblanueva, la;Toledo;toledo;Castilla-La Mancha;Pueblanueva, La;39.91216079;-4.679969749;481;2146
45138;Puente del Arzobispo, El;puente del arzobispo, el;Toledo;toledo;Castilla-La Mancha;Puente del Arzobispo, El;39.80222884;-5.170936325;336;1152
45139;Puerto de San Vicente;puerto de san vicente;Toledo;toledo;Castilla-La Mancha;Puerto de San Vicente;39.52172235;-5.115304571;761;140
45140;Pulgar;pulgar;Toledo;toledo;Castilla-La Mancha;Pulgar;39.69452761;-4.152831878;721;1646
45141;Quero;quero;Toledo;toledo;Castilla-La Mancha;Quero;39.50986713;-3.247594959;648;1048
45142;Quintanar de la Orden;quintanar de la orden;Toledo;toledo;Castilla-La Mancha;Quintanar de la Orden;39.59094867;-3.044111243;689;11321
45143;Quismondo;quismondo;Toledo;toledo;Castilla-La Mancha;Quismondo;40.10535067;-4.324229104;547;1886
45144;Real de San Vicente, El;real de san vicente, el;Toledo;toledo;Castilla-La Mancha;Real de San Vicente, El;40.13717598;-4.690465907;750;967
45145;Recas;recas;Toledo;toledo;Castilla-La Mancha;Recas;40.05330935;-3.992572687;564;5296
45146;Retamoso de la Jara;retamoso de la jara;Toledo;toledo;Castilla-La Mancha;Retamoso de la Jara;39.74323951;-4.75549829;607;109
45147;Rielves;rielves;Toledo;toledo;Castilla-La Mancha;Rielves;39.96067348;-4.192784629;493;913
45148;Robledo del Mazo;robledo del mazo;Toledo;toledo;Castilla-La Mancha;Robledo del Mazo;39.61003516;-4.904920135;725;249
45149;Romeral, El;romeral, el;Toledo;toledo;Castilla-La Mancha;Romeral, El;39.70728324;-3.434040776;659;523
45150;San Bartolomé de las Abiertas;san bartolome de las abiertas;Toledo;toledo;Castilla-La Mancha;San Bartolomé de las Abiertas;39.8301409;-4.71997723;553;638
45151;San Martín de Montalbán;san martin de montalban;Toledo;toledo;Castilla-La Mancha;San Martín de Montalbán;39.70249657;-4.389276205;653;786
45152;San Martín de Pusa;san martin de pusa;Toledo;toledo;Castilla-La Mancha;San Martín de Pusa;39.78340679;-4.632003821;501;626
45153;San Pablo de los Montes;san pablo de los montes;Toledo;toledo;Castilla-La Mancha;San Pablo de los Montes;39.53924157;-4.331690703;910;1662
45154;San Román de los Montes;san roman de los montes;Toledo;toledo;Castilla-La Mancha;San Román de los Montes;40.06902081;-4.731585767;449;2196
45155;Santa Ana de Pusa;santa ana de pusa;Toledo;toledo;Castilla-La Mancha;Santa Ana de Pusa;39.76086748;-4.707383185;592;347
45156;Santa Cruz de la Zarza;santa cruz de la zarza;Toledo;toledo;Castilla-La Mancha;Santa Cruz de la Zarza;39.98484804;-3.186807348;779;4243
45157;Santa Cruz del Retamar;santa cruz del retamar;Toledo;toledo;Castilla-La Mancha;Santa Cruz del Retamar;40.11868799;-4.240988632;597;4193
45158;Santa Olalla;santa olalla;Toledo;toledo;Castilla-La Mancha;Santa Olalla;40.02443538;-4.428769083;484;3639
45159;Sartajada;sartajada;Toledo;toledo;Castilla-La Mancha;Sartajada;40.21272446;-4.793623813;456;116
45160;Segurilla;segurilla;Toledo;toledo;Castilla-La Mancha;Segurilla;40.02257218;-4.864944259;563;1439
45161;Seseña;sesena;Toledo;toledo;Castilla-La Mancha;Seseña;40.10450586;-3.697336317;607;30889
45162;Sevilleja de la Jara;sevilleja de la jara;Toledo;toledo;Castilla-La Mancha;Sevilleja de la Jara;39.57590236;-4.962563276;667;635
45163;Sonseca;sonseca;Toledo;toledo;Castilla-La Mancha;Sonseca;39.67588302;-3.975125184;757;11419
45164;Sotillo de las Palomas;sotillo de las palomas;Toledo;toledo;Castilla-La Mancha;Sotillo de las Palomas;40.10406079;-4.827962637;564;185
45165;Talavera de la Reina;talavera de la reina;Toledo;toledo;Castilla-La Mancha;Talavera de la Reina;39.9581847;-4.833049824;372;84413
45166;Tembleque;tembleque;Toledo;toledo;Castilla-La Mancha;Tembleque;39.69836593;-3.50359359;635;2024
45167;Toboso, El;toboso, el;Toledo;toledo;Castilla-La Mancha;Toboso, El;39.51270451;-2.995511146;690;1726
45168;Toledo;toledo;Toledo;toledo;Castilla-La Mancha;Toledo;39.85649099;-4.025284848;513;87074
45169;Torralba de Oropesa;torralba de oropesa;Toledo;toledo;Castilla-La Mancha;Torralba de Oropesa;39.93356522;-5.153946889;371;185
45170;Torrecilla de la Jara;torrecilla de la jara;Toledo;toledo;Castilla-La Mancha;Torrecilla de la Jara;39.70375395;-4.771929608;643;227
45171;Torre de Esteban Hambrán, La;torre de esteban hambran, la;Toledo;toledo;Castilla-La Mancha;Torre de Esteban Hambrán, La;40.16908969;-4.218306867;557;1946
45172;Torrico;torrico;Toledo;toledo;Castilla-La Mancha;Torrico;39.83007638;-5.227013299;438;696
45173;Torrijos;torrijos;Toledo;toledo;Castilla-La Mancha;Torrijos;39.98289922;-4.287949117;529;14313
45174;Totanés;totanes;Toledo;toledo;Castilla-La Mancha;Totanés;39.70987974;-4.22574771;731;369
45175;Turleque;turleque;Toledo;toledo;Castilla-La Mancha;Turleque;39.60105265;-3.61179331;690;700
45176;Ugena;ugena;Toledo;toledo;Castilla-La Mancha;Ugena;40.1553306;-3.876056273;652;6032
45177;Urda;urda;Toledo;toledo;Castilla-La Mancha;Urda;39.41249308;-3.716571561;761;2451
45179;Valdeverdeja;valdeverdeja;Toledo;toledo;Castilla-La Mancha;Valdeverdeja;39.79559427;-5.245842294;467;602
45180;Valmojado;valmojado;Toledo;toledo;Castilla-La Mancha;Valmojado;40.20459245;-4.091102783;655;4947
45181;Velada;velada;Toledo;toledo;Castilla-La Mancha;Velada;39.97925433;-4.977766433;424;2930
45182;Ventas con Peña Aguilera, Las;ventas con pena aguilera, las;Toledo;toledo;Castilla-La Mancha;Ventas con Peña Aguilera, Las;39.61162829;-4.229003254;787;1115
45183;Ventas de Retamosa, Las;ventas de retamosa, las;Toledo;toledo;Castilla-La Mancha;Ventas de Retamosa, Las;40.15516124;-4.113286213;620;4221
45184;Ventas de San Julián, Las;ventas de san julian, las;Toledo;toledo;Castilla-La Mancha;Ventas de San Julián, Las;40.00826029;-5.294927771;313;238
45185;Villacañas;villacanas;Toledo;toledo;Castilla-La Mancha;Villacañas;39.62506581;-3.33404524;666;9531
45186;Villa de Don Fadrique, La;villa de don fadrique, la;Toledo;toledo;Castilla-La Mancha;Villa de Don Fadrique, La;39.61788058;-3.218259366;670;3515
45187;Villafranca de los Caballeros;villafranca de los caballeros;Toledo;toledo;Castilla-La Mancha;Villafranca de los Caballeros;39.42631162;-3.359943198;642;4915
45188;Villaluenga de la Sagra;villaluenga de la sagra;Toledo;toledo;Castilla-La Mancha;Villaluenga de la Sagra;40.02730624;-3.91295517;524;4313
45189;Villamiel de Toledo;villamiel de toledo;Toledo;toledo;Castilla-La Mancha;Villamiel de Toledo;39.98361834;-4.126112717;490;1119
45190;Villaminaya;villaminaya;Toledo;toledo;Castilla-La Mancha;Villaminaya;39.71129816;-3.871327036;725;520
45191;Villamuelas;villamuelas;Toledo;toledo;Castilla-La Mancha;Villamuelas;39.81810271;-3.735197177;591;594
45192;Villanueva de Alcardete;villanueva de alcardete;Toledo;toledo;Castilla-La Mancha;Villanueva de Alcardete;39.67345352;-3.012191977;724;2907
45193;Villanueva de Bogas;villanueva de bogas;Toledo;toledo;Castilla-La Mancha;Villanueva de Bogas;39.72397868;-3.657017924;654;659
45194;Villarejo de Montalbán;villarejo de montalban;Toledo;toledo;Castilla-La Mancha;Villarejo de Montalbán;39.76929862;-4.572952234;531;83
45195;Villarrubia de Santiago;villarrubia de santiago;Toledo;toledo;Castilla-La Mancha;Villarrubia de Santiago;39.98707828;-3.369162532;752;2580
45196;Villaseca de la Sagra;villaseca de la sagra;Toledo;toledo;Castilla-La Mancha;Villaseca de la Sagra;39.96196564;-3.882444557;485;1962
45197;Villasequilla;villasequilla;Toledo;toledo;Castilla-La Mancha;Villasequilla;39.8760712;-3.731120485;518;2677
45198;Villatobas;villatobas;Toledo;toledo;Castilla-La Mancha;Villatobas;39.90206969;-3.324091361;729;2963
45199;Viso de San Juan, El;viso de san juan, el;Toledo;toledo;Castilla-La Mancha;Viso de San Juan, El;40.14241935;-3.921198942;647;6459
45200;Yébenes, Los;yebenes, los;Toledo;toledo;Castilla-La Mancha;Yébenes, Los;39.58202226;-3.870597386;816;5787
45201;Yeles;yeles;Toledo;toledo;Castilla-La Mancha;Yeles;40.1200479;-3.803976286;545;6921
45202;Yepes;yepes;Toledo;toledo;Castilla-La Mancha;Yepes;39.89966034;-3.625676151;697;5916
45203;Yuncler;yuncler;Toledo;toledo;Castilla-La Mancha;Yuncler;40.04362356;-3.901789594;532;5311
45204;Yunclillos;yunclillos;Toledo;toledo;Castilla-La Mancha;Yunclillos;40.02227683;-3.99025371;512;822
45205;Yuncos;yuncos;Toledo;toledo;Castilla-La Mancha;Yuncos;40.08546545;-3.874486368;553;13435
45901;Santo Domingo-Caudilla;santo domingo caudilla;Toledo;toledo;Castilla-La Mancha;Santo Domingo-Caudilla;40.01380672;-4.325890862;541;1306
46001;Ademuz;ademuz;Valencia/València;valencia/valencia;Comunitat Valenciana;Ademuz;40.06077005;-1.28614068;745;1015
46002;Ador;ador;Valencia/València;valencia/valencia;Comunitat Valenciana;Ador;38.91972859;-0.224548326;96;1778
46003;Atzeneta d'Albaida;atzeneta d'albaida;Valencia/València;valencia/valencia;Comunitat Valenciana;Atzeneta d'Albaida;38.83589893;-0.495902896;395;1195
46004;Agullent;agullent;Valencia/València;valencia/valencia;Comunitat Valenciana;Agullent;38.82328684;-0.547412038;409;2440
46005;Alaquàs;alaquas;Valencia/València;valencia/valencia;Comunitat Valenciana;Alaquàs;39.45714779;-0.460862517;44;30352
46006;Albaida;albaida;Valencia/València;valencia/valencia;Comunitat Valenciana;Albaida;38.84168051;-0.519657233;310;6295
46007;Albal;albal;Valencia/València;valencia/valencia;Comunitat Valenciana;Albal;39.39740473;-0.413172841;11;17432
46008;Albalat de la Ribera;albalat de la ribera;Valencia/València;valencia/valencia;Comunitat Valenciana;Albalat de la Ribera;39.20103013;-0.386688709;13;3500
46009;Albalat dels Sorells;albalat dels sorells;Valencia/València;valencia/valencia;Comunitat Valenciana;Albalat dels Sorells;39.54425467;-0.346943736;17;4364
46010;Albalat dels Tarongers;albalat dels tarongers;Valencia/València;valencia/valencia;Comunitat Valenciana;Albalat dels Tarongers;39.70220406;-0.337258718;94;1588
46011;Alberic;alberic;Valencia/València;valencia/valencia;Comunitat Valenciana;Alberic;39.11645096;-0.517636608;27;11109
46012;Alborache;alborache;Valencia/València;valencia/valencia;Comunitat Valenciana;Alborache;39.391654;-0.77107;307;1575
46013;Alboraia/Alboraya;alboraia/alboraya;Valencia/València;valencia/valencia;Comunitat Valenciana;Alboraia/Alboraya;39.50123878;-0.35010383;8;26324
46014;Albuixech;albuixech;Valencia/València;valencia/valencia;Comunitat Valenciana;Albuixech;39.54433227;-0.325145947;9;4487
46015;Alcàsser;alcasser;Valencia/València;valencia/valencia;Comunitat Valenciana;Alcàsser;39.36985594;-0.445365164;29;10843
46016;Alcàntera de Xúquer;alcantera de xuquer;Valencia/València;valencia/valencia;Comunitat Valenciana;Alcàntera de Xúquer;39.06934003;-0.560173881;40;1471
46017;Alzira;alzira;Valencia/València;valencia/valencia;Comunitat Valenciana;Alzira;39.15225341;-0.440973072;19;48604
46018;Alcublas;alcublas;Valencia/València;valencia/valencia;Comunitat Valenciana;Alcublas;39.797096;-0.702182;773;717
46019;Alcúdia, l';alcudia, l';Valencia/València;valencia/valencia;Comunitat Valenciana;Alcúdia, l';39.19393107;-0.507183881;32;12574
46020;Alcúdia de Crespins, l';alcudia de crespins, l';Valencia/València;valencia/valencia;Comunitat Valenciana;Alcúdia de Crespins, l';38.97077011;-0.588818194;163;5509
46021;Aldaia;aldaia;Valencia/València;valencia/valencia;Comunitat Valenciana;Aldaia;39.46466087;-0.460765252;45;34644
46022;Alfafar;alfafar;Valencia/València;valencia/valencia;Comunitat Valenciana;Alfafar;39.42259817;-0.39004439;11;22266
46023;Alfauir;alfauir;Valencia/València;valencia/valencia;Comunitat Valenciana;Alfauir;38.92840097;-0.251469492;86;514
46024;Alfara de la Baronia;alfara de la baronia;Valencia/València;valencia/valencia;Comunitat Valenciana;Alfara de la Baronia;39.7626741;-0.354966497;174;623
46025;Alfara del Patriarca;alfara del patriarca;Valencia/València;valencia/valencia;Comunitat Valenciana;Alfara del Patriarca;39.54409346;-0.386003184;30;3762
46026;Alfarb;alfarb;Valencia/València;valencia/valencia;Comunitat Valenciana;Alfarb;39.27700392;-0.560624825;91;1765
46027;Alfarrasí;alfarrasi;Valencia/València;valencia/valencia;Comunitat Valenciana;Alfarrasí;38.90538936;-0.496329327;195;1176
46028;Algar de Palància;algar de palancia;Valencia/València;valencia/valencia;Comunitat Valenciana;Algar de Palància;39.78137632;-0.36799813;188;565
46029;Algemesí;algemesi;Valencia/València;valencia/valencia;Comunitat Valenciana;Algemesí;39.18861037;-0.436801223;18;28248
46030;Algímia d'Alfara;algimia d'alfara;Valencia/València;valencia/valencia;Comunitat Valenciana;Algímia d'Alfara;39.75316074;-0.361491875;173;1119
46031;Alginet;alginet;Valencia/València;valencia/valencia;Comunitat Valenciana;Alginet;39.26187398;-0.469720496;31;14981
46032;Almàssera;almassera;Valencia/València;valencia/valencia;Comunitat Valenciana;Almàssera;39.51185435;-0.355872609;12;7835
46033;Almiserà;almisera;Valencia/València;valencia/valencia;Comunitat Valenciana;Almiserà;38.91537083;-0.285784762;146;280
46034;Almoines;almoines;Valencia/València;valencia/valencia;Comunitat Valenciana;Almoines;38.94332785;-0.181945831;34;2676
46035;Almussafes;almussafes;Valencia/València;valencia/valencia;Comunitat Valenciana;Almussafes;39.29283793;-0.413288965;11;9066
46036;Alpuente;alpuente;Valencia/València;valencia/valencia;Comunitat Valenciana;Alpuente;39.87601181;-1.013490039;976;689
46037;Alqueria de la Comtessa, l';alqueria de la comtessa, l';Valencia/València;valencia/valencia;Comunitat Valenciana;Alqueria de la Comtessa, l';38.93662363;-0.153647966;25;1549
46038;Andilla;andilla;Valencia/València;valencia/valencia;Comunitat Valenciana;Andilla;39.83635548;-0.813436209;903;339
46039;Anna;anna;Valencia/València;valencia/valencia;Comunitat Valenciana;Anna;39.022095;-0.643660846;196;2627
46040;Antella;antella;Valencia/València;valencia/valencia;Comunitat Valenciana;Antella;39.07904569;-0.592301221;41;1137
46041;Aras de los Olmos;aras de los olmos;Valencia/València;valencia/valencia;Comunitat Valenciana;Aras de los Olmos;39.92455796;-1.132832913;933;401
46042;Aielo de Malferit;aielo de malferit;Valencia/València;valencia/valencia;Comunitat Valenciana;Aielo de Malferit;38.87665475;-0.592517064;286;4606
46043;Aielo de Rugat;aielo de rugat;Valencia/València;valencia/valencia;Comunitat Valenciana;Aielo de Rugat;38.88157199;-0.343138151;265;161
46044;Ayora;ayora;Valencia/València;valencia/valencia;Comunitat Valenciana;Ayora;39.06026778;-1.057467064;599;5309
46045;Barxeta;barxeta;Valencia/València;valencia/valencia;Comunitat Valenciana;Barxeta;39.02299594;-0.416113753;116;1575
46046;Barx;barx;Valencia/València;valencia/valencia;Comunitat Valenciana;Barx;39.01262184;-0.301005065;342;1514
46047;Bèlgida;belgida;Valencia/València;valencia/valencia;Comunitat Valenciana;Bèlgida;38.85946822;-0.47484947;280;651
46048;Bellreguard;bellreguard;Valencia/València;valencia/valencia;Comunitat Valenciana;Bellreguard;38.94642366;-0.161986592;23;5034
46049;Bellús;bellus;Valencia/València;valencia/valencia;Comunitat Valenciana;Bellús;38.94585708;-0.485651526;136;316
46050;Benagéber;benageber;Valencia/València;valencia/valencia;Comunitat Valenciana;Benagéber;39.70742876;-1.10076911;777;177
46051;Benaguasil;benaguasil;Valencia/València;valencia/valencia;Comunitat Valenciana;Benaguasil;39.5934782;-0.584910743;105;12707
46052;Benavites;benavites;Valencia/València;valencia/valencia;Comunitat Valenciana;Benavites;39.74046565;-0.257782379;38;650
46053;Beneixida;beneixida;Valencia/València;valencia/valencia;Comunitat Valenciana;Beneixida;39.05694598;-0.548876705;55;658
46054;Benetússer;benetusser;Valencia/València;valencia/valencia;Comunitat Valenciana;Benetússer;39.42406316;-0.397827446;15;16759
46055;Beniarjó;beniarjo;Valencia/València;valencia/valencia;Comunitat Valenciana;Beniarjó;38.9337715;-0.186931201;45;1956
46056;Beniatjar;beniatjar;Valencia/València;valencia/valencia;Comunitat Valenciana;Beniatjar;38.84805831;-0.416841855;393;209
46057;Benicolet;benicolet;Valencia/València;valencia/valencia;Comunitat Valenciana;Benicolet;38.91864445;-0.347400989;241;616
46058;Benifairó de les Valls;benifairo de les valls;Valencia/València;valencia/valencia;Comunitat Valenciana;Benifairó de les Valls;39.72658051;-0.269497814;55;2365
46059;Benifairó de la Valldigna;benifairo de la valldigna;Valencia/València;valencia/valencia;Comunitat Valenciana;Benifairó de la Valldigna;39.05336698;-0.302821782;35;1593
46060;Benifaió;benifaio;Valencia/València;valencia/valencia;Comunitat Valenciana;Benifaió;39.28484836;-0.427105276;20;12238
46061;Beniflá;benifla;Valencia/València;valencia/valencia;Comunitat Valenciana;Beniflá;38.92791267;-0.188714039;47;507
46062;Benigànim;beniganim;Valencia/València;valencia/valencia;Comunitat Valenciana;Benigànim;38.94371534;-0.444055885;180;5858
46063;Benimodo;benimodo;Valencia/València;valencia/valencia;Comunitat Valenciana;Benimodo;39.21296208;-0.528514635;44;2336
46064;Benimuslem;benimuslem;Valencia/València;valencia/valencia;Comunitat Valenciana;Benimuslem;39.13150625;-0.492774671;22;675
46065;Beniparrell;beniparrell;Valencia/València;valencia/valencia;Comunitat Valenciana;Beniparrell;39.38221307;-0.412432906;8;2119
46066;Benirredrà;benirredra;Valencia/València;valencia/valencia;Comunitat Valenciana;Benirredrà;38.96106856;-0.193755044;29;1579
46067;Benissanó;benissano;Valencia/València;valencia/valencia;Comunitat Valenciana;Benissanó;39.61291971;-0.576963331;131;2449
46068;Benissoda;benissoda;Valencia/València;valencia/valencia;Comunitat Valenciana;Benissoda;38.83150745;-0.530174913;345;494
46069;Benissuera;benissuera;Valencia/València;valencia/valencia;Comunitat Valenciana;Benissuera;38.91280486;-0.476474738;159;200
46070;Bétera;betera;Valencia/València;valencia/valencia;Comunitat Valenciana;Bétera;39.59175178;-0.462244637;107;28605
46071;Bicorp;bicorp;Valencia/València;valencia/valencia;Comunitat Valenciana;Bicorp;39.1323068;-0.787943744;292;546
46072;Bocairent;bocairent;Valencia/València;valencia/valencia;Comunitat Valenciana;Bocairent;38.7676013;-0.609810732;624;4190
46073;Bolbaite;bolbaite;Valencia/València;valencia/valencia;Comunitat Valenciana;Bolbaite;39.06264757;-0.67453626;243;1320
46074;Bonrepòs i Mirambell;bonrepos i mirambell;Valencia/València;valencia/valencia;Comunitat Valenciana;Bonrepòs i Mirambell;39.51762694;-0.363914165;14;4118
46075;Bufali;bufali;Valencia/València;valencia/valencia;Comunitat Valenciana;Bufali;38.86790704;-0.514126557;239;162
46076;Bugarra;bugarra;Valencia/València;valencia/valencia;Comunitat Valenciana;Bugarra;39.60827981;-0.775976798;178;788
46077;Buñol;bunol;Valencia/València;valencia/valencia;Comunitat Valenciana;Buñol;39.41829138;-0.790600438;347;9912
46078;Burjassot;burjassot;Valencia/València;valencia/valencia;Comunitat Valenciana;Burjassot;39.50858111;-0.411338734;43;41743
46079;Calles;calles;Valencia/València;valencia/valencia;Comunitat Valenciana;Calles;39.72543266;-0.973973922;349;470
46080;Camporrobles;camporrobles;Valencia/València;valencia/valencia;Comunitat Valenciana;Camporrobles;39.64702356;-1.399710363;917;1179
46081;Canals;canals;Valencia/València;valencia/valencia;Comunitat Valenciana;Canals;38.96066264;-0.583984877;156;13805
46082;Canet d'En Berenguer;canet d'en berenguer;Valencia/València;valencia/valencia;Comunitat Valenciana;Canet d'En Berenguer;39.6779664;-0.221335504;12;8266
46083;Carcaixent;carcaixent;Valencia/València;valencia/valencia;Comunitat Valenciana;Carcaixent;39.12250316;-0.450858559;21;21893
46084;Càrcer;carcer;Valencia/València;valencia/valencia;Comunitat Valenciana;Càrcer;39.07014732;-0.567898006;39;1799
46085;Carlet;carlet;Valencia/València;valencia/valencia;Comunitat Valenciana;Carlet;39.22597833;-0.519628727;49;16833
46086;Carrícola;carricola;Valencia/València;valencia/valencia;Comunitat Valenciana;Carrícola;38.84009553;-0.471897354;335;96
46087;Casas Altas;casas altas;Valencia/València;valencia/valencia;Comunitat Valenciana;Casas Altas;40.03963151;-1.261719262;709;118
46088;Casas Bajas;casas bajas;Valencia/València;valencia/valencia;Comunitat Valenciana;Casas Bajas;40.02423248;-1.260316427;694;158
46089;Casinos;casinos;Valencia/València;valencia/valencia;Comunitat Valenciana;Casinos;39.70175278;-0.709732717;319;3143
46090;Castelló de Rugat;castello de rugat;Valencia/València;valencia/valencia;Comunitat Valenciana;Castelló de Rugat;38.87566754;-0.383099466;315;2340
46091;Castellonet de la Conquesta;castellonet de la conquesta;Valencia/València;valencia/valencia;Comunitat Valenciana;Castellonet de la Conquesta;38.91488009;-0.263503448;178;158
46092;Castielfabib;castielfabib;Valencia/València;valencia/valencia;Comunitat Valenciana;Castielfabib;40.13109382;-1.303989147;924;282
46093;Catadau;catadau;Valencia/València;valencia/valencia;Comunitat Valenciana;Catadau;39.27544191;-0.569657997;91;3041
46094;Catarroja;catarroja;Valencia/València;valencia/valencia;Comunitat Valenciana;Catarroja;39.40303543;-0.403833157;10;30612
46095;Caudete de las Fuentes;caudete de las fuentes;Valencia/València;valencia/valencia;Comunitat Valenciana;Caudete de las Fuentes;39.55882356;-1.279115743;777;734
46096;Cerdà;cerda;Valencia/València;valencia/valencia;Comunitat Valenciana;Cerdà;38.98578292;-0.573864483;144;371
46097;Cofrentes;cofrentes;Valencia/València;valencia/valencia;Comunitat Valenciana;Cofrentes;39.23039994;-1.061990552;386;1113
46098;Corbera;corbera;Valencia/València;valencia/valencia;Comunitat Valenciana;Corbera;39.15821416;-0.355493023;13;3287
46099;Cortes de Pallás;cortes de pallas;Valencia/València;valencia/valencia;Comunitat Valenciana;Cortes de Pallás;39.24332506;-0.940669411;425;733
46100;Cotes;cotes;Valencia/València;valencia/valencia;Comunitat Valenciana;Cotes;39.07032084;-0.574617061;40;315
46101;Quart de les Valls;quart de les valls;Valencia/València;valencia/valencia;Comunitat Valenciana;Quart de les Valls;39.73950931;-0.271594709;54;1034
46102;Quart de Poblet;quart de poblet;Valencia/València;valencia/valencia;Comunitat Valenciana;Quart de Poblet;39.48286691;-0.442457702;42;26939
46103;Quartell;quartell;Valencia/València;valencia/valencia;Comunitat Valenciana;Quartell;39.73803283;-0.264690183;43;1805
46104;Quatretonda;quatretonda;Valencia/València;valencia/valencia;Comunitat Valenciana;Quatretonda;38.9467234;-0.401796359;220;2193
46105;Cullera;cullera;Valencia/València;valencia/valencia;Comunitat Valenciana;Cullera;39.16551947;-0.25553102;4;24621
46106;Chelva;chelva;Valencia/València;valencia/valencia;Comunitat Valenciana;Chelva;39.74703788;-0.997755484;470;1751
46107;Chella;chella;Valencia/València;valencia/valencia;Comunitat Valenciana;Chella;39.04453707;-0.661330157;221;2469
46108;Chera;chera;Valencia/València;valencia/valencia;Comunitat Valenciana;Chera;39.59356351;-0.973368399;639;507
46109;Cheste;cheste;Valencia/València;valencia/valencia;Comunitat Valenciana;Cheste;39.49479436;-0.684239555;214;9099
46110;Xirivella;xirivella;Valencia/València;valencia/valencia;Comunitat Valenciana;Xirivella;39.46304643;-0.428657816;32;32178
46111;Chiva;chiva;Valencia/València;valencia/valencia;Comunitat Valenciana;Chiva;39.47156;-0.716975927;173;18122
46112;Chulilla;chulilla;Valencia/València;valencia/valencia;Comunitat Valenciana;Chulilla;39.65609393;-0.891959873;307;712
46113;Daimús;daimus;Valencia/València;valencia/valencia;Comunitat Valenciana;Daimús;38.97006542;-0.153765554;10;3607
46114;Domeño;domeno;Valencia/València;valencia/valencia;Comunitat Valenciana;Domeño;39.66034001;-0.672583949;210;722
46115;Dos Aguas;dos aguas;Valencia/València;valencia/valencia;Comunitat Valenciana;Dos Aguas;39.28900263;-0.799994884;360;341
46116;Eliana, l';eliana, l';Valencia/València;valencia/valencia;Comunitat Valenciana;Eliana, l';39.56657901;-0.530183987;92;19952
46117;Emperador;emperador;Valencia/València;valencia/valencia;Comunitat Valenciana;Emperador;39.55425465;-0.338473691;17;708
46118;Enguera;enguera;Valencia/València;valencia/valencia;Comunitat Valenciana;Enguera;38.97866042;-0.68751286;319;4906
46119;Énova, l';enova, l';Valencia/València;valencia/valencia;Comunitat Valenciana;Énova, l';39.04527162;-0.480591202;49;953
46120;Estivella;estivella;Valencia/València;valencia/valencia;Comunitat Valenciana;Estivella;39.71190977;-0.347289986;115;1717
46121;Estubeny;estubeny;Valencia/València;valencia/valencia;Comunitat Valenciana;Estubeny;39.01800498;-0.623726294;174;110
46122;Faura;faura;Valencia/València;valencia/valencia;Comunitat Valenciana;Faura;39.72577421;-0.263932271;39;3765
46123;Favara;favara;Valencia/València;valencia/valencia;Comunitat Valenciana;Favara;39.12744319;-0.291483676;8;2766
46124;Fontanars dels Alforins;fontanars dels alforins;Valencia/València;valencia/valencia;Comunitat Valenciana;Fontanars dels Alforins;38.78354574;-0.784933107;628;935
46125;Fortaleny;fortaleny;Valencia/València;valencia/valencia;Comunitat Valenciana;Fortaleny;39.18391735;-0.313673524;7;1029
46126;Foios;foios;Valencia/València;valencia/valencia;Comunitat Valenciana;Foios;39.53770375;-0.355921787;20;7987
46127;Font d'en Carròs, la;font d'en carros, la;Valencia/València;valencia/valencia;Comunitat Valenciana;Font d'en Carròs, la;38.91637893;-0.169220567;67;4053
46128;Font de la Figuera, la;font de la figuera, la;Valencia/València;valencia/valencia;Comunitat Valenciana;Font de la Figuera, la;38.80667064;-0.880385822;532;2029
46129;Fuenterrobles;fuenterrobles;Valencia/València;valencia/valencia;Comunitat Valenciana;Fuenterrobles;39.58450599;-1.364044062;884;678
46130;Gavarda;gavarda;Valencia/València;valencia/valencia;Comunitat Valenciana;Gavarda;39.08964168;-0.545120181;80;1026
46131;Gandia;gandia;Valencia/València;valencia/valencia;Comunitat Valenciana;Gandia;38.96659102;-0.179885836;21;82909
46132;Genovés, el;genoves, el;Valencia/València;valencia/valencia;Comunitat Valenciana;Genovés, el;38.98911718;-0.467209442;136;2826
46133;Gestalgar;gestalgar;Valencia/València;valencia/valencia;Comunitat Valenciana;Gestalgar;39.60415051;-0.834730273;198;589
46134;Gilet;gilet;Valencia/València;valencia/valencia;Comunitat Valenciana;Gilet;39.67909149;-0.321626016;81;4007
46135;Godella;godella;Valencia/València;valencia/valencia;Comunitat Valenciana;Godella;39.51828225;-0.409781027;36;13556
46136;Godelleta;godelleta;Valencia/València;valencia/valencia;Comunitat Valenciana;Godelleta;39.4218788;-0.686197002;273;4310
46137;Granja de la Costera, la;granja de la costera, la;Valencia/València;valencia/valencia;Comunitat Valenciana;Granja de la Costera, la;38.995898;-0.557110586;111;305
46138;Guadasséquies;guadassequies;Valencia/València;valencia/valencia;Comunitat Valenciana;Guadasséquies;38.92448836;-0.488418824;170;478
46139;Guadassuar;guadassuar;Valencia/València;valencia/valencia;Comunitat Valenciana;Guadassuar;39.18573618;-0.477897661;24;6018
46140;Guardamar de la Safor;guardamar de la safor;Valencia/València;valencia/valencia;Comunitat Valenciana;Guardamar de la Safor;38.96186577;-0.148517749;10;622
46141;Higueruelas;higueruelas;Valencia/València;valencia/valencia;Comunitat Valenciana;Higueruelas;39.78849812;-0.860833182;762;568
46142;Jalance;jalance;Valencia/València;valencia/valencia;Comunitat Valenciana;Jalance;39.19082602;-1.077079325;433;816
46143;Xeraco;xeraco;Valencia/València;valencia/valencia;Comunitat Valenciana;Xeraco;39.03325359;-0.215529367;7;6134
46144;Jarafuel;jarafuel;Valencia/València;valencia/valencia;Comunitat Valenciana;Jarafuel;39.14017031;-1.074198612;582;786
46145;Xàtiva;xativa;Valencia/València;valencia/valencia;Comunitat Valenciana;Xàtiva;38.99040538;-0.51993757;106;30925
46146;Xeresa;xeresa;Valencia/València;valencia/valencia;Comunitat Valenciana;Xeresa;39.01074643;-0.21755148;23;2413
46147;Llíria;lliria;Valencia/València;valencia/valencia;Comunitat Valenciana;Llíria;39.62489524;-0.594882703;171;25613
46148;Loriguilla;loriguilla;Valencia/València;valencia/valencia;Comunitat Valenciana;Loriguilla;39.4896603;-0.571772534;119;2184
46149;Losa del Obispo;losa del obispo;Valencia/València;valencia/valencia;Comunitat Valenciana;Losa del Obispo;39.69548456;-0.87193373;390;530
46150;Llutxent;llutxent;Valencia/València;valencia/valencia;Comunitat Valenciana;Llutxent;38.94241562;-0.35646699;285;2307
46151;Llocnou d'En Fenollet;llocnou d'en fenollet;Valencia/València;valencia/valencia;Comunitat Valenciana;Llocnou d'En Fenollet;39.01395083;-0.467486347;94;944
46152;Llocnou de la Corona;llocnou de la corona;Valencia/València;valencia/valencia;Comunitat Valenciana;Llocnou de la Corona;39.42139891;-0.38198174;7;134
46153;Llocnou de Sant Jeroni;llocnou de sant jeroni;Valencia/València;valencia/valencia;Comunitat Valenciana;Llocnou de Sant Jeroni;38.91224205;-0.285795986;154;592
46154;Llanera de Ranes;llanera de ranes;Valencia/València;valencia/valencia;Comunitat Valenciana;Llanera de Ranes;38.99298955;-0.572068489;143;1058
46155;Llaurí;llauri;Valencia/València;valencia/valencia;Comunitat Valenciana;Llaurí;39.14689204;-0.330236177;14;1227
46156;Llombai;llombai;Valencia/València;valencia/valencia;Comunitat Valenciana;Llombai;39.28257478;-0.572438829;101;2787
46157;Llosa de Ranes, la;llosa de ranes, la;Valencia/València;valencia/valencia;Comunitat Valenciana;Llosa de Ranes, la;39.01854766;-0.533564723;108;3767
46158;Macastre;macastre;Valencia/València;valencia/valencia;Comunitat Valenciana;Macastre;39.38199863;-0.785215794;368;1481
46159;Manises;manises;Valencia/València;valencia/valencia;Comunitat Valenciana;Manises;39.49311481;-0.457274756;51;32747
46160;Manuel;manuel;Valencia/València;valencia/valencia;Comunitat Valenciana;Manuel;39.05272948;-0.494274434;48;2554
46161;Marines;marines;Valencia/València;valencia/valencia;Comunitat Valenciana;Marines;39.67473249;-0.561251643;215;1977
46162;Massalavés;massalaves;Valencia/València;valencia/valencia;Comunitat Valenciana;Massalavés;39.14061259;-0.521013489;25;1895
46163;Massalfassar;massalfassar;Valencia/València;valencia/valencia;Comunitat Valenciana;Massalfassar;39.5579555;-0.325808713;12;2718
46164;Massamagrell;massamagrell;Valencia/València;valencia/valencia;Comunitat Valenciana;Massamagrell;39.57018056;-0.329926131;14;17564
46165;Massanassa;massanassa;Valencia/València;valencia/valencia;Comunitat Valenciana;Massanassa;39.41131077;-0.398047742;12;10634
46166;Meliana;meliana;Valencia/València;valencia/valencia;Comunitat Valenciana;Meliana;39.52693708;-0.349472685;13;11046
46167;Millares;millares;Valencia/València;valencia/valencia;Comunitat Valenciana;Millares;39.23892073;-0.773387658;344;340
46168;Miramar;miramar;Valencia/València;valencia/valencia;Comunitat Valenciana;Miramar;38.95201536;-0.13839953;6;3144
46169;Mislata;mislata;Valencia/València;valencia/valencia;Comunitat Valenciana;Mislata;39.475206;-0.418037;29;47003
46170;Moixent/Mogente;moixent/mogente;Valencia/València;valencia/valencia;Comunitat Valenciana;Moixent/Mogente;38.87398074;-0.751892924;332;4408
46171;Montcada/Moncada;montcada/moncada;Valencia/València;valencia/valencia;Comunitat Valenciana;Montcada/Moncada;39.54537844;-0.39446412;31;22252
46172;Montserrat;montserrat;Valencia/València;valencia/valencia;Comunitat Valenciana;Montserrat;39.35782677;-0.603301609;163;10095
46173;Montaverner;montaverner;Valencia/València;valencia/valencia;Comunitat Valenciana;Montaverner;38.88877109;-0.496423109;183;1643
46174;Montesa;montesa;Valencia/València;valencia/valencia;Comunitat Valenciana;Montesa;38.95021636;-0.652887911;303;1126
46175;Montitxelvo/Montichelvo;montitxelvo/montichelvo;Valencia/València;valencia/valencia;Comunitat Valenciana;Montitxelvo/Montichelvo;38.89120146;-0.338824326;262;569
46176;Montroi/Montroy;montroi/montroy;Valencia/València;valencia/valencia;Comunitat Valenciana;Montroi/Montroy;39.33788107;-0.614302913;136;3790
46177;Museros;museros;Valencia/València;valencia/valencia;Comunitat Valenciana;Museros;39.56437951;-0.341459978;17;6916
46178;Nàquera/Náquera;naquera/naquera;Valencia/València;valencia/valencia;Comunitat Valenciana;Nàquera/Náquera;39.65737883;-0.424457857;216;8654
46179;Navarrés;navarres;Valencia/València;valencia/valencia;Comunitat Valenciana;Navarrés;39.10085011;-0.69412282;270;3026
46180;Novetlè;novetle;Valencia/València;valencia/valencia;Comunitat Valenciana;Novetlè;38.98120711;-0.547753999;123;873
46181;Oliva;oliva;Valencia/València;valencia/valencia;Comunitat Valenciana;Oliva;38.91985921;-0.119354959;13;26820
46182;Olocau;olocau;Valencia/València;valencia/valencia;Comunitat Valenciana;Olocau;39.69995032;-0.531394718;269;2533
46183;Olleria, l';olleria, l';Valencia/València;valencia/valencia;Comunitat Valenciana;Olleria, l';38.91172401;-0.546653364;248;8928
46184;Ontinyent;ontinyent;Valencia/València;valencia/valencia;Comunitat Valenciana;Ontinyent;38.82128502;-0.609757392;340;36847
46185;Otos;otos;Valencia/València;valencia/valencia;Comunitat Valenciana;Otos;38.85340737;-0.443234307;326;442
46186;Paiporta;paiporta;Valencia/València;valencia/valencia;Comunitat Valenciana;Paiporta;39.42937804;-0.417652621;23;28237
46187;Palma de Gandía;palma de gandia;Valencia/València;valencia/valencia;Comunitat Valenciana;Palma de Gandía;38.92449088;-0.22061035;65;1895
46188;Palmera;palmera;Valencia/València;valencia/valencia;Comunitat Valenciana;Palmera;38.94217923;-0.152567371;22;1030
46189;Palomar, el;palomar, el;Valencia/València;valencia/valencia;Comunitat Valenciana;Palomar, el;38.85389612;-0.50198384;311;605
46190;Paterna;paterna;Valencia/València;valencia/valencia;Comunitat Valenciana;Paterna;39.50078498;-0.439442386;62;75805
46191;Pedralba;pedralba;Valencia/València;valencia/valencia;Comunitat Valenciana;Pedralba;39.60475077;-0.726582077;151;3244
46192;Petrés;petres;Valencia/València;valencia/valencia;Comunitat Valenciana;Petrés;39.68356279;-0.309738088;77;1130
46193;Picanya;picanya;Valencia/València;valencia/valencia;Comunitat Valenciana;Picanya;39.43546275;-0.433255446;31;11899
46194;Picassent;picassent;Valencia/València;valencia/valencia;Comunitat Valenciana;Picassent;39.36261897;-0.457516539;45;23157
46195;Piles;piles;Valencia/València;valencia/valencia;Comunitat Valenciana;Piles;38.94107111;-0.134290695;11;3202
46196;Pinet;pinet;Valencia/València;valencia/valencia;Comunitat Valenciana;Pinet;38.98310326;-0.338756432;346;158
46197;Polinyà de Xúquer;polinya de xuquer;Valencia/València;valencia/valencia;Comunitat Valenciana;Polinyà de Xúquer;39.19592861;-0.369574373;13;2578
46198;Potries;potries;Valencia/València;valencia/valencia;Comunitat Valenciana;Potries;38.9154447;-0.195477342;62;1142
46199;Pobla de Farnals, la;pobla de farnals, la;Valencia/València;valencia/valencia;Comunitat Valenciana;Pobla de Farnals, la;39.57775218;-0.326348279;13;9428
46200;Pobla del Duc, la;pobla del duc, la;Valencia/València;valencia/valencia;Comunitat Valenciana;Pobla del Duc, la;38.90648985;-0.420134957;244;2441
46201;Puebla de San Miguel;puebla de san miguel;Valencia/València;valencia/valencia;Comunitat Valenciana;Puebla de San Miguel;40.04507888;-1.14409231;1100;53
46202;Pobla de Vallbona, la;pobla de vallbona, la;Valencia/València;valencia/valencia;Comunitat Valenciana;Pobla de Vallbona, la;39.59075141;-0.554811498;100;27777
46203;Pobla Llarga, la;pobla llarga, la;Valencia/València;valencia/valencia;Comunitat Valenciana;Pobla Llarga, la;39.08601268;-0.475751977;31;4665
46204;Puig de Santa Maria, el;puig de santa maria, el;Valencia/València;valencia/valencia;Comunitat Valenciana;Puig de Santa Maria, el;39.5886653;-0.306304113;10;9450
46205;Puçol;pucol;Valencia/València;valencia/valencia;Comunitat Valenciana;Puçol;39.6157889;-0.300365684;10;21685
46206;Quesa;quesa;Valencia/València;valencia/valencia;Comunitat Valenciana;Quesa;39.11905854;-0.740630103;216;699
46207;Rafelbunyol;rafelbunyol;Valencia/València;valencia/valencia;Comunitat Valenciana;Rafelbunyol;39.58899343;-0.334412837;22;9956
46208;Rafelcofer;rafelcofer;Valencia/València;valencia/valencia;Comunitat Valenciana;Rafelcofer;38.93353749;-0.16617146;33;1418
46209;Rafelguaraf;rafelguaraf;Valencia/València;valencia/valencia;Comunitat Valenciana;Rafelguaraf;39.05062881;-0.455238931;43;2396
46210;Ráfol de Salem;rafol de salem;Valencia/València;valencia/valencia;Comunitat Valenciana;Ráfol de Salem;38.86662937;-0.397530566;302;462
46211;Real de Gandia, el;real de gandia, el;Valencia/València;valencia/valencia;Comunitat Valenciana;Real de Gandia, el;38.94863195;-0.192648662;37;2723
46212;Real;real;Valencia/València;valencia/valencia;Comunitat Valenciana;Real;39.33491463;-0.608952969;135;2524
46213;Requena;requena;Valencia/València;valencia/valencia;Comunitat Valenciana;Requena;39.4867048;-1.098154801;689;21050
46214;Riba-roja de Túria;riba roja de turia;Valencia/València;valencia/valencia;Comunitat Valenciana;Riba-roja de Túria;39.54693504;-0.566622685;98;24609
46215;Riola;riola;Valencia/València;valencia/valencia;Comunitat Valenciana;Riola;39.19514831;-0.334477205;9;1819
46216;Rocafort;rocafort;Valencia/València;valencia/valencia;Comunitat Valenciana;Rocafort;39.52854068;-0.408719175;31;7810
46217;Rotglà i Corberà;rotgla i corbera;Valencia/València;valencia/valencia;Comunitat Valenciana;Rotglà i Corberà;39.00355762;-0.566742322;123;1177
46218;Ròtova;rotova;Valencia/València;valencia/valencia;Comunitat Valenciana;Ròtova;38.93259906;-0.2570748;103;1290
46219;Rugat;rugat;Valencia/València;valencia/valencia;Comunitat Valenciana;Rugat;38.88000954;-0.360820841;293;172
46220;Sagunt/Sagunto;sagunt/sagunto;Valencia/València;valencia/valencia;Comunitat Valenciana;Sagunt/Sagunto;39.68004221;-0.27853754;49;73416
46221;Salem;salem;Valencia/València;valencia/valencia;Comunitat Valenciana;Salem;38.8538548;-0.38094639;368;411
46222;Sant Joanet;sant joanet;Valencia/València;valencia/valencia;Comunitat Valenciana;Sant Joanet;39.07146953;-0.487686514;39;527
46223;Sedaví;sedavi;Valencia/València;valencia/valencia;Comunitat Valenciana;Sedaví;39.42493709;-0.385565535;9;10862
46224;Segart;segart;Valencia/València;valencia/valencia;Comunitat Valenciana;Segart;39.6838059;-0.374206261;264;183
46225;Sellent;sellent;Valencia/València;valencia/valencia;Comunitat Valenciana;Sellent;39.03101929;-0.587566542;77;386
46226;Sempere;sempere;Valencia/València;valencia/valencia;Comunitat Valenciana;Sempere;38.91961969;-0.48024317;172;33
46227;Senyera;senyera;Valencia/València;valencia/valencia;Comunitat Valenciana;Senyera;39.06374225;-0.510200181;42;1115
46228;Serra;serra;Valencia/València;valencia/valencia;Comunitat Valenciana;Serra;39.68587206;-0.426544732;327;3760
46229;Siete Aguas;siete aguas;Valencia/València;valencia/valencia;Comunitat Valenciana;Siete Aguas;39.47166915;-0.915792664;698;1330
46230;Silla;silla;Valencia/València;valencia/valencia;Comunitat Valenciana;Silla;39.36241739;-0.412061418;8;20484
46231;Simat de la Valldigna;simat de la valldigna;Valencia/València;valencia/valencia;Comunitat Valenciana;Simat de la Valldigna;39.04373062;-0.31034542;49;3336
46232;Sinarcas;sinarcas;Valencia/València;valencia/valencia;Comunitat Valenciana;Sinarcas;39.73308217;-1.229162303;888;1177
46233;Sollana;sollana;Valencia/València;valencia/valencia;Comunitat Valenciana;Sollana;39.27817927;-0.381548923;5;5099
46234;Sot de Chera;sot de chera;Valencia/València;valencia/valencia;Comunitat Valenciana;Sot de Chera;39.6206757;-0.9091047;336;430
46235;Sueca;sueca;Valencia/València;valencia/valencia;Comunitat Valenciana;Sueca;39.20253554;-0.31081634;6;29544
46236;Sumacàrcer;sumacarcer;Valencia/València;valencia/valencia;Comunitat Valenciana;Sumacàrcer;39.09460823;-0.62919981;50;1021
46237;Tavernes Blanques;tavernes blanques;Valencia/València;valencia/valencia;Comunitat Valenciana;Tavernes Blanques;39.50658792;-0.364583177;13;9789
46238;Tavernes de la Valldigna;tavernes de la valldigna;Valencia/València;valencia/valencia;Comunitat Valenciana;Tavernes de la Valldigna;39.07162557;-0.267853676;15;17933
46239;Teresa de Cofrentes;teresa de cofrentes;Valencia/València;valencia/valencia;Comunitat Valenciana;Teresa de Cofrentes;39.10658838;-1.051057295;526;618
46240;Terrateig;terrateig;Valencia/València;valencia/valencia;Comunitat Valenciana;Terrateig;38.89424608;-0.320662984;254;287
46241;Titaguas;titaguas;Valencia/València;valencia/valencia;Comunitat Valenciana;Titaguas;39.8658081;-1.080862444;832;519
46242;Torrebaja;torrebaja;Valencia/València;valencia/valencia;Comunitat Valenciana;Torrebaja;40.09614252;-1.256376321;736;402
46243;Torrella;torrella;Valencia/València;valencia/valencia;Comunitat Valenciana;Torrella;38.98910281;-0.571779703;145;151
46244;Torrent;torrent;Valencia/València;valencia/valencia;Comunitat Valenciana;Torrent;39.43672137;-0.465981759;46;91353
46245;Torres Torres;torres torres;Valencia/València;valencia/valencia;Comunitat Valenciana;Torres Torres;39.74304011;-0.355728918;186;808
46246;Tous;tous;Valencia/València;valencia/valencia;Comunitat Valenciana;Tous;39.13832493;-0.586682962;98;1355
46247;Tuéjar;tuejar;Valencia/València;valencia/valencia;Comunitat Valenciana;Tuéjar;39.76359022;-1.039581871;602;1275
46248;Turís;turis;Valencia/València;valencia/valencia;Comunitat Valenciana;Turís;39.38985639;-0.711363601;274;7709
46249;Utiel;utiel;Valencia/València;valencia/valencia;Comunitat Valenciana;Utiel;39.56710215;-1.206061132;732;11639
46250;València;valencia;Valencia/València;valencia/valencia;Comunitat Valenciana;València;39.46990124;-0.37739329;16;841558
46251;Vallada;vallada;Valencia/València;valencia/valencia;Comunitat Valenciana;Vallada;38.89587712;-0.6917907;282;3116
46252;Vallanca;vallanca;Valencia/València;valencia/valencia;Comunitat Valenciana;Vallanca;40.06288638;-1.339037136;977;130
46253;Vallés;valles;Valencia/València;valencia/valencia;Comunitat Valenciana;Vallés;38.98567915;-0.556163518;119;161
46254;Venta del Moro;venta del moro;Valencia/València;valencia/valencia;Comunitat Valenciana;Venta del Moro;39.48425332;-1.358073782;724;1166
46255;Vilallonga/Villalonga;vilallonga/villalonga;Valencia/València;valencia/valencia;Comunitat Valenciana;Vilallonga/Villalonga;38.88447318;-0.208063529;105;4880
46256;Vilamarxant;vilamarxant;Valencia/València;valencia/valencia;Comunitat Valenciana;Vilamarxant;39.56780679;-0.622368791;105;11552
46257;Castelló;castello;Valencia/València;valencia/valencia;Comunitat Valenciana;Castelló;39.07947769;-0.514188818;35;6982
46258;Villar del Arzobispo;villar del arzobispo;Valencia/València;valencia/valencia;Comunitat Valenciana;Villar del Arzobispo;39.73070164;-0.825304208;520;3863
46259;Villargordo del Cabriel;villargordo del cabriel;Valencia/València;valencia/valencia;Comunitat Valenciana;Villargordo del Cabriel;39.53480301;-1.442840258;844;587
46260;Vinalesa;vinalesa;Valencia/València;valencia/valencia;Comunitat Valenciana;Vinalesa;39.5392856;-0.36998835;25;3590
46261;Yátova;yatova;Valencia/València;valencia/valencia;Comunitat Valenciana;Yátova;39.38501312;-0.808258804;433;2343
46262;Yesa, La;yesa, la;Valencia/València;valencia/valencia;Comunitat Valenciana;Yesa, La;39.89097218;-0.961714942;1041;246
46263;Zarra;zarra;Valencia/València;valencia/valencia;Comunitat Valenciana;Zarra;39.09171245;-1.074899873;565;381
46902;Gátova;gatova;Valencia/València;valencia/valencia;Comunitat Valenciana;Gátova;39.76946508;-0.520647131;578;456
46903;San Antonio de Benagéber;san antonio de benageber;Valencia/València;valencia/valencia;Comunitat Valenciana;San Antonio de Benagéber;39.56218641;-0.500695937;116;11154
46904;Benicull de Xúquer;benicull de xuquer;Valencia/València;valencia/valencia;Comunitat Valenciana;Benicull de Xúquer;39.18507569;-0.382372153;19;1174
47001;Adalia;adalia;Valladolid;valladolid;Castilla y León;Adalia;41.64854236;-5.121854659;771;50
47002;Aguasal;aguasal;Valladolid;valladolid;Castilla y León;Aguasal;41.27468276;-4.653867462;754;18
47003;Aguilar de Campos;aguilar de campos;Valladolid;valladolid;Castilla y León;Aguilar de Campos;41.98425273;-5.180449713;762;265
47004;Alaejos;alaejos;Valladolid;valladolid;Castilla y León;Alaejos;41.30736931;-5.216574106;753;1426
47005;Alcazarén;alcazaren;Valladolid;valladolid;Castilla y León;Alcazarén;41.37113337;-4.671520227;735;626
47006;Aldea de San Miguel;aldea de san miguel;Valladolid;valladolid;Castilla y León;Aldea de San Miguel;41.4608074;-4.617478372;740;212
47007;Aldeamayor de San Martín;aldeamayor de san martin;Valladolid;valladolid;Castilla y León;Aldeamayor de San Martín;41.51193765;-4.640072179;705;6301
47008;Almenara de Adaja;almenara de adaja;Valladolid;valladolid;Castilla y León;Almenara de Adaja;41.21381519;-4.676701626;781;24
47009;Amusquillo;amusquillo;Valladolid;valladolid;Castilla y León;Amusquillo;41.74887988;-4.302139496;773;95
47010;Arroyo de la Encomienda;arroyo de la encomienda;Valladolid;valladolid;Castilla y León;Arroyo de la Encomienda;41.62621463;-4.773297585;702;22778
47011;Ataquines;ataquines;Valladolid;valladolid;Castilla y León;Ataquines;41.18151861;-4.805475602;793;588
47012;Bahabón;bahabon;Valladolid;valladolid;Castilla y León;Bahabón;41.48134926;-4.279161015;879;96
47013;Barcial de la Loma;barcial de la loma;Valladolid;valladolid;Castilla y León;Barcial de la Loma;41.95161014;-5.283132399;737;99
47014;Barruelo del Valle;barruelo del valle;Valladolid;valladolid;Castilla y León;Barruelo del Valle;41.6741121;-5.069809373;819;51
47015;Becilla de Valderaduey;becilla de valderaduey;Valladolid;valladolid;Castilla y León;Becilla de Valderaduey;42.09797317;-5.217555642;723;206
47016;Benafarces;benafarces;Valladolid;valladolid;Castilla y León;Benafarces;41.6209999;-5.293236566;740;67
47017;Bercero;bercero;Valladolid;valladolid;Castilla y León;Bercero;41.56339138;-5.056244099;734;170
47018;Berceruelo;berceruelo;Valladolid;valladolid;Castilla y León;Berceruelo;41.58059676;-5.03217924;777;36
47019;Berrueces;berrueces;Valladolid;valladolid;Castilla y León;Berrueces;41.9455155;-5.097364158;769;86
47020;Bobadilla del Campo;bobadilla del campo;Valladolid;valladolid;Castilla y León;Bobadilla del Campo;41.2052922;-5.022190872;758;279
47021;Bocigas;bocigas;Valladolid;valladolid;Castilla y León;Bocigas;41.23020265;-4.681417205;772;75
47022;Bocos de Duero;bocos de duero;Valladolid;valladolid;Castilla y León;Bocos de Duero;41.62337579;-4.069962012;757;77
47023;Boecillo;boecillo;Valladolid;valladolid;Castilla y León;Boecillo;41.54087842;-4.699820993;722;4445
47024;Bolaños de Campos;bolanos de campos;Valladolid;valladolid;Castilla y León;Bolaños de Campos;42.00589349;-5.285038017;707;243
47025;Brahojos de Medina;brahojos de medina;Valladolid;valladolid;Castilla y León;Brahojos de Medina;41.23076179;-5.041534112;749;96
47026;Bustillo de Chaves;bustillo de chaves;Valladolid;valladolid;Castilla y León;Bustillo de Chaves;42.13156009;-5.091132992;809;69
47027;Cabezón de Pisuerga;cabezon de pisuerga;Valladolid;valladolid;Castilla y León;Cabezón de Pisuerga;41.73398778;-4.646470212;701;3931
47028;Cabezón de Valderaduey;cabezon de valderaduey;Valladolid;valladolid;Castilla y León;Cabezón de Valderaduey;42.16837198;-5.158649972;760;25
47029;Cabreros del Monte;cabreros del monte;Valladolid;valladolid;Castilla y León;Cabreros del Monte;41.84956098;-5.270151891;726;64
47030;Campaspero;campaspero;Valladolid;valladolid;Castilla y León;Campaspero;41.49151481;-4.194001479;900;1015
47031;Campillo, El;campillo, el;Valladolid;valladolid;Castilla y León;Campillo, El;41.25688234;-5.013976839;744;205
47032;Camporredondo;camporredondo;Valladolid;valladolid;Castilla y León;Camporredondo;41.47451488;-4.501960567;802;143
47033;Canalejas de Peñafiel;canalejas de penafiel;Valladolid;valladolid;Castilla y León;Canalejas de Peñafiel;41.52605895;-4.116298633;899;257
47034;Canillas de Esgueva;canillas de esgueva;Valladolid;valladolid;Castilla y León;Canillas de Esgueva;41.7558478;-4.123988169;806;71
47035;Carpio;carpio;Valladolid;valladolid;Castilla y León;Carpio;41.21397374;-5.109692572;763;924
47036;Casasola de Arión;casasola de arion;Valladolid;valladolid;Castilla y León;Casasola de Arión;41.57827854;-5.241291515;709;203
47037;Castrejón de Trabancos;castrejon de trabancos;Valladolid;valladolid;Castilla y León;Castrejón de Trabancos;41.25238651;-5.170907709;735;173
47038;Castrillo de Duero;castrillo de duero;Valladolid;valladolid;Castilla y León;Castrillo de Duero;41.57493199;-4.014494837;799;109
47039;Castrillo-Tejeriego;castrillo tejeriego;Valladolid;valladolid;Castilla y León;Castrillo-Tejeriego;41.70294228;-4.371354181;788;157
47040;Castrobol;castrobol;Valladolid;valladolid;Castilla y León;Castrobol;42.13586183;-5.313027132;771;43
47041;Castrodeza;castrodeza;Valladolid;valladolid;Castilla y León;Castrodeza;41.64822797;-4.959586255;760;149
47042;Castromembibre;castromembibre;Valladolid;valladolid;Castilla y León;Castromembibre;41.67203663;-5.30503392;784;50
47043;Castromonte;castromonte;Valladolid;valladolid;Castilla y León;Castromonte;41.77353476;-5.040120297;841;320
47044;Castronuevo de Esgueva;castronuevo de esgueva;Valladolid;valladolid;Castilla y León;Castronuevo de Esgueva;41.6820336;-4.587486267;751;413
47045;Castronuño;castronuno;Valladolid;valladolid;Castilla y León;Castronuño;41.38957131;-5.262781624;693;745
47046;Castroponce;castroponce;Valladolid;valladolid;Castilla y León;Castroponce;42.12720861;-5.18297323;730;129
47047;Castroverde de Cerrato;castroverde de cerrato;Valladolid;valladolid;Castilla y León;Castroverde de Cerrato;41.75648477;-4.22132602;780;192
47048;Ceinos de Campos;ceinos de campos;Valladolid;valladolid;Castilla y León;Ceinos de Campos;42.03263124;-5.148303894;765;172
47049;Cervillego de la Cruz;cervillego de la cruz;Valladolid;valladolid;Castilla y León;Cervillego de la Cruz;41.18691733;-4.950139017;755;87
47050;Cigales;cigales;Valladolid;valladolid;Castilla y León;Cigales;41.75846524;-4.698768567;747;5456
47051;Ciguñuela;cigunuela;Valladolid;valladolid;Castilla y León;Ciguñuela;41.64042069;-4.855744697;810;362
47052;Cistérniga;cisterniga;Valladolid;valladolid;Castilla y León;Cistérniga;41.6120616;-4.684718362;735;9483
47053;Cogeces de Íscar;cogeces de iscar;Valladolid;valladolid;Castilla y León;Cogeces de Íscar;41.40644338;-4.545426514;734;143
47054;Cogeces del Monte;cogeces del monte;Valladolid;valladolid;Castilla y León;Cogeces del Monte;41.5100855;-4.316623091;889;640
47055;Corcos;corcos;Valladolid;valladolid;Castilla y León;Corcos;41.8090924;-4.692042116;789;202
47056;Corrales de Duero;corrales de duero;Valladolid;valladolid;Castilla y León;Corrales de Duero;41.67171786;-4.048249967;811;106
47057;Cubillas de Santa Marta;cubillas de santa marta;Valladolid;valladolid;Castilla y León;Cubillas de Santa Marta;41.83344172;-4.612983114;761;394
47058;Cuenca de Campos;cuenca de campos;Valladolid;valladolid;Castilla y León;Cuenca de Campos;42.05839075;-5.055264985;772;180
47059;Curiel de Duero;curiel de duero;Valladolid;valladolid;Castilla y León;Curiel de Duero;41.64042362;-4.099078895;798;111
47060;Encinas de Esgueva;encinas de esgueva;Valladolid;valladolid;Castilla y León;Encinas de Esgueva;41.75702385;-4.10357429;816;214
47061;Esguevillas de Esgueva;esguevillas de esgueva;Valladolid;valladolid;Castilla y León;Esguevillas de Esgueva;41.74932036;-4.38066039;781;258
47062;Fombellida;fombellida;Valladolid;valladolid;Castilla y León;Fombellida;41.76791263;-4.184951596;805;170
47063;Fompedraza;fompedraza;Valladolid;valladolid;Castilla y León;Fompedraza;41.53611134;-4.143913525;900;115
47064;Fontihoyuelo;fontihoyuelo;Valladolid;valladolid;Castilla y León;Fontihoyuelo;42.16207485;-5.05957556;808;29
47065;Fresno el Viejo;fresno el viejo;Valladolid;valladolid;Castilla y León;Fresno el Viejo;41.19582185;-5.14585977;761;825
47066;Fuensaldaña;fuensaldana;Valladolid;valladolid;Castilla y León;Fuensaldaña;41.70682566;-4.766164331;745;2144
47067;Fuente el Sol;fuente el sol;Valladolid;valladolid;Castilla y León;Fuente el Sol;41.17685132;-4.935061169;759;149
47068;Fuente-Olmedo;fuente olmedo;Valladolid;valladolid;Castilla y León;Fuente-Olmedo;41.24388222;-4.647480834;794;42
47069;Gallegos de Hornija;gallegos de hornija;Valladolid;valladolid;Castilla y León;Gallegos de Hornija;41.60986123;-5.097667113;716;104
47070;Gatón de Campos;gaton de campos;Valladolid;valladolid;Castilla y León;Gatón de Campos;42.04965386;-4.978989171;759;47
47071;Geria;geria;Valladolid;valladolid;Castilla y León;Geria;41.57897814;-4.877309254;720;491
47073;Herrín de Campos;herrin de campos;Valladolid;valladolid;Castilla y León;Herrín de Campos;42.12399688;-4.953800668;770;112
47074;Hornillos de Eresma;hornillos de eresma;Valladolid;valladolid;Castilla y León;Hornillos de Eresma;41.36656643;-4.717947512;726;182
47075;Íscar;iscar;Valladolid;valladolid;Castilla y León;Íscar;41.36164284;-4.534046259;752;6554
47076;Laguna de Duero;laguna de duero;Valladolid;valladolid;Castilla y León;Laguna de Duero;41.58212291;-4.72148873;705;22999
47077;Langayo;langayo;Valladolid;valladolid;Castilla y León;Langayo;41.56883868;-4.198037217;818;246
47078;Lomoviejo;lomoviejo;Valladolid;valladolid;Castilla y León;Lomoviejo;41.14867817;-4.917264631;767;158
47079;Llano de Olmedo;llano de olmedo;Valladolid;valladolid;Castilla y León;Llano de Olmedo;41.26683763;-4.614034816;780;49
47080;Manzanillo;manzanillo;Valladolid;valladolid;Castilla y León;Manzanillo;41.5860764;-4.188874118;795;50
47081;Marzales;marzales;Valladolid;valladolid;Castilla y León;Marzales;41.5875417;-5.13317918;708;45
47082;Matapozuelos;matapozuelos;Valladolid;valladolid;Castilla y León;Matapozuelos;41.4146549;-4.791084544;727;975
47083;Matilla de los Caños;matilla de los canos;Valladolid;valladolid;Castilla y León;Matilla de los Caños;41.54761092;-4.967757136;746;117
47084;Mayorga;mayorga;Valladolid;valladolid;Castilla y León;Mayorga;42.16697529;-5.262646036;773;1360
47085;Medina del Campo;medina del campo;Valladolid;valladolid;Castilla y León;Medina del Campo;41.30785228;-4.915802176;720;20238
47086;Medina de Rioseco;medina de rioseco;Valladolid;valladolid;Castilla y León;Medina de Rioseco;41.88089318;-5.040505578;733;4613
47087;Megeces;megeces;Valladolid;valladolid;Castilla y León;Megeces;41.40747956;-4.565465543;742;422
47088;Melgar de Abajo;melgar de abajo;Valladolid;valladolid;Castilla y León;Melgar de Abajo;42.24473268;-5.141421826;798;114
47089;Melgar de Arriba;melgar de arriba;Valladolid;valladolid;Castilla y León;Melgar de Arriba;42.26850666;-5.097315987;788;163
47090;Mojados;mojados;Valladolid;valladolid;Castilla y León;Mojados;41.43294671;-4.662159485;717;3444
47091;Monasterio de Vega;monasterio de vega;Valladolid;valladolid;Castilla y León;Monasterio de Vega;42.23047943;-5.180419953;766;79
47092;Montealegre de Campos;montealegre de campos;Valladolid;valladolid;Castilla y León;Montealegre de Campos;41.90161373;-4.899098587;812;105
47093;Montemayor de Pililla;montemayor de pililla;Valladolid;valladolid;Castilla y León;Montemayor de Pililla;41.50836632;-4.458389262;870;840
47094;Moral de la Reina;moral de la reina;Valladolid;valladolid;Castilla y León;Moral de la Reina;41.98529989;-5.07153062;762;131
47095;Moraleja de las Panaderas;moraleja de las panaderas;Valladolid;valladolid;Castilla y León;Moraleja de las Panaderas;41.27649312;-4.82534247;733;42
47096;Morales de Campos;morales de campos;Valladolid;valladolid;Castilla y León;Morales de Campos;41.86123132;-5.174110647;746;132
47097;Mota del Marqués;mota del marques;Valladolid;valladolid;Castilla y León;Mota del Marqués;41.63288047;-5.177143796;746;341
47098;Mucientes;mucientes;Valladolid;valladolid;Castilla y León;Mucientes;41.74392815;-4.761445966;767;693
47099;Mudarra, La;mudarra, la;Valladolid;valladolid;Castilla y León;Mudarra, La;41.77932148;-4.943588258;845;168
47100;Muriel;muriel;Valladolid;valladolid;Castilla y León;Muriel;41.1216066;-4.842539597;777;106
47101;Nava del Rey;nava del rey;Valladolid;valladolid;Castilla y León;Nava del Rey;41.33003264;-5.080963047;746;1928
47102;Nueva Villa de las Torres;nueva villa de las torres;Valladolid;valladolid;Castilla y León;Nueva Villa de las Torres;41.26801698;-5.056604592;742;265
47103;Olivares de Duero;olivares de duero;Valladolid;valladolid;Castilla y León;Olivares de Duero;41.63786017;-4.36457327;736;327
47104;Olmedo;olmedo;Valladolid;valladolid;Castilla y León;Olmedo;41.28834759;-4.685273303;768;3626
47105;Olmos de Esgueva;olmos de esgueva;Valladolid;valladolid;Castilla y León;Olmos de Esgueva;41.6881383;-4.52219135;730;191
47106;Olmos de Peñafiel;olmos de penafiel;Valladolid;valladolid;Castilla y León;Olmos de Peñafiel;41.57225242;-4.042522793;785;35
47109;Palazuelo de Vedija;palazuelo de vedija;Valladolid;valladolid;Castilla y León;Palazuelo de Vedija;41.928456;-5.144746224;783;163
47110;Parrilla, La;parrilla, la;Valladolid;valladolid;Castilla y León;Parrilla, La;41.53697613;-4.534209872;857;471
47111;Pedraja de Portillo, La;pedraja de portillo, la;Valladolid;valladolid;Castilla y León;Pedraja de Portillo, La;41.47172603;-4.64734183;717;1191
47112;Pedrajas de San Esteban;pedrajas de san esteban;Valladolid;valladolid;Castilla y León;Pedrajas de San Esteban;41.34239162;-4.582399626;750;3434
47113;Pedrosa del Rey;pedrosa del rey;Valladolid;valladolid;Castilla y León;Pedrosa del Rey;41.55594934;-5.204187341;718;149
47114;Peñafiel;penafiel;Valladolid;valladolid;Castilla y León;Peñafiel;41.59674281;-4.118605359;756;5163
47115;Peñaflor de Hornija;penaflor de hornija;Valladolid;valladolid;Castilla y León;Peñaflor de Hornija;41.71100514;-4.983510637;840;349
47116;Pesquera de Duero;pesquera de duero;Valladolid;valladolid;Castilla y León;Pesquera de Duero;41.6415634;-4.156142683;746;403
47117;Piña de Esgueva;pina de esgueva;Valladolid;valladolid;Castilla y León;Piña de Esgueva;41.72825957;-4.428099814;746;315
47118;Piñel de Abajo;pinel de abajo;Valladolid;valladolid;Castilla y León;Piñel de Abajo;41.67494523;-4.147470067;783;164
47119;Piñel de Arriba;pinel de arriba;Valladolid;valladolid;Castilla y León;Piñel de Arriba;41.69893894;-4.127377436;822;81
47121;Pollos;pollos;Valladolid;valladolid;Castilla y León;Pollos;41.44438597;-5.125952472;668;565
47122;Portillo;portillo;Valladolid;valladolid;Castilla y León;Portillo;41.47907304;-4.58806156;849;2396
47123;Pozal de Gallinas;pozal de gallinas;Valladolid;valladolid;Castilla y León;Pozal de Gallinas;41.31757618;-4.838890369;736;557
47124;Pozaldez;pozaldez;Valladolid;valladolid;Castilla y León;Pozaldez;41.37091989;-4.843203344;792;511
47125;Pozuelo de la Orden;pozuelo de la orden;Valladolid;valladolid;Castilla y León;Pozuelo de la Orden;41.82033753;-5.259415526;723;60
47126;Puras;puras;Valladolid;valladolid;Castilla y León;Puras;41.18284554;-4.649506912;803;44
47127;Quintanilla de Arriba;quintanilla de arriba;Valladolid;valladolid;Castilla y León;Quintanilla de Arriba;41.62026221;-4.218323271;740;163
47128;Quintanilla del Molar;quintanilla del molar;Valladolid;valladolid;Castilla y León;Quintanilla del Molar;41.98832347;-5.450009596;741;45
47129;Quintanilla de Onésimo;quintanilla de onesimo;Valladolid;valladolid;Castilla y León;Quintanilla de Onésimo;41.62577499;-4.365485706;728;1046
47130;Quintanilla de Trigueros;quintanilla de trigueros;Valladolid;valladolid;Castilla y León;Quintanilla de Trigueros;41.85527419;-4.659857104;796;100
47131;Rábano;rabano;Valladolid;valladolid;Castilla y León;Rábano;41.53263384;-4.061421263;778;169
47132;Ramiro;ramiro;Valladolid;valladolid;Castilla y León;Ramiro;41.22885455;-4.786281435;760;44
47133;Renedo de Esgueva;renedo de esgueva;Valladolid;valladolid;Castilla y León;Renedo de Esgueva;41.65469972;-4.627253195;712;3995
47134;Roales de Campos;roales de campos;Valladolid;valladolid;Castilla y León;Roales de Campos;42.03046746;-5.474549704;741;154
47135;Robladillo;robladillo;Valladolid;valladolid;Castilla y León;Robladillo;41.60827193;-4.910149772;772;86
47137;Roturas;roturas;Valladolid;valladolid;Castilla y León;Roturas;41.66824866;-4.117736643;824;26
47138;Rubí de Bracamonte;rubi de bracamonte;Valladolid;valladolid;Castilla y León;Rubí de Bracamonte;41.21362082;-4.924965907;748;208
47139;Rueda;rueda;Valladolid;valladolid;Castilla y León;Rueda;41.41312857;-4.96038438;723;1135
47140;Saelices de Mayorga;saelices de mayorga;Valladolid;valladolid;Castilla y León;Saelices de Mayorga;42.21200394;-5.206004166;772;117
47141;Salvador de Zapardiel;salvador de zapardiel;Valladolid;valladolid;Castilla y León;Salvador de Zapardiel;41.11726917;-4.875226242;771;99
47142;San Cebrián de Mazote;san cebrian de mazote;Valladolid;valladolid;Castilla y León;San Cebrián de Mazote;41.67992406;-5.147868088;760;99
47143;San Llorente;san llorente;Valladolid;valladolid;Castilla y León;San Llorente;41.68566164;-4.065671264;888;92
47144;San Martín de Valvení;san martin de valveni;Valladolid;valladolid;Castilla y León;San Martín de Valvení;41.75315956;-4.565224619;734;79
47145;San Miguel del Arroyo;san miguel del arroyo;Valladolid;valladolid;Castilla y León;San Miguel del Arroyo;41.4436172;-4.46007612;814;641
47146;San Miguel del Pino;san miguel del pino;Valladolid;valladolid;Castilla y León;San Miguel del Pino;41.50870543;-4.911279463;676;369
47147;San Pablo de la Moraleja;san pablo de la moraleja;Valladolid;valladolid;Castilla y León;San Pablo de la Moraleja;41.16063364;-4.777470255;794;113
47148;San Pedro de Latarce;san pedro de latarce;Valladolid;valladolid;Castilla y León;San Pedro de Latarce;41.73472861;-5.326002664;706;432
47149;San Pelayo;san pelayo;Valladolid;valladolid;Castilla y León;San Pelayo;41.68029783;-5.03440331;775;42
47150;San Román de Hornija;san roman de hornija;Valladolid;valladolid;Castilla y León;San Román de Hornija;41.48170738;-5.285636513;663;298
47151;San Salvador;san salvador;Valladolid;valladolid;Castilla y León;San Salvador;41.62038843;-5.087147105;724;20
47152;Santa Eufemia del Arroyo;santa eufemia del arroyo;Valladolid;valladolid;Castilla y León;Santa Eufemia del Arroyo;41.89550978;-5.265107713;709;79
47153;Santervás de Campos;santervas de campos;Valladolid;valladolid;Castilla y León;Santervás de Campos;42.21758821;-5.10019877;754;100
47154;Santibáñez de Valcorba;santibanez de valcorba;Valladolid;valladolid;Castilla y León;Santibáñez de Valcorba;41.57029424;-4.449250797;748;195
47155;Santovenia de Pisuerga;santovenia de pisuerga;Valladolid;valladolid;Castilla y León;Santovenia de Pisuerga;41.69662751;-4.689282854;694;4773
47156;San Vicente del Palacio;san vicente del palacio;Valladolid;valladolid;Castilla y León;San Vicente del Palacio;41.21977304;-4.852182962;746;155
47157;Sardón de Duero;sardon de duero;Valladolid;valladolid;Castilla y León;Sardón de Duero;41.60878124;-4.43374444;721;601
47158;Seca, La;seca, la;Valladolid;valladolid;Castilla y León;Seca, La;41.41483625;-4.90717912;730;1018
47159;Serrada;serrada;Valladolid;valladolid;Castilla y León;Serrada;41.45673227;-4.862498939;721;1120
47160;Siete Iglesias de Trabancos;siete iglesias de trabancos;Valladolid;valladolid;Castilla y León;Siete Iglesias de Trabancos;41.35247195;-5.185774618;714;414
47161;Simancas;simancas;Valladolid;valladolid;Castilla y León;Simancas;41.59048754;-4.826933773;717;5552
47162;Tamariz de Campos;tamariz de campos;Valladolid;valladolid;Castilla y León;Tamariz de Campos;41.97665158;-5.024923433;753;84
47163;Tiedra;tiedra;Valladolid;valladolid;Castilla y León;Tiedra;41.65181287;-5.266675235;822;273
47164;Tordehumos;tordehumos;Valladolid;valladolid;Castilla y León;Tordehumos;41.81455809;-5.159216957;741;367
47165;Tordesillas;tordesillas;Valladolid;valladolid;Castilla y León;Tordesillas;41.50065024;-5.000195248;695;8801
47166;Torrecilla de la Abadesa;torrecilla de la abadesa;Valladolid;valladolid;Castilla y León;Torrecilla de la Abadesa;41.48499331;-5.087711484;673;236
47167;Torrecilla de la Orden;torrecilla de la orden;Valladolid;valladolid;Castilla y León;Torrecilla de la Orden;41.21948054;-5.224174539;776;227
47168;Torrecilla de la Torre;torrecilla de la torre;Valladolid;valladolid;Castilla y León;Torrecilla de la Torre;41.66607019;-5.049788952;751;28
47169;Torre de Esgueva;torre de esgueva;Valladolid;valladolid;Castilla y León;Torre de Esgueva;41.76868309;-4.199612019;810;62
47170;Torre de Peñafiel;torre de penafiel;Valladolid;valladolid;Castilla y León;Torre de Peñafiel;41.53629893;-4.088495349;791;57
47171;Torrelobatón;torrelobaton;Valladolid;valladolid;Castilla y León;Torrelobatón;41.64916956;-5.025118219;749;387
47172;Torrescárcela;torrescarcela;Valladolid;valladolid;Castilla y León;Torrescárcela;41.48500995;-4.319452147;884;163
47173;Traspinedo;traspinedo;Valladolid;valladolid;Castilla y León;Traspinedo;41.5744811;-4.477144962;743;1311
47174;Trigueros del Valle;trigueros del valle;Valladolid;valladolid;Castilla y León;Trigueros del Valle;41.83029987;-4.652564913;753;320
47175;Tudela de Duero;tudela de duero;Valladolid;valladolid;Castilla y León;Tudela de Duero;41.5835812;-4.579980718;700;8933
47176;Unión de Campos, La;union de campos, la;Valladolid;valladolid;Castilla y León;Unión de Campos, La;42.07651845;-5.324929208;765;213
47177;Urones de Castroponce;urones de castroponce;Valladolid;valladolid;Castilla y León;Urones de Castroponce;42.09921439;-5.282686592;745;94
47178;Urueña;uruena;Valladolid;valladolid;Castilla y León;Urueña;41.72678228;-5.202985962;830;201
47179;Valbuena de Duero;valbuena de duero;Valladolid;valladolid;Castilla y León;Valbuena de Duero;41.64233859;-4.293105684;736;388
47180;Valdearcos de la Vega;valdearcos de la vega;Valladolid;valladolid;Castilla y León;Valdearcos de la Vega;41.64273654;-4.048435031;779;61
47181;Valdenebro de los Valles;valdenebro de los valles;Valladolid;valladolid;Castilla y León;Valdenebro de los Valles;41.85613141;-4.96947719;813;192
47182;Valdestillas;valdestillas;Valladolid;valladolid;Castilla y León;Valdestillas;41.47553166;-4.771194997;699;1645
47183;Valdunquillo;valdunquillo;Valladolid;valladolid;Castilla y León;Valdunquillo;42.04177834;-5.313881542;736;111
47184;Valoria la Buena;valoria la buena;Valladolid;valladolid;Castilla y León;Valoria la Buena;41.79973276;-4.528742381;725;745
47185;Valverde de Campos;valverde de campos;Valladolid;valladolid;Castilla y León;Valverde de Campos;41.83501757;-5.037343813;769;91
47186;Valladolid;valladolid;Valladolid;valladolid;Castilla y León;Valladolid;41.65252015;-4.728687252;690;301798
47187;Vega de Ruiponce;vega de ruiponce;Valladolid;valladolid;Castilla y León;Vega de Ruiponce;42.1880971;-5.115632959;744;80
47188;Vega de Valdetronco;vega de valdetronco;Valladolid;valladolid;Castilla y León;Vega de Valdetronco;41.59252794;-5.114663695;715;88
47189;Velascálvaro;velascalvaro;Valladolid;valladolid;Castilla y León;Velascálvaro;41.23056573;-4.972474952;743;157
47190;Velilla;velilla;Valladolid;valladolid;Castilla y León;Velilla;41.55799456;-5.005027288;780;109
47191;Velliza;velliza;Valladolid;valladolid;Castilla y León;Velliza;41.57936884;-4.947466542;777;120
47192;Ventosa de la Cuesta;ventosa de la cuesta;Valladolid;valladolid;Castilla y León;Ventosa de la Cuesta;41.41180795;-4.827630811;764;112
47193;Viana de Cega;viana de cega;Valladolid;valladolid;Castilla y León;Viana de Cega;41.52911246;-4.752442006;690;2283
47194;Viloria;viloria;Valladolid;valladolid;Castilla y León;Viloria;41.44585384;-4.381826672;874;350
47195;Villabáñez;villabanez;Valladolid;valladolid;Castilla y León;Villabáñez;41.63072034;-4.523488249;734;527
47196;Villabaruz de Campos;villabaruz de campos;Valladolid;valladolid;Castilla y León;Villabaruz de Campos;42.01060128;-4.9959162;749;31
47197;Villabrágima;villabragima;Valladolid;valladolid;Castilla y León;Villabrágima;41.82176477;-5.116812897;726;1078
47198;Villacarralón;villacarralon;Valladolid;valladolid;Castilla y León;Villacarralón;42.18984389;-5.043086983;789;71
47199;Villacid de Campos;villacid de campos;Valladolid;valladolid;Castilla y León;Villacid de Campos;42.08264759;-5.124706752;776;86
47200;Villaco;villaco;Valladolid;valladolid;Castilla y León;Villaco;41.7397751;-4.268630798;780;72
47203;Villafrades de Campos;villafrades de campos;Valladolid;valladolid;Castilla y León;Villafrades de Campos;42.07764203;-4.970841191;757;59
47204;Villafranca de Duero;villafranca de duero;Valladolid;valladolid;Castilla y León;Villafranca de Duero;41.43294764;-5.301951694;654;250
47205;Villafrechós;villafrechos;Valladolid;valladolid;Castilla y León;Villafrechós;41.89331513;-5.219067705;737;474
47206;Villafuerte;villafuerte;Valladolid;valladolid;Castilla y León;Villafuerte;41.73458654;-4.323690762;822;80
47207;Villagarcía de Campos;villagarcia de campos;Valladolid;valladolid;Castilla y León;Villagarcía de Campos;41.77827334;-5.191905524;717;294
47208;Villagómez la Nueva;villagomez la nueva;Valladolid;valladolid;Castilla y León;Villagómez la Nueva;42.15618798;-5.142955095;750;47
47209;Villalán de Campos;villalan de campos;Valladolid;valladolid;Castilla y León;Villalán de Campos;42.01459268;-5.2362927;751;36
47210;Villalar de los Comuneros;villalar de los comuneros;Valladolid;valladolid;Castilla y León;Villalar de los Comuneros;41.55023906;-5.138622251;709;470
47211;Villalba de la Loma;villalba de la loma;Valladolid;valladolid;Castilla y León;Villalba de la Loma;42.17475816;-5.189844296;767;56
47212;Villalba de los Alcores;villalba de los alcores;Valladolid;valladolid;Castilla y León;Villalba de los Alcores;41.86319781;-4.858234195;854;395
47213;Villalbarba;villalbarba;Valladolid;valladolid;Castilla y León;Villalbarba;41.60454742;-5.212333515;720;96
47214;Villalón de Campos;villalon de campos;Valladolid;valladolid;Castilla y León;Villalón de Campos;42.09844539;-5.035038822;783;1479
47215;Villamuriel de Campos;villamuriel de campos;Valladolid;valladolid;Castilla y León;Villamuriel de Campos;41.94715782;-5.207896198;735;55
47216;Villán de Tordesillas;villan de tordesillas;Valladolid;valladolid;Castilla y León;Villán de Tordesillas;41.59325706;-4.921713376;750;122
47217;Villanubla;villanubla;Valladolid;valladolid;Castilla y León;Villanubla;41.69881711;-4.841677114;839;2902
47218;Villanueva de Duero;villanueva de duero;Valladolid;valladolid;Castilla y León;Villanueva de Duero;41.51750002;-4.870347606;687;1262
47219;Villanueva de la Condesa;villanueva de la condesa;Valladolid;valladolid;Castilla y León;Villanueva de la Condesa;42.1490464;-5.095523057;787;66
47220;Villanueva de los Caballeros;villanueva de los caballeros;Valladolid;valladolid;Castilla y León;Villanueva de los Caballeros;41.75834893;-5.247145891;712;147
47221;Villanueva de los Infantes;villanueva de los infantes;Valladolid;valladolid;Castilla y León;Villanueva de los Infantes;41.70344267;-4.483334999;743;116
47222;Villanueva de San Mancio;villanueva de san mancio;Valladolid;valladolid;Castilla y León;Villanueva de San Mancio;41.92819999;-5.012009956;741;96
47223;Villardefrades;villardefrades;Valladolid;valladolid;Castilla y León;Villardefrades;41.7231593;-5.254506897;723;148
47224;Villarmentero de Esgueva;villarmentero de esgueva;Valladolid;valladolid;Castilla y León;Villarmentero de Esgueva;41.68498945;-4.54677017;727;100
47225;Villasexmir;villasexmir;Valladolid;valladolid;Castilla y León;Villasexmir;41.6386164;-5.06496897;726;67
47226;Villavaquerín;villavaquerin;Valladolid;valladolid;Castilla y León;Villavaquerín;41.66346218;-4.462644019;762;155
47227;Villavellid;villavellid;Valladolid;valladolid;Castilla y León;Villavellid;41.69205023;-5.276830956;767;51
47228;Villaverde de Medina;villaverde de medina;Valladolid;valladolid;Castilla y León;Villaverde de Medina;41.30752433;-5.02585168;732;506
47229;Villavicencio de los Caballeros;villavicencio de los caballeros;Valladolid;valladolid;Castilla y León;Villavicencio de los Caballeros;42.05896186;-5.235757876;718;215
47230;Wamba;wamba;Valladolid;valladolid;Castilla y León;Wamba;41.67661226;-4.917487203;788;288
47231;Zaratán;zaratan;Valladolid;valladolid;Castilla y León;Zaratán;41.65928676;-4.784086942;752;6384
47232;Zarza, La;zarza, la;Valladolid;valladolid;Castilla y León;Zarza, La;41.2618573;-4.771640156;756;111
48001;Abadiño;abadino;Bizkaia;bizkaia;País Vasco/Euskadi;Abadiño;43.15249944;-2.608188356;131;7786
48002;Abanto y Ciérvana-Abanto Zierbena;abanto y ciervana abanto zierbena;Bizkaia;bizkaia;País Vasco/Euskadi;Abanto y Ciérvana-Abanto Zierbena;43.320733;-3.073873;125;9389
48003;Amorebieta-Etxano;amorebieta etxano;Bizkaia;bizkaia;País Vasco/Euskadi;Amorebieta-Etxano;43.22030132;-2.732117842;70;19639
48004;Amoroto;amoroto;Bizkaia;bizkaia;País Vasco/Euskadi;Amoroto;43.3259493;-2.513444502;184;391
48005;Arakaldo;arakaldo;Bizkaia;bizkaia;País Vasco/Euskadi;Arakaldo;43.15344295;-2.933966675;148;156
48006;Arantzazu;arantzazu;Bizkaia;bizkaia;País Vasco/Euskadi;Arantzazu;43.15678293;-2.791588618;101;410
48007;Munitibar-Arbatzegi Gerrikaitz;munitibar arbatzegi gerrikaitz;Bizkaia;bizkaia;País Vasco/Euskadi;Munitibar-Arbatzegi Gerrikaitz;43.26531451;-2.592693218;189;468
48008;Artzentales;artzentales;Bizkaia;bizkaia;País Vasco/Euskadi;Artzentales;43.25134763;-3.221602158;347;756
48009;Arrankudiaga-Zollo;arrankudiaga zollo;Bizkaia;bizkaia;País Vasco/Euskadi;Arrankudiaga-Zollo;43.16850927;-2.921585106;113;1024
48010;Arrieta;arrieta;Bizkaia;bizkaia;País Vasco/Euskadi;Arrieta;43.34192473;-2.768979976;204;582
48011;Arrigorriaga;arrigorriaga;Bizkaia;bizkaia;País Vasco/Euskadi;Arrigorriaga;43.20591294;-2.887720789;54;11938
48012;Bakio;bakio;Bizkaia;bizkaia;País Vasco/Euskadi;Bakio;43.42139025;-2.81421046;6;2856
48013;Barakaldo;barakaldo;Bizkaia;bizkaia;País Vasco/Euskadi;Barakaldo;43.29758738;-2.986094489;25;103084
48014;Barrika;barrika;Bizkaia;bizkaia;País Vasco/Euskadi;Barrika;43.40778602;-2.96543853;70;1523
48015;Basauri;basauri;Bizkaia;bizkaia;País Vasco/Euskadi;Basauri;43.23535181;-2.891714791;87;40262
48016;Berango;berango;Bizkaia;bizkaia;País Vasco/Euskadi;Berango;43.36358715;-2.996920082;33;8257
48017;Bermeo;bermeo;Bizkaia;bizkaia;País Vasco/Euskadi;Bermeo;43.42023707;-2.723067524;16;17116
48018;Berriatua;berriatua;Bizkaia;bizkaia;País Vasco/Euskadi;Berriatua;43.30824813;-2.467512056;26;1225
48019;Berriz;berriz;Bizkaia;bizkaia;País Vasco/Euskadi;Berriz;43.17480247;-2.577650278;192;4543
48020;Bilbao;bilbao;Bizkaia;bizkaia;País Vasco/Euskadi;Bilbao;43.26421868;-2.923458983;7;350975
48021;Busturia;busturia;Bizkaia;bizkaia;País Vasco/Euskadi;Busturia;43.38229808;-2.70061291;18;1693
48022;Karrantza Harana/Valle de Carranza;karrantza harana/valle de carranza;Bizkaia;bizkaia;País Vasco/Euskadi;Karrantza Harana/Valle de Carranza;43.22503682;-3.360788599;157;2713
48023;Artea;artea;Bizkaia;bizkaia;País Vasco/Euskadi;Artea;43.13262828;-2.782605124;121;743
48024;Zeanuri;zeanuri;Bizkaia;bizkaia;País Vasco/Euskadi;Zeanuri;43.098176;-2.749646;403;1233
48025;Zeberio;zeberio;Bizkaia;bizkaia;País Vasco/Euskadi;Zeberio;43.14736445;-2.84887333;122;1089
48026;Dima;dima;Bizkaia;bizkaia;País Vasco/Euskadi;Dima;43.14332572;-2.751896168;114;1527
48027;Durango;durango;Bizkaia;bizkaia;País Vasco/Euskadi;Durango;43.16712804;-2.632027492;119;30181
48028;Ea;ea;Bizkaia;bizkaia;País Vasco/Euskadi;Ea;43.3801423;-2.585817881;5;822
48029;Etxebarri;etxebarri;Bizkaia;bizkaia;País Vasco/Euskadi;Etxebarri;43.24621759;-2.892285335;30;12035
48030;Etxebarria;etxebarria;Bizkaia;bizkaia;País Vasco/Euskadi;Etxebarria;43.25451787;-2.476585648;105;789
48031;Elantxobe;elantxobe;Bizkaia;bizkaia;País Vasco/Euskadi;Elantxobe;43.40326561;-2.639734222;57;320
48032;Elorrio;elorrio;Bizkaia;bizkaia;País Vasco/Euskadi;Elorrio;43.13063943;-2.542298123;180;7306
48033;Ereño;ereno;Bizkaia;bizkaia;País Vasco/Euskadi;Ereño;43.35571506;-2.623066408;274;275
48034;Ermua;ermua;Bizkaia;bizkaia;País Vasco/Euskadi;Ermua;43.18586778;-2.502261431;165;15560
48035;Fruiz;fruiz;Bizkaia;bizkaia;País Vasco/Euskadi;Fruiz;43.32777626;-2.784995817;50;591
48036;Galdakao;galdakao;Bizkaia;bizkaia;País Vasco/Euskadi;Galdakao;43.231094;-2.84005;55;24767
48037;Galdames;galdames;Bizkaia;bizkaia;País Vasco/Euskadi;Galdames;43.25396841;-3.097991324;161;830
48038;Gamiz-Fika;gamiz fika;Bizkaia;bizkaia;País Vasco/Euskadi;Gamiz-Fika;43.32704907;-2.81908692;55;1415
48039;Garai;garai;Bizkaia;bizkaia;País Vasco/Euskadi;Garai;43.19387466;-2.611393927;291;332
48040;Gatika;gatika;Bizkaia;bizkaia;País Vasco/Euskadi;Gatika;43.36307977;-2.87388373;80;1634
48041;Gautegiz Arteaga;gautegiz arteaga;Bizkaia;bizkaia;País Vasco/Euskadi;Gautegiz Arteaga;43.35315359;-2.64924081;50;870
48042;Gordexola;gordexola;Bizkaia;bizkaia;País Vasco/Euskadi;Gordexola;43.17984005;-3.073783288;77;1728
48043;Gorliz;gorliz;Bizkaia;bizkaia;País Vasco/Euskadi;Gorliz;43.41541132;-2.932652026;45;6037
48044;Getxo;getxo;Bizkaia;bizkaia;País Vasco/Euskadi;Getxo;43.34324135;-3.007659918;51;75967
48045;Güeñes;guenes;Bizkaia;bizkaia;País Vasco/Euskadi;Güeñes;43.21044669;-3.095162482;75;6815
48046;Gernika-Lumo;gernika lumo;Bizkaia;bizkaia;País Vasco/Euskadi;Gernika-Lumo;43.31540848;-2.678634528;6;17081
48047;Gizaburuaga;gizaburuaga;Bizkaia;bizkaia;País Vasco/Euskadi;Gizaburuaga;43.33071518;-2.538043454;33;196
48048;Ibarrangelu;ibarrangelu;Bizkaia;bizkaia;País Vasco/Euskadi;Ibarrangelu;43.39042288;-2.63176417;101;668
48049;Ispaster;ispaster;Bizkaia;bizkaia;País Vasco/Euskadi;Ispaster;43.36203249;-2.544622186;113;721
48050;Izurtza;izurtza;Bizkaia;bizkaia;País Vasco/Euskadi;Izurtza;43.15362717;-2.64103511;146;223
48051;Lanestosa;lanestosa;Bizkaia;bizkaia;País Vasco/Euskadi;Lanestosa;43.22012758;-3.438704802;283;243
48052;Larrabetzu;larrabetzu;Bizkaia;bizkaia;País Vasco/Euskadi;Larrabetzu;43.26082615;-2.796140206;77;2037
48053;Laukiz;laukiz;Bizkaia;bizkaia;País Vasco/Euskadi;Laukiz;43.35247443;-2.907287058;51;1241
48054;Leioa;leioa;Bizkaia;bizkaia;País Vasco/Euskadi;Leioa;43.32780985;-2.986320088;23;32708
48055;Lemoa;lemoa;Bizkaia;bizkaia;País Vasco/Euskadi;Lemoa;43.20534458;-2.77336594;70;3611
48056;Lemoiz;lemoiz;Bizkaia;bizkaia;País Vasco/Euskadi;Lemoiz;43.41218006;-2.902670841;94;1347
48057;Lekeitio;lekeitio;Bizkaia;bizkaia;País Vasco/Euskadi;Lekeitio;43.36393438;-2.503136185;6;7210
48058;Mallabia;mallabia;Bizkaia;bizkaia;País Vasco/Euskadi;Mallabia;43.189861;-2.529113;334;1105
48059;Mañaria;manaria;Bizkaia;bizkaia;País Vasco/Euskadi;Mañaria;43.13786573;-2.660874198;192;541
48060;Markina-Xemein;markina xemein;Bizkaia;bizkaia;País Vasco/Euskadi;Markina-Xemein;43.26742761;-2.498451062;85;5096
48061;Maruri-Jatabe;maruri jatabe;Bizkaia;bizkaia;País Vasco/Euskadi;Maruri-Jatabe;43.379455;-2.86732;15;1129
48062;Mendata;mendata;Bizkaia;bizkaia;País Vasco/Euskadi;Mendata;43.28157395;-2.644122223;245;382
48063;Mendexa;mendexa;Bizkaia;bizkaia;País Vasco/Euskadi;Mendexa;43.34546863;-2.48531404;170;426
48064;Meñaka;menaka;Bizkaia;bizkaia;País Vasco/Euskadi;Meñaka;43.36312688;-2.802741778;90;788
48065;Ugao-Miraballes;ugao miraballes;Bizkaia;bizkaia;País Vasco/Euskadi;Ugao-Miraballes;43.18019382;-2.901332369;65;4210
48066;Morga;morga;Bizkaia;bizkaia;País Vasco/Euskadi;Morga;43.29955516;-2.752904971;212;416
48067;Muxika;muxika;Bizkaia;bizkaia;País Vasco/Euskadi;Muxika;43.29246343;-2.70863796;29;1551
48068;Mundaka;mundaka;Bizkaia;bizkaia;País Vasco/Euskadi;Mundaka;43.40755996;-2.698098724;9;1817
48069;Mungia;mungia;Bizkaia;bizkaia;País Vasco/Euskadi;Mungia;43.35466513;-2.8465613;34;18135
48070;Aulesti;aulesti;Bizkaia;bizkaia;País Vasco/Euskadi;Aulesti;43.29725652;-2.562473554;89;639
48071;Muskiz;muskiz;Bizkaia;bizkaia;País Vasco/Euskadi;Muskiz;43.32329118;-3.124962297;35;7468
48072;Otxandio;otxandio;Bizkaia;bizkaia;País Vasco/Euskadi;Otxandio;43.04041243;-2.654742623;559;1322
48073;Ondarroa;ondarroa;Bizkaia;bizkaia;País Vasco/Euskadi;Ondarroa;43.32075337;-2.420383814;3;8092
48074;Urduña/Orduña;urduna/orduna;Bizkaia;bizkaia;País Vasco/Euskadi;Urduña/Orduña;42.99499087;-3.009125378;285;4243
48075;Orozko;orozko;Bizkaia;bizkaia;País Vasco/Euskadi;Orozko;43.10706529;-2.910947897;159;2665
48076;Sukarrieta;sukarrieta;Bizkaia;bizkaia;País Vasco/Euskadi;Sukarrieta;43.39527083;-2.696534187;31;364
48077;Plentzia;plentzia;Bizkaia;bizkaia;País Vasco/Euskadi;Plentzia;43.40444194;-2.950272737;3;4413
48078;Portugalete;portugalete;Bizkaia;bizkaia;País Vasco/Euskadi;Portugalete;43.32126727;-3.017224834;7;44864
48079;Errigoiti;errigoiti;Bizkaia;bizkaia;País Vasco/Euskadi;Errigoiti;43.31880495;-2.725474839;242;497
48080;Valle de Trápaga-Trapagaran;valle de trapaga trapagaran;Bizkaia;bizkaia;País Vasco/Euskadi;Valle de Trápaga-Trapagaran;43.30538635;-3.038100621;35;11795
48081;Lezama;lezama;Bizkaia;bizkaia;País Vasco/Euskadi;Lezama;43.27419335;-2.832914035;60;2430
48082;Santurtzi;santurtzi;Bizkaia;bizkaia;País Vasco/Euskadi;Santurtzi;43.32880226;-3.032998332;6;46530
48083;Ortuella;ortuella;Bizkaia;bizkaia;País Vasco/Euskadi;Ortuella;43.31052531;-3.057723123;61;8741
48084;Sestao;sestao;Bizkaia;bizkaia;País Vasco/Euskadi;Sestao;43.30970998;-3.007626505;62;28473
48085;Sopela;sopela;Bizkaia;bizkaia;País Vasco/Euskadi;Sopela;43.38165317;-2.981071472;60;15040
48086;Sopuerta;sopuerta;Bizkaia;bizkaia;País Vasco/Euskadi;Sopuerta;43.26156447;-3.154205458;88;2821
48087;Trucios-Turtzioz;trucios turtzioz;Bizkaia;bizkaia;País Vasco/Euskadi;Trucios-Turtzioz;43.27144797;-3.256195582;148;518
48088;Ubide;ubide;Bizkaia;bizkaia;País Vasco/Euskadi;Ubide;43.02351935;-2.688341729;565;173
48089;Urduliz;urduliz;Bizkaia;bizkaia;País Vasco/Euskadi;Urduliz;43.37652202;-2.96104831;76;6124
48090;Balmaseda;balmaseda;Bizkaia;bizkaia;País Vasco/Euskadi;Balmaseda;43.19632405;-3.193092231;148;7737
48091;Atxondo;atxondo;Bizkaia;bizkaia;País Vasco/Euskadi;Atxondo;43.12924263;-2.584817309;166;1338
48092;Bedia;bedia;Bizkaia;bizkaia;País Vasco/Euskadi;Bedia;43.20954265;-2.79993623;68;1108
48093;Areatza;areatza;Bizkaia;bizkaia;País Vasco/Euskadi;Areatza;43.12075558;-2.767812519;130;1290
48094;Igorre;igorre;Bizkaia;bizkaia;País Vasco/Euskadi;Igorre;43.16440172;-2.778504958;92;4334
48095;Zaldibar;zaldibar;Bizkaia;bizkaia;País Vasco/Euskadi;Zaldibar;43.17089182;-2.545593932;195;3067
48096;Zalla;zalla;Bizkaia;bizkaia;País Vasco/Euskadi;Zalla;43.2135463;-3.134160549;91;8350
48097;Zaratamo;zaratamo;Bizkaia;bizkaia;País Vasco/Euskadi;Zaratamo;43.21128841;-2.873874092;167;1604
48901;Derio;derio;Bizkaia;bizkaia;País Vasco/Euskadi;Derio;43.29135327;-2.886808525;29;7286
48902;Erandio;erandio;Bizkaia;bizkaia;País Vasco/Euskadi;Erandio;43.30288679;-2.975457687;3;24721
48903;Loiu;loiu;Bizkaia;bizkaia;País Vasco/Euskadi;Loiu;43.31484869;-2.939338248;28;2343
48904;Sondika;sondika;Bizkaia;bizkaia;País Vasco/Euskadi;Sondika;43.29512959;-2.931302635;34;4677
48905;Zamudio;zamudio;Bizkaia;bizkaia;País Vasco/Euskadi;Zamudio;43.2845748;-2.86537477;52;3448
48906;Forua;forua;Bizkaia;bizkaia;País Vasco/Euskadi;Forua;43.33445442;-2.675137683;27;928
48907;Kortezubi;kortezubi;Bizkaia;bizkaia;País Vasco/Euskadi;Kortezubi;43.34105939;-2.65546176;13;449
48908;Murueta;murueta;Bizkaia;bizkaia;País Vasco/Euskadi;Murueta;43.35143893;-2.68171532;32;311
48909;Nabarniz;nabarniz;Bizkaia;bizkaia;País Vasco/Euskadi;Nabarniz;43.32109353;-2.584418812;364;263
48910;Iurreta;iurreta;Bizkaia;bizkaia;País Vasco/Euskadi;Iurreta;43.17644021;-2.6334794;112;3895
48911;Ajangiz;ajangiz;Bizkaia;bizkaia;País Vasco/Euskadi;Ajangiz;43.30945713;-2.66182394;60;457
48912;Alonsotegi;alonsotegi;Bizkaia;bizkaia;País Vasco/Euskadi;Alonsotegi;43.24508476;-2.987712782;20;2989
48913;Zierbena;zierbena;Bizkaia;bizkaia;País Vasco/Euskadi;Zierbena;43.34589986;-3.088902739;102;1510
48914;Arratzu;arratzu;Bizkaia;bizkaia;País Vasco/Euskadi;Arratzu;43.30557621;-2.64028393;48;419
48915;Ziortza-Bolibar;ziortza bolibar;Bizkaia;bizkaia;País Vasco/Euskadi;Ziortza-Bolibar;43.2494231;-2.548432148;168;400
48916;Usansolo;usansolo;Bizkaia;bizkaia;País Vasco/Euskadi;Usansolo;43.219704;-2.819576;53;4563
49002;Abezames;abezames;Zamora;zamora;Castilla y León;Abezames;41.62506303;-5.4266485;731;59
49003;Alcañices;alcanices;Zamora;zamora;Castilla y León;Alcañices;41.6989052;-6.348113705;798;1110
49004;Alcubilla de Nogales;alcubilla de nogales;Zamora;zamora;Castilla y León;Alcubilla de Nogales;42.12796199;-5.922116646;777;109
49005;Alfaraz de Sayago;alfaraz de sayago;Zamora;zamora;Castilla y León;Alfaraz de Sayago;41.2278419;-5.984340518;819;120
49006;Algodre;algodre;Zamora;zamora;Castilla y León;Algodre;41.56550434;-5.604411203;659;131
49007;Almaraz de Duero;almaraz de duero;Zamora;zamora;Castilla y León;Almaraz de Duero;41.47418832;-5.914829174;715;386
49008;Almeida de Sayago;almeida de sayago;Zamora;zamora;Castilla y León;Almeida de Sayago;41.26613954;-6.074672316;778;412
49009;Andavías;andavias;Zamora;zamora;Castilla y León;Andavías;41.59492129;-5.856960333;694;405
49010;Arcenillas;arcenillas;Zamora;zamora;Castilla y León;Arcenillas;41.45649706;-5.686002002;699;452
49011;Arcos de la Polvorosa;arcos de la polvorosa;Zamora;zamora;Castilla y León;Arcos de la Polvorosa;41.94504519;-5.697506592;696;211
49012;Argañín;arganin;Zamora;zamora;Castilla y León;Argañín;41.43891022;-6.209672827;736;79
49013;Argujillo;argujillo;Zamora;zamora;Castilla y León;Argujillo;41.31104495;-5.587398593;770;215
49014;Arquillinos;arquillinos;Zamora;zamora;Castilla y León;Arquillinos;41.71012379;-5.657091125;674;108
49015;Arrabalde;arrabalde;Zamora;zamora;Castilla y León;Arrabalde;42.10787261;-5.893336464;774;186
49016;Aspariegos;aspariegos;Zamora;zamora;Castilla y León;Aspariegos;41.67434378;-5.599573186;670;222
49017;Asturianos;asturianos;Zamora;zamora;Castilla y León;Asturianos;42.05127726;-6.487551629;969;252
49018;Ayoó de Vidriales;ayoo de vidriales;Zamora;zamora;Castilla y León;Ayoó de Vidriales;42.12957575;-6.065605739;801;264
49019;Barcial del Barco;barcial del barco;Zamora;zamora;Castilla y León;Barcial del Barco;41.9339484;-5.664355557;713;254
49020;Belver de los Montes;belver de los montes;Zamora;zamora;Castilla y León;Belver de los Montes;41.72302656;-5.449674484;687;252
49021;Benavente;benavente;Zamora;zamora;Castilla y León;Benavente;42.00336028;-5.677683605;737;17276
49022;Benegiles;benegiles;Zamora;zamora;Castilla y León;Benegiles;41.62673736;-5.635195882;643;267
49023;Bermillo de Sayago;bermillo de sayago;Zamora;zamora;Castilla y León;Bermillo de Sayago;41.36586747;-6.111900277;796;1038
49024;Bóveda de Toro, La;boveda de toro, la;Zamora;zamora;Castilla y León;Bóveda de Toro, La;41.34238605;-5.409350017;702;680
49025;Bretó;breto;Zamora;zamora;Castilla y León;Bretó;41.87975878;-5.739678083;702;163
49026;Bretocino;bretocino;Zamora;zamora;Castilla y León;Bretocino;41.88364249;-5.754446558;710;194
49027;Brime de Sog;brime de sog;Zamora;zamora;Castilla y León;Brime de Sog;42.06149441;-6.044522217;759;114
49028;Brime de Urz;brime de urz;Zamora;zamora;Castilla y León;Brime de Urz;42.03717726;-5.872585467;719;97
49029;Burganes de Valverde;burganes de valverde;Zamora;zamora;Castilla y León;Burganes de Valverde;41.92174549;-5.782102187;706;593
49030;Bustillo del Oro;bustillo del oro;Zamora;zamora;Castilla y León;Bustillo del Oro;41.67406465;-5.461588055;703;75
49031;Cabañas de Sayago;cabanas de sayago;Zamora;zamora;Castilla y León;Cabañas de Sayago;41.3323759;-5.792035012;775;143
49032;Calzadilla de Tera;calzadilla de tera;Zamora;zamora;Castilla y León;Calzadilla de Tera;41.97812118;-6.086102549;757;278
49033;Camarzana de Tera;camarzana de tera;Zamora;zamora;Castilla y León;Camarzana de Tera;41.99533364;-6.027411746;735;745
49034;Cañizal;canizal;Zamora;zamora;Castilla y León;Cañizal;41.16711832;-5.367722321;789;409
49035;Cañizo;canizo;Zamora;zamora;Castilla y León;Cañizo;41.76889892;-5.5019277;673;197
49036;Carbajales de Alba;carbajales de alba;Zamora;zamora;Castilla y León;Carbajales de Alba;41.65344472;-5.99820048;751;468
49037;Carbellino;carbellino;Zamora;zamora;Castilla y León;Carbellino;41.2305509;-6.148864702;764;178
49038;Casaseca de Campeán;casaseca de campean;Zamora;zamora;Castilla y León;Casaseca de Campeán;41.37436973;-5.746297395;762;90
49039;Casaseca de las Chanas;casaseca de las chanas;Zamora;zamora;Castilla y León;Casaseca de las Chanas;41.43927478;-5.675518029;707;373
49040;Castrillo de la Guareña;castrillo de la guarena;Zamora;zamora;Castilla y León;Castrillo de la Guareña;41.23001895;-5.32481354;730;136
49041;Castrogonzalo;castrogonzalo;Zamora;zamora;Castilla y León;Castrogonzalo;41.99013819;-5.60248357;714;433
49042;Castronuevo;castronuevo;Zamora;zamora;Castilla y León;Castronuevo;41.71998918;-5.544650795;675;216
49043;Castroverde de Campos;castroverde de campos;Zamora;zamora;Castilla y León;Castroverde de Campos;41.97061834;-5.314161943;706;244
49044;Cazurra;cazurra;Zamora;zamora;Castilla y León;Cazurra;41.41495023;-5.704752722;725;72
49046;Cerecinos de Campos;cerecinos de campos;Zamora;zamora;Castilla y León;Cerecinos de Campos;41.90108296;-5.486902355;696;232
49047;Cerecinos del Carrizal;cerecinos del carrizal;Zamora;zamora;Castilla y León;Cerecinos del Carrizal;41.6836591;-5.651489766;680;112
49048;Cernadilla;cernadilla;Zamora;zamora;Castilla y León;Cernadilla;42.02003014;-6.417189861;906;105
49050;Cobreros;cobreros;Zamora;zamora;Castilla y León;Cobreros;42.07568107;-6.70162377;1010;543
49052;Coomonte;coomonte;Zamora;zamora;Castilla y León;Coomonte;42.1157343;-5.812789263;731;180
49053;Coreses;coreses;Zamora;zamora;Castilla y León;Coreses;41.54881571;-5.622435397;647;1058
49054;Corrales del Vino;corrales del vino;Zamora;zamora;Castilla y León;Corrales del Vino;41.35843016;-5.724596611;762;934
49055;Cotanes del Monte;cotanes del monte;Zamora;zamora;Castilla y León;Cotanes del Monte;41.81789938;-5.29013492;713;80
49056;Cubillos;cubillos;Zamora;zamora;Castilla y León;Cubillos;41.57530807;-5.739654146;665;293
49057;Cubo de Benavente;cubo de benavente;Zamora;zamora;Castilla y León;Cubo de Benavente;42.12350225;-6.16278736;808;117
49058;Cubo de Tierra del Vino, El;cubo de tierra del vino, el;Zamora;zamora;Castilla y León;Cubo de Tierra del Vino, El;41.25549293;-5.710413225;838;295
49059;Cuelgamures;cuelgamures;Zamora;zamora;Castilla y León;Cuelgamures;41.30663879;-5.657439888;800;78
49061;Entrala;entrala;Zamora;zamora;Castilla y León;Entrala;41.43131332;-5.755506342;705;133
49062;Espadañedo;espadanedo;Zamora;zamora;Castilla y León;Espadañedo;42.11720262;-6.395135256;1039;109
49063;Faramontanos de Tábara;faramontanos de tabara;Zamora;zamora;Castilla y León;Faramontanos de Tábara;41.83442213;-5.888530844;708;317
49064;Fariza;fariza;Zamora;zamora;Castilla y León;Fariza;41.41977202;-6.270980443;702;487
49065;Fermoselle;fermoselle;Zamora;zamora;Castilla y León;Fermoselle;41.31932967;-6.399831405;671;1130
49066;Ferreras de Abajo;ferreras de abajo;Zamora;zamora;Castilla y León;Ferreras de Abajo;41.89730744;-6.078460108;818;461
49067;Ferreras de Arriba;ferreras de arriba;Zamora;zamora;Castilla y León;Ferreras de Arriba;41.89884228;-6.195115373;896;353
49068;Ferreruela;ferreruela;Zamora;zamora;Castilla y León;Ferreruela;41.76622318;-6.071031086;827;409
49069;Figueruela de Arriba;figueruela de arriba;Zamora;zamora;Castilla y León;Figueruela de Arriba;41.86869206;-6.445477586;858;310
49071;Fonfría;fonfria;Zamora;zamora;Castilla y León;Fonfría;41.63558472;-6.139885807;806;794
49075;Fresno de la Polvorosa;fresno de la polvorosa;Zamora;zamora;Castilla y León;Fresno de la Polvorosa;42.08248321;-5.769653884;720;117
49076;Fresno de la Ribera;fresno de la ribera;Zamora;zamora;Castilla y León;Fresno de la Ribera;41.52877865;-5.564743038;661;327
49077;Fresno de Sayago;fresno de sayago;Zamora;zamora;Castilla y León;Fresno de Sayago;41.31800138;-5.970355541;805;138
49078;Friera de Valverde;friera de valverde;Zamora;zamora;Castilla y León;Friera de Valverde;41.91195579;-5.840993926;719;121
49079;Fuente Encalada;fuente encalada;Zamora;zamora;Castilla y León;Fuente Encalada;42.10978722;-5.99589043;751;93
49080;Fuentelapeña;fuentelapena;Zamora;zamora;Castilla y León;Fuentelapeña;41.25267223;-5.382467193;740;587
49081;Fuentesaúco;fuentesauco;Zamora;zamora;Castilla y León;Fuentesaúco;41.23169177;-5.497437432;797;1595
49082;Fuentes de Ropel;fuentes de ropel;Zamora;zamora;Castilla y León;Fuentes de Ropel;42.00299186;-5.5455188;720;370
49083;Fuentesecas;fuentesecas;Zamora;zamora;Castilla y León;Fuentesecas;41.63032969;-5.471116856;767;43
49084;Fuentespreadas;fuentespreadas;Zamora;zamora;Castilla y León;Fuentespreadas;41.3252405;-5.628960867;757;267
49085;Galende;galende;Zamora;zamora;Castilla y León;Galende;42.10347784;-6.660106904;968;1021
49086;Gallegos del Pan;gallegos del pan;Zamora;zamora;Castilla y León;Gallegos del Pan;41.5999821;-5.582673179;685;118
49087;Gallegos del Río;gallegos del rio;Zamora;zamora;Castilla y León;Gallegos del Río;41.73501966;-6.174291626;716;455
49088;Gamones;gamones;Zamora;zamora;Castilla y León;Gamones;41.46721788;-6.176676298;752;90
49090;Gema;gema;Zamora;zamora;Castilla y León;Gema;41.41946412;-5.64843751;706;202
49091;Granja de Moreruela;granja de moreruela;Zamora;zamora;Castilla y León;Granja de Moreruela;41.80901392;-5.739085376;702;230
49092;Granucillo;granucillo;Zamora;zamora;Castilla y León;Granucillo;42.05124345;-5.926496141;725;105
49093;Guarrate;guarrate;Zamora;zamora;Castilla y León;Guarrate;41.28884282;-5.441873;738;315
49094;Hermisende;hermisende;Zamora;zamora;Castilla y León;Hermisende;41.96847529;-6.892639033;869;210
49095;Hiniesta, La;hiniesta, la;Zamora;zamora;Castilla y León;Hiniesta, La;41.55280986;-5.799266526;695;294
49096;Jambrina;jambrina;Zamora;zamora;Castilla y León;Jambrina;41.39415715;-5.66460788;705;149
49097;Justel;justel;Zamora;zamora;Castilla y León;Justel;42.14833285;-6.295804912;983;75
49098;Losacino;losacino;Zamora;zamora;Castilla y León;Losacino;41.68019713;-6.080631394;690;188
49099;Losacio;losacio;Zamora;zamora;Castilla y León;Losacio;41.71155072;-6.04072339;752;90
49100;Lubián;lubian;Zamora;zamora;Castilla y León;Lubián;42.03614673;-6.908010647;1054;297
49101;Luelmo;luelmo;Zamora;zamora;Castilla y León;Luelmo;41.43967968;-6.133475735;771;148
49102;Maderal, El;maderal, el;Zamora;zamora;Castilla y León;Maderal, El;41.28217607;-5.62300843;828;171
49103;Madridanos;madridanos;Zamora;zamora;Castilla y León;Madridanos;41.47836885;-5.602885183;647;464
49104;Mahide;mahide;Zamora;zamora;Castilla y León;Mahide;41.8690679;-6.377376641;824;299
49105;Maire de Castroponce;maire de castroponce;Zamora;zamora;Castilla y León;Maire de Castroponce;42.11285229;-5.783054457;739;137
49107;Malva;malva;Zamora;zamora;Castilla y León;Malva;41.65423585;-5.486402933;713;92
49108;Manganeses de la Lampreana;manganeses de la lampreana;Zamora;zamora;Castilla y León;Manganeses de la Lampreana;41.7507312;-5.711934205;702;440
49109;Manganeses de la Polvorosa;manganeses de la polvorosa;Zamora;zamora;Castilla y León;Manganeses de la Polvorosa;42.0348805;-5.745758672;714;640
49110;Manzanal de Arriba;manzanal de arriba;Zamora;zamora;Castilla y León;Manzanal de Arriba;41.990818;-6.436896774;895;332
49111;Manzanal del Barco;manzanal del barco;Zamora;zamora;Castilla y León;Manzanal del Barco;41.63479097;-5.948142471;712;120
49112;Manzanal de los Infantes;manzanal de los infantes;Zamora;zamora;Castilla y León;Manzanal de los Infantes;42.05346783;-6.382348247;922;133
49113;Matilla de Arzón;matilla de arzon;Zamora;zamora;Castilla y León;Matilla de Arzón;42.10573708;-5.641715076;736;149
49114;Matilla la Seca;matilla la seca;Zamora;zamora;Castilla y León;Matilla la Seca;41.57998904;-5.499434072;737;33
49115;Mayalde;mayalde;Zamora;zamora;Castilla y León;Mayalde;41.25102505;-5.797767868;875;140
49116;Melgar de Tera;melgar de tera;Zamora;zamora;Castilla y León;Melgar de Tera;41.96780111;-6.016915351;739;334
49117;Micereces de Tera;micereces de tera;Zamora;zamora;Castilla y León;Micereces de Tera;41.98904157;-5.872909072;719;404
49118;Milles de la Polvorosa;milles de la polvorosa;Zamora;zamora;Castilla y León;Milles de la Polvorosa;41.92354248;-5.733615882;702;206
49119;Molacillos;molacillos;Zamora;zamora;Castilla y León;Molacillos;41.58393595;-5.659661559;637;221
49120;Molezuelas de la Carballeda;molezuelas de la carballeda;Zamora;zamora;Castilla y León;Molezuelas de la Carballeda;42.08327392;-6.185864494;804;47
49121;Mombuey;mombuey;Zamora;zamora;Castilla y León;Mombuey;42.02384253;-6.33216703;890;391
49122;Monfarracinos;monfarracinos;Zamora;zamora;Castilla y León;Monfarracinos;41.55423589;-5.706724133;640;1001
49123;Montamarta;montamarta;Zamora;zamora;Castilla y León;Montamarta;41.64972711;-5.80694754;686;549
49124;Moral de Sayago;moral de sayago;Zamora;zamora;Castilla y León;Moral de Sayago;41.47229269;-6.102022238;744;266
49125;Moraleja del Vino;moraleja del vino;Zamora;zamora;Castilla y León;Moraleja del Vino;41.46305946;-5.657006693;683;1803
49126;Moraleja de Sayago;moraleja de sayago;Zamora;zamora;Castilla y León;Moraleja de Sayago;41.16942649;-6.003704169;794;301
49127;Morales del Vino;morales del vino;Zamora;zamora;Castilla y León;Morales del Vino;41.44581338;-5.732235681;702;3042
49128;Morales de Rey;morales de rey;Zamora;zamora;Castilla y León;Morales de Rey;42.06699161;-5.785581083;722;530
49129;Morales de Toro;morales de toro;Zamora;zamora;Castilla y León;Morales de Toro;41.53706118;-5.306155057;702;926
49130;Morales de Valverde;morales de valverde;Zamora;zamora;Castilla y León;Morales de Valverde;41.94046811;-5.889670987;723;156
49131;Moralina;moralina;Zamora;zamora;Castilla y León;Moralina;41.49045089;-6.136047504;758;211
49132;Moreruela de los Infanzones;moreruela de los infanzones;Zamora;zamora;Castilla y León;Moreruela de los Infanzones;41.63174762;-5.707604374;668;317
49133;Moreruela de Tábara;moreruela de tabara;Zamora;zamora;Castilla y León;Moreruela de Tábara;41.79910261;-5.86927084;691;290
49134;Muelas de los Caballeros;muelas de los caballeros;Zamora;zamora;Castilla y León;Muelas de los Caballeros;42.12804463;-6.335022765;985;184
49135;Muelas del Pan;muelas del pan;Zamora;zamora;Castilla y León;Muelas del Pan;41.52088709;-5.967603721;774;591
49136;Muga de Sayago;muga de sayago;Zamora;zamora;Castilla y León;Muga de Sayago;41.38780035;-6.198581094;781;318
49137;Navianos de Valverde;navianos de valverde;Zamora;zamora;Castilla y León;Navianos de Valverde;41.95356462;-5.818529703;707;157
49138;Olmillos de Castro;olmillos de castro;Zamora;zamora;Castilla y León;Olmillos de Castro;41.7291126;-5.968197956;769;182
49139;Otero de Bodas;otero de bodas;Zamora;zamora;Castilla y León;Otero de Bodas;41.93955605;-6.150624;825;166
49141;Pajares de la Lampreana;pajares de la lampreana;Zamora;zamora;Castilla y León;Pajares de la Lampreana;41.71567592;-5.694266502;691;282
49142;Palacios del Pan;palacios del pan;Zamora;zamora;Castilla y León;Palacios del Pan;41.60180369;-5.87822101;717;249
49143;Palacios de Sanabria;palacios de sanabria;Zamora;zamora;Castilla y León;Palacios de Sanabria;42.05673754;-6.527146993;972;236
49145;Pedralba de la Pradería;pedralba de la praderia;Zamora;zamora;Castilla y León;Pedralba de la Pradería;42.02472889;-6.691553788;1003;198
49146;Pego, El;pego, el;Zamora;zamora;Castilla y León;Pego, El;41.33481811;-5.468489358;759;268
49147;Peleagonzalo;peleagonzalo;Zamora;zamora;Castilla y León;Peleagonzalo;41.48128188;-5.482582017;654;285
49148;Peleas de Abajo;peleas de abajo;Zamora;zamora;Castilla y León;Peleas de Abajo;41.3926085;-5.689909812;714;247
49149;Peñausende;penausende;Zamora;zamora;Castilla y León;Peñausende;41.28672981;-5.867458077;865;386
49150;Peque;peque;Zamora;zamora;Castilla y León;Peque;42.07203586;-6.273211612;848;111
49151;Perdigón, El;perdigon, el;Zamora;zamora;Castilla y León;Perdigón, El;41.4126447;-5.75360452;731;672
49152;Pereruela;pereruela;Zamora;zamora;Castilla y León;Pereruela;41.41550467;-5.879004929;763;500
49153;Perilla de Castro;perilla de castro;Zamora;zamora;Castilla y León;Perilla de Castro;41.72473061;-5.876832858;724;150
49154;Pías;pias;Zamora;zamora;Castilla y León;Pías;42.09084907;-6.993002062;1060;91
49155;Piedrahita de Castro;piedrahita de castro;Zamora;zamora;Castilla y León;Piedrahita de Castro;41.68156454;-5.728976174;696;104
49156;Pinilla de Toro;pinilla de toro;Zamora;zamora;Castilla y León;Pinilla de Toro;41.62774812;-5.36427101;766;186
49157;Pino del Oro;pino del oro;Zamora;zamora;Castilla y León;Pino del Oro;41.57660254;-6.121350221;731;173
49158;Piñero, El;pinero, el;Zamora;zamora;Castilla y León;Piñero, El;41.35131674;-5.589529812;744;212
49159;Pobladura del Valle;pobladura del valle;Zamora;zamora;Castilla y León;Pobladura del Valle;42.10250415;-5.733430868;732;268
49160;Pobladura de Valderaduey;pobladura de valderaduey;Zamora;zamora;Castilla y León;Pobladura de Valderaduey;41.69987346;-5.542885109;664;34
49162;Porto;porto;Zamora;zamora;Castilla y León;Porto;42.16739767;-6.899226005;1202;146
49163;Pozoantiguo;pozoantiguo;Zamora;zamora;Castilla y León;Pozoantiguo;41.59682339;-5.437211204;711;189
49164;Pozuelo de Tábara;pozuelo de tabara;Zamora;zamora;Castilla y León;Pozuelo de Tábara;41.78529034;-5.89640769;701;150
49165;Prado;prado;Zamora;zamora;Castilla y León;Prado;41.92102772;-5.420695538;712;53
49166;Puebla de Sanabria;puebla de sanabria;Zamora;zamora;Castilla y León;Puebla de Sanabria;42.05431353;-6.633945337;946;1388
49167;Pueblica de Valverde;pueblica de valverde;Zamora;zamora;Castilla y León;Pueblica de Valverde;41.92074556;-5.899192299;723;173
49168;Quintanilla del Monte;quintanilla del monte;Zamora;zamora;Castilla y León;Quintanilla del Monte;41.86783047;-5.349789742;693;93
49169;Quintanilla del Olmo;quintanilla del olmo;Zamora;zamora;Castilla y León;Quintanilla del Olmo;41.90541621;-5.406422983;691;38
49170;Quintanilla de Urz;quintanilla de urz;Zamora;zamora;Castilla y León;Quintanilla de Urz;42.03242449;-5.849215967;713;98
49171;Quiruelas de Vidriales;quiruelas de vidriales;Zamora;zamora;Castilla y León;Quiruelas de Vidriales;42.01745256;-5.830567955;711;618
49172;Rabanales;rabanales;Zamora;zamora;Castilla y León;Rabanales;41.7422657;-6.27703219;834;498
49173;Rábano de Aliste;rabano de aliste;Zamora;zamora;Castilla y León;Rábano de Aliste;41.743863;-6.435409819;796;312
49174;Requejo;requejo;Zamora;zamora;Castilla y León;Requejo;42.03047927;-6.742710939;990;106
49175;Revellinos;revellinos;Zamora;zamora;Castilla y León;Revellinos;41.89025851;-5.569209946;695;225
49176;Riofrío de Aliste;riofrio de aliste;Zamora;zamora;Castilla y León;Riofrío de Aliste;41.81611605;-6.176731532;794;589
49177;Rionegro del Puente;rionegro del puente;Zamora;zamora;Castilla y León;Rionegro del Puente;42.00649141;-6.227001927;796;224
49178;Roales;roales;Zamora;zamora;Castilla y León;Roales;41.55257775;-5.77361576;697;1026
49179;Robleda-Cervantes;robleda cervantes;Zamora;zamora;Castilla y León;Robleda-Cervantes;42.0839518;-6.592152884;1026;378
49180;Roelos de Sayago;roelos de sayago;Zamora;zamora;Castilla y León;Roelos de Sayago;41.25256319;-6.171256845;772;136
49181;Rosinos de la Requejada;rosinos de la requejada;Zamora;zamora;Castilla y León;Rosinos de la Requejada;42.08848124;-6.534745981;1018;292
49183;Salce;salce;Zamora;zamora;Castilla y León;Salce;41.26962415;-6.21721175;734;83
49184;Samir de los Caños;samir de los canos;Zamora;zamora;Castilla y León;Samir de los Caños;41.67413518;-6.164380332;776;158
49185;San Agustín del Pozo;san agustin del pozo;Zamora;zamora;Castilla y León;San Agustín del Pozo;41.88633959;-5.59333661;691;164
49186;San Cebrián de Castro;san cebrian de castro;Zamora;zamora;Castilla y León;San Cebrián de Castro;41.70538837;-5.755198031;686;251
49187;San Cristóbal de Entreviñas;san cristobal de entrevinas;Zamora;zamora;Castilla y León;San Cristóbal de Entreviñas;42.04664448;-5.6351924;714;1329
49188;San Esteban del Molar;san esteban del molar;Zamora;zamora;Castilla y León;San Esteban del Molar;41.93664052;-5.550735823;730;118
49189;San Justo;san justo;Zamora;zamora;Castilla y León;San Justo;42.13353571;-6.62391271;1061;207
49190;San Martín de Valderaduey;san martin de valderaduey;Zamora;zamora;Castilla y León;San Martín de Valderaduey;41.81339053;-5.472375929;683;47
49191;San Miguel de la Ribera;san miguel de la ribera;Zamora;zamora;Castilla y León;San Miguel de la Ribera;41.33382075;-5.577098194;760;253
49192;San Miguel del Valle;san miguel del valle;Zamora;zamora;Castilla y León;San Miguel del Valle;42.0293053;-5.496474331;736;124
49193;San Pedro de Ceque;san pedro de ceque;Zamora;zamora;Castilla y León;San Pedro de Ceque;42.04394413;-6.072775013;758;419
49194;San Pedro de la Nave-Almendra;san pedro de la nave almendra;Zamora;zamora;Castilla y León;San Pedro de la Nave-Almendra;41.59173075;-5.922581507;720;317
49197;Santa Clara de Avedillo;santa clara de avedillo;Zamora;zamora;Castilla y León;Santa Clara de Avedillo;41.33957277;-5.677404697;771;153
49199;Santa Colomba de las Monjas;santa colomba de las monjas;Zamora;zamora;Castilla y León;Santa Colomba de las Monjas;41.95659483;-5.683839234;699;237
49200;Santa Cristina de la Polvorosa;santa cristina de la polvorosa;Zamora;zamora;Castilla y León;Santa Cristina de la Polvorosa;42.00115144;-5.710866965;707;1035
49201;Santa Croya de Tera;santa croya de tera;Zamora;zamora;Castilla y León;Santa Croya de Tera;41.98395734;-5.977498099;725;254
49202;Santa Eufemia del Barco;santa eufemia del barco;Zamora;zamora;Castilla y León;Santa Eufemia del Barco;41.67723806;-5.896976786;729;169
49203;Santa María de la Vega;santa maria de la vega;Zamora;zamora;Castilla y León;Santa María de la Vega;42.08330453;-5.804946188;726;263
49204;Santa María de Valverde;santa maria de valverde;Zamora;zamora;Castilla y León;Santa María de Valverde;41.93557411;-5.934734052;732;49
49205;Santibáñez de Tera;santibanez de tera;Zamora;zamora;Castilla y León;Santibáñez de Tera;41.9866442;-5.921733962;733;350
49206;Santibáñez de Vidriales;santibanez de vidriales;Zamora;zamora;Castilla y León;Santibáñez de Vidriales;42.07395034;-6.014049457;740;852
49207;Santovenia;santovenia;Zamora;zamora;Castilla y León;Santovenia;41.87637124;-5.709840798;712;218
49208;San Vicente de la Cabeza;san vicente de la cabeza;Zamora;zamora;Castilla y León;San Vicente de la Cabeza;41.80517626;-6.252458001;752;308
49209;San Vitero;san vitero;Zamora;zamora;Castilla y León;San Vitero;41.77816705;-6.348854063;864;422
49210;Sanzoles;sanzoles;Zamora;zamora;Castilla y León;Sanzoles;41.43191583;-5.5689518;712;456
49214;Tábara;tabara;Zamora;zamora;Castilla y León;Tábara;41.82643259;-5.959015306;744;748
49216;Tapioles;tapioles;Zamora;zamora;Castilla y León;Tapioles;41.85754479;-5.494973621;685;128
49219;Toro;toro;Zamora;zamora;Castilla y León;Toro;41.52077211;-5.394256811;734;8349
49220;Torre del Valle, La;torre del valle, la;Zamora;zamora;Castilla y León;Torre del Valle, La;42.08961081;-5.72303646;731;122
49221;Torregamones;torregamones;Zamora;zamora;Castilla y León;Torregamones;41.48531168;-6.177848206;783;227
49222;Torres del Carrizal;torres del carrizal;Zamora;zamora;Castilla y León;Torres del Carrizal;41.61550798;-5.671310717;645;415
49223;Trabazos;trabazos;Zamora;zamora;Castilla y León;Trabazos;41.74746469;-6.49273079;730;841
49224;Trefacio;trefacio;Zamora;zamora;Castilla y León;Trefacio;42.1212698;-6.651870153;966;164
49225;Uña de Quintana;una de quintana;Zamora;zamora;Castilla y León;Uña de Quintana;42.08651608;-6.145568852;781;118
49226;Vadillo de la Guareña;vadillo de la guarena;Zamora;zamora;Castilla y León;Vadillo de la Guareña;41.28182537;-5.353001749;713;240
49227;Valcabado;valcabado;Zamora;zamora;Castilla y León;Valcabado;41.54866327;-5.748497747;677;415
49228;Valdefinjas;valdefinjas;Zamora;zamora;Castilla y León;Valdefinjas;41.45175884;-5.452551145;721;60
49229;Valdescorriel;valdescorriel;Zamora;zamora;Castilla y León;Valdescorriel;42.02244838;-5.508136403;732;131
49230;Vallesa de la Guareña;vallesa de la guarena;Zamora;zamora;Castilla y León;Vallesa de la Guareña;41.13540799;-5.326104368;764;67
49231;Vega de Tera;vega de tera;Zamora;zamora;Castilla y León;Vega de Tera;41.99643071;-6.124924551;750;264
49232;Vega de Villalobos;vega de villalobos;Zamora;zamora;Castilla y León;Vega de Villalobos;41.96998204;-5.464449618;724;88
49233;Vegalatrave;vegalatrave;Zamora;zamora;Castilla y León;Vegalatrave;41.70036252;-6.106913741;689;79
49234;Venialbo;venialbo;Zamora;zamora;Castilla y León;Venialbo;41.39017015;-5.540591113;698;449
49235;Vezdemarbán;vezdemarban;Zamora;zamora;Castilla y León;Vezdemarbán;41.6549141;-5.365805212;772;423
49236;Vidayanes;vidayanes;Zamora;zamora;Castilla y León;Vidayanes;41.90996279;-5.573303309;708;74
49237;Videmala;videmala;Zamora;zamora;Castilla y León;Videmala;41.61197909;-6.040503881;785;132
49238;Villabrázaro;villabrazaro;Zamora;zamora;Castilla y León;Villabrázaro;42.05458048;-5.727663482;722;257
49239;Villabuena del Puente;villabuena del puente;Zamora;zamora;Castilla y León;Villabuena del Puente;41.37986775;-5.408623014;707;574
49240;Villadepera;villadepera;Zamora;zamora;Castilla y León;Villadepera;41.54873086;-6.131921385;735;165
49241;Villaescusa;villaescusa;Zamora;zamora;Castilla y León;Villaescusa;41.20613553;-5.464098688;825;239
49242;Villafáfila;villafafila;Zamora;zamora;Castilla y León;Villafáfila;41.84699643;-5.615604362;687;427
49243;Villaferrueña;villaferruena;Zamora;zamora;Castilla y León;Villaferrueña;42.09906401;-5.85887162;742;105
49244;Villageriz;villageriz;Zamora;zamora;Castilla y León;Villageriz;42.11761317;-5.95425497;776;63
49245;Villalazán;villalazan;Zamora;zamora;Castilla y León;Villalazán;41.4943977;-5.588373472;659;241
49246;Villalba de la Lampreana;villalba de la lampreana;Zamora;zamora;Castilla y León;Villalba de la Lampreana;41.7431339;-5.640609643;681;213
49247;Villalcampo;villalcampo;Zamora;zamora;Castilla y León;Villalcampo;41.52185782;-6.048596525;777;380
49248;Villalobos;villalobos;Zamora;zamora;Castilla y León;Villalobos;41.94555295;-5.476179496;719;202
49249;Villalonso;villalonso;Zamora;zamora;Castilla y León;Villalonso;41.59869215;-5.297959011;725;81
49250;Villalpando;villalpando;Zamora;zamora;Castilla y León;Villalpando;41.86494251;-5.41397171;688;1427
49251;Villalube;villalube;Zamora;zamora;Castilla y León;Villalube;41.61027771;-5.5447838;728;143
49252;Villamayor de Campos;villamayor de campos;Zamora;zamora;Castilla y León;Villamayor de Campos;41.89897999;-5.360053523;691;331
49255;Villamor de los Escuderos;villamor de los escuderos;Zamora;zamora;Castilla y León;Villamor de los Escuderos;41.25263512;-5.57372903;830;365
49256;Villanázar;villanazar;Zamora;zamora;Castilla y León;Villanázar;41.97438706;-5.783140692;703;256
49257;Villanueva de Azoague;villanueva de azoague;Zamora;zamora;Castilla y León;Villanueva de Azoague;41.97562648;-5.663300994;699;399
49258;Villanueva de Campeán;villanueva de campean;Zamora;zamora;Castilla y León;Villanueva de Campeán;41.3539015;-5.769208489;758;115
49259;Villanueva de las Peras;villanueva de las peras;Zamora;zamora;Castilla y León;Villanueva de las Peras;41.93665632;-5.979175757;751;84
49260;Villanueva del Campo;villanueva del campo;Zamora;zamora;Castilla y León;Villanueva del Campo;41.98586875;-5.408065261;751;743
49261;Villaralbo;villaralbo;Zamora;zamora;Castilla y León;Villaralbo;41.49049536;-5.680497639;639;1787
49262;Villardeciervos;villardeciervos;Zamora;zamora;Castilla y León;Villardeciervos;41.94207742;-6.287085018;854;391
49263;Villar de Fallaves;villar de fallaves;Zamora;zamora;Castilla y León;Villar de Fallaves;41.92537066;-5.340744924;695;50
49264;Villar del Buey;villar del buey;Zamora;zamora;Castilla y León;Villar del Buey;41.32894324;-6.189983217;767;485
49265;Villardiegua de la Ribera;villardiegua de la ribera;Zamora;zamora;Castilla y León;Villardiegua de la Ribera;41.53701013;-6.182345617;764;110
49266;Villárdiga;villardiga;Zamora;zamora;Castilla y León;Villárdiga;41.81876659;-5.46564297;680;62
49267;Villardondiego;villardondiego;Zamora;zamora;Castilla y León;Villardondiego;41.58468224;-5.376779997;737;111
49268;Villarrín de Campos;villarrin de campos;Zamora;zamora;Castilla y León;Villarrín de Campos;41.79599887;-5.638963649;679;386
49269;Villaseco del Pan;villaseco del pan;Zamora;zamora;Castilla y León;Villaseco del Pan;41.4680928;-5.961456647;757;202
49270;Villavendimio;villavendimio;Zamora;zamora;Castilla y León;Villavendimio;41.5779248;-5.343130729;725;152
49271;Villaveza del Agua;villaveza del agua;Zamora;zamora;Castilla y León;Villaveza del Agua;41.91827502;-5.679329574;703;163
49272;Villaveza de Valverde;villaveza de valverde;Zamora;zamora;Castilla y León;Villaveza de Valverde;41.9456319;-5.8491784;708;72
49273;Viñas;vinas;Zamora;zamora;Castilla y León;Viñas;41.77446349;-6.473014799;751;148
49275;Zamora;zamora;Zamora;zamora;Castilla y León;Zamora;41.50390438;-5.747017887;649;59857
50001;Abanto;abanto;Zaragoza;zaragoza;Aragón;Abanto;41.13746243;-1.697792341;927;78
50002;Acered;acered;Zaragoza;zaragoza;Aragón;Acered;41.17007451;-1.603893345;830;134
50003;Agón;agon;Zaragoza;zaragoza;Aragón;Agón;41.85551454;-1.452770214;321;135
50004;Aguarón;aguaron;Zaragoza;zaragoza;Aragón;Aguarón;41.33852654;-1.269711164;652;604
50005;Aguilón;aguilon;Zaragoza;zaragoza;Aragón;Aguilón;41.29477481;-1.045920441;681;267
50006;Ainzón;ainzon;Zaragoza;zaragoza;Aragón;Ainzón;41.81717321;-1.520114065;432;1037
50007;Aladrén;aladren;Zaragoza;zaragoza;Aragón;Aladrén;41.2490092;-1.155753661;770;62
50008;Alagón;alagon;Zaragoza;zaragoza;Aragón;Alagón;41.7704417;-1.120996071;230;7520
50009;Alarba;alarba;Zaragoza;zaragoza;Aragón;Alarba;41.20431631;-1.613392084;841;91
50010;Alberite de San Juan;alberite de san juan;Zaragoza;zaragoza;Aragón;Alberite de San Juan;41.82013333;-1.470442855;376;78
50011;Albeta;albeta;Zaragoza;zaragoza;Aragón;Albeta;41.82667169;-1.499543812;415;139
50012;Alborge;alborge;Zaragoza;zaragoza;Aragón;Alborge;41.3347513;-0.358355306;155;104
50013;Alcalá de Ebro;alcala de ebro;Zaragoza;zaragoza;Aragón;Alcalá de Ebro;41.81531071;-1.194925458;222;245
50014;Alcalá de Moncayo;alcala de moncayo;Zaragoza;zaragoza;Aragón;Alcalá de Moncayo;41.7861765;-1.695972912;747;147
50015;Alconchel de Ariza;alconchel de ariza;Zaragoza;zaragoza;Aragón;Alconchel de Ariza;41.20420647;-2.122401615;895;79
50016;Aldehuela de Liestos;aldehuela de liestos;Zaragoza;zaragoza;Aragón;Aldehuela de Liestos;41.06438851;-1.700868255;998;48
50017;Alfajarín;alfajarin;Zaragoza;zaragoza;Aragón;Alfajarín;41.61482256;-0.702706961;192;2420
50018;Alfamén;alfamen;Zaragoza;zaragoza;Aragón;Alfamén;41.44051123;-1.2447781;446;1463
50019;Alforque;alforque;Zaragoza;zaragoza;Aragón;Alforque;41.32802638;-0.385232782;153;57
50020;Alhama de Aragón;alhama de aragon;Zaragoza;zaragoza;Aragón;Alhama de Aragón;41.29664278;-1.894089599;658;918
50021;Almochuel;almochuel;Zaragoza;zaragoza;Aragón;Almochuel;41.28018452;-0.550027113;275;22
50022;Almolda, La;almolda, la;Zaragoza;zaragoza;Aragón;Almolda, La;41.55465065;-0.212278033;477;522
50023;Almonacid de la Cuba;almonacid de la cuba;Zaragoza;zaragoza;Aragón;Almonacid de la Cuba;41.28011034;-0.793124878;490;220
50024;Almonacid de la Sierra;almonacid de la sierra;Zaragoza;zaragoza;Aragón;Almonacid de la Sierra;41.39791114;-1.323266986;592;764
50025;Almunia de Doña Godina, La;almunia de dona godina, la;Zaragoza;zaragoza;Aragón;Almunia de Doña Godina, La;41.47807609;-1.373214152;364;8044
50026;Alpartir;alpartir;Zaragoza;zaragoza;Aragón;Alpartir;41.42252088;-1.381430691;494;605
50027;Ambel;ambel;Zaragoza;zaragoza;Aragón;Ambel;41.79488911;-1.61603584;588;253
50028;Anento;anento;Zaragoza;zaragoza;Aragón;Anento;41.06888107;-1.334247814;912;121
50029;Aniñón;aninon;Zaragoza;zaragoza;Aragón;Aniñón;41.44580693;-1.704685363;712;676
50030;Añón de Moncayo;anon de moncayo;Zaragoza;zaragoza;Aragón;Añón de Moncayo;41.77843657;-1.720173103;804;208
50031;Aranda de Moncayo;aranda de moncayo;Zaragoza;zaragoza;Aragón;Aranda de Moncayo;41.57765259;-1.791538902;894;110
50032;Arándiga;arandiga;Zaragoza;zaragoza;Aragón;Arándiga;41.51059709;-1.501961305;449;278
50033;Ardisa;ardisa;Zaragoza;zaragoza;Aragón;Ardisa;42.20119324;-0.757484284;431;74
50034;Ariza;ariza;Zaragoza;zaragoza;Aragón;Ariza;41.31024225;-2.055306956;713;1089
50035;Artieda;artieda;Zaragoza;zaragoza;Aragón;Artieda;42.58655918;-0.983994459;650;90
50036;Asín;asin;Zaragoza;zaragoza;Aragón;Asín;42.28350573;-1.046733305;579;86
50037;Atea;atea;Zaragoza;zaragoza;Aragón;Atea;41.15996333;-1.554773499;841;143
50038;Ateca;ateca;Zaragoza;zaragoza;Aragón;Ateca;41.33092773;-1.791931921;580;1784
50039;Azuara;azuara;Zaragoza;zaragoza;Aragón;Azuara;41.25580173;-0.872636384;564;550
50040;Badules;badules;Zaragoza;zaragoza;Aragón;Badules;41.13869026;-1.253527518;917;82
50041;Bagüés;bagues;Zaragoza;zaragoza;Aragón;Bagüés;42.5489616;-0.945851899;820;16
50042;Balconchán;balconchan;Zaragoza;zaragoza;Aragón;Balconchán;41.08740837;-1.460014112;881;19
50043;Bárboles;barboles;Zaragoza;zaragoza;Aragón;Bárboles;41.71262589;-1.187717805;259;277
50044;Bardallur;bardallur;Zaragoza;zaragoza;Aragón;Bardallur;41.68345702;-1.212417892;277;240
50045;Belchite;belchite;Zaragoza;zaragoza;Aragón;Belchite;41.30671602;-0.754685385;438;1497
50046;Belmonte de Gracián;belmonte de gracian;Zaragoza;zaragoza;Aragón;Belmonte de Gracián;41.31270788;-1.537222954;642;184
50047;Berdejo;berdejo;Zaragoza;zaragoza;Aragón;Berdejo;41.56085511;-1.946023446;960;40
50048;Berrueco;berrueco;Zaragoza;zaragoza;Aragón;Berrueco;40.99110541;-1.466735297;1090;32
50050;Bijuesca;bijuesca;Zaragoza;zaragoza;Aragón;Bijuesca;41.54048571;-1.920272345;920;95
50051;Biota;biota;Zaragoza;zaragoza;Aragón;Biota;42.26228532;-1.188187647;484;830
50052;Bisimbre;bisimbre;Zaragoza;zaragoza;Aragón;Bisimbre;41.85615867;-1.442975127;320;98
50053;Boquiñeni;boquineni;Zaragoza;zaragoza;Aragón;Boquiñeni;41.84854318;-1.250095676;226;748
50054;Bordalba;bordalba;Zaragoza;zaragoza;Aragón;Bordalba;41.41653676;-2.078363665;931;47
50055;Borja;borja;Zaragoza;zaragoza;Aragón;Borja;41.83427741;-1.533076477;450;5192
50056;Botorrita;botorrita;Zaragoza;zaragoza;Aragón;Botorrita;41.50784456;-1.031536591;382;589
50057;Brea de Aragón;brea de aragon;Zaragoza;zaragoza;Aragón;Brea de Aragón;41.52346219;-1.600868813;552;1519
50058;Bubierca;bubierca;Zaragoza;zaragoza;Aragón;Bubierca;41.31575808;-1.8541721;658;66
50059;Bujaraloz;bujaraloz;Zaragoza;zaragoza;Aragón;Bujaraloz;41.4981579;-0.152200411;327;944
50060;Bulbuente;bulbuente;Zaragoza;zaragoza;Aragón;Bulbuente;41.81772696;-1.602701638;516;249
50061;Bureta;bureta;Zaragoza;zaragoza;Aragón;Bureta;41.816315;-1.489433937;419;208
50062;Burgo de Ebro, El;burgo de ebro, el;Zaragoza;zaragoza;Aragón;Burgo de Ebro, El;41.57265059;-0.741210119;185;2790
50063;Buste, El;buste, el;Zaragoza;zaragoza;Aragón;Buste, El;41.88548791;-1.60200224;685;60
50064;Cabañas de Ebro;cabanas de ebro;Zaragoza;zaragoza;Aragón;Cabañas de Ebro;41.79375398;-1.162756347;219;476
50065;Cabolafuente;cabolafuente;Zaragoza;zaragoza;Aragón;Cabolafuente;41.21138769;-2.039892392;945;50
50066;Cadrete;cadrete;Zaragoza;zaragoza;Aragón;Cadrete;41.55490471;-0.959629935;309;4664
50067;Calatayud;calatayud;Zaragoza;zaragoza;Aragón;Calatayud;41.35314501;-1.641848207;536;20152
50068;Calatorao;calatorao;Zaragoza;zaragoza;Aragón;Calatorao;41.52253995;-1.345161824;356;2960
50069;Calcena;calcena;Zaragoza;zaragoza;Aragón;Calcena;41.65463497;-1.717798432;811;65
50070;Calmarza;calmarza;Zaragoza;zaragoza;Aragón;Calmarza;41.15776677;-1.911813653;840;57
50071;Campillo de Aragón;campillo de aragon;Zaragoza;zaragoza;Aragón;Campillo de Aragón;41.12614015;-1.843539275;1041;114
50072;Carenas;carenas;Zaragoza;zaragoza;Aragón;Carenas;41.27813541;-1.797408048;656;170
50073;Cariñena;carinena;Zaragoza;zaragoza;Aragón;Cariñena;41.33746469;-1.224472191;594;3601
50074;Caspe;caspe;Zaragoza;zaragoza;Aragón;Caspe;41.2365373;-0.039619496;150;10405
50075;Castejón de Alarba;castejon de alarba;Zaragoza;zaragoza;Aragón;Castejón de Alarba;41.18324768;-1.636152458;915;74
50076;Castejón de las Armas;castejon de las armas;Zaragoza;zaragoza;Aragón;Castejón de las Armas;41.30918538;-1.812099386;601;88
50077;Castejón de Valdejasa;castejon de valdejasa;Zaragoza;zaragoza;Aragón;Castejón de Valdejasa;41.9824849;-0.994728066;521;188
50078;Castiliscar;castiliscar;Zaragoza;zaragoza;Aragón;Castiliscar;42.37625754;-1.274554015;474;220
50079;Cervera de la Cañada;cervera de la canada;Zaragoza;zaragoza;Aragón;Cervera de la Cañada;41.43255783;-1.73563327;675;263
50080;Cerveruela;cerveruela;Zaragoza;zaragoza;Aragón;Cerveruela;41.21568071;-1.215107506;814;38
50081;Cetina;cetina;Zaragoza;zaragoza;Aragón;Cetina;41.29309144;-1.962535212;686;536
50082;Cimballa;cimballa;Zaragoza;zaragoza;Aragón;Cimballa;41.10106315;-1.774891381;905;71
50083;Cinco Olivas;cinco olivas;Zaragoza;zaragoza;Aragón;Cinco Olivas;41.34005414;-0.372265299;160;97
50084;Clarés de Ribota;clares de ribota;Zaragoza;zaragoza;Aragón;Clarés de Ribota;41.52969498;-1.837936481;944;73
50085;Codo;codo;Zaragoza;zaragoza;Aragón;Codo;41.33205309;-0.7002811;330;204
50086;Codos;codos;Zaragoza;zaragoza;Aragón;Codos;41.29274617;-1.374756744;757;241
50087;Contamina;contamina;Zaragoza;zaragoza;Aragón;Contamina;41.3052381;-1.917531663;663;34
50088;Cosuenda;cosuenda;Zaragoza;zaragoza;Aragón;Cosuenda;41.36558505;-1.298716382;618;343
50089;Cuarte de Huerva;cuarte de huerva;Zaragoza;zaragoza;Aragón;Cuarte de Huerva;41.59164078;-0.932349472;264;15380
50090;Cubel;cubel;Zaragoza;zaragoza;Aragón;Cubel;41.09634108;-1.636784455;1103;145
50091;Cuerlas, Las;cuerlas, las;Zaragoza;zaragoza;Aragón;Cuerlas, Las;40.95961024;-1.549631093;1003;44
50092;Chiprana;chiprana;Zaragoza;zaragoza;Aragón;Chiprana;41.26233232;-0.126498944;154;505
50093;Chodes;chodes;Zaragoza;zaragoza;Aragón;Chodes;41.48641818;-1.479986908;409;98
50094;Daroca;daroca;Zaragoza;zaragoza;Aragón;Daroca;41.11473887;-1.41395228;766;1900
50095;Ejea de los Caballeros;ejea de los caballeros;Zaragoza;zaragoza;Aragón;Ejea de los Caballeros;42.12666314;-1.138533867;322;17219
50096;Embid de Ariza;embid de ariza;Zaragoza;zaragoza;Aragón;Embid de Ariza;41.37961967;-1.97185654;763;28
50098;Encinacorba;encinacorba;Zaragoza;zaragoza;Aragón;Encinacorba;41.28412356;-1.275435825;740;175
50099;Épila;epila;Zaragoza;zaragoza;Aragón;Épila;41.60019695;-1.281933717;323;4696
50100;Erla;erla;Zaragoza;zaragoza;Aragón;Erla;42.11713835;-0.948427511;422;372
50101;Escatrón;escatron;Zaragoza;zaragoza;Aragón;Escatrón;41.29251241;-0.324520354;142;1191
50102;Fabara;fabara;Zaragoza;zaragoza;Aragón;Fabara;41.17813535;0.167563646;248;1062
50104;Farlete;farlete;Zaragoza;zaragoza;Aragón;Farlete;41.68219831;-0.505825822;412;374
50105;Fayón;fayon;Zaragoza;zaragoza;Aragón;Fayón;41.23992827;0.33320743;193;450
50106;Fayos, Los;fayos, los;Zaragoza;zaragoza;Aragón;Fayos, Los;41.88001049;-1.782773841;556;134
50107;Figueruelas;figueruelas;Zaragoza;zaragoza;Aragón;Figueruelas;41.76536692;-1.173666009;255;1310
50108;Fombuena;fombuena;Zaragoza;zaragoza;Aragón;Fombuena;41.14434293;-1.192288294;1019;59
50109;Frago, El;frago, el;Zaragoza;zaragoza;Aragón;Frago, El;42.27241728;-0.931499788;631;129
50110;Frasno, El;frasno, el;Zaragoza;zaragoza;Aragón;Frasno, El;41.41395781;-1.495154462;683;370
50111;Fréscano;frescano;Zaragoza;zaragoza;Aragón;Fréscano;41.87380568;-1.449682612;302;197
50113;Fuendejalón;fuendejalon;Zaragoza;zaragoza;Aragón;Fuendejalón;41.76093642;-1.472556813;471;795
50114;Fuendetodos;fuendetodos;Zaragoza;zaragoza;Aragón;Fuendetodos;41.34461574;-0.958902474;738;130
50115;Fuentes de Ebro;fuentes de ebro;Zaragoza;zaragoza;Aragón;Fuentes de Ebro;41.51194726;-0.630629346;197;4674
50116;Fuentes de Jiloca;fuentes de jiloca;Zaragoza;zaragoza;Aragón;Fuentes de Jiloca;41.22824283;-1.53887781;653;203
50117;Gallocanta;gallocanta;Zaragoza;zaragoza;Aragón;Gallocanta;40.99624578;-1.509114207;1010;128
50118;Gallur;gallur;Zaragoza;zaragoza;Aragón;Gallur;41.86900098;-1.317773062;229;2648
50119;Gelsa;gelsa;Zaragoza;zaragoza;Aragón;Gelsa;41.40718798;-0.46256995;152;998
50120;Godojos;godojos;Zaragoza;zaragoza;Aragón;Godojos;41.2687356;-1.864383963;762;55
50121;Gotor;gotor;Zaragoza;zaragoza;Aragón;Gotor;41.54600101;-1.649718509;611;316
50122;Grisel;grisel;Zaragoza;zaragoza;Aragón;Grisel;41.87156857;-1.728204447;626;101
50123;Grisén;grisen;Zaragoza;zaragoza;Aragón;Grisén;41.74372221;-1.163054783;244;626
50124;Herrera de los Navarros;herrera de los navarros;Zaragoza;zaragoza;Aragón;Herrera de los Navarros;41.21027581;-1.082184843;807;495
50125;Ibdes;ibdes;Zaragoza;zaragoza;Aragón;Ibdes;41.21804122;-1.832575708;709;355
50126;Illueca;illueca;Zaragoza;zaragoza;Aragón;Illueca;41.53779204;-1.628209953;577;2776
50128;Isuerre;isuerre;Zaragoza;zaragoza;Aragón;Isuerre;42.48839594;-1.055537088;662;32
50129;Jaraba;jaraba;Zaragoza;zaragoza;Aragón;Jaraba;41.19028105;-1.883556265;757;292
50130;Jarque de Moncayo;jarque de moncayo;Zaragoza;zaragoza;Aragón;Jarque de Moncayo;41.55590769;-1.676740072;637;375
50131;Jaulín;jaulin;Zaragoza;zaragoza;Aragón;Jaulín;41.45223323;-0.992247003;510;305
50132;Joyosa, La;joyosa, la;Zaragoza;zaragoza;Aragón;Joyosa, La;41.74508306;-1.072649222;217;1150
50133;Lagata;lagata;Zaragoza;zaragoza;Aragón;Lagata;41.23996544;-0.80494461;522;113
50134;Langa del Castillo;langa del castillo;Zaragoza;zaragoza;Aragón;Langa del Castillo;41.21339611;-1.398713305;878;110
50135;Layana;layana;Zaragoza;zaragoza;Aragón;Layana;42.29644347;-1.244201436;481;94
50136;Lécera;lecera;Zaragoza;zaragoza;Aragón;Lécera;41.20394982;-0.709839868;533;581
50137;Leciñena;lecinena;Zaragoza;zaragoza;Aragón;Leciñena;41.79765161;-0.611904509;412;1087
50138;Lechón;lechon;Zaragoza;zaragoza;Aragón;Lechón;41.08657818;-1.284145196;980;39
50139;Letux;letux;Zaragoza;zaragoza;Aragón;Letux;41.25546033;-0.80422121;517;353
50140;Litago;litago;Zaragoza;zaragoza;Aragón;Litago;41.81393311;-1.754484449;784;172
50141;Lituénigo;lituenigo;Zaragoza;zaragoza;Aragón;Lituénigo;41.83612575;-1.761390802;754;121
50142;Lobera de Onsella;lobera de onsella;Zaragoza;zaragoza;Aragón;Lobera de Onsella;42.4785516;-1.0221481;667;28
50143;Longares;longares;Zaragoza;zaragoza;Aragón;Longares;41.40329336;-1.16914057;532;805
50144;Longás;longas;Zaragoza;zaragoza;Aragón;Longás;42.48016095;-0.93517957;737;45
50146;Lucena de Jalón;lucena de jalon;Zaragoza;zaragoza;Aragón;Lucena de Jalón;41.55352693;-1.31415846;333;226
50147;Luceni;luceni;Zaragoza;zaragoza;Aragón;Luceni;41.82862186;-1.238695542;231;1002
50148;Luesia;luesia;Zaragoza;zaragoza;Aragón;Luesia;42.36899081;-1.024633275;796;332
50149;Luesma;luesma;Zaragoza;zaragoza;Aragón;Luesma;41.16597066;-1.145763486;947;43
50150;Lumpiaque;lumpiaque;Zaragoza;zaragoza;Aragón;Lumpiaque;41.63085033;-1.299438967;311;889
50151;Luna;luna;Zaragoza;zaragoza;Aragón;Luna;42.16908961;-0.930636431;476;675
50152;Maella;maella;Zaragoza;zaragoza;Aragón;Maella;41.12218541;0.139743375;300;2143
50153;Magallón;magallon;Zaragoza;zaragoza;Aragón;Magallón;41.83264331;-1.460165921;375;1102
50154;Mainar;mainar;Zaragoza;zaragoza;Aragón;Mainar;41.19250245;-1.30250147;867;162
50155;Malanquilla;malanquilla;Zaragoza;zaragoza;Aragón;Malanquilla;41.56886149;-1.874577492;1050;71
50156;Maleján;malejan;Zaragoza;zaragoza;Aragón;Maleján;41.82780782;-1.549190815;468;282
50157;Malón;malon;Zaragoza;zaragoza;Aragón;Malón;41.95219289;-1.671609832;433;472
50159;Maluenda;maluenda;Zaragoza;zaragoza;Aragón;Maluenda;41.28739798;-1.616042893;580;896
50160;Mallén;mallen;Zaragoza;zaragoza;Aragón;Mallén;41.89998419;-1.420486209;277;3059
50161;Manchones;manchones;Zaragoza;zaragoza;Aragón;Manchones;41.15003338;-1.466060682;724;92
50162;Mara;mara;Zaragoza;zaragoza;Aragón;Mara;41.28850755;-1.518239318;690;161
50163;María de Huerva;maria de huerva;Zaragoza;zaragoza;Aragón;María de Huerva;41.53774708;-0.996783537;339;6592
50164;Mediana de Aragón;mediana de aragon;Zaragoza;zaragoza;Aragón;Mediana de Aragón;41.46696732;-0.705717991;289;469
50165;Mequinenza;mequinenza;Zaragoza;zaragoza;Aragón;Mequinenza;41.37418438;0.302234789;76;2239
50166;Mesones de Isuela;mesones de isuela;Zaragoza;zaragoza;Aragón;Mesones de Isuela;41.55125895;-1.538298636;514;271
50167;Mezalocha;mezalocha;Zaragoza;zaragoza;Aragón;Mezalocha;41.4253696;-1.083861256;489;197
50168;Mianos;mianos;Zaragoza;zaragoza;Aragón;Mianos;42.58347171;-0.95475777;674;25
50169;Miedes de Aragón;miedes de aragon;Zaragoza;zaragoza;Aragón;Miedes de Aragón;41.25692868;-1.490989253;760;412
50170;Monegrillo;monegrillo;Zaragoza;zaragoza;Aragón;Monegrillo;41.6388595;-0.415707775;430;378
50171;Moneva;moneva;Zaragoza;zaragoza;Aragón;Moneva;41.12830189;-0.834409991;652;107
50172;Monreal de Ariza;monreal de ariza;Zaragoza;zaragoza;Aragón;Monreal de Ariza;41.29187535;-2.104342642;752;175
50173;Monterde;monterde;Zaragoza;zaragoza;Aragón;Monterde;41.17433423;-1.735229905;787;144
50174;Montón;monton;Zaragoza;zaragoza;Aragón;Montón;41.20625356;-1.515317475;680;88
50175;Morata de Jalón;morata de jalon;Zaragoza;zaragoza;Aragón;Morata de Jalón;41.47366032;-1.476251028;415;1102
50176;Morata de Jiloca;morata de jiloca;Zaragoza;zaragoza;Aragón;Morata de Jiloca;41.24900347;-1.586223765;614;266
50177;Morés;mores;Zaragoza;zaragoza;Aragón;Morés;41.47395526;-1.565276105;440;305
50178;Moros;moros;Zaragoza;zaragoza;Aragón;Moros;41.39866093;-1.824725348;737;275
50179;Moyuela;moyuela;Zaragoza;zaragoza;Aragón;Moyuela;41.12789916;-0.92157226;743;223
50180;Mozota;mozota;Zaragoza;zaragoza;Aragón;Mozota;41.48304615;-1.069360379;396;131
50181;Muel;muel;Zaragoza;zaragoza;Aragón;Muel;41.46677717;-1.084366482;424;1554
50182;Muela, La;muela, la;Zaragoza;zaragoza;Aragón;Muela, La;41.58007125;-1.118622793;597;6725
50183;Munébrega;munebrega;Zaragoza;zaragoza;Aragón;Munébrega;41.25273952;-1.705578538;742;357
50184;Murero;murero;Zaragoza;zaragoza;Aragón;Murero;41.15863151;-1.482116137;704;85
50185;Murillo de Gállego;murillo de gallego;Zaragoza;zaragoza;Aragón;Murillo de Gállego;42.33645648;-0.751253131;540;197
50186;Navardún;navardun;Zaragoza;zaragoza;Aragón;Navardún;42.51265391;-1.146790277;489;35
50187;Nigüella;niguella;Zaragoza;zaragoza;Aragón;Nigüella;41.53540123;-1.524672228;471;58
50188;Nombrevilla;nombrevilla;Zaragoza;zaragoza;Aragón;Nombrevilla;41.10673587;-1.358473489;908;40
50189;Nonaspe;nonaspe;Zaragoza;zaragoza;Aragón;Nonaspe;41.20981686;0.247216428;178;1005
50190;Novallas;novallas;Zaragoza;zaragoza;Aragón;Novallas;41.9460645;-1.694458241;430;859
50191;Novillas;novillas;Zaragoza;zaragoza;Aragón;Novillas;41.93386049;-1.393573284;239;508
50192;Nuévalos;nuevalos;Zaragoza;zaragoza;Aragón;Nuévalos;41.21197992;-1.79228216;736;325
50193;Nuez de Ebro;nuez de ebro;Zaragoza;zaragoza;Aragón;Nuez de Ebro;41.59148542;-0.683779626;181;888
50194;Olvés;olves;Zaragoza;zaragoza;Aragón;Olvés;41.23934766;-1.646016705;781;108
50195;Orcajo;orcajo;Zaragoza;zaragoza;Aragón;Orcajo;41.10981133;-1.489320532;926;65
50196;Orera;orera;Zaragoza;zaragoza;Aragón;Orera;41.29885725;-1.479620945;739;103
50197;Orés;ores;Zaragoza;zaragoza;Aragón;Orés;42.2793048;-1.000056034;648;71
50198;Oseja;oseja;Zaragoza;zaragoza;Aragón;Oseja;41.59533539;-1.700165053;823;42
50199;Osera de Ebro;osera de ebro;Zaragoza;zaragoza;Aragón;Osera de Ebro;41.5345551;-0.580395187;174;444
50200;Paniza;paniza;Zaragoza;zaragoza;Aragón;Paniza;41.28451218;-1.211903953;700;570
50201;Paracuellos de Jiloca;paracuellos de jiloca;Zaragoza;zaragoza;Aragón;Paracuellos de Jiloca;41.31346458;-1.640152024;553;612
50202;Paracuellos de la Ribera;paracuellos de la ribera;Zaragoza;zaragoza;Aragón;Paracuellos de la Ribera;41.42324548;-1.562823219;480;111
50203;Pastriz;pastriz;Zaragoza;zaragoza;Aragón;Pastriz;41.61825782;-0.783862952;186;1321
50204;Pedrola;pedrola;Zaragoza;zaragoza;Aragón;Pedrola;41.79026214;-1.213385459;235;3843
50205;Pedrosas, Las;pedrosas, las;Zaragoza;zaragoza;Aragón;Pedrosas, Las;42.03698295;-0.877113355;463;118
50206;Perdiguera;perdiguera;Zaragoza;zaragoza;Aragón;Perdiguera;41.75489221;-0.631504327;460;557
50207;Piedratajada;piedratajada;Zaragoza;zaragoza;Aragón;Piedratajada;42.1200759;-0.805436064;422;97
50208;Pina de Ebro;pina de ebro;Zaragoza;zaragoza;Aragón;Pina de Ebro;41.48790609;-0.531693493;161;2482
50209;Pinseque;pinseque;Zaragoza;zaragoza;Aragón;Pinseque;41.73626305;-1.100534626;229;4597
50210;Pintanos, Los;pintanos, los;Zaragoza;zaragoza;Aragón;Pintanos, Los;42.53685095;-1.043821541;803;36
50211;Plasencia de Jalón;plasencia de jalon;Zaragoza;zaragoza;Aragón;Plasencia de Jalón;41.68154325;-1.228886635;273;380
50212;Pleitas;pleitas;Zaragoza;zaragoza;Aragón;Pleitas;41.71117651;-1.202902618;258;29
50213;Plenas;plenas;Zaragoza;zaragoza;Aragón;Plenas;41.11184278;-0.963833915;806;112
50214;Pomer;pomer;Zaragoza;zaragoza;Aragón;Pomer;41.638082;-1.841085644;1106;23
50215;Pozuel de Ariza;pozuel de ariza;Zaragoza;zaragoza;Aragón;Pozuel de Ariza;41.35234847;-2.15622312;774;15
50216;Pozuelo de Aragón;pozuelo de aragon;Zaragoza;zaragoza;Aragón;Pozuelo de Aragón;41.76478544;-1.422963955;410;246
50217;Pradilla de Ebro;pradilla de ebro;Zaragoza;zaragoza;Aragón;Pradilla de Ebro;41.86031526;-1.263089069;228;572
50218;Puebla de Albortón;puebla de alborton;Zaragoza;zaragoza;Aragón;Puebla de Albortón;41.38548876;-0.855290279;486;134
50219;Puebla de Alfindén, La;puebla de alfinden, la;Zaragoza;zaragoza;Aragón;Puebla de Alfindén, La;41.63182112;-0.751248076;197;6664
50220;Puendeluna;puendeluna;Zaragoza;zaragoza;Aragón;Puendeluna;42.15252793;-0.757466149;400;42
50221;Purujosa;purujosa;Zaragoza;zaragoza;Aragón;Purujosa;41.68235997;-1.764374156;950;29
50222;Quinto;quinto;Zaragoza;zaragoza;Aragón;Quinto;41.42453604;-0.495910071;156;1889
50223;Remolinos;remolinos;Zaragoza;zaragoza;Aragón;Remolinos;41.83870862;-1.176321872;227;1021
50224;Retascón;retascon;Zaragoza;zaragoza;Aragón;Retascón;41.14427867;-1.381360511;878;78
50225;Ricla;ricla;Zaragoza;zaragoza;Aragón;Ricla;41.50456994;-1.40612523;375;3095
50227;Romanos;romanos;Zaragoza;zaragoza;Aragón;Romanos;41.12574454;-1.27514368;947;141
50228;Rueda de Jalón;rueda de jalon;Zaragoza;zaragoza;Aragón;Rueda de Jalón;41.63343525;-1.274862473;301;323
50229;Ruesca;ruesca;Zaragoza;zaragoza;Aragón;Ruesca;41.28250363;-1.482436203;757;70
50230;Sádaba;sadaba;Zaragoza;zaragoza;Aragón;Sádaba;42.28119593;-1.272654376;442;1284
50231;Salillas de Jalón;salillas de jalon;Zaragoza;zaragoza;Aragón;Salillas de Jalón;41.56668504;-1.324548615;331;373
50232;Salvatierra de Esca;salvatierra de esca;Zaragoza;zaragoza;Aragón;Salvatierra de Esca;42.66798535;-1.005596148;581;186
50233;Samper del Salz;samper del salz;Zaragoza;zaragoza;Aragón;Samper del Salz;41.23386026;-0.826311945;534;80
50234;San Martín de la Virgen de Moncayo;san martin de la virgen de moncayo;Zaragoza;zaragoza;Aragón;San Martín de la Virgen de Moncayo;41.83694;-1.792240502;813;264
50235;San Mateo de Gállego;san mateo de gallego;Zaragoza;zaragoza;Aragón;San Mateo de Gállego;41.83064436;-0.769672482;279;3495
50236;Santa Cruz de Grío;santa cruz de grio;Zaragoza;zaragoza;Aragón;Santa Cruz de Grío;41.37009315;-1.42981351;640;96
50237;Santa Cruz de Moncayo;santa cruz de moncayo;Zaragoza;zaragoza;Aragón;Santa Cruz de Moncayo;41.88190171;-1.756234558;618;123
50238;Santa Eulalia de Gállego;santa eulalia de gallego;Zaragoza;zaragoza;Aragón;Santa Eulalia de Gállego;42.28683106;-0.760576335;506;101
50239;Santed;santed;Zaragoza;zaragoza;Aragón;Santed;41.03296935;-1.507104947;1054;72
50240;Sástago;sastago;Zaragoza;zaragoza;Aragón;Sástago;41.32163245;-0.354641936;155;1068
50241;Sabiñán;sabinan;Zaragoza;zaragoza;Aragón;Sabiñán;41.44211211;-1.56604296;448;693
50242;Sediles;sediles;Zaragoza;zaragoza;Aragón;Sediles;41.34605821;-1.530613746;738;109
50243;Sestrica;sestrica;Zaragoza;zaragoza;Aragón;Sestrica;41.48656511;-1.594804431;566;325
50244;Sierra de Luna;sierra de luna;Zaragoza;zaragoza;Aragón;Sierra de Luna;42.0476704;-0.910082476;458;267
50245;Sigüés;sigues;Zaragoza;zaragoza;Aragón;Sigüés;42.62986528;-1.011490347;522;72
50246;Sisamón;sisamon;Zaragoza;zaragoza;Aragón;Sisamón;41.17101036;-2.00389259;1056;50
50247;Sobradiel;sobradiel;Zaragoza;zaragoza;Aragón;Sobradiel;41.73971972;-1.035802626;212;1118
50248;Sos del Rey Católico;sos del rey catolico;Zaragoza;zaragoza;Aragón;Sos del Rey Católico;42.49655773;-1.215239537;631;582
50249;Tabuenca;tabuenca;Zaragoza;zaragoza;Aragón;Tabuenca;41.69650536;-1.543447345;770;309
50250;Talamantes;talamantes;Zaragoza;zaragoza;Aragón;Talamantes;41.73051934;-1.678735263;878;68
50251;Tarazona;tarazona;Zaragoza;zaragoza;Aragón;Tarazona;41.90518967;-1.727294628;489;10872
50252;Tauste;tauste;Zaragoza;zaragoza;Aragón;Tauste;41.92122282;-1.255446981;269;6812
50253;Terrer;terrer;Zaragoza;zaragoza;Aragón;Terrer;41.32749641;-1.713155101;555;583
50254;Tierga;tierga;Zaragoza;zaragoza;Aragón;Tierga;41.6067458;-1.606637236;637;170
50255;Tobed;tobed;Zaragoza;zaragoza;Aragón;Tobed;41.33928051;-1.398880404;637;197
50256;Torralba de los Frailes;torralba de los frailes;Zaragoza;zaragoza;Aragón;Torralba de los Frailes;41.03614173;-1.659740079;1080;65
50257;Torralba de Ribota;torralba de ribota;Zaragoza;zaragoza;Aragón;Torralba de Ribota;41.41766369;-1.684132259;645;158
50258;Torralbilla;torralbilla;Zaragoza;zaragoza;Aragón;Torralbilla;41.21022121;-1.338160969;885;39
50259;Torrehermosa;torrehermosa;Zaragoza;zaragoza;Aragón;Torrehermosa;41.237717;-2.126750479;821;69
50260;Torrelapaja;torrelapaja;Zaragoza;zaragoza;Aragón;Torrelapaja;41.58162299;-1.951344149;990;30
50261;Torrellas;torrellas;Zaragoza;zaragoza;Aragón;Torrellas;41.89576575;-1.770199131;568;248
50262;Torres de Berrellén;torres de berrellen;Zaragoza;zaragoza;Aragón;Torres de Berrellén;41.75855125;-1.065160946;213;1511
50263;Torrijo de la Cañada;torrijo de la canada;Zaragoza;zaragoza;Aragón;Torrijo de la Cañada;41.47329683;-1.875955017;784;187
50264;Tosos;tosos;Zaragoza;zaragoza;Aragón;Tosos;41.31485518;-1.072652529;574;172
50265;Trasmoz;trasmoz;Zaragoza;zaragoza;Aragón;Trasmoz;41.82663333;-1.722973419;718;88
50266;Trasobares;trasobares;Zaragoza;zaragoza;Aragón;Trasobares;41.64230893;-1.640506076;646;124
50267;Uncastillo;uncastillo;Zaragoza;zaragoza;Aragón;Uncastillo;42.3608745;-1.132309703;606;594
50268;Undués de Lerda;undues de lerda;Zaragoza;zaragoza;Aragón;Undués de Lerda;42.5655;-1.169124854;636;60
50269;Urrea de Jalón;urrea de jalon;Zaragoza;zaragoza;Aragón;Urrea de Jalón;41.66723656;-1.234189097;287;430
50270;Urriés;urries;Zaragoza;zaragoza;Aragón;Urriés;42.51948467;-1.129565537;554;50
50271;Used;used;Zaragoza;zaragoza;Aragón;Used;41.05482775;-1.558254589;1041;250
50272;Utebo;utebo;Zaragoza;zaragoza;Aragón;Utebo;41.70981736;-0.998283325;207;19135
50273;Valdehorna;valdehorna;Zaragoza;zaragoza;Aragón;Valdehorna;41.07268714;-1.422827727;877;29
50274;Val de San Martín;val de san martin;Zaragoza;zaragoza;Aragón;Val de San Martín;41.05708416;-1.447501613;986;56
50275;Valmadrid;valmadrid;Zaragoza;zaragoza;Aragón;Valmadrid;41.44456398;-0.884142449;527;113
50276;Valpalmas;valpalmas;Zaragoza;zaragoza;Aragón;Valpalmas;42.1586105;-0.853888405;490;123
50277;Valtorres;valtorres;Zaragoza;zaragoza;Aragón;Valtorres;41.29889293;-1.740759837;673;68
50278;Velilla de Ebro;velilla de ebro;Zaragoza;zaragoza;Aragón;Velilla de Ebro;41.37419126;-0.43744073;153;207
50279;Velilla de Jiloca;velilla de jiloca;Zaragoza;zaragoza;Aragón;Velilla de Jiloca;41.2741978;-1.604287587;597;92
50280;Vera de Moncayo;vera de moncayo;Zaragoza;zaragoza;Aragón;Vera de Moncayo;41.82447673;-1.687697636;627;318
50281;Vierlas;vierlas;Zaragoza;zaragoza;Aragón;Vierlas;41.92734708;-1.681126894;454;88
50282;Vilueña, La;viluena, la;Zaragoza;zaragoza;Aragón;Vilueña, La;41.27231683;-1.726261449;704;60
50283;Villadoz;villadoz;Zaragoza;zaragoza;Aragón;Villadoz;41.16252083;-1.287608657;890;79
50284;Villafeliche;villafeliche;Zaragoza;zaragoza;Aragón;Villafeliche;41.19588386;-1.510793467;675;162
50285;Villafranca de Ebro;villafranca de ebro;Zaragoza;zaragoza;Aragón;Villafranca de Ebro;41.57251982;-0.649951855;176;836
50286;Villalba de Perejil;villalba de perejil;Zaragoza;zaragoza;Aragón;Villalba de Perejil;41.32674068;-1.54813484;622;87
50287;Villalengua;villalengua;Zaragoza;zaragoza;Aragón;Villalengua;41.4358672;-1.84100225;782;293
50288;Villanueva de Gállego;villanueva de gallego;Zaragoza;zaragoza;Aragón;Villanueva de Gállego;41.76777142;-0.821734496;243;4843
50289;Villanueva de Jiloca;villanueva de jiloca;Zaragoza;zaragoza;Aragón;Villanueva de Jiloca;41.07536929;-1.392256059;771;73
50290;Villanueva de Huerva;villanueva de huerva;Zaragoza;zaragoza;Aragón;Villanueva de Huerva;41.35294005;-1.03563678;534;371
50291;Villar de los Navarros;villar de los navarros;Zaragoza;zaragoza;Aragón;Villar de los Navarros;41.15866244;-1.043107707;801;147
50292;Villarreal de Huerva;villarreal de huerva;Zaragoza;zaragoza;Aragón;Villarreal de Huerva;41.1907219;-1.288307318;865;263
50293;Villarroya de la Sierra;villarroya de la sierra;Zaragoza;zaragoza;Aragón;Villarroya de la Sierra;41.46332643;-1.784602419;732;397
50294;Villarroya del Campo;villarroya del campo;Zaragoza;zaragoza;Aragón;Villarroya del Campo;41.1432361;-1.32448942;918;70
50295;Vistabella;vistabella;Zaragoza;zaragoza;Aragón;Vistabella;41.21881067;-1.153161948;761;50
50296;Zaida, La;zaida, la;Zaragoza;zaragoza;Aragón;Zaida, La;41.32759508;-0.427718455;156;433
50297;Zaragoza;zaragoza;Zaragoza;zaragoza;Aragón;Zaragoza;41.65620791;-0.877317861;208;699007
50298;Zuera;zuera;Zaragoza;zaragoza;Aragón;Zuera;41.86839266;-0.787164826;278;8714
50901;Biel;biel;Zaragoza;zaragoza;Aragón;Biel;42.38647796;-0.935672004;755;165
50902;Marracos;marracos;Zaragoza;zaragoza;Aragón;Marracos;42.09045408;-0.77618782;413;82
50903;Villamayor de Gállego;villamayor de gallego;Zaragoza;zaragoza;Aragón;Villamayor de Gállego;41.68544729;-0.773438334;227;2845
51001;Ceuta;ceuta;Ciudad Autónoma de Ceuta;ciudad autonoma de ceuta;Ciudad Autónoma de Ceuta;Ceuta;35.88810209;-5.30675127;27;83567
52001;Melilla;melilla;Ciudad Autónoma de Melilla;ciudad autonoma de melilla;Ciudad Autónoma de Melilla;Melilla;35.29225154;-2.936808071;2;87067
